restaurant_id,cuisine,restaurant_avg_prep_minutes,city_zone,distance_km,items_count,order_subtotal,courier_vehicle,courier_trips_completed,weather,hour,minute,time_float,day_of_week,is_weekend,hour_sin,hour_cos,dow_sin,dow_cos,avg_item_price,delivery_minutes
31,sushi,14.7,midtown,1.1,5,78.27,bike,74.0,clear,17,8,17.133333333333333,3,0,-0.9659258262890683,-0.25881904510252063,0.43388373911755823,-0.900968867902419,15.654,21
145,pizza,12.3,suburbs_south,6.5,1,13.16,scooter,181.0,cloudy,14,27,14.45,0,0,-0.4999999999999998,-0.8660254037844388,0.0,1.0,13.16,38
54,salads,9.4,downtown,1.6,3,30.37,car,228.0,cloudy,19,16,19.266666666666666,3,0,-0.9659258262890684,0.2588190451025203,0.43388373911755823,-0.900968867902419,10.123333333333333,24
40,pizza,18.4,midtown,2.8,1,13.21,bike,47.0,rain,15,58,15.966666666666667,3,0,-0.7071067811865471,-0.7071067811865479,0.43388373911755823,-0.900968867902419,13.21,41
128,chinese,6.8,uptown,3.9,1,8.0,scooter,1435.0,rain,11,29,11.483333333333333,1,0,0.258819045102521,-0.9659258262890682,0.7818314824680297,0.6234898018587336,8.0,18
116,sushi,16.4,downtown,0.9,7,85.35,car,2149.0,rain,17,51,17.85,3,0,-0.9659258262890683,-0.25881904510252063,0.43388373911755823,-0.900968867902419,12.192857142857141,29
117,pizza,16.2,suburbs_south,4.6,7,96.45,car,187.0,clear,12,50,12.833333333333334,4,0,1.2246467991473532e-16,-1.0,-0.433883739117558,-0.9009688679024191,13.778571428571428,45
81,sushi,17.4,downtown,1.1,2,16.81,scooter,133.0,clear,13,55,13.916666666666666,4,0,-0.2588190451025208,-0.9659258262890683,-0.433883739117558,-0.9009688679024191,8.405,28
141,thai,14.1,suburbs_north,3.2,1,8.68,scooter,206.0,clear,12,3,12.05,2,0,1.2246467991473532e-16,-1.0,0.9749279121818236,-0.22252093395631434,8.68,30
46,indian,19.4,downtown,0.9,3,33.69,bike,262.0,clear,19,9,19.15,1,0,-0.9659258262890684,0.2588190451025203,0.7818314824680297,0.6234898018587336,11.229999999999999,26
117,pizza,16.2,suburbs_south,8.2,2,27.3,car,433.0,clear,16,12,16.2,0,0,-0.8660254037844384,-0.5000000000000004,0.0,1.0,13.65,40
71,burgers,14.5,uptown,1.8,1,11.59,car,38.0,clear,21,42,21.7,4,0,-0.7071067811865477,0.7071067811865474,-0.433883739117558,-0.9009688679024191,11.59,17
159,pizza,15.0,uptown,3.5,7,103.27,scooter,1173.0,cloudy,21,55,21.916666666666668,5,1,-0.7071067811865477,0.7071067811865474,-0.9749279121818236,-0.2225209339563146,14.752857142857142,34
140,chinese,17.8,downtown,2.8,6,87.81,bike,124.0,cloudy,19,21,19.35,3,0,-0.9659258262890684,0.2588190451025203,0.43388373911755823,-0.900968867902419,14.635,41
158,indian,12.1,midtown,1.3,3,46.6,scooter,190.0,rain,18,47,18.783333333333335,4,0,-1.0,-1.8369701987210297e-16,-0.433883739117558,-0.9009688679024191,15.533333333333333,23
30,salads,5.0,suburbs_south,6.9,1,8.0,car,115.0,rain,18,13,18.216666666666665,5,1,-1.0,-1.8369701987210297e-16,-0.9749279121818236,-0.2225209339563146,8.0,29
60,chinese,10.4,suburbs_north,5.9,2,27.5,scooter,527.0,clear,17,13,17.216666666666665,2,0,-0.9659258262890683,-0.25881904510252063,0.9749279121818236,-0.22252093395631434,13.75,33
62,salads,6.7,downtown,2.0,3,30.38,bike,102.0,clear,12,0,12.0,4,0,1.2246467991473532e-16,-1.0,-0.433883739117558,-0.9009688679024191,10.126666666666667,17
64,mexican,11.6,suburbs_north,4.1,2,15.43,car,147.0,cloudy,11,25,11.416666666666666,1,0,0.258819045102521,-0.9659258262890682,0.7818314824680297,0.6234898018587336,7.715,34
12,thai,12.8,midtown,3.8,1,14.35,bike,105.0,cloudy,21,57,21.95,3,0,-0.7071067811865477,0.7071067811865474,0.43388373911755823,-0.900968867902419,14.35,34
13,indian,15.1,downtown,2.3,2,16.36,scooter,496.0,clear,12,33,12.55,3,0,1.2246467991473532e-16,-1.0,0.43388373911755823,-0.900968867902419,8.18,25
74,thai,18.7,downtown,2.9,2,14.4,bike,615.0,clear,19,43,19.716666666666665,6,1,-0.9659258262890684,0.2588190451025203,-0.7818314824680299,0.6234898018587334,7.2,39
100,pizza,12.8,uptown,3.2,3,32.32,car,1478.0,clear,12,20,12.333333333333334,6,1,1.2246467991473532e-16,-1.0,-0.7818314824680299,0.6234898018587334,10.773333333333333,27
81,sushi,17.4,downtown,2.3,2,22.29,bike,351.0,clear,18,26,18.433333333333334,3,0,-1.0,-1.8369701987210297e-16,0.43388373911755823,-0.900968867902419,11.145,29
23,burgers,11.6,downtown,0.7,1,12.64,car,278.0,clear,17,21,17.35,5,1,-0.9659258262890683,-0.25881904510252063,-0.9749279121818236,-0.2225209339563146,12.64,13
32,thai,16.7,uptown,2.8,1,13.12,scooter,139.0,clear,11,57,11.95,4,0,0.258819045102521,-0.9659258262890682,-0.433883739117558,-0.9009688679024191,13.12,27
147,chinese,17.7,midtown,3.7,1,8.1,scooter,99.0,cloudy,19,10,19.166666666666668,4,0,-0.9659258262890684,0.2588190451025203,-0.433883739117558,-0.9009688679024191,8.1,35
143,chinese,12.4,uptown,3.8,1,8.0,scooter,10.0,clear,18,59,18.983333333333334,5,1,-1.0,-1.8369701987210297e-16,-0.9749279121818236,-0.2225209339563146,8.0,39
147,chinese,17.7,midtown,3.0,1,15.27,bike,147.0,clear,18,5,18.083333333333332,5,1,-1.0,-1.8369701987210297e-16,-0.9749279121818236,-0.2225209339563146,15.27,35
84,chinese,11.5,suburbs_south,9.6,2,31.34,car,157.0,clear,18,26,18.433333333333334,3,0,-1.0,-1.8369701987210297e-16,0.43388373911755823,-0.900968867902419,15.67,43
111,pizza,8.5,downtown,1.6,1,14.43,car,34.0,cloudy,12,37,12.616666666666667,4,0,1.2246467991473532e-16,-1.0,-0.433883739117558,-0.9009688679024191,14.43,23
88,burgers,8.9,suburbs_south,3.1,3,21.81,car,11.0,clear,19,55,19.916666666666668,5,1,-0.9659258262890684,0.2588190451025203,-0.9749279121818236,-0.2225209339563146,7.27,21
139,indian,20.7,midtown,2.9,7,71.06,scooter,28.0,cloudy,21,2,21.033333333333335,2,0,-0.7071067811865477,0.7071067811865474,0.9749279121818236,-0.22252093395631434,10.151428571428571,37
35,mexican,11.9,midtown,2.4,4,35.57,car,147.0,rain,10,39,10.65,5,1,0.49999999999999994,-0.8660254037844387,-0.9749279121818236,-0.2225209339563146,8.8925,23
142,indian,20.4,midtown,4.0,3,31.7,scooter,28.0,clear,20,25,20.416666666666668,3,0,-0.8660254037844386,0.5,0.43388373911755823,-0.900968867902419,10.566666666666666,44
135,sushi,20.5,downtown,2.2,4,37.64,bike,55.0,cloudy,18,13,18.216666666666665,0,0,-1.0,-1.8369701987210297e-16,0.0,1.0,9.41,38
77,pizza,11.4,uptown,4.8,5,36.77,scooter,59.0,clear,21,47,21.783333333333335,1,0,-0.7071067811865477,0.7071067811865474,0.7818314824680297,0.6234898018587336,7.354000000000001,28
137,thai,13.3,suburbs_north,4.3,8,123.77,scooter,114.0,cloudy,19,5,19.083333333333332,2,0,-0.9659258262890684,0.2588190451025203,0.9749279121818236,-0.22252093395631434,15.47125,38
7,thai,17.1,midtown,1.9,8,77.32,bike,155.0,clear,21,34,21.566666666666666,1,0,-0.7071067811865477,0.7071067811865474,0.7818314824680297,0.6234898018587336,9.665,37
36,burgers,11.8,downtown,0.9,3,24.88,scooter,2123.0,clear,18,21,18.35,5,1,-1.0,-1.8369701987210297e-16,-0.9749279121818236,-0.2225209339563146,8.293333333333333,20
143,chinese,12.4,uptown,3.3,2,25.99,bike,425.0,cloudy,20,10,20.166666666666668,5,1,-0.8660254037844386,0.5,-0.9749279121818236,-0.2225209339563146,12.995,32
20,mexican,9.2,midtown,5.0,5,68.11,bike,185.0,cloudy,18,46,18.766666666666666,1,0,-1.0,-1.8369701987210297e-16,0.7818314824680297,0.6234898018587336,13.622,39
140,chinese,17.8,downtown,1.0,1,15.02,car,1139.0,cloudy,10,26,10.433333333333334,2,0,0.49999999999999994,-0.8660254037844387,0.9749279121818236,-0.22252093395631434,15.02,27
27,thai,16.7,downtown,0.9,2,25.51,scooter,740.0,clear,12,59,12.983333333333333,2,0,1.2246467991473532e-16,-1.0,0.9749279121818236,-0.22252093395631434,12.755,25
41,thai,19.0,downtown,1.2,3,35.47,bike,307.0,clear,18,52,18.866666666666667,1,0,-1.0,-1.8369701987210297e-16,0.7818314824680297,0.6234898018587336,11.823333333333332,35
110,thai,12.5,suburbs_north,5.3,3,23.38,bike,369.0,cloudy,12,33,12.55,4,0,1.2246467991473532e-16,-1.0,-0.433883739117558,-0.9009688679024191,7.793333333333333,43
71,burgers,14.5,uptown,3.7,4,38.37,scooter,47.0,clear,19,24,19.4,1,0,-0.9659258262890684,0.2588190451025203,0.7818314824680297,0.6234898018587336,9.5925,38
81,sushi,17.4,downtown,2.3,3,36.16,bike,4732.0,clear,11,1,11.016666666666667,5,1,0.258819045102521,-0.9659258262890682,-0.9749279121818236,-0.2225209339563146,12.053333333333333,34
5,mexican,12.4,uptown,3.3,2,27.18,bike,147.0,cloudy,14,50,14.833333333333334,5,1,-0.4999999999999998,-0.8660254037844388,-0.9749279121818236,-0.2225209339563146,13.59,30
66,sushi,18.7,midtown,2.6,3,31.51,scooter,61.0,clear,16,21,16.35,0,0,-0.8660254037844384,-0.5000000000000004,0.0,1.0,10.503333333333334,35
39,thai,21.0,downtown,2.3,6,82.45,scooter,1314.0,clear,12,51,12.85,3,0,1.2246467991473532e-16,-1.0,0.43388373911755823,-0.900968867902419,13.741666666666667,40
64,mexican,11.6,suburbs_north,6.5,3,27.89,scooter,127.0,rain,19,54,19.9,0,0,-0.9659258262890684,0.2588190451025203,0.0,1.0,9.296666666666667,49
107,sushi,18.0,suburbs_south,3.5,1,14.42,scooter,596.0,cloudy,20,6,20.1,5,1,-0.8660254037844386,0.5,-0.9749279121818236,-0.2225209339563146,14.42,44
49,indian,14.4,uptown,3.8,2,27.78,scooter,99.0,clear,19,7,19.116666666666667,3,0,-0.9659258262890684,0.2588190451025203,0.43388373911755823,-0.900968867902419,13.89,34
114,chinese,12.4,suburbs_south,10.8,8,98.67,car,1762.0,clear,14,6,14.1,2,0,-0.4999999999999998,-0.8660254037844388,0.9749279121818236,-0.22252093395631434,12.33375,43
62,salads,6.7,downtown,2.8,3,45.25,car,1436.0,clear,13,7,13.116666666666667,5,1,-0.2588190451025208,-0.9659258262890683,-0.9749279121818236,-0.2225209339563146,15.083333333333334,27
9,thai,12.6,suburbs_south,9.4,2,16.5,scooter,645.0,clear,13,41,13.683333333333334,0,0,-0.2588190451025208,-0.9659258262890683,0.0,1.0,8.25,49
102,indian,17.4,uptown,5.1,3,43.72,scooter,25918.0,cloudy,19,32,19.533333333333335,4,0,-0.9659258262890684,0.2588190451025203,-0.433883739117558,-0.9009688679024191,14.573333333333332,38
140,chinese,17.8,downtown,3.0,5,56.94,car,127.0,clear,23,27,23.45,5,1,-0.2588190451025215,0.9659258262890681,-0.9749279121818236,-0.2225209339563146,11.388,33
47,mexican,14.1,downtown,3.2,1,8.05,car,8.0,cloudy,20,37,20.616666666666667,4,0,-0.8660254037844386,0.5,-0.433883739117558,-0.9009688679024191,8.05,33
125,sushi,18.8,uptown,3.8,4,37.42,bike,26.0,clear,10,13,10.216666666666667,2,0,0.49999999999999994,-0.8660254037844387,0.9749279121818236,-0.22252093395631434,9.355,33
27,thai,16.7,downtown,2.1,1,8.02,bike,967.0,clear,19,43,19.716666666666665,2,0,-0.9659258262890684,0.2588190451025203,0.9749279121818236,-0.22252093395631434,8.02,29
33,sushi,21.1,midtown,4.3,3,23.34,bike,71.0,rain,11,11,11.183333333333334,1,0,0.258819045102521,-0.9659258262890682,0.7818314824680297,0.6234898018587336,7.78,59
91,salads,10.1,suburbs_south,9.2,2,14.51,car,40.0,clear,12,36,12.6,5,1,1.2246467991473532e-16,-1.0,-0.9749279121818236,-0.2225209339563146,7.255,41
148,indian,16.9,suburbs_north,6.3,2,15.74,car,82.0,clear,12,41,12.683333333333334,0,0,1.2246467991473532e-16,-1.0,0.0,1.0,7.87,43
25,mexican,14.5,midtown,4.2,2,25.96,car,572.0,clear,17,25,17.416666666666668,4,0,-0.9659258262890683,-0.25881904510252063,-0.433883739117558,-0.9009688679024191,12.98,29
46,indian,19.4,downtown,3.8,4,42.93,bike,741.0,clear,16,12,16.2,1,0,-0.8660254037844384,-0.5000000000000004,0.7818314824680297,0.6234898018587336,10.7325,45
139,indian,20.7,midtown,2.9,3,35.36,car,32.0,clear,18,15,18.25,0,0,-1.0,-1.8369701987210297e-16,0.0,1.0,11.786666666666667,37
132,mexican,13.3,downtown,1.3,2,31.5,scooter,60.0,clear,19,25,19.416666666666668,0,0,-0.9659258262890684,0.2588190451025203,0.0,1.0,15.75,26
143,chinese,12.4,uptown,4.0,3,38.5,bike,40.0,rain,12,57,12.95,2,0,1.2246467991473532e-16,-1.0,0.9749279121818236,-0.22252093395631434,12.833333333333334,40
14,burgers,6.4,downtown,1.6,4,58.23,bike,516.0,heavy_rain,22,52,22.866666666666667,1,0,-0.5000000000000004,0.8660254037844384,0.7818314824680297,0.6234898018587336,14.5575,22
39,thai,21.0,downtown,2.3,4,45.88,car,46.0,heavy_rain,20,45,20.75,1,0,-0.8660254037844386,0.5,0.7818314824680297,0.6234898018587336,11.47,46
157,burgers,16.3,suburbs_south,12.0,7,63.48,car,238.0,clear,14,58,14.966666666666667,6,1,-0.4999999999999998,-0.8660254037844388,-0.7818314824680299,0.6234898018587334,9.068571428571428,55
152,indian,18.0,suburbs_north,8.8,2,21.98,scooter,102.0,cloudy,13,34,13.566666666666666,1,0,-0.2588190451025208,-0.9659258262890683,0.7818314824680297,0.6234898018587336,10.99,54
121,indian,13.9,suburbs_north,4.5,5,52.14,bike,147.0,clear,20,42,20.7,1,0,-0.8660254037844386,0.5,0.7818314824680297,0.6234898018587336,10.428,38
100,pizza,12.8,uptown,5.2,3,31.18,car,98.0,clear,12,29,12.483333333333333,6,1,1.2246467991473532e-16,-1.0,-0.7818314824680299,0.6234898018587334,10.393333333333333,33
79,salads,10.0,midtown,4.0,3,27.16,car,218.0,rain,19,24,19.4,2,0,-0.9659258262890684,0.2588190451025203,0.9749279121818236,-0.22252093395631434,9.053333333333333,23
72,burgers,12.2,suburbs_south,5.6,2,14.45,scooter,50.0,clear,12,32,12.533333333333333,1,0,1.2246467991473532e-16,-1.0,0.7818314824680297,0.6234898018587336,7.225,36
43,chinese,12.4,uptown,3.2,4,50.65,bike,147.0,clear,23,2,23.033333333333335,4,0,-0.2588190451025215,0.9659258262890681,-0.433883739117558,-0.9009688679024191,12.6625,27
139,indian,20.7,midtown,4.0,3,33.57,car,99.0,clear,13,38,13.633333333333333,3,0,-0.2588190451025208,-0.9659258262890683,0.43388373911755823,-0.900968867902419,11.19,42
36,burgers,11.8,downtown,1.3,4,29.06,scooter,1500.0,heavy_rain,12,28,12.466666666666667,2,0,1.2246467991473532e-16,-1.0,0.9749279121818236,-0.22252093395631434,7.265,24
124,indian,17.6,downtown,1.6,1,10.72,car,538.0,cloudy,10,0,10.0,2,0,0.49999999999999994,-0.8660254037844387,0.9749279121818236,-0.22252093395631434,10.72,21
57,sushi,15.1,midtown,3.8,2,24.85,car,33.0,clear,19,35,19.583333333333332,3,0,-0.9659258262890684,0.2588190451025203,0.43388373911755823,-0.900968867902419,12.425,29
34,mexican,12.2,midtown,1.5,2,20.73,bike,194.0,rain,20,3,20.05,2,0,-0.8660254037844386,0.5,0.9749279121818236,-0.22252093395631434,10.365,20
156,salads,12.7,downtown,2.1,5,70.05,car,80.0,clear,11,3,11.05,2,0,0.258819045102521,-0.9659258262890682,0.9749279121818236,-0.22252093395631434,14.01,29
45,indian,15.4,midtown,3.7,1,15.52,scooter,92.0,rain,13,19,13.316666666666666,5,1,-0.2588190451025208,-0.9659258262890683,-0.9749279121818236,-0.2225209339563146,15.52,42
160,salads,5.0,uptown,6.3,1,8.55,car,102.0,cloudy,19,49,19.816666666666666,0,0,-0.9659258262890684,0.2588190451025203,0.0,1.0,8.55,24
156,salads,12.7,downtown,0.9,1,15.37,bike,147.0,rain,21,5,21.083333333333332,1,0,-0.7071067811865477,0.7071067811865474,0.7818314824680297,0.6234898018587336,15.37,16
33,sushi,21.1,midtown,2.7,5,37.66,car,208.0,rain,10,16,10.266666666666667,2,0,0.49999999999999994,-0.8660254037844387,0.9749279121818236,-0.22252093395631434,7.531999999999999,29
152,indian,18.0,suburbs_north,3.2,6,64.27,car,9341.0,cloudy,23,44,23.733333333333334,5,1,-0.2588190451025215,0.9659258262890681,-0.9749279121818236,-0.2225209339563146,10.711666666666666,36
66,sushi,18.7,midtown,1.8,1,12.53,scooter,24.0,cloudy,18,55,18.916666666666668,3,0,-1.0,-1.8369701987210297e-16,0.43388373911755823,-0.900968867902419,12.53,33
97,chinese,16.1,uptown,6.3,2,28.73,car,409.0,clear,21,12,21.2,0,0,-0.7071067811865477,0.7071067811865474,0.0,1.0,14.365,36
28,indian,19.5,downtown,3.5,1,8.0,scooter,1486.0,clear,18,12,18.2,3,0,-1.0,-1.8369701987210297e-16,0.43388373911755823,-0.900968867902419,8.0,40
27,thai,16.7,downtown,3.0,3,30.56,bike,356.0,clear,14,11,14.183333333333334,3,0,-0.4999999999999998,-0.8660254037844388,0.43388373911755823,-0.900968867902419,10.186666666666666,30
106,pizza,12.3,downtown,1.7,2,18.62,car,50.0,clear,18,47,18.783333333333335,3,0,-1.0,-1.8369701987210297e-16,0.43388373911755823,-0.900968867902419,9.31,26
111,pizza,8.5,downtown,2.5,2,26.59,bike,1418.0,clear,18,9,18.15,4,0,-1.0,-1.8369701987210297e-16,-0.433883739117558,-0.9009688679024191,13.295,21
85,pizza,11.8,uptown,4.7,4,57.26,scooter,736.0,clear,15,7,15.116666666666667,2,0,-0.7071067811865471,-0.7071067811865479,0.9749279121818236,-0.22252093395631434,14.315,33
79,salads,10.0,midtown,1.3,6,66.06,bike,33.0,cloudy,19,58,19.966666666666665,4,0,-0.9659258262890684,0.2588190451025203,-0.433883739117558,-0.9009688679024191,11.01,23
50,salads,8.2,midtown,3.8,2,14.16,bike,681.0,cloudy,19,25,19.416666666666668,2,0,-0.9659258262890684,0.2588190451025203,0.9749279121818236,-0.22252093395631434,7.08,32
158,indian,12.1,midtown,2.2,2,15.5,scooter,321.0,rain,20,36,20.6,0,0,-0.8660254037844386,0.5,0.0,1.0,7.75,21
117,pizza,16.2,suburbs_south,3.5,1,10.56,scooter,67.0,rain,10,52,10.866666666666667,4,0,0.49999999999999994,-0.8660254037844387,-0.433883739117558,-0.9009688679024191,10.56,27
81,sushi,17.4,downtown,1.5,5,35.22,car,1055.0,clear,11,11,11.183333333333334,3,0,0.258819045102521,-0.9659258262890682,0.43388373911755823,-0.900968867902419,7.044,33
106,pizza,12.3,downtown,2.8,1,9.23,bike,168.0,clear,19,28,19.466666666666665,3,0,-0.9659258262890684,0.2588190451025203,0.43388373911755823,-0.900968867902419,9.23,27
81,sushi,17.4,downtown,3.0,2,16.69,scooter,147.0,clear,10,45,10.75,2,0,0.49999999999999994,-0.8660254037844387,0.9749279121818236,-0.22252093395631434,8.345,30
78,mexican,9.1,downtown,2.8,2,19.13,bike,295.0,clear,12,2,12.033333333333333,6,1,1.2246467991473532e-16,-1.0,-0.7818314824680299,0.6234898018587334,9.565,24
135,sushi,20.5,downtown,2.4,2,17.65,scooter,830.0,heavy_rain,21,57,21.95,0,0,-0.7071067811865477,0.7071067811865474,0.0,1.0,8.825,32
1,mexican,12.7,downtown,1.9,1,11.02,car,140.0,clear,22,12,22.2,1,0,-0.5000000000000004,0.8660254037844384,0.7818314824680297,0.6234898018587336,11.02,22
143,chinese,12.4,uptown,2.8,3,28.1,scooter,67.0,clear,16,58,16.966666666666665,0,0,-0.8660254037844384,-0.5000000000000004,0.0,1.0,9.366666666666667,24
96,thai,15.7,downtown,1.6,4,51.49,car,28.0,clear,12,13,12.216666666666667,1,0,1.2246467991473532e-16,-1.0,0.7818314824680297,0.6234898018587336,12.8725,27
107,sushi,18.0,suburbs_south,5.0,3,41.55,scooter,16.0,clear,12,58,12.966666666666667,0,0,1.2246467991473532e-16,-1.0,0.0,1.0,13.85,43
126,pizza,12.0,midtown,2.0,2,15.74,bike,241.0,clear,18,3,18.05,0,0,-1.0,-1.8369701987210297e-16,0.0,1.0,7.87,24
77,pizza,11.4,uptown,4.0,1,13.01,scooter,163.0,clear,18,59,18.983333333333334,5,1,-1.0,-1.8369701987210297e-16,-0.9749279121818236,-0.2225209339563146,13.01,27
95,pizza,11.9,suburbs_south,5.6,3,32.65,scooter,564.0,cloudy,13,34,13.566666666666666,1,0,-0.2588190451025208,-0.9659258262890683,0.7818314824680297,0.6234898018587336,10.883333333333333,36
46,indian,19.4,downtown,2.0,1,8.41,scooter,103.0,cloudy,19,42,19.7,2,0,-0.9659258262890684,0.2588190451025203,0.9749279121818236,-0.22252093395631434,8.41,33
51,indian,17.0,downtown,1.2,3,36.98,scooter,37.0,heavy_rain,10,54,10.9,3,0,0.49999999999999994,-0.8660254037844387,0.43388373911755823,-0.900968867902419,12.326666666666666,20
110,thai,12.5,suburbs_north,8.9,1,15.21,scooter,20.0,clear,11,54,11.9,1,0,0.258819045102521,-0.9659258262890682,0.7818314824680297,0.6234898018587336,15.21,52
113,mexican,13.2,midtown,2.3,5,61.36,scooter,459.0,rain,19,32,19.533333333333335,3,0,-0.9659258262890684,0.2588190451025203,0.43388373911755823,-0.900968867902419,12.272,28
153,salads,5.0,suburbs_south,6.0,5,60.48,scooter,32.0,clear,18,35,18.583333333333332,6,1,-1.0,-1.8369701987210297e-16,-0.7818314824680299,0.6234898018587334,12.096,29
143,chinese,12.4,uptown,1.8,2,18.51,scooter,356.0,clear,19,57,19.95,6,1,-0.9659258262890684,0.2588190451025203,-0.7818314824680299,0.6234898018587334,9.255,15
98,salads,11.1,midtown,3.1,3,34.77,bike,31.0,clear,13,4,13.066666666666666,5,1,-0.2588190451025208,-0.9659258262890683,-0.9749279121818236,-0.2225209339563146,11.590000000000002,33
28,indian,19.5,downtown,2.1,1,13.42,scooter,13.0,clear,19,44,19.733333333333334,6,1,-0.9659258262890684,0.2588190451025203,-0.7818314824680299,0.6234898018587334,13.42,40
113,mexican,13.2,midtown,3.8,5,55.76,scooter,358.0,cloudy,20,40,20.666666666666668,4,0,-0.8660254037844386,0.5,-0.433883739117558,-0.9009688679024191,11.152,31
105,pizza,12.9,midtown,3.9,3,34.19,scooter,42.0,clear,12,1,12.016666666666667,3,0,1.2246467991473532e-16,-1.0,0.43388373911755823,-0.900968867902419,11.396666666666667,31
59,pizza,11.7,suburbs_south,5.4,1,14.53,car,1051.0,clear,20,7,20.116666666666667,1,0,-0.8660254037844386,0.5,0.7818314824680297,0.6234898018587336,14.53,30
34,mexican,12.2,midtown,2.8,4,39.76,car,151.0,cloudy,12,6,12.1,3,0,1.2246467991473532e-16,-1.0,0.43388373911755823,-0.900968867902419,9.94,20
160,salads,5.0,uptown,1.4,2,19.3,scooter,95.0,clear,12,49,12.816666666666666,3,0,1.2246467991473532e-16,-1.0,0.43388373911755823,-0.900968867902419,9.65,12
106,pizza,12.3,downtown,2.3,2,22.7,scooter,625.0,clear,10,23,10.383333333333333,1,0,0.49999999999999994,-0.8660254037844387,0.7818314824680297,0.6234898018587336,11.35,22
122,indian,20.0,midtown,2.4,1,10.07,bike,147.0,clear,18,13,18.216666666666665,6,1,-1.0,-1.8369701987210297e-16,-0.7818314824680299,0.6234898018587334,10.07,39
150,mexican,14.6,downtown,2.0,1,8.42,bike,232.0,cloudy,17,44,17.733333333333334,0,0,-0.9659258262890683,-0.25881904510252063,0.0,1.0,8.42,26
103,thai,16.4,midtown,3.4,1,14.48,scooter,389.0,clear,12,36,12.6,4,0,1.2246467991473532e-16,-1.0,-0.433883739117558,-0.9009688679024191,14.48,33
20,mexican,9.2,midtown,3.3,3,35.99,scooter,280.0,clear,22,9,22.15,5,1,-0.5000000000000004,0.8660254037844384,-0.9749279121818236,-0.2225209339563146,11.996666666666668,19
77,pizza,11.4,uptown,3.9,2,19.65,scooter,147.0,cloudy,16,21,16.35,5,1,-0.8660254037844384,-0.5000000000000004,-0.9749279121818236,-0.2225209339563146,9.825,29
146,thai,14.2,uptown,2.9,6,43.21,bike,17.0,clear,21,13,21.216666666666665,0,0,-0.7071067811865477,0.7071067811865474,0.0,1.0,7.201666666666667,35
127,indian,15.6,downtown,2.3,1,9.47,car,323.0,clear,10,56,10.933333333333334,1,0,0.49999999999999994,-0.8660254037844387,0.7818314824680297,0.6234898018587336,9.47,28
62,salads,6.7,downtown,2.2,2,16.74,bike,65.0,clear,11,28,11.466666666666667,4,0,0.258819045102521,-0.9659258262890682,-0.433883739117558,-0.9009688679024191,8.37,24
130,mexican,15.3,downtown,1.6,3,40.84,scooter,558.0,cloudy,13,58,13.966666666666667,1,0,-0.2588190451025208,-0.9659258262890683,0.7818314824680297,0.6234898018587336,13.613333333333335,28
103,thai,16.4,midtown,1.9,2,27.89,bike,392.0,rain,20,30,20.5,5,1,-0.8660254037844386,0.5,-0.9749279121818236,-0.2225209339563146,13.945,37
113,mexican,13.2,midtown,2.1,5,52.03,scooter,122.0,clear,19,3,19.05,3,0,-0.9659258262890684,0.2588190451025203,0.43388373911755823,-0.900968867902419,10.406,30
6,sushi,16.8,midtown,3.2,3,43.53,car,50.0,rain,19,27,19.45,4,0,-0.9659258262890684,0.2588190451025203,-0.433883739117558,-0.9009688679024191,14.51,29
113,mexican,13.2,midtown,3.4,3,25.61,car,368.0,clear,17,55,17.916666666666668,1,0,-0.9659258262890683,-0.25881904510252063,0.7818314824680297,0.6234898018587336,8.536666666666667,21
144,chinese,7.6,midtown,1.6,4,62.33,scooter,2751.0,cloudy,23,33,23.55,5,1,-0.2588190451025215,0.9659258262890681,-0.9749279121818236,-0.2225209339563146,15.5825,17
36,burgers,11.8,downtown,2.8,2,22.45,scooter,771.0,clear,18,29,18.483333333333334,2,0,-1.0,-1.8369701987210297e-16,0.9749279121818236,-0.22252093395631434,11.225,30
148,indian,16.9,suburbs_north,8.8,1,15.15,car,550.0,clear,21,44,21.733333333333334,2,0,-0.7071067811865477,0.7071067811865474,0.9749279121818236,-0.22252093395631434,15.15,43
128,chinese,6.8,uptown,4.1,2,27.93,car,69.0,clear,13,1,13.016666666666667,4,0,-0.2588190451025208,-0.9659258262890683,-0.433883739117558,-0.9009688679024191,13.965,25
127,indian,15.6,downtown,0.8,6,88.38,scooter,29.0,clear,21,40,21.666666666666668,0,0,-0.7071067811865477,0.7071067811865474,0.0,1.0,14.729999999999999,28
96,thai,15.7,downtown,1.4,2,15.98,scooter,254.0,clear,20,59,20.983333333333334,5,1,-0.8660254037844386,0.5,-0.9749279121818236,-0.2225209339563146,7.99,30
36,burgers,11.8,downtown,1.8,2,15.89,car,133.0,clear,18,11,18.183333333333334,3,0,-1.0,-1.8369701987210297e-16,0.43388373911755823,-0.900968867902419,7.945,22
125,sushi,18.8,uptown,3.4,2,28.88,scooter,353.0,cloudy,19,48,19.8,0,0,-0.9659258262890684,0.2588190451025203,0.0,1.0,14.44,41
101,thai,11.8,suburbs_north,10.7,2,26.88,car,148.0,rain,12,43,12.716666666666667,2,0,1.2246467991473532e-16,-1.0,0.9749279121818236,-0.22252093395631434,13.44,43
88,burgers,8.9,suburbs_south,4.2,2,24.46,bike,40.0,clear,18,53,18.883333333333333,0,0,-1.0,-1.8369701987210297e-16,0.0,1.0,12.23,26
43,chinese,12.4,uptown,2.2,7,66.89,bike,133.0,cloudy,17,0,17.0,1,0,-0.9659258262890683,-0.25881904510252063,0.7818314824680297,0.6234898018587336,9.555714285714286,30
144,chinese,7.6,midtown,2.6,5,54.56,bike,107.0,clear,19,49,19.816666666666666,5,1,-0.9659258262890684,0.2588190451025203,-0.9749279121818236,-0.2225209339563146,10.912,21
136,salads,9.3,downtown,1.4,2,20.65,car,30.0,clear,22,17,22.283333333333335,3,0,-0.5000000000000004,0.8660254037844384,0.43388373911755823,-0.900968867902419,10.325,18
6,sushi,16.8,midtown,2.3,6,81.61,car,732.0,clear,18,2,18.033333333333335,5,1,-1.0,-1.8369701987210297e-16,-0.9749279121818236,-0.2225209339563146,13.601666666666667,37
54,salads,9.4,downtown,3.4,2,25.8,bike,139.0,clear,21,0,21.0,0,0,-0.7071067811865477,0.7071067811865474,0.0,1.0,12.9,27
2,thai,10.5,downtown,2.7,1,15.52,car,15.0,clear,14,44,14.733333333333333,4,0,-0.4999999999999998,-0.8660254037844388,-0.433883739117558,-0.9009688679024191,15.52,23
8,burgers,12.1,uptown,5.7,2,21.1,scooter,596.0,clear,13,23,13.383333333333333,6,1,-0.2588190451025208,-0.9659258262890683,-0.7818314824680299,0.6234898018587334,10.55,38
151,chinese,11.8,downtown,1.1,2,29.63,bike,42.0,rain,13,29,13.483333333333333,0,0,-0.2588190451025208,-0.9659258262890683,0.0,1.0,14.815,19
120,pizza,12.2,downtown,1.1,1,12.69,scooter,3962.0,cloudy,12,2,12.033333333333333,2,0,1.2246467991473532e-16,-1.0,0.9749279121818236,-0.22252093395631434,12.69,21
138,thai,16.2,uptown,2.2,1,15.87,scooter,169.0,rain,22,57,22.95,4,0,-0.5000000000000004,0.8660254037844384,-0.433883739117558,-0.9009688679024191,15.87,31
4,pizza,14.0,suburbs_south,6.3,2,17.95,scooter,800.0,clear,19,47,19.783333333333335,4,0,-0.9659258262890684,0.2588190451025203,-0.433883739117558,-0.9009688679024191,8.975,39
90,sushi,20.7,midtown,1.1,2,27.7,car,37.0,rain,20,56,20.933333333333334,2,0,-0.8660254037844386,0.5,0.9749279121818236,-0.22252093395631434,13.85,31
24,pizza,15.8,uptown,2.3,1,10.09,bike,52.0,clear,15,4,15.066666666666666,3,0,-0.7071067811865471,-0.7071067811865479,0.43388373911755823,-0.900968867902419,10.09,28
107,sushi,18.0,suburbs_south,7.5,2,18.76,scooter,27.0,cloudy,15,56,15.933333333333334,2,0,-0.7071067811865471,-0.7071067811865479,0.9749279121818236,-0.22252093395631434,9.38,45
91,salads,10.1,suburbs_south,5.3,2,15.02,scooter,41.0,heavy_rain,19,41,19.683333333333334,2,0,-0.9659258262890684,0.2588190451025203,0.9749279121818236,-0.22252093395631434,7.51,39
20,mexican,9.2,midtown,1.5,2,17.91,scooter,69.0,cloudy,18,22,18.366666666666667,2,0,-1.0,-1.8369701987210297e-16,0.9749279121818236,-0.22252093395631434,8.955,18
100,pizza,12.8,uptown,6.3,2,28.31,car,219.0,clear,21,34,21.566666666666666,2,0,-0.7071067811865477,0.7071067811865474,0.9749279121818236,-0.22252093395631434,14.155,33
66,sushi,18.7,midtown,3.5,2,19.0,scooter,315.0,cloudy,19,51,19.85,0,0,-0.9659258262890684,0.2588190451025203,0.0,1.0,9.5,33
61,thai,18.0,suburbs_north,8.5,3,33.67,scooter,121.0,clear,19,43,19.716666666666665,4,0,-0.9659258262890684,0.2588190451025203,-0.433883739117558,-0.9009688679024191,11.223333333333334,52
48,mexican,8.8,midtown,3.3,2,20.91,scooter,1476.0,cloudy,11,38,11.633333333333333,6,1,0.258819045102521,-0.9659258262890682,-0.7818314824680299,0.6234898018587334,10.455,28
85,pizza,11.8,uptown,4.1,1,8.87,bike,316.0,clear,17,47,17.783333333333335,4,0,-0.9659258262890683,-0.25881904510252063,-0.433883739117558,-0.9009688679024191,8.87,36
68,thai,11.9,uptown,3.2,5,48.31,scooter,25.0,clear,18,52,18.866666666666667,1,0,-1.0,-1.8369701987210297e-16,0.7818314824680297,0.6234898018587336,9.662,32
35,mexican,11.9,midtown,2.7,2,30.6,scooter,20.0,rain,11,53,11.883333333333333,5,1,0.258819045102521,-0.9659258262890682,-0.9749279121818236,-0.2225209339563146,15.3,19
71,burgers,14.5,uptown,4.2,4,49.41,scooter,348.0,clear,18,31,18.516666666666666,3,0,-1.0,-1.8369701987210297e-16,0.43388373911755823,-0.900968867902419,12.3525,36
87,burgers,6.5,downtown,2.1,3,47.92,car,229.0,clear,19,9,19.15,0,0,-0.9659258262890684,0.2588190451025203,0.0,1.0,15.973333333333334,24
148,indian,16.9,suburbs_north,7.2,3,45.62,scooter,80.0,cloudy,19,47,19.783333333333335,4,0,-0.9659258262890684,0.2588190451025203,-0.433883739117558,-0.9009688679024191,15.206666666666665,45
136,salads,9.3,downtown,2.7,4,50.77,bike,112.0,rain,14,40,14.666666666666666,3,0,-0.4999999999999998,-0.8660254037844388,0.43388373911755823,-0.900968867902419,12.6925,28
126,pizza,12.0,midtown,1.4,2,14.47,bike,2347.0,clear,19,51,19.85,6,1,-0.9659258262890684,0.2588190451025203,-0.7818314824680299,0.6234898018587334,7.235,20
5,mexican,12.4,uptown,4.5,5,57.7,bike,177.0,cloudy,12,28,12.466666666666667,0,0,1.2246467991473532e-16,-1.0,0.0,1.0,11.540000000000001,46
12,thai,12.8,midtown,3.0,2,20.22,car,169.0,clear,13,58,13.966666666666667,3,0,-0.2588190451025208,-0.9659258262890683,0.43388373911755823,-0.900968867902419,10.11,21
103,thai,16.4,midtown,2.7,2,27.27,car,147.0,cloudy,19,54,19.9,1,0,-0.9659258262890684,0.2588190451025203,0.7818314824680297,0.6234898018587336,13.635,28
61,thai,18.0,suburbs_north,9.9,3,43.61,scooter,39.0,cloudy,11,9,11.15,1,0,0.258819045102521,-0.9659258262890682,0.7818314824680297,0.6234898018587336,14.536666666666667,60
148,indian,16.9,suburbs_north,8.5,1,15.07,car,90.0,cloudy,18,3,18.05,6,1,-1.0,-1.8369701987210297e-16,-0.7818314824680299,0.6234898018587334,15.07,42
56,thai,13.0,downtown,2.2,1,10.67,bike,967.0,clear,20,30,20.5,2,0,-0.8660254037844386,0.5,0.9749279121818236,-0.22252093395631434,10.67,28
38,pizza,16.9,midtown,1.5,4,42.64,bike,38.0,cloudy,21,52,21.866666666666667,5,1,-0.7071067811865477,0.7071067811865474,-0.9749279121818236,-0.2225209339563146,10.66,28
31,sushi,14.7,midtown,1.4,2,18.83,bike,196.0,clear,18,9,18.15,1,0,-1.0,-1.8369701987210297e-16,0.7818314824680297,0.6234898018587336,9.415,115
49,indian,14.4,uptown,3.5,1,9.2,bike,488.0,clear,19,57,19.95,5,1,-0.9659258262890684,0.2588190451025203,-0.9749279121818236,-0.2225209339563146,9.2,32
137,thai,13.3,suburbs_north,8.1,3,35.51,scooter,3284.0,clear,12,38,12.633333333333333,2,0,1.2246467991473532e-16,-1.0,0.9749279121818236,-0.22252093395631434,11.836666666666666,40
12,thai,12.8,midtown,3.2,1,10.09,scooter,84.0,clear,18,5,18.083333333333332,1,0,-1.0,-1.8369701987210297e-16,0.7818314824680297,0.6234898018587336,10.09,34
136,salads,9.3,downtown,1.5,4,44.18,car,235.0,clear,17,42,17.7,1,0,-0.9659258262890683,-0.25881904510252063,0.7818314824680297,0.6234898018587336,11.045,16
80,chinese,16.1,downtown,3.1,1,12.38,scooter,147.0,rain,11,34,11.566666666666666,6,1,0.258819045102521,-0.9659258262890682,-0.7818314824680299,0.6234898018587334,12.38,36
106,pizza,12.3,downtown,1.1,1,8.0,scooter,204.0,clear,19,41,19.683333333333334,1,0,-0.9659258262890684,0.2588190451025203,0.7818314824680297,0.6234898018587336,8.0,15
28,indian,19.5,downtown,2.6,2,20.9,car,147.0,cloudy,20,17,20.283333333333335,0,0,-0.8660254037844386,0.5,0.0,1.0,10.45,34
9,thai,12.6,suburbs_south,7.0,2,14.97,car,550.0,rain,22,39,22.65,1,0,-0.5000000000000004,0.8660254037844384,0.7818314824680297,0.6234898018587336,7.485,36
9,thai,12.6,suburbs_south,3.5,1,11.04,scooter,1167.0,clear,13,37,13.616666666666667,0,0,-0.2588190451025208,-0.9659258262890683,0.0,1.0,11.04,30
125,sushi,18.8,uptown,2.3,1,8.0,bike,138.0,cloudy,22,29,22.483333333333334,6,1,-0.5000000000000004,0.8660254037844384,-0.7818314824680299,0.6234898018587334,8.0,34
37,pizza,17.5,midtown,4.7,1,9.43,bike,250.0,clear,17,54,17.9,2,0,-0.9659258262890683,-0.25881904510252063,0.9749279121818236,-0.22252093395631434,9.43,39
112,sushi,18.2,downtown,1.5,2,22.46,car,3824.0,clear,21,24,21.4,4,0,-0.7071067811865477,0.7071067811865474,-0.433883739117558,-0.9009688679024191,11.23,23
87,burgers,6.5,downtown,1.1,3,34.03,bike,214.0,clear,17,8,17.133333333333333,6,1,-0.9659258262890683,-0.25881904510252063,-0.7818314824680299,0.6234898018587334,11.343333333333334,12
116,sushi,16.4,downtown,2.1,4,56.78,bike,193.0,rain,17,45,17.75,6,1,-0.9659258262890683,-0.25881904510252063,-0.7818314824680299,0.6234898018587334,14.195,28
70,thai,14.2,suburbs_north,2.0,3,25.02,bike,108.0,clear,20,13,20.216666666666665,2,0,-0.8660254037844386,0.5,0.9749279121818236,-0.22252093395631434,8.34,30
106,pizza,12.3,downtown,1.1,5,73.3,scooter,60.0,clear,20,57,20.95,1,0,-0.8660254037844386,0.5,0.7818314824680297,0.6234898018587336,14.66,26
51,indian,17.0,downtown,2.8,1,11.29,scooter,25.0,cloudy,11,6,11.1,1,0,0.258819045102521,-0.9659258262890682,0.7818314824680297,0.6234898018587336,11.29,29
133,chinese,15.9,suburbs_north,9.8,2,31.09,car,147.0,cloudy,20,46,20.766666666666666,3,0,-0.8660254037844386,0.5,0.43388373911755823,-0.900968867902419,15.545,46
34,mexican,12.2,midtown,2.0,1,11.48,bike,307.0,rain,23,21,23.35,3,0,-0.2588190451025215,0.9659258262890681,0.43388373911755823,-0.900968867902419,11.48,23
36,burgers,11.8,downtown,1.2,6,67.68,scooter,33.0,rain,16,12,16.2,5,1,-0.8660254037844384,-0.5000000000000004,-0.9749279121818236,-0.2225209339563146,11.280000000000001,18
36,burgers,11.8,downtown,3.2,5,72.08,bike,103.0,rain,18,17,18.283333333333335,4,0,-1.0,-1.8369701987210297e-16,-0.433883739117558,-0.9009688679024191,14.416,40
124,indian,17.6,downtown,3.2,1,10.38,bike,124.0,clear,13,17,13.283333333333333,2,0,-0.2588190451025208,-0.9659258262890683,0.9749279121818236,-0.22252093395631434,10.38,34
75,mexican,13.3,midtown,2.3,2,28.29,car,147.0,clear,12,51,12.85,3,0,1.2246467991473532e-16,-1.0,0.43388373911755823,-0.900968867902419,14.145,30
102,indian,17.4,uptown,3.7,2,23.04,scooter,198.0,clear,20,37,20.616666666666667,3,0,-0.8660254037844386,0.5,0.43388373911755823,-0.900968867902419,11.52,35
66,sushi,18.7,midtown,1.6,2,15.41,bike,342.0,cloudy,19,30,19.5,4,0,-0.9659258262890684,0.2588190451025203,-0.433883739117558,-0.9009688679024191,7.705,28
45,indian,15.4,midtown,2.7,2,28.89,bike,467.0,clear,13,38,13.633333333333333,6,1,-0.2588190451025208,-0.9659258262890683,-0.7818314824680299,0.6234898018587334,14.445,32
137,thai,13.3,suburbs_north,9.2,1,13.51,car,79.0,cloudy,17,59,17.983333333333334,6,1,-0.9659258262890683,-0.25881904510252063,-0.7818314824680299,0.6234898018587334,13.51,38
59,pizza,11.7,suburbs_south,3.4,1,11.45,scooter,82.0,clear,12,58,12.966666666666667,4,0,1.2246467991473532e-16,-1.0,-0.433883739117558,-0.9009688679024191,11.45,30
5,mexican,12.4,uptown,3.0,6,43.14,scooter,335.0,clear,20,33,20.55,4,0,-0.8660254037844386,0.5,-0.433883739117558,-0.9009688679024191,7.19,27
51,indian,17.0,downtown,1.6,2,22.72,bike,909.0,clear,16,59,16.983333333333334,6,1,-0.8660254037844384,-0.5000000000000004,-0.7818314824680299,0.6234898018587334,11.36,26
24,pizza,15.8,uptown,4.0,3,43.41,bike,41.0,clear,11,50,11.833333333333334,6,1,0.258819045102521,-0.9659258262890682,-0.7818314824680299,0.6234898018587334,14.469999999999999,48
21,pizza,17.0,midtown,3.4,4,52.64,scooter,106.0,clear,13,22,13.366666666666667,1,0,-0.2588190451025208,-0.9659258262890683,0.7818314824680297,0.6234898018587336,13.16,34
13,indian,15.1,downtown,0.9,1,9.86,bike,135.0,clear,18,28,18.466666666666665,0,0,-1.0,-1.8369701987210297e-16,0.0,1.0,9.86,26
73,pizza,10.6,midtown,2.1,1,13.7,bike,1430.0,cloudy,13,53,13.883333333333333,2,0,-0.2588190451025208,-0.9659258262890683,0.9749279121818236,-0.22252093395631434,13.7,19
58,indian,21.6,uptown,3.5,1,11.89,scooter,63.0,rain,20,10,20.166666666666668,0,0,-0.8660254037844386,0.5,0.0,1.0,11.89,39
81,sushi,17.4,downtown,2.4,3,44.03,bike,130.0,clear,19,33,19.55,4,0,-0.9659258262890684,0.2588190451025203,-0.433883739117558,-0.9009688679024191,14.676666666666668,32
7,thai,17.1,midtown,1.7,1,14.87,bike,613.0,cloudy,19,31,19.516666666666666,5,1,-0.9659258262890684,0.2588190451025203,-0.9749279121818236,-0.2225209339563146,14.87,31
72,burgers,12.2,suburbs_south,6.8,1,11.27,car,775.0,clear,14,24,14.4,5,1,-0.4999999999999998,-0.8660254037844388,-0.9749279121818236,-0.2225209339563146,11.27,36
2,thai,10.5,downtown,1.5,3,42.46,bike,195.0,cloudy,12,18,12.3,1,0,1.2246467991473532e-16,-1.0,0.7818314824680297,0.6234898018587336,14.153333333333334,20
24,pizza,15.8,uptown,1.9,3,41.82,scooter,84.0,rain,19,14,19.233333333333334,1,0,-0.9659258262890684,0.2588190451025203,0.7818314824680297,0.6234898018587336,13.94,35
26,pizza,14.9,midtown,3.8,2,21.12,scooter,39.0,clear,12,54,12.9,2,0,1.2246467991473532e-16,-1.0,0.9749279121818236,-0.22252093395631434,10.56,28
22,mexican,9.1,suburbs_south,8.4,1,11.44,car,215.0,clear,21,3,21.05,0,0,-0.7071067811865477,0.7071067811865474,0.0,1.0,11.44,32
109,burgers,10.0,downtown,1.4,5,53.19,bike,147.0,clear,17,51,17.85,3,0,-0.9659258262890683,-0.25881904510252063,0.43388373911755823,-0.900968867902419,10.638,23
22,mexican,9.1,suburbs_south,2.2,1,8.0,scooter,27.0,rain,11,56,11.933333333333334,4,0,0.258819045102521,-0.9659258262890682,-0.433883739117558,-0.9009688679024191,8.0,27
30,salads,5.0,suburbs_south,7.5,1,15.83,scooter,38.0,clear,18,20,18.333333333333332,0,0,-1.0,-1.8369701987210297e-16,0.0,1.0,15.83,31
5,mexican,12.4,uptown,1.4,2,17.74,scooter,281.0,clear,18,33,18.55,2,0,-1.0,-1.8369701987210297e-16,0.9749279121818236,-0.22252093395631434,8.87,23
10,pizza,12.9,suburbs_north,5.0,1,8.01,scooter,150.0,heavy_rain,17,11,17.183333333333334,6,1,-0.9659258262890683,-0.25881904510252063,-0.7818314824680299,0.6234898018587334,8.01,35
87,burgers,6.5,downtown,3.4,2,16.41,car,5077.0,clear,16,19,16.316666666666666,5,1,-0.8660254037844384,-0.5000000000000004,-0.9749279121818236,-0.2225209339563146,8.205,16
115,thai,13.4,downtown,1.9,2,24.09,scooter,78.0,clear,16,20,16.333333333333332,2,0,-0.8660254037844384,-0.5000000000000004,0.9749279121818236,-0.22252093395631434,12.045,26
142,indian,20.4,midtown,3.2,5,65.23,bike,89.0,clear,13,19,13.316666666666666,0,0,-0.2588190451025208,-0.9659258262890683,0.0,1.0,13.046000000000001,51
59,pizza,11.7,suburbs_south,2.2,2,28.61,scooter,35.0,cloudy,17,7,17.116666666666667,6,1,-0.9659258262890683,-0.25881904510252063,-0.7818314824680299,0.6234898018587334,14.305,21
43,chinese,12.4,uptown,5.2,2,21.22,bike,180.0,clear,17,26,17.433333333333334,2,0,-0.9659258262890683,-0.25881904510252063,0.9749279121818236,-0.22252093395631434,10.61,36
11,indian,20.4,uptown,5.8,3,33.78,car,1184.0,clear,15,58,15.966666666666667,3,0,-0.7071067811865471,-0.7071067811865479,0.43388373911755823,-0.900968867902419,11.26,37
127,indian,15.6,downtown,1.6,2,22.18,scooter,36.0,clear,11,24,11.4,6,1,0.258819045102521,-0.9659258262890682,-0.7818314824680299,0.6234898018587334,11.09,26
118,thai,15.5,downtown,2.6,3,24.09,car,359.0,clear,20,0,20.0,3,0,-0.8660254037844386,0.5,0.43388373911755823,-0.900968867902419,8.03,28
54,salads,9.4,downtown,1.5,1,12.84,car,2988.0,heavy_rain,16,54,16.9,6,1,-0.8660254037844384,-0.5000000000000004,-0.7818314824680299,0.6234898018587334,12.84,19
66,sushi,18.7,midtown,3.7,3,23.86,scooter,191.0,clear,23,49,23.816666666666666,0,0,-0.2588190451025215,0.9659258262890681,0.0,1.0,7.953333333333333,31
32,thai,16.7,uptown,1.4,1,8.0,bike,38.0,clear,13,35,13.583333333333334,1,0,-0.2588190451025208,-0.9659258262890683,0.7818314824680297,0.6234898018587336,8.0,25
4,pizza,14.0,suburbs_south,4.7,2,14.41,scooter,119.0,cloudy,18,50,18.833333333333332,4,0,-1.0,-1.8369701987210297e-16,-0.433883739117558,-0.9009688679024191,7.205,39
98,salads,11.1,midtown,1.9,4,36.68,bike,110.0,rain,19,15,19.25,1,0,-0.9659258262890684,0.2588190451025203,0.7818314824680297,0.6234898018587336,9.17,29
78,mexican,9.1,downtown,1.5,2,14.05,car,223.0,clear,19,59,19.983333333333334,4,0,-0.9659258262890684,0.2588190451025203,-0.433883739117558,-0.9009688679024191,7.025,19
110,thai,12.5,suburbs_north,6.1,5,62.81,scooter,62.0,clear,11,22,11.366666666666667,3,0,0.258819045102521,-0.9659258262890682,0.43388373911755823,-0.900968867902419,12.562000000000001,41
107,sushi,18.0,suburbs_south,9.1,3,32.02,scooter,144.0,cloudy,20,56,20.933333333333334,5,1,-0.8660254037844386,0.5,-0.9749279121818236,-0.2225209339563146,10.673333333333334,51
160,salads,5.0,uptown,4.8,6,67.25,scooter,73.0,clear,19,53,19.883333333333333,4,0,-0.9659258262890684,0.2588190451025203,-0.433883739117558,-0.9009688679024191,11.208333333333334,23
158,indian,12.1,midtown,1.9,2,29.18,car,246.0,rain,10,32,10.533333333333333,1,0,0.49999999999999994,-0.8660254037844387,0.7818314824680297,0.6234898018587336,14.59,16
160,salads,5.0,uptown,3.8,2,25.91,car,373.0,cloudy,16,24,16.4,1,0,-0.8660254037844384,-0.5000000000000004,0.7818314824680297,0.6234898018587336,12.955,22
102,indian,17.4,uptown,2.6,3,39.45,bike,517.0,clear,19,42,19.7,2,0,-0.9659258262890684,0.2588190451025203,0.9749279121818236,-0.22252093395631434,13.15,39
142,indian,20.4,midtown,3.2,5,40.12,scooter,363.0,clear,14,9,14.15,1,0,-0.4999999999999998,-0.8660254037844388,0.7818314824680297,0.6234898018587336,8.024,37
30,salads,5.0,suburbs_south,8.2,3,40.23,car,204.0,clear,20,25,20.416666666666668,0,0,-0.8660254037844386,0.5,0.0,1.0,13.409999999999998,32
59,pizza,11.7,suburbs_south,6.8,4,30.96,car,113.0,clear,22,38,22.633333333333333,2,0,-0.5000000000000004,0.8660254037844384,0.9749279121818236,-0.22252093395631434,7.74,35
104,thai,11.5,suburbs_south,9.4,1,8.0,car,48.0,cloudy,19,32,19.533333333333335,3,0,-0.9659258262890684,0.2588190451025203,0.43388373911755823,-0.900968867902419,8.0,37
107,sushi,18.0,suburbs_south,3.5,6,87.24,car,86.0,clear,17,25,17.416666666666668,6,1,-0.9659258262890683,-0.25881904510252063,-0.7818314824680299,0.6234898018587334,14.54,33
17,thai,9.8,uptown,1.7,4,31.2,bike,55.0,clear,16,38,16.633333333333333,3,0,-0.8660254037844384,-0.5000000000000004,0.43388373911755823,-0.900968867902419,7.8,26
53,thai,11.5,midtown,1.8,1,8.27,bike,649.0,clear,21,24,21.4,5,1,-0.7071067811865477,0.7071067811865474,-0.9749279121818236,-0.2225209339563146,8.27,19
104,thai,11.5,suburbs_south,9.4,2,31.91,scooter,37.0,heavy_rain,18,15,18.25,6,1,-1.0,-1.8369701987210297e-16,-0.7818314824680299,0.6234898018587334,15.955,57
27,thai,16.7,downtown,0.9,2,19.73,scooter,181.0,cloudy,13,38,13.633333333333333,0,0,-0.2588190451025208,-0.9659258262890683,0.0,1.0,9.865,26
139,indian,20.7,midtown,2.5,2,26.33,bike,33.0,cloudy,18,16,18.266666666666666,2,0,-1.0,-1.8369701987210297e-16,0.9749279121818236,-0.22252093395631434,13.165,37
156,salads,12.7,downtown,0.9,2,29.54,scooter,56.0,clear,20,56,20.933333333333334,6,1,-0.8660254037844386,0.5,-0.7818314824680299,0.6234898018587334,14.77,23
129,pizza,10.9,suburbs_north,6.0,4,56.93,scooter,103.0,clear,10,33,10.55,4,0,0.49999999999999994,-0.8660254037844387,-0.433883739117558,-0.9009688679024191,14.2325,32
51,indian,17.0,downtown,2.5,3,44.89,bike,24.0,cloudy,12,59,12.983333333333333,6,1,1.2246467991473532e-16,-1.0,-0.7818314824680299,0.6234898018587334,14.963333333333333,38
143,chinese,12.4,uptown,2.7,7,83.92,bike,24.0,clear,11,31,11.516666666666667,3,0,0.258819045102521,-0.9659258262890682,0.43388373911755823,-0.900968867902419,11.98857142857143,37
102,indian,17.4,uptown,4.1,3,25.39,bike,160.0,rain,21,21,21.35,1,0,-0.7071067811865477,0.7071067811865474,0.7818314824680297,0.6234898018587336,8.463333333333333,45
30,salads,5.0,suburbs_south,6.0,3,45.46,scooter,284.0,clear,12,3,12.05,4,0,1.2246467991473532e-16,-1.0,-0.433883739117558,-0.9009688679024191,15.153333333333334,24
30,salads,5.0,suburbs_south,5.3,4,46.3,bike,182.0,clear,19,15,19.25,3,0,-0.9659258262890684,0.2588190451025203,0.43388373911755823,-0.900968867902419,11.575,29
124,indian,17.6,downtown,2.4,3,40.89,bike,229.0,rain,19,0,19.0,2,0,-0.9659258262890684,0.2588190451025203,0.9749279121818236,-0.22252093395631434,13.63,34
80,chinese,16.1,downtown,1.1,4,57.62,scooter,343.0,cloudy,12,16,12.266666666666667,2,0,1.2246467991473532e-16,-1.0,0.9749279121818236,-0.22252093395631434,14.405,26
117,pizza,16.2,suburbs_south,8.0,7,99.27,car,88.0,heavy_rain,22,1,22.016666666666666,3,0,-0.5000000000000004,0.8660254037844384,0.43388373911755823,-0.900968867902419,14.18142857142857,53
140,chinese,17.8,downtown,1.7,3,24.46,scooter,1176.0,cloudy,13,26,13.433333333333334,0,0,-0.2588190451025208,-0.9659258262890683,0.0,1.0,8.153333333333334,30
14,burgers,6.4,downtown,2.5,6,86.06,scooter,239.0,clear,12,48,12.8,0,0,1.2246467991473532e-16,-1.0,0.0,1.0,14.343333333333334,14
157,burgers,16.3,suburbs_south,11.8,1,15.72,scooter,27.0,clear,16,13,16.216666666666665,5,1,-0.8660254037844384,-0.5000000000000004,-0.9749279121818236,-0.2225209339563146,15.72,58
119,indian,16.8,suburbs_south,9.3,2,19.25,car,143.0,rain,18,3,18.05,4,0,-1.0,-1.8369701987210297e-16,-0.433883739117558,-0.9009688679024191,9.625,52
106,pizza,12.3,downtown,1.0,3,29.42,bike,448.0,clear,11,3,11.05,1,0,0.258819045102521,-0.9659258262890682,0.7818314824680297,0.6234898018587336,9.806666666666667,24
147,chinese,17.7,midtown,2.3,3,39.58,bike,12.0,clear,16,54,16.9,2,0,-0.8660254037844384,-0.5000000000000004,0.9749279121818236,-0.22252093395631434,13.193333333333333,34
129,pizza,10.9,suburbs_north,3.9,2,27.5,scooter,148.0,cloudy,13,38,13.633333333333333,1,0,-0.2588190451025208,-0.9659258262890683,0.7818314824680297,0.6234898018587336,13.75,30
124,indian,17.6,downtown,1.1,1,15.17,scooter,749.0,heavy_rain,21,31,21.516666666666666,3,0,-0.7071067811865477,0.7071067811865474,0.43388373911755823,-0.900968867902419,15.17,21
2,thai,10.5,downtown,2.4,2,31.38,scooter,174.0,cloudy,17,11,17.183333333333334,5,1,-0.9659258262890683,-0.25881904510252063,-0.9749279121818236,-0.2225209339563146,15.69,27
10,pizza,12.9,suburbs_north,4.8,3,38.01,bike,543.0,clear,12,56,12.933333333333334,1,0,1.2246467991473532e-16,-1.0,0.7818314824680297,0.6234898018587336,12.67,42
119,indian,16.8,suburbs_south,11.7,3,35.84,scooter,545.0,clear,10,35,10.583333333333334,4,0,0.49999999999999994,-0.8660254037844387,-0.433883739117558,-0.9009688679024191,11.946666666666667,55
8,burgers,12.1,uptown,3.2,1,9.13,scooter,87.0,clear,20,26,20.433333333333334,5,1,-0.8660254037844386,0.5,-0.9749279121818236,-0.2225209339563146,9.13,27
56,thai,13.0,downtown,0.7,3,21.87,bike,10.0,clear,12,11,12.183333333333334,5,1,1.2246467991473532e-16,-1.0,-0.9749279121818236,-0.2225209339563146,7.29,32
81,sushi,17.4,downtown,1.5,3,22.95,bike,149.0,clear,13,16,13.266666666666667,0,0,-0.2588190451025208,-0.9659258262890683,0.0,1.0,7.6499999999999995,34
98,salads,11.1,midtown,3.5,3,37.93,scooter,221.0,heavy_rain,11,42,11.7,2,0,0.258819045102521,-0.9659258262890682,0.9749279121818236,-0.22252093395631434,12.643333333333333,31
52,mexican,5.5,uptown,3.6,2,20.37,bike,1343.0,cloudy,17,25,17.416666666666668,0,0,-0.9659258262890683,-0.25881904510252063,0.0,1.0,10.185,23
120,pizza,12.2,downtown,2.6,7,86.16,scooter,220.0,clear,11,46,11.766666666666667,4,0,0.258819045102521,-0.9659258262890682,-0.433883739117558,-0.9009688679024191,12.308571428571428,28
105,pizza,12.9,midtown,1.9,1,14.45,scooter,398.0,cloudy,12,14,12.233333333333333,3,0,1.2246467991473532e-16,-1.0,0.43388373911755823,-0.900968867902419,14.45,24
77,pizza,11.4,uptown,5.0,5,59.82,scooter,206.0,clear,18,12,18.2,2,0,-1.0,-1.8369701987210297e-16,0.9749279121818236,-0.22252093395631434,11.964,29
142,indian,20.4,midtown,1.2,2,20.58,car,1307.0,rain,21,16,21.266666666666666,6,1,-0.7071067811865477,0.7071067811865474,-0.7818314824680299,0.6234898018587334,10.29,34
33,sushi,21.1,midtown,1.6,2,24.12,bike,147.0,clear,18,6,18.1,5,1,-1.0,-1.8369701987210297e-16,-0.9749279121818236,-0.2225209339563146,12.06,36
54,salads,9.4,downtown,1.8,5,65.24,car,74.0,cloudy,16,15,16.25,6,1,-0.8660254037844384,-0.5000000000000004,-0.7818314824680299,0.6234898018587334,13.047999999999998,18
140,chinese,17.8,downtown,1.5,1,11.51,scooter,85.0,clear,19,58,19.966666666666665,1,0,-0.9659258262890684,0.2588190451025203,0.7818314824680297,0.6234898018587336,11.51,27
138,thai,16.2,uptown,2.8,5,57.62,bike,81.0,clear,20,0,20.0,1,0,-0.8660254037844386,0.5,0.7818314824680297,0.6234898018587336,11.524,35
153,salads,5.0,suburbs_south,5.8,3,27.21,bike,44.0,clear,18,32,18.533333333333335,3,0,-1.0,-1.8369701987210297e-16,0.43388373911755823,-0.900968867902419,9.07,35
72,burgers,12.2,suburbs_south,8.0,3,43.68,car,317.0,clear,12,5,12.083333333333334,1,0,1.2246467991473532e-16,-1.0,0.7818314824680297,0.6234898018587336,14.56,37
149,thai,15.5,downtown,1.0,1,12.12,car,85.0,cloudy,11,34,11.566666666666666,4,0,0.258819045102521,-0.9659258262890682,-0.433883739117558,-0.9009688679024191,12.12,18
103,thai,16.4,midtown,4.1,2,25.15,bike,69.0,clear,17,23,17.383333333333333,3,0,-0.9659258262890683,-0.25881904510252063,0.43388373911755823,-0.900968867902419,12.575,39
132,mexican,13.3,downtown,2.1,2,25.51,bike,74.0,clear,18,29,18.483333333333334,2,0,-1.0,-1.8369701987210297e-16,0.9749279121818236,-0.22252093395631434,12.755,23
36,burgers,11.8,downtown,2.4,5,45.92,scooter,110.0,clear,19,6,19.1,5,1,-0.9659258262890684,0.2588190451025203,-0.9749279121818236,-0.2225209339563146,9.184000000000001,33
92,thai,7.0,uptown,1.9,2,26.18,bike,33.0,clear,21,4,21.066666666666666,2,0,-0.7071067811865477,0.7071067811865474,0.9749279121818236,-0.22252093395631434,13.09,22
9,thai,12.6,suburbs_south,3.9,3,33.91,bike,323.0,cloudy,14,48,14.8,6,1,-0.4999999999999998,-0.8660254037844388,-0.7818314824680299,0.6234898018587334,11.303333333333333,35
82,salads,9.2,midtown,4.1,3,31.91,bike,227.0,clear,20,33,20.55,1,0,-0.8660254037844386,0.5,0.7818314824680297,0.6234898018587336,10.636666666666667,36
152,indian,18.0,suburbs_north,9.2,5,69.52,car,367.0,clear,10,40,10.666666666666666,3,0,0.49999999999999994,-0.8660254037844387,0.43388373911755823,-0.900968867902419,13.904,41
74,thai,18.7,downtown,2.2,3,23.93,scooter,373.0,cloudy,12,10,12.166666666666666,4,0,1.2246467991473532e-16,-1.0,-0.433883739117558,-0.9009688679024191,7.976666666666667,28
111,pizza,8.5,downtown,3.3,3,44.7,car,262.0,cloudy,11,44,11.733333333333333,1,0,0.258819045102521,-0.9659258262890682,0.7818314824680297,0.6234898018587336,14.9,28
118,thai,15.5,downtown,3.0,1,14.87,scooter,84.0,clear,11,21,11.35,5,1,0.258819045102521,-0.9659258262890682,-0.9749279121818236,-0.2225209339563146,14.87,32
87,burgers,6.5,downtown,1.4,2,19.36,scooter,147.0,cloudy,14,2,14.033333333333333,2,0,-0.4999999999999998,-0.8660254037844388,0.9749279121818236,-0.22252093395631434,9.68,17
3,pizza,20.9,suburbs_north,3.9,1,8.0,scooter,288.0,cloudy,12,39,12.65,0,0,1.2246467991473532e-16,-1.0,0.0,1.0,8.0,41
44,indian,21.0,midtown,3.4,3,26.41,bike,195.0,clear,11,33,11.55,0,0,0.258819045102521,-0.9659258262890682,0.0,1.0,8.803333333333333,46
46,indian,19.4,downtown,2.3,1,11.19,bike,244.0,cloudy,21,58,21.966666666666665,0,0,-0.7071067811865477,0.7071067811865474,0.0,1.0,11.19,32
45,indian,15.4,midtown,3.8,2,27.83,scooter,29.0,cloudy,21,3,21.05,1,0,-0.7071067811865477,0.7071067811865474,0.7818314824680297,0.6234898018587336,13.915,33
146,thai,14.2,uptown,4.3,2,22.66,bike,134.0,cloudy,13,37,13.616666666666667,6,1,-0.2588190451025208,-0.9659258262890683,-0.7818314824680299,0.6234898018587334,11.33,42
55,salads,5.0,midtown,2.3,1,8.94,car,65.0,cloudy,13,35,13.583333333333334,6,1,-0.2588190451025208,-0.9659258262890683,-0.7818314824680299,0.6234898018587334,8.94,16
62,salads,6.7,downtown,0.9,2,19.77,scooter,56.0,clear,19,20,19.333333333333332,5,1,-0.9659258262890684,0.2588190451025203,-0.9749279121818236,-0.2225209339563146,9.885,11
127,indian,15.6,downtown,2.1,7,100.42,bike,49.0,rain,23,41,23.683333333333334,0,0,-0.2588190451025215,0.9659258262890681,0.0,1.0,14.345714285714285,35
110,thai,12.5,suburbs_north,7.7,2,28.43,car,839.0,clear,20,3,20.05,4,0,-0.8660254037844386,0.5,-0.433883739117558,-0.9009688679024191,14.215,34
109,burgers,10.0,downtown,1.5,1,8.64,scooter,723.0,clear,13,47,13.783333333333333,1,0,-0.2588190451025208,-0.9659258262890683,0.7818314824680297,0.6234898018587336,8.64,18
113,mexican,13.2,midtown,2.9,4,34.0,scooter,71.0,clear,20,39,20.65,1,0,-0.8660254037844386,0.5,0.7818314824680297,0.6234898018587336,8.5,29
108,mexican,10.1,suburbs_south,7.2,7,102.78,scooter,443.0,clear,12,55,12.916666666666666,2,0,1.2246467991473532e-16,-1.0,0.9749279121818236,-0.22252093395631434,14.682857142857143,43
159,pizza,15.0,uptown,4.2,2,20.78,bike,147.0,cloudy,16,37,16.616666666666667,2,0,-0.8660254037844384,-0.5000000000000004,0.9749279121818236,-0.22252093395631434,10.39,33
108,mexican,10.1,suburbs_south,5.5,5,79.72,scooter,15.0,clear,16,54,16.9,3,0,-0.8660254037844384,-0.5000000000000004,0.43388373911755823,-0.900968867902419,15.943999999999999,29
22,mexican,9.1,suburbs_south,3.1,5,44.83,bike,413.0,clear,19,35,19.583333333333332,6,1,-0.9659258262890684,0.2588190451025203,-0.7818314824680299,0.6234898018587334,8.966,26
120,pizza,12.2,downtown,2.0,2,29.22,bike,2184.0,clear,12,37,12.616666666666667,4,0,1.2246467991473532e-16,-1.0,-0.433883739117558,-0.9009688679024191,14.61,27
75,mexican,13.3,midtown,3.0,6,69.64,scooter,876.0,clear,17,31,17.516666666666666,6,1,-0.9659258262890683,-0.25881904510252063,-0.7818314824680299,0.6234898018587334,11.606666666666667,29
160,salads,5.0,uptown,3.2,3,29.61,bike,554.0,cloudy,18,42,18.7,4,0,-1.0,-1.8369701987210297e-16,-0.433883739117558,-0.9009688679024191,9.87,21
10,pizza,12.9,suburbs_north,5.2,4,49.81,scooter,665.0,clear,11,23,11.383333333333333,3,0,0.258819045102521,-0.9659258262890682,0.43388373911755823,-0.900968867902419,12.4525,38
159,pizza,15.0,uptown,4.9,7,104.4,scooter,2.0,clear,12,53,12.883333333333333,6,1,1.2246467991473532e-16,-1.0,-0.7818314824680299,0.6234898018587334,14.914285714285715,40
128,chinese,6.8,uptown,2.7,2,30.58,car,21.0,clear,12,32,12.533333333333333,2,0,1.2246467991473532e-16,-1.0,0.9749279121818236,-0.22252093395631434,15.29,18
112,sushi,18.2,downtown,3.5,2,30.78,scooter,111.0,clear,20,1,20.016666666666666,1,0,-0.8660254037844386,0.5,0.7818314824680297,0.6234898018587336,15.39,35
78,mexican,9.1,downtown,0.8,4,43.12,bike,131.0,clear,19,33,19.55,5,1,-0.9659258262890684,0.2588190451025203,-0.9749279121818236,-0.2225209339563146,10.78,16
71,burgers,14.5,uptown,4.6,3,47.3,scooter,279.0,clear,18,54,18.9,1,0,-1.0,-1.8369701987210297e-16,0.7818314824680297,0.6234898018587336,15.766666666666666,34
158,indian,12.1,midtown,1.9,2,16.32,scooter,276.0,clear,17,52,17.866666666666667,4,0,-0.9659258262890683,-0.25881904510252063,-0.433883739117558,-0.9009688679024191,8.16,17
140,chinese,17.8,downtown,2.1,4,36.94,scooter,186.0,cloudy,11,44,11.733333333333333,2,0,0.258819045102521,-0.9659258262890682,0.9749279121818236,-0.22252093395631434,9.235,34
152,indian,18.0,suburbs_north,10.2,7,96.2,car,755.0,clear,20,0,20.0,4,0,-0.8660254037844386,0.5,-0.433883739117558,-0.9009688679024191,13.742857142857144,53
3,pizza,20.9,suburbs_north,4.2,2,18.56,scooter,707.0,rain,10,44,10.733333333333333,1,0,0.49999999999999994,-0.8660254037844387,0.7818314824680297,0.6234898018587336,9.28,38
24,pizza,15.8,uptown,2.3,4,50.63,bike,50.0,heavy_rain,14,23,14.383333333333333,2,0,-0.4999999999999998,-0.8660254037844388,0.9749279121818236,-0.22252093395631434,12.6575,34
26,pizza,14.9,midtown,3.0,2,23.2,bike,204.0,clear,18,50,18.833333333333332,5,1,-1.0,-1.8369701987210297e-16,-0.9749279121818236,-0.2225209339563146,11.6,36
49,indian,14.4,uptown,3.7,3,31.28,scooter,690.0,rain,19,44,19.733333333333334,2,0,-0.9659258262890684,0.2588190451025203,0.9749279121818236,-0.22252093395631434,10.426666666666668,30
77,pizza,11.4,uptown,2.5,1,10.66,car,609.0,cloudy,12,50,12.833333333333334,5,1,1.2246467991473532e-16,-1.0,-0.9749279121818236,-0.2225209339563146,10.66,22
64,mexican,11.6,suburbs_north,3.8,3,38.83,scooter,60.0,clear,19,12,19.2,6,1,-0.9659258262890684,0.2588190451025203,-0.7818314824680299,0.6234898018587334,12.943333333333333,29
152,indian,18.0,suburbs_north,6.2,6,85.55,car,635.0,cloudy,18,25,18.416666666666668,3,0,-1.0,-1.8369701987210297e-16,0.43388373911755823,-0.900968867902419,14.258333333333333,36
84,chinese,11.5,suburbs_south,6.3,3,21.85,scooter,28.0,clear,18,7,18.116666666666667,1,0,-1.0,-1.8369701987210297e-16,0.7818314824680297,0.6234898018587336,7.283333333333334,41
18,indian,20.8,suburbs_south,10.6,4,46.63,car,159.0,clear,13,51,13.85,4,0,-0.2588190451025208,-0.9659258262890683,-0.433883739117558,-0.9009688679024191,11.6575,57
7,thai,17.1,midtown,4.0,3,46.72,bike,263.0,clear,20,6,20.1,1,0,-0.8660254037844386,0.5,0.7818314824680297,0.6234898018587336,15.573333333333332,39
106,pizza,12.3,downtown,1.2,2,29.0,bike,124.0,clear,14,26,14.433333333333334,6,1,-0.4999999999999998,-0.8660254037844388,-0.7818314824680299,0.6234898018587334,14.5,21
74,thai,18.7,downtown,1.6,1,13.46,bike,275.0,heavy_rain,18,10,18.166666666666668,6,1,-1.0,-1.8369701987210297e-16,-0.7818314824680299,0.6234898018587334,13.46,27
108,mexican,10.1,suburbs_south,8.7,5,41.4,car,21.0,cloudy,21,48,21.8,1,0,-0.7071067811865477,0.7071067811865474,0.7818314824680297,0.6234898018587336,8.28,37
66,sushi,18.7,midtown,2.0,7,80.86,scooter,439.0,cloudy,13,24,13.4,2,0,-0.2588190451025208,-0.9659258262890683,0.9749279121818236,-0.22252093395631434,11.551428571428572,37
102,indian,17.4,uptown,3.8,5,54.4,bike,36.0,clear,21,18,21.3,1,0,-0.7071067811865477,0.7071067811865474,0.7818314824680297,0.6234898018587336,10.879999999999999,41
42,pizza,16.7,downtown,2.2,8,101.05,bike,109.0,cloudy,19,31,19.516666666666666,4,0,-0.9659258262890684,0.2588190451025203,-0.433883739117558,-0.9009688679024191,12.63125,43
37,pizza,17.5,midtown,1.6,2,24.18,bike,838.0,cloudy,17,45,17.75,1,0,-0.9659258262890683,-0.25881904510252063,0.7818314824680297,0.6234898018587336,12.09,28
81,sushi,17.4,downtown,1.2,1,13.64,scooter,601.0,clear,13,58,13.966666666666667,2,0,-0.2588190451025208,-0.9659258262890683,0.9749279121818236,-0.22252093395631434,13.64,25
16,salads,7.8,uptown,3.4,4,34.53,bike,15.0,rain,12,5,12.083333333333334,5,1,1.2246467991473532e-16,-1.0,-0.9749279121818236,-0.2225209339563146,8.6325,35
66,sushi,18.7,midtown,1.8,6,93.39,scooter,148.0,clear,17,51,17.85,6,1,-0.9659258262890683,-0.25881904510252063,-0.7818314824680299,0.6234898018587334,15.565,31
1,mexican,12.7,downtown,0.9,5,66.42,bike,258.0,clear,22,18,22.3,2,0,-0.5000000000000004,0.8660254037844384,0.9749279121818236,-0.22252093395631434,13.284,20
144,chinese,7.6,midtown,1.6,6,61.91,scooter,325.0,clear,12,25,12.416666666666666,2,0,1.2246467991473532e-16,-1.0,0.9749279121818236,-0.22252093395631434,10.318333333333333,21
83,salads,8.7,midtown,1.8,4,36.17,scooter,162.0,heavy_rain,12,34,12.566666666666666,6,1,1.2246467991473532e-16,-1.0,-0.7818314824680299,0.6234898018587334,9.0425,27
10,pizza,12.9,suburbs_north,8.6,2,19.75,scooter,9.0,clear,11,35,11.583333333333334,6,1,0.258819045102521,-0.9659258262890682,-0.7818314824680299,0.6234898018587334,9.875,43
40,pizza,18.4,midtown,2.0,1,10.43,bike,458.0,clear,10,23,10.383333333333333,6,1,0.49999999999999994,-0.8660254037844387,-0.7818314824680299,0.6234898018587334,10.43,32
61,thai,18.0,suburbs_north,4.3,1,12.3,bike,407.0,cloudy,17,26,17.433333333333334,5,1,-0.9659258262890683,-0.25881904510252063,-0.9749279121818236,-0.2225209339563146,12.3,38
9,thai,12.6,suburbs_south,11.2,1,14.01,car,860.0,clear,19,11,19.183333333333334,3,0,-0.9659258262890684,0.2588190451025203,0.43388373911755823,-0.900968867902419,14.01,38
118,thai,15.5,downtown,2.0,3,43.52,bike,94.0,clear,16,41,16.683333333333334,3,0,-0.8660254037844384,-0.5000000000000004,0.43388373911755823,-0.900968867902419,14.506666666666668,25
87,burgers,6.5,downtown,1.0,3,21.89,car,185.0,clear,18,56,18.933333333333334,5,1,-1.0,-1.8369701987210297e-16,-0.9749279121818236,-0.2225209339563146,7.296666666666667,17
78,mexican,9.1,downtown,2.1,4,32.88,scooter,188.0,clear,16,59,16.983333333333334,6,1,-0.8660254037844384,-0.5000000000000004,-0.7818314824680299,0.6234898018587334,8.22,21
9,thai,12.6,suburbs_south,3.3,3,37.39,bike,36.0,rain,22,18,22.3,6,1,-0.5000000000000004,0.8660254037844384,-0.7818314824680299,0.6234898018587334,12.463333333333333,36
95,pizza,11.9,suburbs_south,9.6,2,25.64,car,127.0,clear,17,1,17.016666666666666,5,1,-0.9659258262890683,-0.25881904510252063,-0.9749279121818236,-0.2225209339563146,12.82,41
8,burgers,12.1,uptown,5.1,1,9.0,scooter,147.0,cloudy,15,58,15.966666666666667,1,0,-0.7071067811865471,-0.7071067811865479,0.7818314824680297,0.6234898018587336,9.0,28
41,thai,19.0,downtown,2.5,1,8.53,scooter,128.0,clear,18,42,18.7,0,0,-1.0,-1.8369701987210297e-16,0.0,1.0,8.53,35
14,burgers,6.4,downtown,2.5,4,40.09,bike,427.0,heavy_rain,16,32,16.533333333333335,5,1,-0.8660254037844384,-0.5000000000000004,-0.9749279121818236,-0.2225209339563146,10.0225,27
47,mexican,14.1,downtown,3.4,5,37.89,scooter,103.0,clear,18,49,18.816666666666666,4,0,-1.0,-1.8369701987210297e-16,-0.433883739117558,-0.9009688679024191,7.578,32
85,pizza,11.8,uptown,2.3,2,29.04,bike,74.0,rain,13,7,13.116666666666667,1,0,-0.2588190451025208,-0.9659258262890683,0.7818314824680297,0.6234898018587336,14.52,35
38,pizza,16.9,midtown,1.6,3,26.31,car,9.0,clear,21,24,21.4,4,0,-0.7071067811865477,0.7071067811865474,-0.433883739117558,-0.9009688679024191,8.77,22
5,mexican,12.4,uptown,1.7,1,14.41,scooter,61.0,clear,13,38,13.633333333333333,6,1,-0.2588190451025208,-0.9659258262890683,-0.7818314824680299,0.6234898018587334,14.41,25
139,indian,20.7,midtown,3.1,3,40.18,car,222.0,clear,17,44,17.733333333333334,6,1,-0.9659258262890683,-0.25881904510252063,-0.7818314824680299,0.6234898018587334,13.393333333333333,34
117,pizza,16.2,suburbs_south,5.4,1,15.91,bike,269.0,cloudy,17,39,17.65,1,0,-0.9659258262890683,-0.25881904510252063,0.7818314824680297,0.6234898018587336,15.91,36
68,thai,11.9,uptown,4.2,1,15.54,bike,314.0,clear,19,28,19.466666666666665,5,1,-0.9659258262890684,0.2588190451025203,-0.9749279121818236,-0.2225209339563146,15.54,35
34,mexican,12.2,midtown,4.2,2,15.51,bike,764.0,clear,10,38,10.633333333333333,5,1,0.49999999999999994,-0.8660254037844387,-0.9749279121818236,-0.2225209339563146,7.755,34
28,indian,19.5,downtown,1.9,3,30.08,scooter,216.0,cloudy,12,51,12.85,4,0,1.2246467991473532e-16,-1.0,-0.433883739117558,-0.9009688679024191,10.026666666666666,32
129,pizza,10.9,suburbs_north,6.2,5,58.86,car,10.0,clear,12,59,12.983333333333333,5,1,1.2246467991473532e-16,-1.0,-0.9749279121818236,-0.2225209339563146,11.772,36
121,indian,13.9,suburbs_north,4.5,2,15.26,scooter,25.0,cloudy,19,49,19.816666666666666,2,0,-0.9659258262890684,0.2588190451025203,0.9749279121818236,-0.22252093395631434,7.63,33
17,thai,9.8,uptown,2.7,3,34.81,bike,224.0,rain,20,24,20.4,6,1,-0.8660254037844386,0.5,-0.7818314824680299,0.6234898018587334,11.603333333333333,37
137,thai,13.3,suburbs_north,8.8,2,23.8,car,147.0,clear,20,22,20.366666666666667,2,0,-0.8660254037844386,0.5,0.9749279121818236,-0.22252093395631434,11.9,40
121,indian,13.9,suburbs_north,9.8,2,26.07,scooter,584.0,heavy_rain,16,25,16.416666666666668,6,1,-0.8660254037844384,-0.5000000000000004,-0.7818314824680299,0.6234898018587334,13.035,57
104,thai,11.5,suburbs_south,10.0,1,12.35,scooter,137.0,clear,16,5,16.083333333333332,2,0,-0.8660254037844384,-0.5000000000000004,0.9749279121818236,-0.22252093395631434,12.35,48
29,salads,9.9,midtown,2.9,2,20.9,bike,117.0,clear,18,23,18.383333333333333,1,0,-1.0,-1.8369701987210297e-16,0.7818314824680297,0.6234898018587336,10.45,27
29,salads,9.9,midtown,3.6,1,12.61,car,17.0,clear,17,42,17.7,0,0,-0.9659258262890683,-0.25881904510252063,0.0,1.0,12.61,24
111,pizza,8.5,downtown,1.5,1,9.36,car,367.0,clear,12,31,12.516666666666667,2,0,1.2246467991473532e-16,-1.0,0.9749279121818236,-0.22252093395631434,9.36,18
85,pizza,11.8,uptown,2.6,4,43.12,scooter,384.0,rain,17,54,17.9,2,0,-0.9659258262890683,-0.25881904510252063,0.9749279121818236,-0.22252093395631434,10.78,23
111,pizza,8.5,downtown,3.6,4,40.08,car,147.0,clear,13,58,13.966666666666667,5,1,-0.2588190451025208,-0.9659258262890683,-0.9749279121818236,-0.2225209339563146,10.02,35
7,thai,17.1,midtown,2.7,5,75.97,bike,323.0,clear,18,32,18.533333333333335,5,1,-1.0,-1.8369701987210297e-16,-0.9749279121818236,-0.2225209339563146,15.193999999999999,39
79,salads,10.0,midtown,4.5,1,13.56,car,118.0,clear,13,53,13.883333333333333,4,0,-0.2588190451025208,-0.9659258262890683,-0.433883739117558,-0.9009688679024191,13.56,30
125,sushi,18.8,uptown,4.2,2,28.04,scooter,525.0,clear,16,31,16.516666666666666,0,0,-0.8660254037844384,-0.5000000000000004,0.0,1.0,14.02,33
57,sushi,15.1,midtown,3.3,5,39.03,scooter,103.0,rain,10,8,10.133333333333333,6,1,0.49999999999999994,-0.8660254037844387,-0.7818314824680299,0.6234898018587334,7.806,29
151,chinese,11.8,downtown,2.3,3,44.1,scooter,60.0,clear,19,42,19.7,6,1,-0.9659258262890684,0.2588190451025203,-0.7818314824680299,0.6234898018587334,14.700000000000001,27
117,pizza,16.2,suburbs_south,8.1,2,21.32,car,168.0,clear,13,52,13.866666666666667,6,1,-0.2588190451025208,-0.9659258262890683,-0.7818314824680299,0.6234898018587334,10.66,47
152,indian,18.0,suburbs_north,2.3,1,12.29,bike,137.0,clear,16,10,16.166666666666668,6,1,-0.8660254037844384,-0.5000000000000004,-0.7818314824680299,0.6234898018587334,12.29,34
27,thai,16.7,downtown,2.9,3,33.78,scooter,39.0,clear,17,55,17.916666666666668,6,1,-0.9659258262890683,-0.25881904510252063,-0.7818314824680299,0.6234898018587334,11.26,34
37,pizza,17.5,midtown,1.0,3,47.61,bike,74.0,clear,12,54,12.9,2,0,1.2246467991473532e-16,-1.0,0.9749279121818236,-0.22252093395631434,15.87,27
107,sushi,18.0,suburbs_south,8.3,1,11.49,scooter,147.0,clear,13,53,13.883333333333333,2,0,-0.2588190451025208,-0.9659258262890683,0.9749279121818236,-0.22252093395631434,11.49,45
2,thai,10.5,downtown,0.8,7,58.84,car,25.0,clear,18,45,18.75,1,0,-1.0,-1.8369701987210297e-16,0.7818314824680297,0.6234898018587336,8.405714285714286,18
155,indian,14.5,suburbs_south,6.6,1,10.27,scooter,463.0,clear,21,51,21.85,6,1,-0.7071067811865477,0.7071067811865474,-0.7818314824680299,0.6234898018587334,10.27,30
74,thai,18.7,downtown,3.7,4,38.41,scooter,12.0,clear,18,18,18.3,3,0,-1.0,-1.8369701987210297e-16,0.43388373911755823,-0.900968867902419,9.6025,42
69,salads,8.8,midtown,4.8,6,71.06,car,56.0,cloudy,11,26,11.433333333333334,6,1,0.258819045102521,-0.9659258262890682,-0.7818314824680299,0.6234898018587334,11.843333333333334,31
56,thai,13.0,downtown,3.2,3,23.02,bike,194.0,clear,20,31,20.516666666666666,3,0,-0.8660254037844386,0.5,0.43388373911755823,-0.900968867902419,7.673333333333333,33
110,thai,12.5,suburbs_north,5.2,2,28.34,car,556.0,clear,20,13,20.216666666666665,0,0,-0.8660254037844386,0.5,0.0,1.0,14.17,30
129,pizza,10.9,suburbs_north,11.3,5,36.95,scooter,217.0,clear,19,51,19.85,1,0,-0.9659258262890684,0.2588190451025203,0.7818314824680297,0.6234898018587336,7.390000000000001,61
24,pizza,15.8,uptown,3.7,6,46.76,scooter,702.0,heavy_rain,12,8,12.133333333333333,4,0,1.2246467991473532e-16,-1.0,-0.433883739117558,-0.9009688679024191,7.793333333333333,44
133,chinese,15.9,suburbs_north,2.9,2,23.97,scooter,90.0,clear,17,14,17.233333333333334,3,0,-0.9659258262890683,-0.25881904510252063,0.43388373911755823,-0.900968867902419,11.985,34
122,indian,20.0,midtown,4.6,3,44.68,bike,508.0,clear,19,20,19.333333333333332,5,1,-0.9659258262890684,0.2588190451025203,-0.9749279121818236,-0.2225209339563146,14.893333333333333,51
59,pizza,11.7,suburbs_south,5.8,4,33.35,scooter,186.0,clear,12,8,12.133333333333333,4,0,1.2246467991473532e-16,-1.0,-0.433883739117558,-0.9009688679024191,8.3375,31
79,salads,10.0,midtown,2.1,1,8.01,bike,243.0,cloudy,19,51,19.85,4,0,-0.9659258262890684,0.2588190451025203,-0.433883739117558,-0.9009688679024191,8.01,21
63,pizza,12.6,downtown,1.6,1,13.24,car,335.0,clear,22,42,22.7,5,1,-0.5000000000000004,0.8660254037844384,-0.9749279121818236,-0.2225209339563146,13.24,23
156,salads,12.7,downtown,1.6,3,24.05,scooter,3725.0,clear,11,16,11.266666666666667,3,0,0.258819045102521,-0.9659258262890682,0.43388373911755823,-0.900968867902419,8.016666666666667,15
34,mexican,12.2,midtown,2.7,4,51.33,scooter,164.0,cloudy,22,4,22.066666666666666,5,1,-0.5000000000000004,0.8660254037844384,-0.9749279121818236,-0.2225209339563146,12.8325,22
130,mexican,15.3,downtown,2.3,8,102.15,car,219.0,rain,21,19,21.316666666666666,6,1,-0.7071067811865477,0.7071067811865474,-0.7818314824680299,0.6234898018587334,12.76875,26
53,thai,11.5,midtown,2.4,1,10.49,bike,28.0,clear,18,21,18.35,0,0,-1.0,-1.8369701987210297e-16,0.0,1.0,10.49,25
14,burgers,6.4,downtown,2.4,3,29.0,scooter,213.0,clear,16,9,16.15,4,0,-0.8660254037844384,-0.5000000000000004,-0.433883739117558,-0.9009688679024191,9.666666666666666,16
78,mexican,9.1,downtown,2.9,2,31.48,bike,59.0,clear,21,40,21.666666666666668,2,0,-0.7071067811865477,0.7071067811865474,0.9749279121818236,-0.22252093395631434,15.74,24
82,salads,9.2,midtown,1.6,3,36.78,scooter,379.0,cloudy,11,57,11.95,1,0,0.258819045102521,-0.9659258262890682,0.7818314824680297,0.6234898018587336,12.26,24
43,chinese,12.4,uptown,4.1,2,19.67,bike,373.0,rain,12,29,12.483333333333333,0,0,1.2246467991473532e-16,-1.0,0.0,1.0,9.835,37
47,mexican,14.1,downtown,2.0,2,28.44,bike,111.0,cloudy,17,21,17.35,0,0,-0.9659258262890683,-0.25881904510252063,0.0,1.0,14.22,27
14,burgers,6.4,downtown,3.1,2,14.13,car,978.0,clear,19,26,19.433333333333334,6,1,-0.9659258262890684,0.2588190451025203,-0.7818314824680299,0.6234898018587334,7.065,28
48,mexican,8.8,midtown,3.4,5,38.02,scooter,47.0,clear,13,32,13.533333333333333,2,0,-0.2588190451025208,-0.9659258262890683,0.9749279121818236,-0.22252093395631434,7.604000000000001,21
80,chinese,16.1,downtown,1.7,1,8.0,scooter,213.0,clear,10,8,10.133333333333333,3,0,0.49999999999999994,-0.8660254037844387,0.43388373911755823,-0.900968867902419,8.0,21
120,pizza,12.2,downtown,1.1,1,15.53,scooter,147.0,clear,18,29,18.483333333333334,5,1,-1.0,-1.8369701987210297e-16,-0.9749279121818236,-0.2225209339563146,15.53,26
32,thai,16.7,uptown,4.5,3,27.36,car,142.0,clear,18,12,18.2,1,0,-1.0,-1.8369701987210297e-16,0.7818314824680297,0.6234898018587336,9.12,27
22,mexican,9.1,suburbs_south,3.2,2,28.87,car,65.0,clear,17,21,17.35,6,1,-0.9659258262890683,-0.25881904510252063,-0.7818314824680299,0.6234898018587334,14.435,23
127,indian,15.6,downtown,1.2,1,8.0,car,1089.0,clear,20,6,20.1,0,0,-0.8660254037844386,0.5,0.0,1.0,8.0,27
93,sushi,16.7,downtown,3.2,1,15.8,scooter,50.0,cloudy,20,29,20.483333333333334,3,0,-0.8660254037844386,0.5,0.43388373911755823,-0.900968867902419,15.8,33
146,thai,14.2,uptown,4.9,2,18.22,scooter,4.0,cloudy,22,57,22.95,5,1,-0.5000000000000004,0.8660254037844384,-0.9749279121818236,-0.2225209339563146,9.11,35
65,thai,16.7,uptown,3.4,6,55.51,car,1051.0,cloudy,19,35,19.583333333333332,5,1,-0.9659258262890684,0.2588190451025203,-0.9749279121818236,-0.2225209339563146,9.251666666666667,38
90,sushi,20.7,midtown,2.9,3,44.4,bike,195.0,clear,18,48,18.8,2,0,-1.0,-1.8369701987210297e-16,0.9749279121818236,-0.22252093395631434,14.799999999999999,37
64,mexican,11.6,suburbs_north,5.6,4,30.09,scooter,67.0,clear,19,53,19.883333333333333,6,1,-0.9659258262890684,0.2588190451025203,-0.7818314824680299,0.6234898018587334,7.5225,32
148,indian,16.9,suburbs_north,6.2,2,21.57,car,540.0,cloudy,13,54,13.9,2,0,-0.2588190451025208,-0.9659258262890683,0.9749279121818236,-0.22252093395631434,10.785,38
153,salads,5.0,suburbs_south,5.1,6,94.82,scooter,97.0,clear,23,59,23.983333333333334,0,0,-0.2588190451025215,0.9659258262890681,0.0,1.0,15.803333333333333,23
52,mexican,5.5,uptown,2.1,2,22.2,bike,8.0,clear,17,9,17.15,5,1,-0.9659258262890683,-0.25881904510252063,-0.9749279121818236,-0.2225209339563146,11.1,19
94,sushi,20.2,downtown,1.4,1,15.61,scooter,19.0,cloudy,11,47,11.783333333333333,4,0,0.258819045102521,-0.9659258262890682,-0.433883739117558,-0.9009688679024191,15.61,30
132,mexican,13.3,downtown,1.2,1,13.06,car,217.0,clear,22,1,22.016666666666666,3,0,-0.5000000000000004,0.8660254037844384,0.43388373911755823,-0.900968867902419,13.06,16
30,salads,5.0,suburbs_south,2.8,2,29.59,bike,48.0,rain,12,38,12.633333333333333,3,0,1.2246467991473532e-16,-1.0,0.43388373911755823,-0.900968867902419,14.795,24
153,salads,5.0,suburbs_south,4.8,4,48.83,scooter,279.0,clear,19,22,19.366666666666667,5,1,-0.9659258262890684,0.2588190451025203,-0.9749279121818236,-0.2225209339563146,12.2075,19
21,pizza,17.0,midtown,2.0,1,12.57,bike,14381.0,clear,12,4,12.066666666666666,3,0,1.2246467991473532e-16,-1.0,0.43388373911755823,-0.900968867902419,12.57,24
1,mexican,12.7,downtown,2.5,2,28.85,bike,181.0,cloudy,12,21,12.35,6,1,1.2246467991473532e-16,-1.0,-0.7818314824680299,0.6234898018587334,14.425,31
138,thai,16.2,uptown,4.7,2,27.01,bike,413.0,rain,12,42,12.7,6,1,1.2246467991473532e-16,-1.0,-0.7818314824680299,0.6234898018587334,13.505,48
138,thai,16.2,uptown,3.5,2,30.77,bike,147.0,clear,21,54,21.9,5,1,-0.7071067811865477,0.7071067811865474,-0.9749279121818236,-0.2225209339563146,15.385,35
118,thai,15.5,downtown,2.4,4,43.51,car,2429.0,clear,16,14,16.233333333333334,4,0,-0.8660254037844384,-0.5000000000000004,-0.433883739117558,-0.9009688679024191,10.8775,26
78,mexican,9.1,downtown,1.8,2,31.57,bike,432.0,clear,23,27,23.45,6,1,-0.2588190451025215,0.9659258262890681,-0.7818314824680299,0.6234898018587334,15.785,19
102,indian,17.4,uptown,2.5,2,31.23,car,221.0,rain,13,23,13.383333333333333,6,1,-0.2588190451025208,-0.9659258262890683,-0.7818314824680299,0.6234898018587334,15.615,24
120,pizza,12.2,downtown,0.9,2,31.21,bike,77.0,cloudy,20,16,20.266666666666666,6,1,-0.8660254037844386,0.5,-0.7818314824680299,0.6234898018587334,15.605,20
52,mexican,5.5,uptown,3.2,2,19.35,bike,105.0,cloudy,19,15,19.25,5,1,-0.9659258262890684,0.2588190451025203,-0.9749279121818236,-0.2225209339563146,9.675,27
93,sushi,16.7,downtown,3.6,1,10.6,scooter,177.0,clear,20,44,20.733333333333334,1,0,-0.8660254037844386,0.5,0.7818314824680297,0.6234898018587336,10.6,36
18,indian,20.8,suburbs_south,2.9,4,38.22,bike,215.0,clear,11,36,11.6,6,1,0.258819045102521,-0.9659258262890682,-0.7818314824680299,0.6234898018587334,9.555,45
153,salads,5.0,suburbs_south,5.5,1,10.58,bike,22.0,rain,21,21,21.35,0,0,-0.7071067811865477,0.7071067811865474,0.0,1.0,10.58,34
92,thai,7.0,uptown,1.9,2,21.11,scooter,136.0,cloudy,23,49,23.816666666666666,0,0,-0.2588190451025215,0.9659258262890681,0.0,1.0,10.555,22
4,pizza,14.0,suburbs_south,12.2,2,15.99,car,108.0,cloudy,11,49,11.816666666666666,1,0,0.258819045102521,-0.9659258262890682,0.7818314824680297,0.6234898018587336,7.995,57
68,thai,11.9,uptown,1.5,5,48.11,car,773.0,clear,13,9,13.15,0,0,-0.2588190451025208,-0.9659258262890683,0.0,1.0,9.622,26
78,mexican,9.1,downtown,2.1,1,8.0,bike,266.0,cloudy,10,55,10.916666666666666,1,0,0.49999999999999994,-0.8660254037844387,0.7818314824680297,0.6234898018587336,8.0,18
128,chinese,6.8,uptown,5.9,1,11.82,scooter,2806.0,clear,19,12,19.2,0,0,-0.9659258262890684,0.2588190451025203,0.0,1.0,11.82,28
43,chinese,12.4,uptown,5.2,3,26.61,bike,604.0,rain,18,11,18.183333333333334,0,0,-1.0,-1.8369701987210297e-16,0.0,1.0,8.87,43
147,chinese,17.7,midtown,2.3,1,13.55,bike,390.0,clear,22,41,22.683333333333334,3,0,-0.5000000000000004,0.8660254037844384,0.43388373911755823,-0.900968867902419,13.55,27
70,thai,14.2,suburbs_north,5.1,2,26.36,car,147.0,cloudy,17,0,17.0,1,0,-0.9659258262890683,-0.25881904510252063,0.7818314824680297,0.6234898018587336,13.18,28
61,thai,18.0,suburbs_north,7.8,5,77.6,scooter,621.0,clear,22,42,22.7,1,0,-0.5000000000000004,0.8660254037844384,0.7818314824680297,0.6234898018587336,15.52,43
51,indian,17.0,downtown,1.6,3,39.69,scooter,444.0,clear,18,56,18.933333333333334,2,0,-1.0,-1.8369701987210297e-16,0.9749279121818236,-0.22252093395631434,13.229999999999999,30
149,thai,15.5,downtown,2.3,5,57.84,car,1559.0,cloudy,22,24,22.4,6,1,-0.5000000000000004,0.8660254037844384,-0.7818314824680299,0.6234898018587334,11.568000000000001,29
40,pizza,18.4,midtown,1.1,3,39.59,scooter,99.0,clear,19,23,19.383333333333333,4,0,-0.9659258262890684,0.2588190451025203,-0.433883739117558,-0.9009688679024191,13.196666666666667,29
70,thai,14.2,suburbs_north,9.8,3,41.14,scooter,8.0,cloudy,12,32,12.533333333333333,6,1,1.2246467991473532e-16,-1.0,-0.7818314824680299,0.6234898018587334,13.713333333333333,53
3,pizza,20.9,suburbs_north,4.9,2,29.93,scooter,53.0,rain,23,51,23.85,4,0,-0.2588190451025215,0.9659258262890681,-0.433883739117558,-0.9009688679024191,14.965,40
16,salads,7.8,uptown,1.5,4,30.77,car,86.0,clear,13,27,13.45,4,0,-0.2588190451025208,-0.9659258262890683,-0.433883739117558,-0.9009688679024191,7.6925,17
13,indian,15.1,downtown,1.6,2,28.49,bike,147.0,clear,11,52,11.866666666666667,4,0,0.258819045102521,-0.9659258262890682,-0.433883739117558,-0.9009688679024191,14.245,25
108,mexican,10.1,suburbs_south,7.5,3,35.87,scooter,322.0,cloudy,11,4,11.066666666666666,6,1,0.258819045102521,-0.9659258262890682,-0.7818314824680299,0.6234898018587334,11.956666666666665,36
123,salads,7.7,uptown,3.8,3,38.31,scooter,615.0,clear,22,38,22.633333333333333,2,0,-0.5000000000000004,0.8660254037844384,0.9749279121818236,-0.22252093395631434,12.770000000000001,20
43,chinese,12.4,uptown,6.2,2,22.77,car,804.0,clear,11,32,11.533333333333333,6,1,0.258819045102521,-0.9659258262890682,-0.7818314824680299,0.6234898018587334,11.385,36
132,mexican,13.3,downtown,1.0,1,15.95,car,79.0,heavy_rain,17,30,17.5,1,0,-0.9659258262890683,-0.25881904510252063,0.7818314824680297,0.6234898018587336,15.95,15
115,thai,13.4,downtown,3.2,1,9.46,bike,279.0,clear,15,27,15.45,0,0,-0.7071067811865471,-0.7071067811865479,0.0,1.0,9.46,29
29,salads,9.9,midtown,1.2,1,15.6,bike,48.0,clear,18,22,18.366666666666667,2,0,-1.0,-1.8369701987210297e-16,0.9749279121818236,-0.22252093395631434,15.6,19
136,salads,9.3,downtown,1.4,5,73.55,scooter,45.0,cloudy,18,17,18.283333333333335,0,0,-1.0,-1.8369701987210297e-16,0.0,1.0,14.709999999999999,24
132,mexican,13.3,downtown,1.5,1,12.1,scooter,191.0,clear,11,56,11.933333333333334,3,0,0.258819045102521,-0.9659258262890682,0.43388373911755823,-0.900968867902419,12.1,20
107,sushi,18.0,suburbs_south,5.8,5,53.64,car,86.0,clear,10,15,10.25,6,1,0.49999999999999994,-0.8660254037844387,-0.7818314824680299,0.6234898018587334,10.728,39
83,salads,8.7,midtown,4.5,1,13.51,bike,864.0,rain,19,4,19.066666666666666,2,0,-0.9659258262890684,0.2588190451025203,0.9749279121818236,-0.22252093395631434,13.51,37
92,thai,7.0,uptown,3.0,2,28.91,scooter,1663.0,clear,20,38,20.633333333333333,5,1,-0.8660254037844386,0.5,-0.9749279121818236,-0.2225209339563146,14.455,24
33,sushi,21.1,midtown,3.7,3,31.41,scooter,1157.0,cloudy,19,44,19.733333333333334,4,0,-0.9659258262890684,0.2588190451025203,-0.433883739117558,-0.9009688679024191,10.47,42
93,sushi,16.7,downtown,3.3,1,10.73,scooter,81.0,rain,11,31,11.516666666666667,6,1,0.258819045102521,-0.9659258262890682,-0.7818314824680299,0.6234898018587334,10.73,31
88,burgers,8.9,suburbs_south,4.3,1,14.16,bike,563.0,clear,19,39,19.65,4,0,-0.9659258262890684,0.2588190451025203,-0.433883739117558,-0.9009688679024191,14.16,29
15,indian,18.1,midtown,3.4,3,29.92,bike,62.0,cloudy,15,2,15.033333333333333,4,0,-0.7071067811865471,-0.7071067811865479,-0.433883739117558,-0.9009688679024191,9.973333333333334,35
146,thai,14.2,uptown,4.9,2,31.06,scooter,55.0,clear,14,20,14.333333333333334,5,1,-0.4999999999999998,-0.8660254037844388,-0.9749279121818236,-0.2225209339563146,15.53,35
14,burgers,6.4,downtown,1.0,5,71.35,scooter,99.0,clear,10,29,10.483333333333333,6,1,0.49999999999999994,-0.8660254037844387,-0.7818314824680299,0.6234898018587334,14.27,15
11,indian,20.4,uptown,4.2,4,30.99,scooter,64.0,clear,20,48,20.8,1,0,-0.8660254037844386,0.5,0.7818314824680297,0.6234898018587336,7.7475,48
135,sushi,20.5,downtown,2.6,3,38.42,scooter,32.0,clear,13,14,13.233333333333333,5,1,-0.2588190451025208,-0.9659258262890683,-0.9749279121818236,-0.2225209339563146,12.806666666666667,43
30,salads,5.0,suburbs_south,5.0,3,28.88,bike,92.0,clear,20,38,20.633333333333333,6,1,-0.8660254037844386,0.5,-0.7818314824680299,0.6234898018587334,9.626666666666667,32
105,pizza,12.9,midtown,2.0,4,28.47,scooter,3487.0,clear,11,2,11.033333333333333,3,0,0.258819045102521,-0.9659258262890682,0.43388373911755823,-0.900968867902419,7.1175,19
117,pizza,16.2,suburbs_south,8.9,3,47.91,scooter,93.0,clear,17,34,17.566666666666666,6,1,-0.9659258262890683,-0.25881904510252063,-0.7818314824680299,0.6234898018587334,15.969999999999999,42
130,mexican,15.3,downtown,2.2,4,36.34,scooter,136.0,clear,11,50,11.833333333333334,3,0,0.258819045102521,-0.9659258262890682,0.43388373911755823,-0.900968867902419,9.085,33
41,thai,19.0,downtown,2.4,6,64.8,car,494.0,clear,12,14,12.233333333333333,0,0,1.2246467991473532e-16,-1.0,0.0,1.0,10.799999999999999,40
61,thai,18.0,suburbs_north,7.5,1,12.16,car,262.0,clear,20,43,20.716666666666665,6,1,-0.8660254037844386,0.5,-0.7818314824680299,0.6234898018587334,12.16,45
112,sushi,18.2,downtown,1.3,2,21.55,car,588.0,rain,21,4,21.066666666666666,5,1,-0.7071067811865477,0.7071067811865474,-0.9749279121818236,-0.2225209339563146,10.775,30
153,salads,5.0,suburbs_south,6.2,4,59.08,car,1245.0,clear,14,41,14.683333333333334,4,0,-0.4999999999999998,-0.8660254037844388,-0.433883739117558,-0.9009688679024191,14.77,26
4,pizza,14.0,suburbs_south,7.5,2,21.88,car,807.0,clear,18,57,18.95,0,0,-1.0,-1.8369701987210297e-16,0.0,1.0,10.94,40
104,thai,11.5,suburbs_south,10.3,3,30.06,car,55.0,cloudy,20,46,20.766666666666666,4,0,-0.8660254037844386,0.5,-0.433883739117558,-0.9009688679024191,10.02,51
73,pizza,10.6,midtown,3.4,4,29.22,car,34.0,clear,12,52,12.866666666666667,1,0,1.2246467991473532e-16,-1.0,0.7818314824680297,0.6234898018587336,7.305,25
136,salads,9.3,downtown,2.4,3,38.61,car,80.0,heavy_rain,12,1,12.016666666666667,2,0,1.2246467991473532e-16,-1.0,0.9749279121818236,-0.22252093395631434,12.87,33
133,chinese,15.9,suburbs_north,7.5,3,31.54,car,134.0,clear,13,25,13.416666666666666,0,0,-0.2588190451025208,-0.9659258262890683,0.0,1.0,10.513333333333334,39
92,thai,7.0,uptown,2.8,5,42.05,car,70.0,clear,11,45,11.75,5,1,0.258819045102521,-0.9659258262890682,-0.9749279121818236,-0.2225209339563146,8.41,24
81,sushi,17.4,downtown,2.1,2,20.98,bike,944.0,rain,18,46,18.766666666666666,6,1,-1.0,-1.8369701987210297e-16,-0.7818314824680299,0.6234898018587334,10.49,34
148,indian,16.9,suburbs_north,4.8,3,28.4,bike,26.0,rain,12,20,12.333333333333334,2,0,1.2246467991473532e-16,-1.0,0.9749279121818236,-0.22252093395631434,9.466666666666667,56
58,indian,21.6,uptown,4.3,2,19.83,bike,84.0,clear,11,59,11.983333333333333,5,1,0.258819045102521,-0.9659258262890682,-0.9749279121818236,-0.2225209339563146,9.915,54
130,mexican,15.3,downtown,1.4,6,81.17,bike,43.0,cloudy,12,2,12.033333333333333,3,0,1.2246467991473532e-16,-1.0,0.43388373911755823,-0.900968867902419,13.528333333333334,34
113,mexican,13.2,midtown,1.6,2,20.53,scooter,635.0,clear,19,44,19.733333333333334,0,0,-0.9659258262890684,0.2588190451025203,0.0,1.0,10.265,21
116,sushi,16.4,downtown,3.2,4,47.98,bike,181.0,clear,17,0,17.0,3,0,-0.9659258262890683,-0.25881904510252063,0.43388373911755823,-0.900968867902419,11.995,26
131,indian,22.1,downtown,1.0,1,8.0,car,247.0,clear,20,29,20.483333333333334,4,0,-0.8660254037844386,0.5,-0.433883739117558,-0.9009688679024191,8.0,31
74,thai,18.7,downtown,1.7,3,25.08,scooter,107.0,cloudy,18,32,18.533333333333335,2,0,-1.0,-1.8369701987210297e-16,0.9749279121818236,-0.22252093395631434,8.36,33
118,thai,15.5,downtown,1.1,2,25.61,car,572.0,cloudy,18,25,18.416666666666668,4,0,-1.0,-1.8369701987210297e-16,-0.433883739117558,-0.9009688679024191,12.805,22
91,salads,10.1,suburbs_south,8.9,4,31.49,car,14.0,clear,19,3,19.05,2,0,-0.9659258262890684,0.2588190451025203,0.9749279121818236,-0.22252093395631434,7.8725,37
156,salads,12.7,downtown,1.6,3,26.56,car,173.0,clear,21,11,21.183333333333334,6,1,-0.7071067811865477,0.7071067811865474,-0.7818314824680299,0.6234898018587334,8.853333333333333,20
37,pizza,17.5,midtown,3.5,5,59.85,scooter,573.0,heavy_rain,18,0,18.0,3,0,-1.0,-1.8369701987210297e-16,0.43388373911755823,-0.900968867902419,11.97,38
32,thai,16.7,uptown,2.7,1,12.23,bike,137.0,clear,20,34,20.566666666666666,2,0,-0.8660254037844386,0.5,0.9749279121818236,-0.22252093395631434,12.23,38
114,chinese,12.4,suburbs_south,4.1,1,13.54,bike,458.0,clear,16,47,16.783333333333335,5,1,-0.8660254037844384,-0.5000000000000004,-0.9749279121818236,-0.2225209339563146,13.54,38
6,sushi,16.8,midtown,1.6,1,11.85,car,574.0,rain,19,3,19.05,5,1,-0.9659258262890684,0.2588190451025203,-0.9749279121818236,-0.2225209339563146,11.85,25
51,indian,17.0,downtown,1.1,4,31.59,scooter,163.0,rain,17,56,17.933333333333334,5,1,-0.9659258262890683,-0.25881904510252063,-0.9749279121818236,-0.2225209339563146,7.8975,30
159,pizza,15.0,uptown,2.0,5,56.06,bike,148.0,cloudy,12,46,12.766666666666667,0,0,1.2246467991473532e-16,-1.0,0.0,1.0,11.212,27
65,thai,16.7,uptown,4.3,4,42.84,scooter,129.0,clear,16,33,16.55,1,0,-0.8660254037844384,-0.5000000000000004,0.7818314824680297,0.6234898018587336,10.71,39
40,pizza,18.4,midtown,3.0,5,67.69,scooter,1562.0,clear,21,37,21.616666666666667,0,0,-0.7071067811865477,0.7071067811865474,0.0,1.0,13.538,37
10,pizza,12.9,suburbs_north,10.5,3,39.7,car,248.0,heavy_rain,22,38,22.633333333333333,4,0,-0.5000000000000004,0.8660254037844384,-0.433883739117558,-0.9009688679024191,13.233333333333334,53
103,thai,16.4,midtown,2.2,2,27.67,bike,162.0,clear,18,35,18.583333333333332,5,1,-1.0,-1.8369701987210297e-16,-0.9749279121818236,-0.2225209339563146,13.835,29
107,sushi,18.0,suburbs_south,3.4,2,19.99,bike,18.0,rain,18,31,18.516666666666666,1,0,-1.0,-1.8369701987210297e-16,0.7818314824680297,0.6234898018587336,9.995,46
65,thai,16.7,uptown,5.6,3,46.63,scooter,48.0,cloudy,11,5,11.083333333333334,0,0,0.258819045102521,-0.9659258262890682,0.0,1.0,15.543333333333335,38
6,sushi,16.8,midtown,2.8,2,21.18,bike,147.0,clear,14,42,14.7,1,0,-0.4999999999999998,-0.8660254037844388,0.7818314824680297,0.6234898018587336,10.59,31
66,sushi,18.7,midtown,1.3,1,11.95,scooter,322.0,rain,20,23,20.383333333333333,5,1,-0.8660254037844386,0.5,-0.9749279121818236,-0.2225209339563146,11.95,29
157,burgers,16.3,suburbs_south,8.9,2,14.3,scooter,188.0,clear,18,52,18.866666666666667,0,0,-1.0,-1.8369701987210297e-16,0.0,1.0,7.15,48
125,sushi,18.8,uptown,3.3,3,40.87,car,84.0,clear,11,49,11.816666666666666,1,0,0.258819045102521,-0.9659258262890682,0.7818314824680297,0.6234898018587336,13.623333333333333,35
29,salads,9.9,midtown,3.1,2,21.02,bike,368.0,cloudy,11,37,11.616666666666667,6,1,0.258819045102521,-0.9659258262890682,-0.7818314824680299,0.6234898018587334,10.51,32
125,sushi,18.8,uptown,5.4,2,19.81,bike,394.0,clear,18,27,18.45,5,1,-1.0,-1.8369701987210297e-16,-0.9749279121818236,-0.2225209339563146,9.905,46
135,sushi,20.5,downtown,1.2,4,57.65,bike,455.0,clear,11,10,11.166666666666666,3,0,0.258819045102521,-0.9659258262890682,0.43388373911755823,-0.900968867902419,14.4125,35
81,sushi,17.4,downtown,3.4,3,47.84,bike,61.0,clear,19,33,19.55,6,1,-0.9659258262890684,0.2588190451025203,-0.7818314824680299,0.6234898018587334,15.946666666666667,43
135,sushi,20.5,downtown,2.2,1,9.18,car,291.0,heavy_rain,11,58,11.966666666666667,6,1,0.258819045102521,-0.9659258262890682,-0.7818314824680299,0.6234898018587334,9.18,38
35,mexican,11.9,midtown,2.0,1,11.08,scooter,21.0,cloudy,17,44,17.733333333333334,2,0,-0.9659258262890683,-0.25881904510252063,0.9749279121818236,-0.22252093395631434,11.08,19
88,burgers,8.9,suburbs_south,9.0,3,44.32,scooter,39.0,clear,18,5,18.083333333333332,2,0,-1.0,-1.8369701987210297e-16,0.9749279121818236,-0.22252093395631434,14.773333333333333,46
50,salads,8.2,midtown,3.2,3,28.96,scooter,59.0,clear,12,42,12.7,2,0,1.2246467991473532e-16,-1.0,0.9749279121818236,-0.22252093395631434,9.653333333333334,19
117,pizza,16.2,suburbs_south,6.4,1,11.17,car,289.0,rain,15,29,15.483333333333333,3,0,-0.7071067811865471,-0.7071067811865479,0.43388373911755823,-0.900968867902419,11.17,36
135,sushi,20.5,downtown,2.0,2,27.03,scooter,38.0,clear,19,45,19.75,1,0,-0.9659258262890684,0.2588190451025203,0.7818314824680297,0.6234898018587336,13.515,27
117,pizza,16.2,suburbs_south,3.6,8,110.53,car,126.0,clear,18,8,18.133333333333333,1,0,-1.0,-1.8369701987210297e-16,0.7818314824680297,0.6234898018587336,13.81625,39
16,salads,7.8,uptown,4.6,2,29.3,scooter,899.0,heavy_rain,13,0,13.0,1,0,-0.2588190451025208,-0.9659258262890683,0.7818314824680297,0.6234898018587336,14.65,28
4,pizza,14.0,suburbs_south,4.6,1,9.41,car,510.0,rain,23,40,23.666666666666668,0,0,-0.2588190451025215,0.9659258262890681,0.0,1.0,9.41,37
129,pizza,10.9,suburbs_north,2.1,2,27.61,scooter,506.0,cloudy,18,37,18.616666666666667,3,0,-1.0,-1.8369701987210297e-16,0.43388373911755823,-0.900968867902419,13.805,19
160,salads,5.0,uptown,1.7,6,59.78,scooter,251.0,clear,12,9,12.15,4,0,1.2246467991473532e-16,-1.0,-0.433883739117558,-0.9009688679024191,9.963333333333333,15
94,sushi,20.2,downtown,2.0,2,23.3,scooter,238.0,cloudy,14,25,14.416666666666666,2,0,-0.4999999999999998,-0.8660254037844388,0.9749279121818236,-0.22252093395631434,11.65,22
47,mexican,14.1,downtown,2.4,1,15.87,scooter,87.0,clear,10,50,10.833333333333334,0,0,0.49999999999999994,-0.8660254037844387,0.0,1.0,15.87,20
46,indian,19.4,downtown,0.7,1,8.0,scooter,23.0,clear,12,7,12.116666666666667,4,0,1.2246467991473532e-16,-1.0,-0.433883739117558,-0.9009688679024191,8.0,26
118,thai,15.5,downtown,1.4,1,8.0,scooter,153.0,clear,11,9,11.15,1,0,0.258819045102521,-0.9659258262890682,0.7818314824680297,0.6234898018587336,8.0,26
157,burgers,16.3,suburbs_south,3.4,1,11.66,car,78.0,clear,13,25,13.416666666666666,2,0,-0.2588190451025208,-0.9659258262890683,0.9749279121818236,-0.22252093395631434,11.66,31
30,salads,5.0,suburbs_south,9.6,1,12.43,car,44.0,clear,19,1,19.016666666666666,5,1,-0.9659258262890684,0.2588190451025203,-0.9749279121818236,-0.2225209339563146,12.43,31
122,indian,20.0,midtown,3.3,1,13.59,bike,490.0,heavy_rain,12,20,12.333333333333334,1,0,1.2246467991473532e-16,-1.0,0.7818314824680297,0.6234898018587336,13.59,41
60,chinese,10.4,suburbs_north,2.8,1,11.2,bike,203.0,rain,20,32,20.533333333333335,5,1,-0.8660254037844386,0.5,-0.9749279121818236,-0.2225209339563146,11.2,32
70,thai,14.2,suburbs_north,9.7,1,14.8,car,164.0,clear,11,16,11.266666666666667,2,0,0.258819045102521,-0.9659258262890682,0.9749279121818236,-0.22252093395631434,14.8,44
159,pizza,15.0,uptown,3.3,3,21.56,bike,451.0,clear,14,58,14.966666666666667,6,1,-0.4999999999999998,-0.8660254037844388,-0.7818314824680299,0.6234898018587334,7.1866666666666665,36
132,mexican,13.3,downtown,2.2,3,39.34,bike,181.0,clear,22,21,22.35,2,0,-0.5000000000000004,0.8660254037844384,0.9749279121818236,-0.22252093395631434,13.113333333333335,28
136,salads,9.3,downtown,1.1,1,13.18,scooter,688.0,clear,20,53,20.883333333333333,6,1,-0.8660254037844386,0.5,-0.7818314824680299,0.6234898018587334,13.18,18
67,chinese,17.8,uptown,2.3,4,32.26,car,1678.0,clear,21,25,21.416666666666668,1,0,-0.7071067811865477,0.7071067811865474,0.7818314824680297,0.6234898018587336,8.065,26
156,salads,12.7,downtown,1.0,4,46.77,car,216.0,cloudy,20,18,20.3,3,0,-0.8660254037844386,0.5,0.43388373911755823,-0.900968867902419,11.6925,23
27,thai,16.7,downtown,1.1,2,31.18,bike,171.0,rain,18,39,18.65,5,1,-1.0,-1.8369701987210297e-16,-0.9749279121818236,-0.2225209339563146,15.59,30
27,thai,16.7,downtown,1.5,5,61.92,car,203.0,clear,20,37,20.616666666666667,2,0,-0.8660254037844386,0.5,0.9749279121818236,-0.22252093395631434,12.384,30
89,sushi,22.3,suburbs_north,8.2,4,45.94,scooter,272.0,cloudy,22,6,22.1,3,0,-0.5000000000000004,0.8660254037844384,0.43388373911755823,-0.900968867902419,11.485,51
25,mexican,14.5,midtown,3.2,3,23.9,bike,138.0,clear,17,17,17.283333333333335,1,0,-0.9659258262890683,-0.25881904510252063,0.7818314824680297,0.6234898018587336,7.966666666666666,30
26,pizza,14.9,midtown,3.6,1,10.26,bike,70.0,cloudy,19,11,19.183333333333334,6,1,-0.9659258262890684,0.2588190451025203,-0.7818314824680299,0.6234898018587334,10.26,37
17,thai,9.8,uptown,5.6,3,34.67,scooter,2327.0,clear,20,39,20.65,2,0,-0.8660254037844386,0.5,0.9749279121818236,-0.22252093395631434,11.556666666666667,30
79,salads,10.0,midtown,4.6,1,10.65,bike,12.0,cloudy,18,40,18.666666666666668,3,0,-1.0,-1.8369701987210297e-16,0.43388373911755823,-0.900968867902419,10.65,32
67,chinese,17.8,uptown,2.7,1,10.15,scooter,78.0,clear,19,2,19.033333333333335,2,0,-0.9659258262890684,0.2588190451025203,0.9749279121818236,-0.22252093395631434,10.15,36
53,thai,11.5,midtown,3.7,2,21.53,scooter,459.0,rain,21,0,21.0,2,0,-0.7071067811865477,0.7071067811865474,0.9749279121818236,-0.22252093395631434,10.765,27
66,sushi,18.7,midtown,3.7,2,26.32,bike,659.0,heavy_rain,19,28,19.466666666666665,6,1,-0.9659258262890684,0.2588190451025203,-0.7818314824680299,0.6234898018587334,13.16,49
158,indian,12.1,midtown,2.7,2,26.52,bike,118.0,clear,17,25,17.416666666666668,4,0,-0.9659258262890683,-0.25881904510252063,-0.433883739117558,-0.9009688679024191,13.26,28
58,indian,21.6,uptown,1.8,2,23.27,scooter,51.0,clear,11,23,11.383333333333333,3,0,0.258819045102521,-0.9659258262890682,0.43388373911755823,-0.900968867902419,11.635,38
18,indian,20.8,suburbs_south,6.2,2,28.87,car,237.0,clear,20,5,20.083333333333332,5,1,-0.8660254037844386,0.5,-0.9749279121818236,-0.2225209339563146,14.435,43
37,pizza,17.5,midtown,3.9,2,22.65,bike,57.0,cloudy,19,37,19.616666666666667,5,1,-0.9659258262890684,0.2588190451025203,-0.9749279121818236,-0.2225209339563146,11.325,43
129,pizza,10.9,suburbs_north,2.7,2,30.89,bike,118.0,clear,12,35,12.583333333333334,1,0,1.2246467991473532e-16,-1.0,0.7818314824680297,0.6234898018587336,15.445,30
140,chinese,17.8,downtown,2.5,3,35.19,bike,46.0,clear,12,34,12.566666666666666,3,0,1.2246467991473532e-16,-1.0,0.43388373911755823,-0.900968867902419,11.729999999999999,34
83,salads,8.7,midtown,3.4,2,30.58,scooter,16.0,heavy_rain,21,55,21.916666666666668,0,0,-0.7071067811865477,0.7071067811865474,0.0,1.0,15.29,30
59,pizza,11.7,suburbs_south,4.6,2,16.16,bike,182.0,clear,19,30,19.5,1,0,-0.9659258262890684,0.2588190451025203,0.7818314824680297,0.6234898018587336,8.08,39
73,pizza,10.6,midtown,2.4,3,31.75,bike,625.0,clear,19,32,19.533333333333335,6,1,-0.9659258262890684,0.2588190451025203,-0.7818314824680299,0.6234898018587334,10.583333333333334,26
78,mexican,9.1,downtown,1.9,4,40.41,car,147.0,cloudy,19,1,19.016666666666666,4,0,-0.9659258262890684,0.2588190451025203,-0.433883739117558,-0.9009688679024191,10.1025,23
102,indian,17.4,uptown,2.2,3,43.75,bike,101.0,rain,21,21,21.35,5,1,-0.7071067811865477,0.7071067811865474,-0.9749279121818236,-0.2225209339563146,14.583333333333334,36
109,burgers,10.0,downtown,2.0,2,15.93,scooter,49.0,rain,12,24,12.4,4,0,1.2246467991473532e-16,-1.0,-0.433883739117558,-0.9009688679024191,7.965,28
34,mexican,12.2,midtown,3.0,1,8.0,car,1949.0,cloudy,18,29,18.483333333333334,3,0,-1.0,-1.8369701987210297e-16,0.43388373911755823,-0.900968867902419,8.0,23
129,pizza,10.9,suburbs_north,5.2,5,40.89,scooter,397.0,clear,18,44,18.733333333333334,1,0,-1.0,-1.8369701987210297e-16,0.7818314824680297,0.6234898018587336,8.178,31
47,mexican,14.1,downtown,3.0,2,14.69,scooter,22.0,cloudy,18,35,18.583333333333332,0,0,-1.0,-1.8369701987210297e-16,0.0,1.0,7.345,32
132,mexican,13.3,downtown,1.3,6,80.76,bike,128.0,cloudy,23,18,23.3,3,0,-0.2588190451025215,0.9659258262890681,0.43388373911755823,-0.900968867902419,13.46,23
110,thai,12.5,suburbs_north,3.4,5,60.34,bike,424.0,clear,19,33,19.55,4,0,-0.9659258262890684,0.2588190451025203,-0.433883739117558,-0.9009688679024191,12.068000000000001,40
22,mexican,9.1,suburbs_south,4.4,3,37.55,scooter,28.0,clear,16,8,16.133333333333333,6,1,-0.8660254037844384,-0.5000000000000004,-0.7818314824680299,0.6234898018587334,12.516666666666666,31
65,thai,16.7,uptown,3.7,2,19.71,scooter,32.0,rain,14,50,14.833333333333334,3,0,-0.4999999999999998,-0.8660254037844388,0.43388373911755823,-0.900968867902419,9.855,33
92,thai,7.0,uptown,4.3,3,33.05,scooter,98.0,heavy_rain,18,50,18.833333333333332,3,0,-1.0,-1.8369701987210297e-16,0.43388373911755823,-0.900968867902419,11.016666666666666,28
16,salads,7.8,uptown,1.4,1,9.43,car,5.0,cloudy,21,8,21.133333333333333,5,1,-0.7071067811865477,0.7071067811865474,-0.9749279121818236,-0.2225209339563146,9.43,12
109,burgers,10.0,downtown,1.8,3,25.75,scooter,147.0,clear,20,51,20.85,5,1,-0.8660254037844386,0.5,-0.9749279121818236,-0.2225209339563146,8.583333333333334,22
151,chinese,11.8,downtown,3.0,2,32.0,scooter,512.0,clear,23,32,23.533333333333335,4,0,-0.2588190451025215,0.9659258262890681,-0.433883739117558,-0.9009688679024191,16.0,24
130,mexican,15.3,downtown,2.6,1,10.14,bike,75.0,clear,18,44,18.733333333333334,6,1,-1.0,-1.8369701987210297e-16,-0.7818314824680299,0.6234898018587334,10.14,36
120,pizza,12.2,downtown,2.9,2,26.32,car,33.0,clear,21,20,21.333333333333332,3,0,-0.7071067811865477,0.7071067811865474,0.43388373911755823,-0.900968867902419,13.16,28
13,indian,15.1,downtown,0.9,3,39.4,bike,285.0,clear,13,48,13.8,2,0,-0.2588190451025208,-0.9659258262890683,0.9749279121818236,-0.22252093395631434,13.133333333333333,31
83,salads,8.7,midtown,3.3,2,31.69,scooter,103.0,clear,11,24,11.4,2,0,0.258819045102521,-0.9659258262890682,0.9749279121818236,-0.22252093395631434,15.845,25
69,salads,8.8,midtown,3.9,2,15.5,scooter,276.0,clear,13,50,13.833333333333334,5,1,-0.2588190451025208,-0.9659258262890683,-0.9749279121818236,-0.2225209339563146,7.75,21
17,thai,9.8,uptown,2.4,3,46.4,bike,380.0,rain,13,11,13.183333333333334,0,0,-0.2588190451025208,-0.9659258262890683,0.0,1.0,15.466666666666667,26
84,chinese,11.5,suburbs_south,3.8,2,29.72,car,401.0,clear,19,42,19.7,5,1,-0.9659258262890684,0.2588190451025203,-0.9749279121818236,-0.2225209339563146,14.86,29
6,sushi,16.8,midtown,3.0,2,19.63,scooter,99.0,clear,19,7,19.116666666666667,5,1,-0.9659258262890684,0.2588190451025203,-0.9749279121818236,-0.2225209339563146,9.815,35
4,pizza,14.0,suburbs_south,8.5,2,18.9,car,18.0,clear,20,48,20.8,5,1,-0.8660254037844386,0.5,-0.9749279121818236,-0.2225209339563146,9.45,48
79,salads,10.0,midtown,2.7,2,17.23,car,1660.0,clear,22,19,22.316666666666666,2,0,-0.5000000000000004,0.8660254037844384,0.9749279121818236,-0.22252093395631434,8.615,22
159,pizza,15.0,uptown,2.0,2,22.7,car,86.0,clear,13,42,13.7,4,0,-0.2588190451025208,-0.9659258262890683,-0.433883739117558,-0.9009688679024191,11.35,20
97,chinese,16.1,uptown,4.8,3,42.89,scooter,427.0,cloudy,22,58,22.966666666666665,2,0,-0.5000000000000004,0.8660254037844384,0.9749279121818236,-0.22252093395631434,14.296666666666667,30
90,sushi,20.7,midtown,2.7,2,19.82,car,1658.0,cloudy,18,13,18.216666666666665,3,0,-1.0,-1.8369701987210297e-16,0.43388373911755823,-0.900968867902419,9.91,36
143,chinese,12.4,uptown,3.9,7,98.41,scooter,76.0,clear,13,18,13.3,6,1,-0.2588190451025208,-0.9659258262890683,-0.7818314824680299,0.6234898018587334,14.058571428571428,35
82,salads,9.2,midtown,2.2,1,8.0,bike,229.0,clear,11,5,11.083333333333334,4,0,0.258819045102521,-0.9659258262890682,-0.433883739117558,-0.9009688679024191,8.0,18
3,pizza,20.9,suburbs_north,5.3,1,9.72,car,175.0,clear,19,8,19.133333333333333,3,0,-0.9659258262890684,0.2588190451025203,0.43388373911755823,-0.900968867902419,9.72,33
19,chinese,10.6,downtown,0.9,8,87.59,scooter,274.0,clear,16,53,16.883333333333333,6,1,-0.8660254037844384,-0.5000000000000004,-0.7818314824680299,0.6234898018587334,10.94875,22
129,pizza,10.9,suburbs_north,5.2,2,22.6,car,54.0,heavy_rain,14,12,14.2,6,1,-0.4999999999999998,-0.8660254037844388,-0.7818314824680299,0.6234898018587334,11.3,35
88,burgers,8.9,suburbs_south,4.4,4,43.94,car,437.0,clear,19,30,19.5,1,0,-0.9659258262890684,0.2588190451025203,0.7818314824680297,0.6234898018587336,10.985,22
145,pizza,12.3,suburbs_south,10.4,2,15.35,car,542.0,clear,16,42,16.7,3,0,-0.8660254037844384,-0.5000000000000004,0.43388373911755823,-0.900968867902419,7.675,39
99,thai,13.4,midtown,1.8,1,10.33,scooter,29.0,rain,15,27,15.45,4,0,-0.7071067811865471,-0.7071067811865479,-0.433883739117558,-0.9009688679024191,10.33,28
105,pizza,12.9,midtown,3.3,2,26.93,bike,496.0,rain,20,37,20.616666666666667,4,0,-0.8660254037844386,0.5,-0.433883739117558,-0.9009688679024191,13.465,35
69,salads,8.8,midtown,2.7,8,127.64,scooter,187.0,rain,16,22,16.366666666666667,3,0,-0.8660254037844384,-0.5000000000000004,0.43388373911755823,-0.900968867902419,15.955,26
91,salads,10.1,suburbs_south,8.2,4,50.0,scooter,121.0,clear,12,18,12.3,2,0,1.2246467991473532e-16,-1.0,0.9749279121818236,-0.22252093395631434,12.5,43
141,thai,14.1,suburbs_north,5.9,1,9.47,scooter,128.0,rain,18,15,18.25,6,1,-1.0,-1.8369701987210297e-16,-0.7818314824680299,0.6234898018587334,9.47,41
95,pizza,11.9,suburbs_south,11.6,2,28.58,car,496.0,clear,20,29,20.483333333333334,4,0,-0.8660254037844386,0.5,-0.433883739117558,-0.9009688679024191,14.29,49
91,salads,10.1,suburbs_south,2.1,2,19.29,car,209.0,clear,18,56,18.933333333333334,0,0,-1.0,-1.8369701987210297e-16,0.0,1.0,9.645,19
158,indian,12.1,midtown,3.9,1,10.19,scooter,43.0,clear,18,1,18.016666666666666,5,1,-1.0,-1.8369701987210297e-16,-0.9749279121818236,-0.2225209339563146,10.19,33
36,burgers,11.8,downtown,2.4,2,22.35,bike,1942.0,clear,10,14,10.233333333333333,1,0,0.49999999999999994,-0.8660254037844387,0.7818314824680297,0.6234898018587336,11.175,20
143,chinese,12.4,uptown,4.4,5,52.1,scooter,504.0,clear,13,37,13.616666666666667,3,0,-0.2588190451025208,-0.9659258262890683,0.43388373911755823,-0.900968867902419,10.42,30
159,pizza,15.0,uptown,3.1,2,24.49,car,188.0,cloudy,15,6,15.1,1,0,-0.7071067811865471,-0.7071067811865479,0.7818314824680297,0.6234898018587336,12.245,21
153,salads,5.0,suburbs_south,4.9,2,14.15,bike,6.0,clear,13,52,13.866666666666667,0,0,-0.2588190451025208,-0.9659258262890683,0.0,1.0,7.075,29
41,thai,19.0,downtown,1.5,1,14.93,car,35.0,rain,18,52,18.866666666666667,4,0,-1.0,-1.8369701987210297e-16,-0.433883739117558,-0.9009688679024191,14.93,32
120,pizza,12.2,downtown,1.2,2,15.23,bike,12.0,cloudy,17,8,17.133333333333333,1,0,-0.9659258262890683,-0.25881904510252063,0.7818314824680297,0.6234898018587336,7.615,19
55,salads,5.0,midtown,3.6,1,8.0,bike,2.0,clear,13,58,13.966666666666667,3,0,-0.2588190451025208,-0.9659258262890683,0.43388373911755823,-0.900968867902419,8.0,28
29,salads,9.9,midtown,1.8,2,29.69,scooter,41.0,clear,17,0,17.0,2,0,-0.9659258262890683,-0.25881904510252063,0.9749279121818236,-0.22252093395631434,14.845,21
26,pizza,14.9,midtown,1.3,5,47.46,scooter,202.0,clear,21,31,21.516666666666666,4,0,-0.7071067811865477,0.7071067811865474,-0.433883739117558,-0.9009688679024191,9.492,21
5,mexican,12.4,uptown,3.1,5,56.77,car,301.0,cloudy,19,41,19.683333333333334,0,0,-0.9659258262890684,0.2588190451025203,0.0,1.0,11.354000000000001,29
123,salads,7.7,uptown,2.8,3,40.02,scooter,586.0,cloudy,22,18,22.3,2,0,-0.5000000000000004,0.8660254037844384,0.9749279121818236,-0.22252093395631434,13.340000000000002,22
70,thai,14.2,suburbs_north,8.1,3,43.5,scooter,581.0,clear,11,5,11.083333333333334,1,0,0.258819045102521,-0.9659258262890682,0.7818314824680297,0.6234898018587336,14.5,46
63,pizza,12.6,downtown,2.5,2,16.9,scooter,147.0,clear,21,10,21.166666666666668,4,0,-0.7071067811865477,0.7071067811865474,-0.433883739117558,-0.9009688679024191,8.45,20
92,thai,7.0,uptown,3.3,3,25.11,bike,33.0,clear,11,13,11.216666666666667,6,1,0.258819045102521,-0.9659258262890682,-0.7818314824680299,0.6234898018587334,8.37,21
96,thai,15.7,downtown,1.7,4,53.93,scooter,89.0,cloudy,15,9,15.15,4,0,-0.7071067811865471,-0.7071067811865479,-0.433883739117558,-0.9009688679024191,13.4825,25
75,mexican,13.3,midtown,2.2,5,43.42,bike,472.0,cloudy,18,31,18.516666666666666,5,1,-1.0,-1.8369701987210297e-16,-0.9749279121818236,-0.2225209339563146,8.684000000000001,32
42,pizza,16.7,downtown,1.3,2,28.23,car,167.0,clear,15,27,15.45,0,0,-0.7071067811865471,-0.7071067811865479,0.0,1.0,14.115,17
143,chinese,12.4,uptown,3.1,7,80.91,scooter,172.0,clear,10,14,10.233333333333333,5,1,0.49999999999999994,-0.8660254037844387,-0.9749279121818236,-0.2225209339563146,11.558571428571428,27
69,salads,8.8,midtown,3.4,1,11.23,scooter,472.0,clear,20,54,20.9,0,0,-0.8660254037844386,0.5,0.0,1.0,11.23,26
52,mexican,5.5,uptown,3.0,1,15.16,scooter,586.0,clear,19,14,19.233333333333334,6,1,-0.9659258262890684,0.2588190451025203,-0.7818314824680299,0.6234898018587334,15.16,20
70,thai,14.2,suburbs_north,2.9,3,43.8,bike,817.0,cloudy,20,29,20.483333333333334,0,0,-0.8660254037844386,0.5,0.0,1.0,14.6,36
37,pizza,17.5,midtown,4.1,3,43.91,scooter,1354.0,cloudy,18,7,18.116666666666667,2,0,-1.0,-1.8369701987210297e-16,0.9749279121818236,-0.22252093395631434,14.636666666666665,35
140,chinese,17.8,downtown,1.1,1,8.56,bike,206.0,cloudy,17,48,17.8,2,0,-0.9659258262890683,-0.25881904510252063,0.9749279121818236,-0.22252093395631434,8.56,26
135,sushi,20.5,downtown,1.7,8,66.34,scooter,112.0,rain,17,23,17.383333333333333,5,1,-0.9659258262890683,-0.25881904510252063,-0.9749279121818236,-0.2225209339563146,8.2925,34
47,mexican,14.1,downtown,3.6,4,57.64,bike,124.0,cloudy,20,1,20.016666666666666,6,1,-0.8660254037844386,0.5,-0.7818314824680299,0.6234898018587334,14.41,35
49,indian,14.4,uptown,3.1,3,23.13,scooter,319.0,clear,18,30,18.5,6,1,-1.0,-1.8369701987210297e-16,-0.7818314824680299,0.6234898018587334,7.71,28
80,chinese,16.1,downtown,2.9,4,43.32,bike,787.0,clear,17,50,17.833333333333332,4,0,-0.9659258262890683,-0.25881904510252063,-0.433883739117558,-0.9009688679024191,10.83,29
9,thai,12.6,suburbs_south,8.8,3,45.34,scooter,95.0,rain,21,53,21.883333333333333,2,0,-0.7071067811865477,0.7071067811865474,0.9749279121818236,-0.22252093395631434,15.113333333333335,45
147,chinese,17.7,midtown,2.0,2,17.09,scooter,45.0,cloudy,13,2,13.033333333333333,6,1,-0.2588190451025208,-0.9659258262890683,-0.7818314824680299,0.6234898018587334,8.545,33
123,salads,7.7,uptown,4.0,4,34.88,scooter,85.0,clear,16,27,16.45,0,0,-0.8660254037844384,-0.5000000000000004,0.0,1.0,8.72,21
10,pizza,12.9,suburbs_north,6.4,5,71.7,car,84.0,clear,19,40,19.666666666666668,1,0,-0.9659258262890684,0.2588190451025203,0.7818314824680297,0.6234898018587336,14.34,32
73,pizza,10.6,midtown,1.8,1,10.31,car,156.0,cloudy,13,48,13.8,5,1,-0.2588190451025208,-0.9659258262890683,-0.9749279121818236,-0.2225209339563146,10.31,18
64,mexican,11.6,suburbs_north,4.4,2,15.48,bike,255.0,clear,18,59,18.983333333333334,2,0,-1.0,-1.8369701987210297e-16,0.9749279121818236,-0.22252093395631434,7.74,33
19,chinese,10.6,downtown,2.4,1,11.63,scooter,349.0,clear,12,57,12.95,2,0,1.2246467991473532e-16,-1.0,0.9749279121818236,-0.22252093395631434,11.63,20
24,pizza,15.8,uptown,3.9,4,51.19,bike,139.0,cloudy,12,11,12.183333333333334,5,1,1.2246467991473532e-16,-1.0,-0.9749279121818236,-0.2225209339563146,12.7975,45
6,sushi,16.8,midtown,2.0,2,25.36,bike,98.0,clear,17,44,17.733333333333334,3,0,-0.9659258262890683,-0.25881904510252063,0.43388373911755823,-0.900968867902419,12.68,31
143,chinese,12.4,uptown,5.0,1,14.01,scooter,501.0,clear,19,55,19.916666666666668,3,0,-0.9659258262890684,0.2588190451025203,0.43388373911755823,-0.900968867902419,14.01,30
123,salads,7.7,uptown,1.8,6,72.81,bike,138.0,clear,20,17,20.283333333333335,3,0,-0.8660254037844386,0.5,0.43388373911755823,-0.900968867902419,12.135,20
123,salads,7.7,uptown,5.3,1,10.95,scooter,42.0,cloudy,15,28,15.466666666666667,4,0,-0.7071067811865471,-0.7071067811865479,-0.433883739117558,-0.9009688679024191,10.95,23
100,pizza,12.8,uptown,2.9,3,43.65,scooter,220.0,rain,20,51,20.85,1,0,-0.8660254037844386,0.5,0.7818314824680297,0.6234898018587336,14.549999999999999,30
148,indian,16.9,suburbs_north,5.5,2,20.88,bike,187.0,cloudy,11,37,11.616666666666667,0,0,0.258819045102521,-0.9659258262890682,0.0,1.0,10.44,45
125,sushi,18.8,uptown,5.1,2,20.92,scooter,60.0,clear,16,15,16.25,2,0,-0.8660254037844384,-0.5000000000000004,0.9749279121818236,-0.22252093395631434,10.46,36
8,burgers,12.1,uptown,4.4,1,13.6,scooter,891.0,clear,22,28,22.466666666666665,3,0,-0.5000000000000004,0.8660254037844384,0.43388373911755823,-0.900968867902419,13.6,27
101,thai,11.8,suburbs_north,4.4,5,74.46,bike,314.0,cloudy,12,23,12.383333333333333,6,1,1.2246467991473532e-16,-1.0,-0.7818314824680299,0.6234898018587334,14.892,40
156,salads,12.7,downtown,1.3,5,55.57,scooter,117.0,heavy_rain,21,8,21.133333333333333,5,1,-0.7071067811865477,0.7071067811865474,-0.9749279121818236,-0.2225209339563146,11.114,24
106,pizza,12.3,downtown,1.0,3,23.28,scooter,20.0,clear,15,49,15.816666666666666,3,0,-0.7071067811865471,-0.7071067811865479,0.43388373911755823,-0.900968867902419,7.760000000000001,23
90,sushi,20.7,midtown,1.8,2,16.55,bike,62.0,heavy_rain,16,51,16.85,4,0,-0.8660254037844384,-0.5000000000000004,-0.433883739117558,-0.9009688679024191,8.275,41
114,chinese,12.4,suburbs_south,8.6,3,45.46,scooter,147.0,clear,12,56,12.933333333333334,2,0,1.2246467991473532e-16,-1.0,0.9749279121818236,-0.22252093395631434,15.153333333333334,46
81,sushi,17.4,downtown,3.5,2,30.85,scooter,67.0,clear,18,50,18.833333333333332,5,1,-1.0,-1.8369701987210297e-16,-0.9749279121818236,-0.2225209339563146,15.425,34
17,thai,9.8,uptown,1.7,3,35.83,car,23.0,cloudy,11,35,11.583333333333334,3,0,0.258819045102521,-0.9659258262890682,0.43388373911755823,-0.900968867902419,11.943333333333333,20
144,chinese,7.6,midtown,1.5,2,28.41,car,41.0,clear,18,45,18.75,2,0,-1.0,-1.8369701987210297e-16,0.9749279121818236,-0.22252093395631434,14.205,13
18,indian,20.8,suburbs_south,5.4,2,20.6,bike,147.0,clear,13,19,13.316666666666666,6,1,-0.2588190451025208,-0.9659258262890683,-0.7818314824680299,0.6234898018587334,10.3,58
150,mexican,14.6,downtown,1.4,2,26.66,car,46.0,clear,20,1,20.016666666666666,3,0,-0.8660254037844386,0.5,0.43388373911755823,-0.900968867902419,13.33,24
41,thai,19.0,downtown,1.1,3,41.24,scooter,1367.0,cloudy,21,17,21.283333333333335,4,0,-0.7071067811865477,0.7071067811865474,-0.433883739117558,-0.9009688679024191,13.746666666666668,25
30,salads,5.0,suburbs_south,2.8,2,22.69,scooter,83.0,clear,21,53,21.883333333333333,6,1,-0.7071067811865477,0.7071067811865474,-0.7818314824680299,0.6234898018587334,11.345,19
104,thai,11.5,suburbs_south,7.7,2,23.27,car,40.0,rain,19,55,19.916666666666668,6,1,-0.9659258262890684,0.2588190451025203,-0.7818314824680299,0.6234898018587334,11.635,36
157,burgers,16.3,suburbs_south,11.7,2,20.87,car,76.0,clear,13,13,13.216666666666667,6,1,-0.2588190451025208,-0.9659258262890683,-0.7818314824680299,0.6234898018587334,10.435,52
156,salads,12.7,downtown,2.3,2,15.14,scooter,396.0,cloudy,23,43,23.716666666666665,6,1,-0.2588190451025215,0.9659258262890681,-0.7818314824680299,0.6234898018587334,7.57,26
71,burgers,14.5,uptown,2.9,2,17.81,bike,536.0,rain,11,5,11.083333333333334,4,0,0.258819045102521,-0.9659258262890682,-0.433883739117558,-0.9009688679024191,8.905,40
119,indian,16.8,suburbs_south,5.7,4,38.22,scooter,233.0,clear,17,33,17.55,4,0,-0.9659258262890683,-0.25881904510252063,-0.433883739117558,-0.9009688679024191,9.555,38
146,thai,14.2,uptown,5.3,1,10.56,scooter,131.0,cloudy,22,19,22.316666666666666,3,0,-0.5000000000000004,0.8660254037844384,0.43388373911755823,-0.900968867902419,10.56,38
132,mexican,13.3,downtown,3.2,3,47.84,car,799.0,rain,13,26,13.433333333333334,4,0,-0.2588190451025208,-0.9659258262890683,-0.433883739117558,-0.9009688679024191,15.946666666666667,35
52,mexican,5.5,uptown,3.2,4,46.59,scooter,443.0,rain,16,52,16.866666666666667,3,0,-0.8660254037844384,-0.5000000000000004,0.43388373911755823,-0.900968867902419,11.6475,23
129,pizza,10.9,suburbs_north,8.3,7,64.3,car,8.0,clear,12,3,12.05,2,0,1.2246467991473532e-16,-1.0,0.9749279121818236,-0.22252093395631434,9.185714285714285,45
55,salads,5.0,midtown,2.8,5,45.54,bike,67.0,clear,18,50,18.833333333333332,3,0,-1.0,-1.8369701987210297e-16,0.43388373911755823,-0.900968867902419,9.108,24
127,indian,15.6,downtown,3.2,2,31.9,scooter,180.0,clear,12,18,12.3,3,0,1.2246467991473532e-16,-1.0,0.43388373911755823,-0.900968867902419,15.95,33
21,pizza,17.0,midtown,1.9,2,30.96,scooter,136.0,clear,22,33,22.55,4,0,-0.5000000000000004,0.8660254037844384,-0.433883739117558,-0.9009688679024191,15.48,29
31,sushi,14.7,midtown,3.0,5,78.27,car,171.0,rain,13,38,13.633333333333333,3,0,-0.2588190451025208,-0.9659258262890683,0.43388373911755823,-0.900968867902419,15.654,30
55,salads,5.0,midtown,4.5,2,25.99,bike,53.0,clear,20,17,20.283333333333335,6,1,-0.8660254037844386,0.5,-0.7818314824680299,0.6234898018587334,12.995,26
134,mexican,10.8,midtown,2.3,1,9.03,bike,755.0,clear,16,15,16.25,4,0,-0.8660254037844384,-0.5000000000000004,-0.433883739117558,-0.9009688679024191,9.03,19
133,chinese,15.9,suburbs_north,6.8,3,25.69,car,213.0,clear,22,31,22.516666666666666,4,0,-0.5000000000000004,0.8660254037844384,-0.433883739117558,-0.9009688679024191,8.563333333333334,32
38,pizza,16.9,midtown,2.2,3,46.94,car,135.0,cloudy,19,14,19.233333333333334,2,0,-0.9659258262890684,0.2588190451025203,0.9749279121818236,-0.22252093395631434,15.646666666666667,30
49,indian,14.4,uptown,1.4,1,12.89,car,62.0,clear,22,0,22.0,5,1,-0.5000000000000004,0.8660254037844384,-0.9749279121818236,-0.2225209339563146,12.89,19
84,chinese,11.5,suburbs_south,2.2,1,10.58,car,663.0,clear,21,34,21.566666666666666,0,0,-0.7071067811865477,0.7071067811865474,0.0,1.0,10.58,20
158,indian,12.1,midtown,4.8,2,16.01,scooter,340.0,clear,12,43,12.716666666666667,4,0,1.2246467991473532e-16,-1.0,-0.433883739117558,-0.9009688679024191,8.005,31
155,indian,14.5,suburbs_south,8.3,1,9.75,car,38.0,clear,16,20,16.333333333333332,1,0,-0.8660254037844384,-0.5000000000000004,0.7818314824680297,0.6234898018587336,9.75,36
45,indian,15.4,midtown,1.5,6,71.14,scooter,125.0,rain,19,26,19.433333333333334,5,1,-0.9659258262890684,0.2588190451025203,-0.9749279121818236,-0.2225209339563146,11.856666666666667,32
54,salads,9.4,downtown,1.1,1,12.47,car,116.0,cloudy,18,13,18.216666666666665,1,0,-1.0,-1.8369701987210297e-16,0.7818314824680297,0.6234898018587336,12.47,22
104,thai,11.5,suburbs_south,2.5,2,17.73,car,389.0,clear,21,25,21.416666666666668,6,1,-0.7071067811865477,0.7071067811865474,-0.7818314824680299,0.6234898018587334,8.865,18
59,pizza,11.7,suburbs_south,12.6,1,8.7,car,181.0,clear,19,59,19.983333333333334,6,1,-0.9659258262890684,0.2588190451025203,-0.7818314824680299,0.6234898018587334,8.7,54
6,sushi,16.8,midtown,1.1,3,41.17,bike,41.0,clear,18,27,18.45,6,1,-1.0,-1.8369701987210297e-16,-0.7818314824680299,0.6234898018587334,13.723333333333334,32
144,chinese,7.6,midtown,1.9,1,12.47,scooter,206.0,cloudy,13,53,13.883333333333333,4,0,-0.2588190451025208,-0.9659258262890683,-0.433883739117558,-0.9009688679024191,12.47,16
3,pizza,20.9,suburbs_north,3.7,3,37.53,scooter,167.0,clear,11,21,11.35,2,0,0.258819045102521,-0.9659258262890682,0.9749279121818236,-0.22252093395631434,12.51,40
95,pizza,11.9,suburbs_south,6.8,3,24.39,car,96.0,heavy_rain,12,22,12.366666666666667,1,0,1.2246467991473532e-16,-1.0,0.7818314824680297,0.6234898018587336,8.13,36
79,salads,10.0,midtown,3.7,2,16.0,car,54.0,rain,14,9,14.15,3,0,-0.4999999999999998,-0.8660254037844388,0.43388373911755823,-0.900968867902419,8.0,26
68,thai,11.9,uptown,2.6,2,22.76,bike,209.0,clear,12,35,12.583333333333334,3,0,1.2246467991473532e-16,-1.0,0.43388373911755823,-0.900968867902419,11.38,24
115,thai,13.4,downtown,2.9,8,108.11,bike,67.0,clear,15,18,15.3,5,1,-0.7071067811865471,-0.7071067811865479,-0.9749279121818236,-0.2225209339563146,13.51375,28
25,mexican,14.5,midtown,1.2,1,8.91,car,241.0,clear,11,38,11.633333333333333,5,1,0.258819045102521,-0.9659258262890682,-0.9749279121818236,-0.2225209339563146,8.91,20
30,salads,5.0,suburbs_south,3.1,2,20.88,bike,28.0,clear,11,51,11.85,4,0,0.258819045102521,-0.9659258262890682,-0.433883739117558,-0.9009688679024191,10.44,22
10,pizza,12.9,suburbs_north,4.0,4,56.34,scooter,940.0,clear,18,2,18.033333333333335,0,0,-1.0,-1.8369701987210297e-16,0.0,1.0,14.085,30
156,salads,12.7,downtown,1.9,3,33.01,bike,1193.0,clear,10,52,10.866666666666667,0,0,0.49999999999999994,-0.8660254037844387,0.0,1.0,11.003333333333332,22
146,thai,14.2,uptown,2.1,2,17.61,bike,119.0,clear,19,15,19.25,6,1,-0.9659258262890684,0.2588190451025203,-0.7818314824680299,0.6234898018587334,8.805,31
125,sushi,18.8,uptown,2.5,3,44.02,bike,52.0,cloudy,17,59,17.983333333333334,0,0,-0.9659258262890683,-0.25881904510252063,0.0,1.0,14.673333333333334,28
122,indian,20.0,midtown,1.3,2,16.8,scooter,451.0,clear,21,40,21.666666666666668,6,1,-0.7071067811865477,0.7071067811865474,-0.7818314824680299,0.6234898018587334,8.4,34
140,chinese,17.8,downtown,2.9,2,27.72,bike,10999.0,heavy_rain,15,14,15.233333333333333,1,0,-0.7071067811865471,-0.7071067811865479,0.7818314824680297,0.6234898018587336,13.86,38
26,pizza,14.9,midtown,3.3,6,61.88,car,142.0,clear,12,19,12.316666666666666,1,0,1.2246467991473532e-16,-1.0,0.7818314824680297,0.6234898018587336,10.313333333333334,33
47,mexican,14.1,downtown,1.9,3,31.98,scooter,34.0,cloudy,12,25,12.416666666666666,3,0,1.2246467991473532e-16,-1.0,0.43388373911755823,-0.900968867902419,10.66,30
106,pizza,12.3,downtown,1.5,1,10.01,bike,204.0,cloudy,13,40,13.666666666666666,5,1,-0.2588190451025208,-0.9659258262890683,-0.9749279121818236,-0.2225209339563146,10.01,30
45,indian,15.4,midtown,3.1,1,14.54,bike,97.0,clear,13,52,13.866666666666667,1,0,-0.2588190451025208,-0.9659258262890683,0.7818314824680297,0.6234898018587336,14.54,33
113,mexican,13.2,midtown,1.6,3,32.48,car,254.0,cloudy,20,52,20.866666666666667,4,0,-0.8660254037844386,0.5,-0.433883739117558,-0.9009688679024191,10.826666666666666,19
1,mexican,12.7,downtown,0.9,2,14.34,bike,1064.0,rain,23,23,23.383333333333333,5,1,-0.2588190451025215,0.9659258262890681,-0.9749279121818236,-0.2225209339563146,7.17,14
125,sushi,18.8,uptown,4.0,1,12.32,scooter,292.0,cloudy,19,19,19.316666666666666,3,0,-0.9659258262890684,0.2588190451025203,0.43388373911755823,-0.900968867902419,12.32,31
11,indian,20.4,uptown,2.0,2,24.94,scooter,17.0,cloudy,18,49,18.816666666666666,5,1,-1.0,-1.8369701987210297e-16,-0.9749279121818236,-0.2225209339563146,12.47,44
149,thai,15.5,downtown,0.9,1,8.0,bike,102.0,cloudy,18,55,18.916666666666668,5,1,-1.0,-1.8369701987210297e-16,-0.9749279121818236,-0.2225209339563146,8.0,29
21,pizza,17.0,midtown,4.0,5,65.58,scooter,117.0,clear,16,13,16.216666666666665,2,0,-0.8660254037844384,-0.5000000000000004,0.9749279121818236,-0.22252093395631434,13.116,34
16,salads,7.8,uptown,3.7,2,14.67,bike,64.0,clear,19,45,19.75,3,0,-0.9659258262890684,0.2588190451025203,0.43388373911755823,-0.900968867902419,7.335,31
141,thai,14.1,suburbs_north,7.2,2,16.12,car,229.0,clear,15,49,15.816666666666666,6,1,-0.7071067811865471,-0.7071067811865479,-0.7818314824680299,0.6234898018587334,8.06,35
73,pizza,10.6,midtown,4.6,2,28.48,bike,216.0,clear,18,33,18.55,2,0,-1.0,-1.8369701987210297e-16,0.9749279121818236,-0.22252093395631434,14.24,39
10,pizza,12.9,suburbs_north,4.6,2,16.05,scooter,147.0,clear,19,9,19.15,5,1,-0.9659258262890684,0.2588190451025203,-0.9749279121818236,-0.2225209339563146,8.025,32
74,thai,18.7,downtown,2.8,1,12.29,scooter,479.0,cloudy,19,34,19.566666666666666,0,0,-0.9659258262890684,0.2588190451025203,0.0,1.0,12.29,41
32,thai,16.7,uptown,3.8,4,29.97,car,74.0,clear,16,13,16.216666666666665,4,0,-0.8660254037844384,-0.5000000000000004,-0.433883739117558,-0.9009688679024191,7.4925,30
129,pizza,10.9,suburbs_north,10.2,7,65.16,scooter,48.0,clear,19,41,19.683333333333334,1,0,-0.9659258262890684,0.2588190451025203,0.7818314824680297,0.6234898018587336,9.308571428571428,49
132,mexican,13.3,downtown,3.6,3,38.66,scooter,881.0,rain,20,33,20.55,0,0,-0.8660254037844386,0.5,0.0,1.0,12.886666666666665,29
57,sushi,15.1,midtown,4.6,5,67.49,scooter,41.0,rain,19,45,19.75,3,0,-0.9659258262890684,0.2588190451025203,0.43388373911755823,-0.900968867902419,13.498,44
125,sushi,18.8,uptown,3.3,2,20.95,car,320.0,cloudy,21,9,21.15,1,0,-0.7071067811865477,0.7071067811865474,0.7818314824680297,0.6234898018587336,10.475,33
4,pizza,14.0,suburbs_south,5.3,2,30.33,scooter,14.0,rain,22,3,22.05,3,0,-0.5000000000000004,0.8660254037844384,0.43388373911755823,-0.900968867902419,15.165,36
118,thai,15.5,downtown,2.5,2,26.54,bike,443.0,clear,19,17,19.283333333333335,2,0,-0.9659258262890684,0.2588190451025203,0.9749279121818236,-0.22252093395631434,13.27,31
86,chinese,11.8,suburbs_south,2.3,2,15.65,car,113.0,clear,14,50,14.833333333333334,1,0,-0.4999999999999998,-0.8660254037844388,0.7818314824680297,0.6234898018587336,7.825,21
149,thai,15.5,downtown,3.3,1,13.41,bike,140.0,clear,21,8,21.133333333333333,4,0,-0.7071067811865477,0.7071067811865474,-0.433883739117558,-0.9009688679024191,13.41,35
159,pizza,15.0,uptown,2.1,2,18.97,car,1078.0,clear,17,59,17.983333333333334,0,0,-0.9659258262890683,-0.25881904510252063,0.0,1.0,9.485,20
107,sushi,18.0,suburbs_south,6.0,2,26.46,bike,810.0,clear,18,22,18.366666666666667,1,0,-1.0,-1.8369701987210297e-16,0.7818314824680297,0.6234898018587336,13.23,47
68,thai,11.9,uptown,2.3,2,27.47,scooter,295.0,cloudy,19,32,19.533333333333335,0,0,-0.9659258262890684,0.2588190451025203,0.0,1.0,13.735,28
148,indian,16.9,suburbs_north,7.3,1,8.38,car,903.0,clear,21,33,21.55,0,0,-0.7071067811865477,0.7071067811865474,0.0,1.0,8.38,33
156,salads,12.7,downtown,3.1,6,46.16,scooter,99.0,clear,20,17,20.283333333333335,1,0,-0.8660254037844386,0.5,0.7818314824680297,0.6234898018587336,7.6933333333333325,31
31,sushi,14.7,midtown,4.5,2,26.02,bike,224.0,rain,18,16,18.266666666666666,0,0,-1.0,-1.8369701987210297e-16,0.0,1.0,13.01,44
144,chinese,7.6,midtown,2.3,2,22.24,scooter,544.0,clear,20,30,20.5,4,0,-0.8660254037844386,0.5,-0.433883739117558,-0.9009688679024191,11.12,23
10,pizza,12.9,suburbs_north,8.0,4,47.07,car,24.0,rain,22,37,22.616666666666667,1,0,-0.5000000000000004,0.8660254037844384,0.7818314824680297,0.6234898018587336,11.7675,38
4,pizza,14.0,suburbs_south,5.7,4,50.49,bike,223.0,clear,13,11,13.183333333333334,4,0,-0.2588190451025208,-0.9659258262890683,-0.433883739117558,-0.9009688679024191,12.6225,41
92,thai,7.0,uptown,2.8,5,55.41,car,50.0,clear,19,34,19.566666666666666,1,0,-0.9659258262890684,0.2588190451025203,0.7818314824680297,0.6234898018587336,11.081999999999999,22
36,burgers,11.8,downtown,2.1,2,28.16,bike,807.0,clear,10,5,10.083333333333334,1,0,0.49999999999999994,-0.8660254037844387,0.7818314824680297,0.6234898018587336,14.08,24
11,indian,20.4,uptown,6.6,5,63.74,scooter,40.0,cloudy,18,29,18.483333333333334,3,0,-1.0,-1.8369701987210297e-16,0.43388373911755823,-0.900968867902419,12.748000000000001,49
43,chinese,12.4,uptown,1.3,2,16.98,car,910.0,heavy_rain,17,43,17.716666666666665,2,0,-0.9659258262890683,-0.25881904510252063,0.9749279121818236,-0.22252093395631434,8.49,15
11,indian,20.4,uptown,2.5,4,41.56,bike,458.0,heavy_rain,14,55,14.916666666666666,1,0,-0.4999999999999998,-0.8660254037844388,0.7818314824680297,0.6234898018587336,10.39,39
136,salads,9.3,downtown,2.7,2,30.23,bike,57.0,clear,18,30,18.5,5,1,-1.0,-1.8369701987210297e-16,-0.9749279121818236,-0.2225209339563146,15.115,27
111,pizza,8.5,downtown,2.2,2,30.9,car,77.0,clear,19,42,19.7,4,0,-0.9659258262890684,0.2588190451025203,-0.433883739117558,-0.9009688679024191,15.45,22
42,pizza,16.7,downtown,0.8,1,11.02,car,779.0,clear,14,38,14.633333333333333,1,0,-0.4999999999999998,-0.8660254037844388,0.7818314824680297,0.6234898018587336,11.02,22
64,mexican,11.6,suburbs_north,7.7,7,76.38,scooter,121.0,clear,19,5,19.083333333333332,6,1,-0.9659258262890684,0.2588190451025203,-0.7818314824680299,0.6234898018587334,10.911428571428571,36
25,mexican,14.5,midtown,4.6,1,14.05,bike,78.0,rain,14,32,14.533333333333333,2,0,-0.4999999999999998,-0.8660254037844388,0.9749279121818236,-0.22252093395631434,14.05,46
13,indian,15.1,downtown,1.3,2,27.77,bike,182.0,rain,13,26,13.433333333333334,4,0,-0.2588190451025208,-0.9659258262890683,-0.433883739117558,-0.9009688679024191,13.885,32
82,salads,9.2,midtown,3.1,4,62.96,bike,331.0,cloudy,15,43,15.716666666666667,3,0,-0.7071067811865471,-0.7071067811865479,0.43388373911755823,-0.900968867902419,15.74,25
152,indian,18.0,suburbs_north,7.1,5,38.56,scooter,3.0,cloudy,18,43,18.716666666666665,5,1,-1.0,-1.8369701987210297e-16,-0.9749279121818236,-0.2225209339563146,7.712000000000001,54
16,salads,7.8,uptown,5.8,5,60.97,scooter,66.0,clear,18,9,18.15,2,0,-1.0,-1.8369701987210297e-16,0.9749279121818236,-0.22252093395631434,12.193999999999999,35
73,pizza,10.6,midtown,3.8,2,20.73,bike,147.0,clear,14,8,14.133333333333333,4,0,-0.4999999999999998,-0.8660254037844388,-0.433883739117558,-0.9009688679024191,10.365,33
100,pizza,12.8,uptown,3.6,2,29.01,bike,191.0,clear,20,37,20.616666666666667,6,1,-0.8660254037844386,0.5,-0.7818314824680299,0.6234898018587334,14.505,40
10,pizza,12.9,suburbs_north,7.6,4,62.59,car,57.0,clear,19,5,19.083333333333332,0,0,-0.9659258262890684,0.2588190451025203,0.0,1.0,15.6475,41
160,salads,5.0,uptown,2.0,1,9.77,scooter,376.0,clear,18,27,18.45,1,0,-1.0,-1.8369701987210297e-16,0.7818314824680297,0.6234898018587336,9.77,15
27,thai,16.7,downtown,2.2,2,19.76,scooter,147.0,clear,11,47,11.783333333333333,2,0,0.258819045102521,-0.9659258262890682,0.9749279121818236,-0.22252093395631434,9.88,33
107,sushi,18.0,suburbs_south,8.6,1,14.72,car,194.0,clear,18,14,18.233333333333334,2,0,-1.0,-1.8369701987210297e-16,0.9749279121818236,-0.22252093395631434,14.72,42
10,pizza,12.9,suburbs_north,3.1,1,8.0,car,110.0,cloudy,17,2,17.033333333333335,5,1,-0.9659258262890683,-0.25881904510252063,-0.9749279121818236,-0.2225209339563146,8.0,21
151,chinese,11.8,downtown,2.1,2,14.28,bike,49.0,clear,12,48,12.8,5,1,1.2246467991473532e-16,-1.0,-0.9749279121818236,-0.2225209339563146,7.14,25
102,indian,17.4,uptown,4.2,2,22.02,bike,1.0,rain,19,0,19.0,1,0,-0.9659258262890684,0.2588190451025203,0.7818314824680297,0.6234898018587336,11.01,44
143,chinese,12.4,uptown,5.0,3,39.38,scooter,106.0,rain,19,30,19.5,3,0,-0.9659258262890684,0.2588190451025203,0.43388373911755823,-0.900968867902419,13.126666666666667,28
86,chinese,11.8,suburbs_south,9.4,2,29.15,car,96.0,clear,11,9,11.15,6,1,0.258819045102521,-0.9659258262890682,-0.7818314824680299,0.6234898018587334,14.575,43
9,thai,12.6,suburbs_south,3.1,3,31.23,car,46.0,clear,11,34,11.566666666666666,5,1,0.258819045102521,-0.9659258262890682,-0.9749279121818236,-0.2225209339563146,10.41,29
66,sushi,18.7,midtown,2.4,3,23.38,car,13.0,cloudy,18,40,18.666666666666668,2,0,-1.0,-1.8369701987210297e-16,0.9749279121818236,-0.22252093395631434,7.793333333333333,32
127,indian,15.6,downtown,0.7,1,15.1,bike,580.0,clear,15,42,15.7,5,1,-0.7071067811865471,-0.7071067811865479,-0.9749279121818236,-0.2225209339563146,15.1,19
117,pizza,16.2,suburbs_south,9.0,1,8.0,scooter,57.0,clear,14,53,14.883333333333333,4,0,-0.4999999999999998,-0.8660254037844388,-0.433883739117558,-0.9009688679024191,8.0,41
105,pizza,12.9,midtown,1.2,1,13.12,car,14.0,clear,22,46,22.766666666666666,3,0,-0.5000000000000004,0.8660254037844384,0.43388373911755823,-0.900968867902419,13.12,14
29,salads,9.9,midtown,3.6,1,10.56,car,1558.0,cloudy,13,29,13.483333333333333,2,0,-0.2588190451025208,-0.9659258262890683,0.9749279121818236,-0.22252093395631434,10.56,21
54,salads,9.4,downtown,1.1,4,59.01,bike,147.0,clear,21,53,21.883333333333333,4,0,-0.7071067811865477,0.7071067811865474,-0.433883739117558,-0.9009688679024191,14.7525,20
150,mexican,14.6,downtown,2.6,4,30.31,car,19.0,clear,19,19,19.316666666666666,0,0,-0.9659258262890684,0.2588190451025203,0.0,1.0,7.5775,35
4,pizza,14.0,suburbs_south,2.2,2,16.76,scooter,30.0,clear,21,2,21.033333333333335,0,0,-0.7071067811865477,0.7071067811865474,0.0,1.0,8.38,28
158,indian,12.1,midtown,1.3,1,15.85,scooter,74.0,clear,12,16,12.266666666666667,5,1,1.2246467991473532e-16,-1.0,-0.9749279121818236,-0.2225209339563146,15.85,23
41,thai,19.0,downtown,1.2,2,29.42,car,50.0,cloudy,13,7,13.116666666666667,4,0,-0.2588190451025208,-0.9659258262890683,-0.433883739117558,-0.9009688679024191,14.71,33
110,thai,12.5,suburbs_north,6.4,2,18.77,scooter,728.0,clear,10,4,10.066666666666666,6,1,0.49999999999999994,-0.8660254037844387,-0.7818314824680299,0.6234898018587334,9.385,39
38,pizza,16.9,midtown,2.5,1,12.79,car,108.0,clear,20,41,20.683333333333334,3,0,-0.8660254037844386,0.5,0.43388373911755823,-0.900968867902419,12.79,31
69,salads,8.8,midtown,1.2,1,13.54,bike,153.0,clear,21,6,21.1,5,1,-0.7071067811865477,0.7071067811865474,-0.9749279121818236,-0.2225209339563146,13.54,15
80,chinese,16.1,downtown,3.4,5,68.62,scooter,179.0,rain,18,36,18.6,1,0,-1.0,-1.8369701987210297e-16,0.7818314824680297,0.6234898018587336,13.724,38
80,chinese,16.1,downtown,1.4,3,46.63,car,182.0,heavy_rain,15,25,15.416666666666666,1,0,-0.7071067811865471,-0.7071067811865479,0.7818314824680297,0.6234898018587336,15.543333333333335,24
57,sushi,15.1,midtown,3.3,1,10.37,scooter,127.0,clear,16,30,16.5,5,1,-0.8660254037844384,-0.5000000000000004,-0.9749279121818236,-0.2225209339563146,10.37,32
4,pizza,14.0,suburbs_south,7.1,2,21.24,car,79.0,clear,18,56,18.933333333333334,1,0,-1.0,-1.8369701987210297e-16,0.7818314824680297,0.6234898018587336,10.62,34
90,sushi,20.7,midtown,3.1,1,14.97,bike,1152.0,clear,13,28,13.466666666666667,6,1,-0.2588190451025208,-0.9659258262890683,-0.7818314824680299,0.6234898018587334,14.97,36
141,thai,14.1,suburbs_north,8.8,4,58.63,car,635.0,clear,13,23,13.383333333333333,2,0,-0.2588190451025208,-0.9659258262890683,0.9749279121818236,-0.22252093395631434,14.6575,49
22,mexican,9.1,suburbs_south,8.7,2,19.17,scooter,329.0,clear,20,32,20.533333333333335,3,0,-0.8660254037844386,0.5,0.43388373911755823,-0.900968867902419,9.585,39
78,mexican,9.1,downtown,1.1,1,12.39,scooter,53.0,clear,19,0,19.0,1,0,-0.9659258262890684,0.2588190451025203,0.7818314824680297,0.6234898018587336,12.39,22
32,thai,16.7,uptown,2.7,2,26.16,scooter,147.0,clear,17,37,17.616666666666667,0,0,-0.9659258262890683,-0.25881904510252063,0.0,1.0,13.08,34
3,pizza,20.9,suburbs_north,4.8,1,9.82,bike,297.0,clear,20,35,20.583333333333332,2,0,-0.8660254037844386,0.5,0.9749279121818236,-0.22252093395631434,9.82,39
141,thai,14.1,suburbs_north,7.7,1,14.72,car,354.0,cloudy,18,3,18.05,5,1,-1.0,-1.8369701987210297e-16,-0.9749279121818236,-0.2225209339563146,14.72,40
10,pizza,12.9,suburbs_north,4.7,1,8.43,car,226.0,clear,19,25,19.416666666666668,3,0,-0.9659258262890684,0.2588190451025203,0.43388373911755823,-0.900968867902419,8.43,32
85,pizza,11.8,uptown,3.7,3,47.19,scooter,375.0,clear,22,25,22.416666666666668,1,0,-0.5000000000000004,0.8660254037844384,0.7818314824680297,0.6234898018587336,15.729999999999999,29
113,mexican,13.2,midtown,3.4,1,8.0,bike,46.0,cloudy,19,14,19.233333333333334,1,0,-0.9659258262890684,0.2588190451025203,0.7818314824680297,0.6234898018587336,8.0,34
12,thai,12.8,midtown,3.0,1,10.42,bike,178.0,clear,19,44,19.733333333333334,3,0,-0.9659258262890684,0.2588190451025203,0.43388373911755823,-0.900968867902419,10.42,29
4,pizza,14.0,suburbs_south,9.5,2,27.99,car,537.0,clear,17,41,17.683333333333334,5,1,-0.9659258262890683,-0.25881904510252063,-0.9749279121818236,-0.2225209339563146,13.995,42
120,pizza,12.2,downtown,0.9,4,46.18,scooter,662.0,clear,16,55,16.916666666666668,3,0,-0.8660254037844384,-0.5000000000000004,0.43388373911755823,-0.900968867902419,11.545,17
151,chinese,11.8,downtown,1.0,4,46.95,car,671.0,cloudy,19,52,19.866666666666667,2,0,-0.9659258262890684,0.2588190451025203,0.9749279121818236,-0.22252093395631434,11.7375,20
19,chinese,10.6,downtown,1.6,3,47.09,scooter,481.0,cloudy,12,26,12.433333333333334,3,0,1.2246467991473532e-16,-1.0,0.43388373911755823,-0.900968867902419,15.696666666666667,21
84,chinese,11.5,suburbs_south,9.9,2,14.73,scooter,222.0,clear,19,38,19.633333333333333,0,0,-0.9659258262890684,0.2588190451025203,0.0,1.0,7.365,45
6,sushi,16.8,midtown,3.1,3,21.5,bike,177.0,rain,20,23,20.383333333333333,5,1,-0.8660254037844386,0.5,-0.9749279121818236,-0.2225209339563146,7.166666666666667,36
36,burgers,11.8,downtown,2.9,1,9.44,car,36.0,clear,14,12,14.2,0,0,-0.4999999999999998,-0.8660254037844388,0.0,1.0,9.44,21
49,indian,14.4,uptown,5.2,2,27.98,bike,43.0,cloudy,22,16,22.266666666666666,3,0,-0.5000000000000004,0.8660254037844384,0.43388373911755823,-0.900968867902419,13.99,43
73,pizza,10.6,midtown,4.7,3,39.52,car,147.0,rain,13,41,13.683333333333334,2,0,-0.2588190451025208,-0.9659258262890683,0.9749279121818236,-0.22252093395631434,13.173333333333334,28
31,sushi,14.7,midtown,3.7,8,57.14,scooter,8.0,cloudy,14,20,14.333333333333334,3,0,-0.4999999999999998,-0.8660254037844388,0.43388373911755823,-0.900968867902419,7.1425,35
50,salads,8.2,midtown,3.8,2,29.67,scooter,102.0,cloudy,16,23,16.383333333333333,0,0,-0.8660254037844384,-0.5000000000000004,0.0,1.0,14.835,24
74,thai,18.7,downtown,2.1,3,31.16,bike,1712.0,clear,16,36,16.6,0,0,-0.8660254037844384,-0.5000000000000004,0.0,1.0,10.386666666666667,32
7,thai,17.1,midtown,3.5,1,11.92,bike,291.0,clear,19,49,19.816666666666666,3,0,-0.9659258262890684,0.2588190451025203,0.43388373911755823,-0.900968867902419,11.92,33
9,thai,12.6,suburbs_south,3.2,2,14.67,scooter,167.0,cloudy,18,1,18.016666666666666,4,0,-1.0,-1.8369701987210297e-16,-0.433883739117558,-0.9009688679024191,7.335,24
141,thai,14.1,suburbs_north,3.2,2,26.23,car,285.0,rain,15,5,15.083333333333334,1,0,-0.7071067811865471,-0.7071067811865479,0.7818314824680297,0.6234898018587336,13.115,27
46,indian,19.4,downtown,1.7,3,21.04,car,147.0,clear,19,18,19.3,1,0,-0.9659258262890684,0.2588190451025203,0.7818314824680297,0.6234898018587336,7.013333333333333,32
84,chinese,11.5,suburbs_south,6.7,1,12.23,car,28.0,heavy_rain,16,32,16.533333333333335,6,1,-0.8660254037844384,-0.5000000000000004,-0.7818314824680299,0.6234898018587334,12.23,43
124,indian,17.6,downtown,2.7,4,37.76,scooter,38.0,clear,13,46,13.766666666666667,6,1,-0.2588190451025208,-0.9659258262890683,-0.7818314824680299,0.6234898018587334,9.44,40
121,indian,13.9,suburbs_north,6.6,1,9.16,car,64.0,rain,11,15,11.25,5,1,0.258819045102521,-0.9659258262890682,-0.9749279121818236,-0.2225209339563146,9.16,41
116,sushi,16.4,downtown,1.1,1,8.57,bike,166.0,heavy_rain,15,50,15.833333333333334,1,0,-0.7071067811865471,-0.7071067811865479,0.7818314824680297,0.6234898018587336,8.57,27
50,salads,8.2,midtown,1.8,6,77.25,bike,24.0,clear,20,50,20.833333333333332,4,0,-0.8660254037844386,0.5,-0.433883739117558,-0.9009688679024191,12.875,26
63,pizza,12.6,downtown,2.0,2,20.56,bike,14.0,clear,19,31,19.516666666666666,0,0,-0.9659258262890684,0.2588190451025203,0.0,1.0,10.28,26
84,chinese,11.5,suburbs_south,2.5,2,30.75,scooter,246.0,clear,13,1,13.016666666666667,0,0,-0.2588190451025208,-0.9659258262890683,0.0,1.0,15.375,26
55,salads,5.0,midtown,2.3,3,32.81,bike,171.0,clear,13,39,13.65,6,1,-0.2588190451025208,-0.9659258262890683,-0.7818314824680299,0.6234898018587334,10.936666666666667,25
41,thai,19.0,downtown,2.4,1,11.08,scooter,98.0,rain,22,38,22.633333333333333,3,0,-0.5000000000000004,0.8660254037844384,0.43388373911755823,-0.900968867902419,11.08,30
100,pizza,12.8,uptown,3.1,1,11.2,car,147.0,cloudy,19,52,19.866666666666667,2,0,-0.9659258262890684,0.2588190451025203,0.9749279121818236,-0.22252093395631434,11.2,23
119,indian,16.8,suburbs_south,8.1,1,13.53,scooter,216.0,clear,19,15,19.25,1,0,-0.9659258262890684,0.2588190451025203,0.7818314824680297,0.6234898018587336,13.53,45
142,indian,20.4,midtown,1.5,5,55.65,bike,288.0,clear,12,43,12.716666666666667,6,1,1.2246467991473532e-16,-1.0,-0.7818314824680299,0.6234898018587334,11.129999999999999,42
127,indian,15.6,downtown,2.6,5,43.27,bike,1087.0,rain,14,28,14.466666666666667,0,0,-0.4999999999999998,-0.8660254037844388,0.0,1.0,8.654,32
53,thai,11.5,midtown,2.4,3,45.72,bike,577.0,cloudy,12,19,12.316666666666666,5,1,1.2246467991473532e-16,-1.0,-0.9749279121818236,-0.2225209339563146,15.24,27
21,pizza,17.0,midtown,4.6,4,59.86,scooter,202.0,cloudy,12,20,12.333333333333334,2,0,1.2246467991473532e-16,-1.0,0.9749279121818236,-0.22252093395631434,14.965,42
132,mexican,13.3,downtown,1.2,1,12.77,car,123.0,cloudy,19,44,19.733333333333334,0,0,-0.9659258262890684,0.2588190451025203,0.0,1.0,12.77,24
112,sushi,18.2,downtown,2.2,3,44.84,bike,48.0,clear,17,55,17.916666666666668,6,1,-0.9659258262890683,-0.25881904510252063,-0.7818314824680299,0.6234898018587334,14.946666666666667,34
139,indian,20.7,midtown,3.2,2,22.83,bike,91.0,rain,18,22,18.366666666666667,6,1,-1.0,-1.8369701987210297e-16,-0.7818314824680299,0.6234898018587334,11.415,48
142,indian,20.4,midtown,2.0,3,27.16,scooter,159.0,clear,10,5,10.083333333333334,2,0,0.49999999999999994,-0.8660254037844387,0.9749279121818236,-0.22252093395631434,9.053333333333333,31
31,sushi,14.7,midtown,3.6,2,23.3,scooter,78.0,clear,12,57,12.95,1,0,1.2246467991473532e-16,-1.0,0.7818314824680297,0.6234898018587336,11.65,29
120,pizza,12.2,downtown,2.1,2,21.68,car,634.0,clear,13,53,13.883333333333333,5,1,-0.2588190451025208,-0.9659258262890683,-0.9749279121818236,-0.2225209339563146,10.84,29
143,chinese,12.4,uptown,3.5,1,12.21,scooter,191.0,clear,20,27,20.45,5,1,-0.8660254037844386,0.5,-0.9749279121818236,-0.2225209339563146,12.21,24
112,sushi,18.2,downtown,2.4,1,11.48,scooter,614.0,cloudy,23,2,23.033333333333335,4,0,-0.2588190451025215,0.9659258262890681,-0.433883739117558,-0.9009688679024191,11.48,24
21,pizza,17.0,midtown,1.6,1,15.36,bike,83.0,rain,16,25,16.416666666666668,5,1,-0.8660254037844384,-0.5000000000000004,-0.9749279121818236,-0.2225209339563146,15.36,28
82,salads,9.2,midtown,2.8,3,30.31,bike,152.0,cloudy,18,42,18.7,1,0,-1.0,-1.8369701987210297e-16,0.7818314824680297,0.6234898018587336,10.103333333333333,23
147,chinese,17.7,midtown,3.0,1,8.12,bike,60.0,cloudy,17,56,17.933333333333334,2,0,-0.9659258262890683,-0.25881904510252063,0.9749279121818236,-0.22252093395631434,8.12,28
135,sushi,20.5,downtown,2.9,4,32.85,scooter,32.0,clear,10,44,10.733333333333333,4,0,0.49999999999999994,-0.8660254037844387,-0.433883739117558,-0.9009688679024191,8.2125,32
71,burgers,14.5,uptown,4.9,2,21.23,scooter,42.0,clear,12,49,12.816666666666666,6,1,1.2246467991473532e-16,-1.0,-0.7818314824680299,0.6234898018587334,10.615,36
157,burgers,16.3,suburbs_south,3.7,3,44.26,scooter,26.0,clear,14,49,14.816666666666666,2,0,-0.4999999999999998,-0.8660254037844388,0.9749279121818236,-0.22252093395631434,14.753333333333332,39
20,mexican,9.2,midtown,5.5,2,20.6,bike,112.0,rain,18,27,18.45,2,0,-1.0,-1.8369701987210297e-16,0.9749279121818236,-0.22252093395631434,10.3,44
99,thai,13.4,midtown,3.8,1,10.16,car,451.0,clear,16,39,16.65,2,0,-0.8660254037844384,-0.5000000000000004,0.9749279121818236,-0.22252093395631434,10.16,25
8,burgers,12.1,uptown,4.0,2,28.55,bike,38.0,heavy_rain,11,39,11.65,4,0,0.258819045102521,-0.9659258262890682,-0.433883739117558,-0.9009688679024191,14.275,51
145,pizza,12.3,suburbs_south,5.5,1,9.76,car,8824.0,heavy_rain,14,0,14.0,1,0,-0.4999999999999998,-0.8660254037844388,0.7818314824680297,0.6234898018587336,9.76,30
51,indian,17.0,downtown,0.9,4,53.98,scooter,231.0,heavy_rain,11,6,11.1,2,0,0.258819045102521,-0.9659258262890682,0.9749279121818236,-0.22252093395631434,13.495,26
69,salads,8.8,midtown,4.7,5,60.32,bike,408.0,clear,13,1,13.016666666666667,4,0,-0.2588190451025208,-0.9659258262890683,-0.433883739117558,-0.9009688679024191,12.064,32
74,thai,18.7,downtown,3.2,1,8.0,car,35.0,clear,12,23,12.383333333333333,4,0,1.2246467991473532e-16,-1.0,-0.433883739117558,-0.9009688679024191,8.0,40
36,burgers,11.8,downtown,2.4,2,18.5,scooter,55.0,heavy_rain,19,45,19.75,0,0,-0.9659258262890684,0.2588190451025203,0.0,1.0,9.25,29
20,mexican,9.2,midtown,2.8,1,8.44,bike,136.0,clear,11,2,11.033333333333333,5,1,0.258819045102521,-0.9659258262890682,-0.9749279121818236,-0.2225209339563146,8.44,22
137,thai,13.3,suburbs_north,6.6,3,39.8,car,365.0,cloudy,20,40,20.666666666666668,0,0,-0.8660254037844386,0.5,0.0,1.0,13.266666666666666,35
145,pizza,12.3,suburbs_south,2.1,1,11.45,bike,1142.0,clear,12,29,12.483333333333333,2,0,1.2246467991473532e-16,-1.0,0.9749279121818236,-0.22252093395631434,11.45,23
77,pizza,11.4,uptown,5.0,2,14.97,scooter,253.0,clear,12,55,12.916666666666666,2,0,1.2246467991473532e-16,-1.0,0.9749279121818236,-0.22252093395631434,7.485,30
66,sushi,18.7,midtown,2.2,3,37.59,scooter,86.0,cloudy,20,49,20.816666666666666,6,1,-0.8660254037844386,0.5,-0.7818314824680299,0.6234898018587334,12.530000000000001,40
8,burgers,12.1,uptown,2.4,2,23.17,bike,35.0,rain,19,6,19.1,1,0,-0.9659258262890684,0.2588190451025203,0.7818314824680297,0.6234898018587336,11.585,28
32,thai,16.7,uptown,3.6,2,26.45,car,67.0,clear,22,33,22.55,4,0,-0.5000000000000004,0.8660254037844384,-0.433883739117558,-0.9009688679024191,13.225,25
5,mexican,12.4,uptown,1.5,1,13.18,bike,478.0,rain,12,41,12.683333333333334,0,0,1.2246467991473532e-16,-1.0,0.0,1.0,13.18,27
87,burgers,6.5,downtown,3.4,2,31.57,bike,68.0,clear,12,0,12.0,6,1,1.2246467991473532e-16,-1.0,-0.7818314824680299,0.6234898018587334,15.785,30
116,sushi,16.4,downtown,3.0,6,79.73,bike,61.0,rain,12,42,12.7,1,0,1.2246467991473532e-16,-1.0,0.7818314824680297,0.6234898018587336,13.288333333333334,40
136,salads,9.3,downtown,0.9,2,22.02,scooter,379.0,cloudy,20,27,20.45,6,1,-0.8660254037844386,0.5,-0.7818314824680299,0.6234898018587334,11.01,18
143,chinese,12.4,uptown,4.6,2,18.4,bike,92.0,clear,20,50,20.833333333333332,2,0,-0.8660254037844386,0.5,0.9749279121818236,-0.22252093395631434,9.2,37
111,pizza,8.5,downtown,1.9,5,57.59,bike,164.0,clear,18,33,18.55,6,1,-1.0,-1.8369701987210297e-16,-0.7818314824680299,0.6234898018587334,11.518,24
81,sushi,17.4,downtown,1.8,1,12.53,bike,909.0,clear,12,40,12.666666666666666,4,0,1.2246467991473532e-16,-1.0,-0.433883739117558,-0.9009688679024191,12.53,27
95,pizza,11.9,suburbs_south,4.9,5,40.71,scooter,121.0,rain,18,33,18.55,5,1,-1.0,-1.8369701987210297e-16,-0.9749279121818236,-0.2225209339563146,8.142,37
88,burgers,8.9,suburbs_south,7.6,1,12.4,car,352.0,clear,10,13,10.216666666666667,4,0,0.49999999999999994,-0.8660254037844387,-0.433883739117558,-0.9009688679024191,12.4,31
77,pizza,11.4,uptown,2.4,7,72.41,scooter,63.0,cloudy,19,45,19.75,4,0,-0.9659258262890684,0.2588190451025203,-0.433883739117558,-0.9009688679024191,10.344285714285714,28
160,salads,5.0,uptown,4.9,8,59.06,car,430.0,clear,12,19,12.316666666666666,4,0,1.2246467991473532e-16,-1.0,-0.433883739117558,-0.9009688679024191,7.3825,22
128,chinese,6.8,uptown,3.7,2,32.0,car,56.0,clear,17,45,17.75,1,0,-0.9659258262890683,-0.25881904510252063,0.7818314824680297,0.6234898018587336,16.0,21
46,indian,19.4,downtown,1.1,2,15.59,bike,440.0,clear,20,51,20.85,4,0,-0.8660254037844386,0.5,-0.433883739117558,-0.9009688679024191,7.795,25
156,salads,12.7,downtown,3.0,1,12.68,scooter,81.0,clear,13,6,13.1,1,0,-0.2588190451025208,-0.9659258262890683,0.7818314824680297,0.6234898018587336,12.68,29
15,indian,18.1,midtown,4.1,3,45.05,car,41.0,clear,11,47,11.783333333333333,5,1,0.258819045102521,-0.9659258262890682,-0.9749279121818236,-0.2225209339563146,15.016666666666666,120
41,thai,19.0,downtown,1.7,2,31.66,car,503.0,clear,13,4,13.066666666666666,5,1,-0.2588190451025208,-0.9659258262890683,-0.9749279121818236,-0.2225209339563146,15.83,37
78,mexican,9.1,downtown,1.7,1,8.53,scooter,51.0,rain,20,44,20.733333333333334,2,0,-0.8660254037844386,0.5,0.9749279121818236,-0.22252093395631434,8.53,19
12,thai,12.8,midtown,1.2,1,13.73,car,500.0,clear,13,57,13.95,4,0,-0.2588190451025208,-0.9659258262890683,-0.433883739117558,-0.9009688679024191,13.73,23
19,chinese,10.6,downtown,1.6,1,11.2,bike,1101.0,clear,12,47,12.783333333333333,4,0,1.2246467991473532e-16,-1.0,-0.433883739117558,-0.9009688679024191,11.2,15
59,pizza,11.7,suburbs_south,9.2,1,11.85,scooter,16.0,cloudy,17,0,17.0,6,1,-0.9659258262890683,-0.25881904510252063,-0.7818314824680299,0.6234898018587334,11.85,44
51,indian,17.0,downtown,2.8,2,17.01,bike,176.0,rain,12,28,12.466666666666667,6,1,1.2246467991473532e-16,-1.0,-0.7818314824680299,0.6234898018587334,8.505,40
111,pizza,8.5,downtown,2.6,2,30.64,scooter,81.0,clear,22,9,22.15,2,0,-0.5000000000000004,0.8660254037844384,0.9749279121818236,-0.22252093395631434,15.32,20
70,thai,14.2,suburbs_north,7.7,6,47.08,scooter,78.0,heavy_rain,20,2,20.033333333333335,0,0,-0.8660254037844386,0.5,0.0,1.0,7.846666666666667,57
144,chinese,7.6,midtown,2.1,3,25.96,scooter,416.0,clear,16,25,16.416666666666668,0,0,-0.8660254037844384,-0.5000000000000004,0.0,1.0,8.653333333333334,20
102,indian,17.4,uptown,4.4,2,14.35,bike,55.0,cloudy,19,41,19.683333333333334,5,1,-0.9659258262890684,0.2588190451025203,-0.9749279121818236,-0.2225209339563146,7.175,48
14,burgers,6.4,downtown,0.9,4,40.81,scooter,300.0,clear,12,28,12.466666666666667,3,0,1.2246467991473532e-16,-1.0,0.43388373911755823,-0.900968867902419,10.2025,15
155,indian,14.5,suburbs_south,5.9,1,10.78,scooter,301.0,clear,21,0,21.0,0,0,-0.7071067811865477,0.7071067811865474,0.0,1.0,10.78,33
39,thai,21.0,downtown,3.1,1,10.93,scooter,240.0,clear,13,40,13.666666666666666,3,0,-0.2588190451025208,-0.9659258262890683,0.43388373911755823,-0.900968867902419,10.93,32
66,sushi,18.7,midtown,3.1,1,14.63,scooter,66.0,clear,19,58,19.966666666666665,2,0,-0.9659258262890684,0.2588190451025203,0.9749279121818236,-0.22252093395631434,14.63,34
144,chinese,7.6,midtown,3.2,2,22.09,bike,30.0,clear,13,1,13.016666666666667,1,0,-0.2588190451025208,-0.9659258262890683,0.7818314824680297,0.6234898018587336,11.045,25
47,mexican,14.1,downtown,2.2,5,52.88,scooter,132.0,clear,18,3,18.05,3,0,-1.0,-1.8369701987210297e-16,0.43388373911755823,-0.900968867902419,10.576,27
59,pizza,11.7,suburbs_south,6.1,2,18.74,car,147.0,heavy_rain,12,58,12.966666666666667,6,1,1.2246467991473532e-16,-1.0,-0.7818314824680299,0.6234898018587334,9.37,41
114,chinese,12.4,suburbs_south,3.6,4,40.29,bike,204.0,clear,19,19,19.316666666666666,0,0,-0.9659258262890684,0.2588190451025203,0.0,1.0,10.0725,34
74,thai,18.7,downtown,0.9,7,67.78,scooter,26.0,rain,17,13,17.216666666666665,3,0,-0.9659258262890683,-0.25881904510252063,0.43388373911755823,-0.900968867902419,9.682857142857143,34
28,indian,19.5,downtown,0.7,7,104.14,scooter,78.0,clear,11,49,11.816666666666666,0,0,0.258819045102521,-0.9659258262890682,0.0,1.0,14.877142857142857,30
107,sushi,18.0,suburbs_south,7.9,2,27.23,car,126.0,rain,22,43,22.716666666666665,6,1,-0.5000000000000004,0.8660254037844384,-0.7818314824680299,0.6234898018587334,13.615,49
85,pizza,11.8,uptown,1.3,1,8.0,scooter,117.0,heavy_rain,20,8,20.133333333333333,2,0,-0.8660254037844386,0.5,0.9749279121818236,-0.22252093395631434,8.0,20
28,indian,19.5,downtown,2.2,2,21.95,bike,87.0,clear,16,8,16.133333333333333,3,0,-0.8660254037844384,-0.5000000000000004,0.43388373911755823,-0.900968867902419,10.975,32
32,thai,16.7,uptown,2.4,5,60.3,scooter,7.0,clear,13,3,13.05,3,0,-0.2588190451025208,-0.9659258262890683,0.43388373911755823,-0.900968867902419,12.059999999999999,29
91,salads,10.1,suburbs_south,5.0,3,25.71,car,94.0,heavy_rain,19,20,19.333333333333332,4,0,-0.9659258262890684,0.2588190451025203,-0.433883739117558,-0.9009688679024191,8.57,33
68,thai,11.9,uptown,3.6,4,44.53,car,272.0,clear,17,47,17.783333333333335,6,1,-0.9659258262890683,-0.25881904510252063,-0.7818314824680299,0.6234898018587334,11.1325,22
39,thai,21.0,downtown,1.6,1,8.0,car,132.0,rain,11,10,11.166666666666666,1,0,0.258819045102521,-0.9659258262890682,0.7818314824680297,0.6234898018587336,8.0,37
133,chinese,15.9,suburbs_north,6.3,1,11.63,car,266.0,clear,17,58,17.966666666666665,0,0,-0.9659258262890683,-0.25881904510252063,0.0,1.0,11.63,28
47,mexican,14.1,downtown,1.2,3,26.29,car,184.0,rain,14,46,14.766666666666667,4,0,-0.4999999999999998,-0.8660254037844388,-0.433883739117558,-0.9009688679024191,8.763333333333334,19
98,salads,11.1,midtown,2.6,2,19.77,bike,147.0,clear,22,49,22.816666666666666,3,0,-0.5000000000000004,0.8660254037844384,0.43388373911755823,-0.900968867902419,9.885,29
104,thai,11.5,suburbs_south,2.6,2,14.75,bike,150.0,cloudy,19,24,19.4,4,0,-0.9659258262890684,0.2588190451025203,-0.433883739117558,-0.9009688679024191,7.375,26
66,sushi,18.7,midtown,2.9,3,45.23,scooter,52.0,clear,11,17,11.283333333333333,1,0,0.258819045102521,-0.9659258262890682,0.7818314824680297,0.6234898018587336,15.076666666666666,36
158,indian,12.1,midtown,1.6,3,25.15,scooter,116.0,clear,13,46,13.766666666666667,1,0,-0.2588190451025208,-0.9659258262890683,0.7818314824680297,0.6234898018587336,8.383333333333333,25
94,sushi,20.2,downtown,1.3,1,13.67,car,142.0,heavy_rain,12,53,12.883333333333333,0,0,1.2246467991473532e-16,-1.0,0.0,1.0,13.67,39
138,thai,16.2,uptown,3.9,2,30.24,car,143.0,heavy_rain,22,16,22.266666666666666,3,0,-0.5000000000000004,0.8660254037844384,0.43388373911755823,-0.900968867902419,15.12,36
64,mexican,11.6,suburbs_north,7.2,5,55.18,car,41.0,rain,11,42,11.7,2,0,0.258819045102521,-0.9659258262890682,0.9749279121818236,-0.22252093395631434,11.036,41
39,thai,21.0,downtown,3.7,3,25.32,bike,44.0,clear,11,4,11.066666666666666,4,0,0.258819045102521,-0.9659258262890682,-0.433883739117558,-0.9009688679024191,8.44,43
82,salads,9.2,midtown,1.5,6,60.28,car,171.0,cloudy,18,16,18.266666666666666,5,1,-1.0,-1.8369701987210297e-16,-0.9749279121818236,-0.2225209339563146,10.046666666666667,21
105,pizza,12.9,midtown,1.7,1,15.94,bike,593.0,rain,11,6,11.1,0,0,0.258819045102521,-0.9659258262890682,0.0,1.0,15.94,23
138,thai,16.2,uptown,5.0,1,13.01,scooter,463.0,cloudy,19,48,19.8,6,1,-0.9659258262890684,0.2588190451025203,-0.7818314824680299,0.6234898018587334,13.01,33
132,mexican,13.3,downtown,1.9,4,55.39,car,519.0,clear,20,29,20.483333333333334,2,0,-0.8660254037844386,0.5,0.9749279121818236,-0.22252093395631434,13.8475,25
153,salads,5.0,suburbs_south,8.0,3,34.89,car,597.0,clear,22,26,22.433333333333334,5,1,-0.5000000000000004,0.8660254037844384,-0.9749279121818236,-0.2225209339563146,11.63,29
146,thai,14.2,uptown,3.2,2,28.53,bike,254.0,cloudy,13,44,13.733333333333333,6,1,-0.2588190451025208,-0.9659258262890683,-0.7818314824680299,0.6234898018587334,14.265,34
13,indian,15.1,downtown,1.7,3,21.49,bike,879.0,clear,22,27,22.45,2,0,-0.5000000000000004,0.8660254037844384,0.9749279121818236,-0.22252093395631434,7.163333333333333,23
11,indian,20.4,uptown,1.6,4,47.86,scooter,4187.0,rain,15,30,15.5,5,1,-0.7071067811865471,-0.7071067811865479,-0.9749279121818236,-0.2225209339563146,11.965,31
140,chinese,17.8,downtown,2.4,3,42.31,car,87.0,clear,20,13,20.216666666666665,4,0,-0.8660254037844386,0.5,-0.433883739117558,-0.9009688679024191,14.103333333333333,38
27,thai,16.7,downtown,1.8,1,12.26,car,399.0,clear,20,17,20.283333333333335,3,0,-0.8660254037844386,0.5,0.43388373911755823,-0.900968867902419,12.26,31
22,mexican,9.1,suburbs_south,3.4,1,11.19,scooter,301.0,clear,15,17,15.283333333333333,1,0,-0.7071067811865471,-0.7071067811865479,0.7818314824680297,0.6234898018587336,11.19,26
29,salads,9.9,midtown,4.7,4,57.88,scooter,1294.0,clear,20,49,20.816666666666666,1,0,-0.8660254037844386,0.5,0.7818314824680297,0.6234898018587336,14.47,32
140,chinese,17.8,downtown,1.3,6,77.74,bike,474.0,rain,17,26,17.433333333333334,4,0,-0.9659258262890683,-0.25881904510252063,-0.433883739117558,-0.9009688679024191,12.956666666666665,31
78,mexican,9.1,downtown,2.2,5,66.01,car,118.0,clear,10,55,10.916666666666666,4,0,0.49999999999999994,-0.8660254037844387,-0.433883739117558,-0.9009688679024191,13.202000000000002,16
113,mexican,13.2,midtown,2.3,2,15.45,bike,37.0,rain,18,49,18.816666666666666,3,0,-1.0,-1.8369701987210297e-16,0.43388373911755823,-0.900968867902419,7.725,31
112,sushi,18.2,downtown,2.7,2,15.61,car,1192.0,clear,21,10,21.166666666666668,4,0,-0.7071067811865477,0.7071067811865474,-0.433883739117558,-0.9009688679024191,7.805,29
126,pizza,12.0,midtown,2.1,3,31.99,scooter,154.0,rain,20,15,20.25,4,0,-0.8660254037844386,0.5,-0.433883739117558,-0.9009688679024191,10.663333333333332,22
9,thai,12.6,suburbs_south,6.2,2,15.54,scooter,203.0,rain,20,13,20.216666666666665,1,0,-0.8660254037844386,0.5,0.7818314824680297,0.6234898018587336,7.77,41
135,sushi,20.5,downtown,1.1,1,8.0,car,19.0,cloudy,10,59,10.983333333333333,1,0,0.49999999999999994,-0.8660254037844387,0.7818314824680297,0.6234898018587336,8.0,26
43,chinese,12.4,uptown,4.0,1,15.14,car,131.0,cloudy,22,28,22.466666666666665,2,0,-0.5000000000000004,0.8660254037844384,0.9749279121818236,-0.22252093395631434,15.14,24
106,pizza,12.3,downtown,1.7,2,31.29,scooter,256.0,clear,14,38,14.633333333333333,5,1,-0.4999999999999998,-0.8660254037844388,-0.9749279121818236,-0.2225209339563146,15.645,24
97,chinese,16.1,uptown,3.1,2,16.48,scooter,29.0,clear,12,19,12.316666666666666,4,0,1.2246467991473532e-16,-1.0,-0.433883739117558,-0.9009688679024191,8.24,36
2,thai,10.5,downtown,2.4,3,21.12,scooter,1695.0,clear,14,56,14.933333333333334,6,1,-0.4999999999999998,-0.8660254037844388,-0.7818314824680299,0.6234898018587334,7.04,19
11,indian,20.4,uptown,4.1,6,87.26,scooter,385.0,clear,12,59,12.983333333333333,5,1,1.2246467991473532e-16,-1.0,-0.9749279121818236,-0.2225209339563146,14.543333333333335,53
122,indian,20.0,midtown,3.6,3,25.82,car,72.0,clear,18,36,18.6,6,1,-1.0,-1.8369701987210297e-16,-0.7818314824680299,0.6234898018587334,8.606666666666667,37
150,mexican,14.6,downtown,1.1,4,57.48,bike,309.0,clear,20,15,20.25,3,0,-0.8660254037844386,0.5,0.43388373911755823,-0.900968867902419,14.37,29
37,pizza,17.5,midtown,4.0,3,22.73,bike,21.0,clear,19,1,19.016666666666666,3,0,-0.9659258262890684,0.2588190451025203,0.43388373911755823,-0.900968867902419,7.576666666666667,41
78,mexican,9.1,downtown,0.9,1,10.56,bike,388.0,clear,12,28,12.466666666666667,3,0,1.2246467991473532e-16,-1.0,0.43388373911755823,-0.900968867902419,10.56,17
75,mexican,13.3,midtown,1.3,1,11.45,bike,130.0,clear,19,25,19.416666666666668,0,0,-0.9659258262890684,0.2588190451025203,0.0,1.0,11.45,26
63,pizza,12.6,downtown,2.5,2,26.81,scooter,64.0,clear,18,10,18.166666666666668,2,0,-1.0,-1.8369701987210297e-16,0.9749279121818236,-0.22252093395631434,13.405,27
42,pizza,16.7,downtown,2.5,7,107.07,bike,14.0,clear,20,21,20.35,4,0,-0.8660254037844386,0.5,-0.433883739117558,-0.9009688679024191,15.295714285714284,41
51,indian,17.0,downtown,3.6,3,25.0,scooter,146.0,cloudy,18,24,18.4,1,0,-1.0,-1.8369701987210297e-16,0.7818314824680297,0.6234898018587336,8.333333333333334,36
93,sushi,16.7,downtown,2.2,2,17.76,scooter,54.0,clear,22,36,22.6,3,0,-0.5000000000000004,0.8660254037844384,0.43388373911755823,-0.900968867902419,8.88,23
83,salads,8.7,midtown,2.4,1,13.63,scooter,128.0,cloudy,14,20,14.333333333333334,4,0,-0.4999999999999998,-0.8660254037844388,-0.433883739117558,-0.9009688679024191,13.63,18
93,sushi,16.7,downtown,1.6,1,9.8,bike,16.0,clear,19,16,19.266666666666666,2,0,-0.9659258262890684,0.2588190451025203,0.9749279121818236,-0.22252093395631434,9.8,26
69,salads,8.8,midtown,1.2,3,32.39,scooter,350.0,rain,17,27,17.45,5,1,-0.9659258262890683,-0.25881904510252063,-0.9749279121818236,-0.2225209339563146,10.796666666666667,18
140,chinese,17.8,downtown,3.7,2,22.63,car,608.0,clear,13,41,13.683333333333334,5,1,-0.2588190451025208,-0.9659258262890683,-0.9749279121818236,-0.2225209339563146,11.315,43
36,burgers,11.8,downtown,2.3,2,14.45,scooter,147.0,cloudy,18,48,18.8,4,0,-1.0,-1.8369701987210297e-16,-0.433883739117558,-0.9009688679024191,7.225,19
143,chinese,12.4,uptown,2.5,2,26.16,bike,1093.0,cloudy,19,29,19.483333333333334,0,0,-0.9659258262890684,0.2588190451025203,0.0,1.0,13.08,24
71,burgers,14.5,uptown,4.1,3,37.08,scooter,1120.0,rain,15,28,15.466666666666667,4,0,-0.7071067811865471,-0.7071067811865479,-0.433883739117558,-0.9009688679024191,12.36,32
149,thai,15.5,downtown,1.1,1,15.35,scooter,141.0,cloudy,14,0,14.0,6,1,-0.4999999999999998,-0.8660254037844388,-0.7818314824680299,0.6234898018587334,15.35,27
50,salads,8.2,midtown,3.1,1,11.93,car,11.0,cloudy,11,46,11.766666666666667,5,1,0.258819045102521,-0.9659258262890682,-0.9749279121818236,-0.2225209339563146,11.93,18
20,mexican,9.2,midtown,1.6,1,8.0,scooter,283.0,rain,19,44,19.733333333333334,1,0,-0.9659258262890684,0.2588190451025203,0.7818314824680297,0.6234898018587336,8.0,21
17,thai,9.8,uptown,1.3,1,10.55,scooter,48.0,clear,21,21,21.35,5,1,-0.7071067811865477,0.7071067811865474,-0.9749279121818236,-0.2225209339563146,10.55,19
96,thai,15.7,downtown,1.0,5,52.06,car,233.0,clear,20,43,20.716666666666665,2,0,-0.8660254037844386,0.5,0.9749279121818236,-0.22252093395631434,10.412,29
84,chinese,11.5,suburbs_south,9.5,1,15.62,car,63.0,rain,18,19,18.316666666666666,2,0,-1.0,-1.8369701987210297e-16,0.9749279121818236,-0.22252093395631434,15.62,46
115,thai,13.4,downtown,1.1,3,21.03,scooter,116.0,clear,12,46,12.766666666666667,2,0,1.2246467991473532e-16,-1.0,0.9749279121818236,-0.22252093395631434,7.010000000000001,25
58,indian,21.6,uptown,3.6,2,26.58,bike,186.0,cloudy,12,58,12.966666666666667,3,0,1.2246467991473532e-16,-1.0,0.43388373911755823,-0.900968867902419,13.29,47
137,thai,13.3,suburbs_north,5.1,2,29.88,bike,104.0,clear,17,35,17.583333333333332,2,0,-0.9659258262890683,-0.25881904510252063,0.9749279121818236,-0.22252093395631434,14.94,36
50,salads,8.2,midtown,3.3,3,27.27,bike,43.0,clear,13,17,13.283333333333333,2,0,-0.2588190451025208,-0.9659258262890683,0.9749279121818236,-0.22252093395631434,9.09,32
144,chinese,7.6,midtown,3.3,4,38.07,scooter,122.0,clear,17,20,17.333333333333332,3,0,-0.9659258262890683,-0.25881904510252063,0.43388373911755823,-0.900968867902419,9.5175,17
106,pizza,12.3,downtown,2.5,3,34.84,scooter,33.0,cloudy,14,18,14.3,3,0,-0.4999999999999998,-0.8660254037844388,0.43388373911755823,-0.900968867902419,11.613333333333335,25
69,salads,8.8,midtown,1.6,2,26.37,car,102.0,clear,13,48,13.8,1,0,-0.2588190451025208,-0.9659258262890683,0.7818314824680297,0.6234898018587336,13.185,24
128,chinese,6.8,uptown,5.3,2,26.65,bike,126.0,rain,19,15,19.25,4,0,-0.9659258262890684,0.2588190451025203,-0.433883739117558,-0.9009688679024191,13.325,39
59,pizza,11.7,suburbs_south,2.3,4,63.8,scooter,573.0,cloudy,12,29,12.483333333333333,2,0,1.2246467991473532e-16,-1.0,0.9749279121818236,-0.22252093395631434,15.95,27
15,indian,18.1,midtown,2.7,1,14.5,scooter,27.0,clear,19,52,19.866666666666667,4,0,-0.9659258262890684,0.2588190451025203,-0.433883739117558,-0.9009688679024191,14.5,34
42,pizza,16.7,downtown,2.0,1,15.63,scooter,92.0,heavy_rain,12,4,12.066666666666666,4,0,1.2246467991473532e-16,-1.0,-0.433883739117558,-0.9009688679024191,15.63,36
113,mexican,13.2,midtown,1.0,2,19.52,scooter,8.0,clear,11,7,11.116666666666667,0,0,0.258819045102521,-0.9659258262890682,0.0,1.0,9.76,24
160,salads,5.0,uptown,1.5,2,29.02,scooter,495.0,cloudy,12,2,12.033333333333333,0,0,1.2246467991473532e-16,-1.0,0.0,1.0,14.51,8
60,chinese,10.4,suburbs_north,6.3,1,10.83,car,310.0,clear,14,48,14.8,1,0,-0.4999999999999998,-0.8660254037844388,0.7818314824680297,0.6234898018587336,10.83,26
105,pizza,12.9,midtown,1.9,1,9.91,car,295.0,cloudy,12,50,12.833333333333334,0,0,1.2246467991473532e-16,-1.0,0.0,1.0,9.91,26
106,pizza,12.3,downtown,2.3,2,18.84,bike,183.0,clear,10,59,10.983333333333333,2,0,0.49999999999999994,-0.8660254037844387,0.9749279121818236,-0.22252093395631434,9.42,24
143,chinese,12.4,uptown,4.0,1,12.15,bike,601.0,cloudy,12,39,12.65,1,0,1.2246467991473532e-16,-1.0,0.7818314824680297,0.6234898018587336,12.15,33
27,thai,16.7,downtown,2.7,1,13.62,scooter,447.0,rain,18,45,18.75,1,0,-1.0,-1.8369701987210297e-16,0.7818314824680297,0.6234898018587336,13.62,28
132,mexican,13.3,downtown,1.5,3,42.08,bike,167.0,clear,19,15,19.25,2,0,-0.9659258262890684,0.2588190451025203,0.9749279121818236,-0.22252093395631434,14.026666666666666,27
21,pizza,17.0,midtown,2.2,3,39.07,car,264.0,heavy_rain,21,42,21.7,3,0,-0.7071067811865477,0.7071067811865474,0.43388373911755823,-0.900968867902419,13.023333333333333,28
79,salads,10.0,midtown,3.1,1,15.47,bike,376.0,clear,11,11,11.183333333333334,6,1,0.258819045102521,-0.9659258262890682,-0.7818314824680299,0.6234898018587334,15.47,28
89,sushi,22.3,suburbs_north,7.2,4,32.99,scooter,85.0,cloudy,12,49,12.816666666666666,5,1,1.2246467991473532e-16,-1.0,-0.9749279121818236,-0.2225209339563146,8.2475,57
9,thai,12.6,suburbs_south,5.5,2,14.41,scooter,147.0,clear,11,35,11.583333333333334,3,0,0.258819045102521,-0.9659258262890682,0.43388373911755823,-0.900968867902419,7.205,33
22,mexican,9.1,suburbs_south,7.2,2,25.36,car,579.0,clear,13,10,13.166666666666666,5,1,-0.2588190451025208,-0.9659258262890683,-0.9749279121818236,-0.2225209339563146,12.68,26
113,mexican,13.2,midtown,1.3,1,11.57,bike,53.0,heavy_rain,23,20,23.333333333333332,6,1,-0.2588190451025215,0.9659258262890681,-0.7818314824680299,0.6234898018587334,11.57,29
150,mexican,14.6,downtown,2.7,2,29.96,bike,71.0,clear,16,1,16.016666666666666,0,0,-0.8660254037844384,-0.5000000000000004,0.0,1.0,14.98,30
140,chinese,17.8,downtown,1.2,1,14.71,scooter,599.0,cloudy,13,24,13.4,2,0,-0.2588190451025208,-0.9659258262890683,0.9749279121818236,-0.22252093395631434,14.71,31
149,thai,15.5,downtown,2.4,4,38.76,bike,81.0,clear,16,48,16.8,6,1,-0.8660254037844384,-0.5000000000000004,-0.7818314824680299,0.6234898018587334,9.69,32
78,mexican,9.1,downtown,2.3,2,26.18,bike,10.0,rain,20,19,20.316666666666666,5,1,-0.8660254037844386,0.5,-0.9749279121818236,-0.2225209339563146,13.09,135
25,mexican,14.5,midtown,1.3,2,23.82,car,8469.0,cloudy,13,55,13.916666666666666,6,1,-0.2588190451025208,-0.9659258262890683,-0.7818314824680299,0.6234898018587334,11.91,18
101,thai,11.8,suburbs_north,8.8,4,51.61,car,101.0,clear,16,55,16.916666666666668,3,0,-0.8660254037844384,-0.5000000000000004,0.43388373911755823,-0.900968867902419,12.9025,41
139,indian,20.7,midtown,2.0,2,16.9,scooter,34.0,clear,14,24,14.4,0,0,-0.4999999999999998,-0.8660254037844388,0.0,1.0,8.45,28
118,thai,15.5,downtown,1.8,2,14.97,car,2923.0,clear,18,18,18.3,1,0,-1.0,-1.8369701987210297e-16,0.7818314824680297,0.6234898018587336,7.485,29
11,indian,20.4,uptown,3.1,1,9.24,scooter,181.0,clear,15,12,15.2,6,1,-0.7071067811865471,-0.7071067811865479,-0.7818314824680299,0.6234898018587334,9.24,40
134,mexican,10.8,midtown,3.6,3,33.44,car,253.0,clear,20,58,20.966666666666665,2,0,-0.8660254037844386,0.5,0.9749279121818236,-0.22252093395631434,11.146666666666667,28
95,pizza,11.9,suburbs_south,3.0,5,50.61,scooter,266.0,clear,12,33,12.55,1,0,1.2246467991473532e-16,-1.0,0.7818314824680297,0.6234898018587336,10.122,27
148,indian,16.9,suburbs_north,10.3,2,20.17,scooter,132.0,clear,18,13,18.216666666666665,4,0,-1.0,-1.8369701987210297e-16,-0.433883739117558,-0.9009688679024191,10.085,53
131,indian,22.1,downtown,3.2,1,15.93,car,170.0,heavy_rain,21,48,21.8,5,1,-0.7071067811865477,0.7071067811865474,-0.9749279121818236,-0.2225209339563146,15.93,38
120,pizza,12.2,downtown,3.8,3,31.23,scooter,139.0,clear,19,36,19.6,6,1,-0.9659258262890684,0.2588190451025203,-0.7818314824680299,0.6234898018587334,10.41,32
13,indian,15.1,downtown,1.7,8,100.04,bike,110.0,cloudy,12,45,12.75,3,0,1.2246467991473532e-16,-1.0,0.43388373911755823,-0.900968867902419,12.505,31
80,chinese,16.1,downtown,0.9,6,69.96,scooter,589.0,clear,12,16,12.266666666666667,1,0,1.2246467991473532e-16,-1.0,0.7818314824680297,0.6234898018587336,11.659999999999998,28
105,pizza,12.9,midtown,1.9,3,38.8,scooter,82.0,clear,14,57,14.95,4,0,-0.4999999999999998,-0.8660254037844388,-0.433883739117558,-0.9009688679024191,12.933333333333332,25
34,mexican,12.2,midtown,2.5,2,21.74,scooter,53.0,cloudy,12,26,12.433333333333334,0,0,1.2246467991473532e-16,-1.0,0.0,1.0,10.87,23
42,pizza,16.7,downtown,1.9,1,15.28,bike,200.0,clear,14,0,14.0,1,0,-0.4999999999999998,-0.8660254037844388,0.7818314824680297,0.6234898018587336,15.28,26
2,thai,10.5,downtown,3.0,1,13.28,scooter,71.0,clear,12,49,12.816666666666666,5,1,1.2246467991473532e-16,-1.0,-0.9749279121818236,-0.2225209339563146,13.28,27
50,salads,8.2,midtown,1.9,1,11.99,car,204.0,clear,12,30,12.5,2,0,1.2246467991473532e-16,-1.0,0.9749279121818236,-0.22252093395631434,11.99,18
47,mexican,14.1,downtown,2.0,2,27.31,bike,600.0,cloudy,20,16,20.266666666666666,5,1,-0.8660254037844386,0.5,-0.9749279121818236,-0.2225209339563146,13.655,30
65,thai,16.7,uptown,5.6,3,46.47,bike,337.0,cloudy,11,23,11.383333333333333,0,0,0.258819045102521,-0.9659258262890682,0.0,1.0,15.49,50
82,salads,9.2,midtown,0.9,1,8.67,scooter,36.0,clear,17,53,17.883333333333333,2,0,-0.9659258262890683,-0.25881904510252063,0.9749279121818236,-0.22252093395631434,8.67,18
42,pizza,16.7,downtown,1.5,5,74.63,scooter,1517.0,cloudy,18,10,18.166666666666668,4,0,-1.0,-1.8369701987210297e-16,-0.433883739117558,-0.9009688679024191,14.925999999999998,31
66,sushi,18.7,midtown,4.1,1,10.3,bike,31.0,cloudy,12,48,12.8,2,0,1.2246467991473532e-16,-1.0,0.9749279121818236,-0.22252093395631434,10.3,41
152,indian,18.0,suburbs_north,8.6,2,14.91,car,14.0,heavy_rain,13,48,13.8,4,0,-0.2588190451025208,-0.9659258262890683,-0.433883739117558,-0.9009688679024191,7.455,60
24,pizza,15.8,uptown,2.0,2,15.93,bike,143.0,cloudy,14,57,14.95,4,0,-0.4999999999999998,-0.8660254037844388,-0.433883739117558,-0.9009688679024191,7.965,31
152,indian,18.0,suburbs_north,4.5,2,23.87,scooter,899.0,cloudy,13,53,13.883333333333333,2,0,-0.2588190451025208,-0.9659258262890683,0.9749279121818236,-0.22252093395631434,11.935,37
62,salads,6.7,downtown,1.8,2,26.24,bike,119.0,clear,18,21,18.35,4,0,-1.0,-1.8369701987210297e-16,-0.433883739117558,-0.9009688679024191,13.12,18
113,mexican,13.2,midtown,4.3,1,8.0,bike,158.0,clear,19,37,19.616666666666667,2,0,-0.9659258262890684,0.2588190451025203,0.9749279121818236,-0.22252093395631434,8.0,36
34,mexican,12.2,midtown,5.3,4,56.23,bike,119.0,clear,11,3,11.05,6,1,0.258819045102521,-0.9659258262890682,-0.7818314824680299,0.6234898018587334,14.0575,42
81,sushi,17.4,downtown,2.6,1,9.7,scooter,72.0,clear,19,59,19.983333333333334,3,0,-0.9659258262890684,0.2588190451025203,0.43388373911755823,-0.900968867902419,9.7,34
94,sushi,20.2,downtown,3.2,1,10.72,bike,69.0,cloudy,19,1,19.016666666666666,5,1,-0.9659258262890684,0.2588190451025203,-0.9749279121818236,-0.2225209339563146,10.72,45
46,indian,19.4,downtown,2.4,3,45.06,car,70.0,clear,21,47,21.783333333333335,2,0,-0.7071067811865477,0.7071067811865474,0.9749279121818236,-0.22252093395631434,15.020000000000001,25
140,chinese,17.8,downtown,2.8,4,33.54,car,873.0,clear,11,20,11.333333333333334,5,1,0.258819045102521,-0.9659258262890682,-0.9749279121818236,-0.2225209339563146,8.385,41
135,sushi,20.5,downtown,2.5,2,14.18,scooter,376.0,clear,18,25,18.416666666666668,0,0,-1.0,-1.8369701987210297e-16,0.0,1.0,7.09,38
43,chinese,12.4,uptown,2.9,2,24.62,bike,1182.0,cloudy,21,55,21.916666666666668,2,0,-0.7071067811865477,0.7071067811865474,0.9749279121818236,-0.22252093395631434,12.31,32
120,pizza,12.2,downtown,1.8,2,25.68,car,703.0,clear,19,58,19.966666666666665,5,1,-0.9659258262890684,0.2588190451025203,-0.9749279121818236,-0.2225209339563146,12.84,23
102,indian,17.4,uptown,3.1,6,73.35,bike,914.0,cloudy,20,58,20.966666666666665,1,0,-0.8660254037844386,0.5,0.7818314824680297,0.6234898018587336,12.225,41
4,pizza,14.0,suburbs_south,6.3,1,12.45,car,134.0,clear,17,58,17.966666666666665,6,1,-0.9659258262890683,-0.25881904510252063,-0.7818314824680299,0.6234898018587334,12.45,27
136,salads,9.3,downtown,1.6,3,35.69,bike,147.0,clear,18,20,18.333333333333332,2,0,-1.0,-1.8369701987210297e-16,0.9749279121818236,-0.22252093395631434,11.896666666666667,25
54,salads,9.4,downtown,2.1,8,124.45,scooter,50.0,clear,10,58,10.966666666666667,4,0,0.49999999999999994,-0.8660254037844387,-0.433883739117558,-0.9009688679024191,15.55625,22
24,pizza,15.8,uptown,3.2,6,76.89,car,311.0,clear,13,8,13.133333333333333,6,1,-0.2588190451025208,-0.9659258262890683,-0.7818314824680299,0.6234898018587334,12.815,40
89,sushi,22.3,suburbs_north,3.7,3,45.3,scooter,147.0,cloudy,19,49,19.816666666666666,3,0,-0.9659258262890684,0.2588190451025203,0.43388373911755823,-0.900968867902419,15.1,43
92,thai,7.0,uptown,4.6,5,76.84,bike,431.0,clear,14,10,14.166666666666666,3,0,-0.4999999999999998,-0.8660254037844388,0.43388373911755823,-0.900968867902419,15.368,21
124,indian,17.6,downtown,1.0,1,8.0,bike,680.0,clear,20,57,20.95,0,0,-0.8660254037844386,0.5,0.0,1.0,8.0,28
7,thai,17.1,midtown,3.7,1,8.0,car,216.0,clear,20,39,20.65,0,0,-0.8660254037844386,0.5,0.0,1.0,8.0,139
151,chinese,11.8,downtown,1.3,5,67.86,bike,259.0,rain,20,50,20.833333333333332,0,0,-0.8660254037844386,0.5,0.0,1.0,13.572,28
109,burgers,10.0,downtown,3.1,4,29.42,bike,847.0,cloudy,20,51,20.85,0,0,-0.8660254037844386,0.5,0.0,1.0,7.355,25
60,chinese,10.4,suburbs_north,9.5,4,40.45,car,313.0,clear,20,17,20.283333333333335,1,0,-0.8660254037844386,0.5,0.7818314824680297,0.6234898018587336,10.1125,42
94,sushi,20.2,downtown,0.8,3,27.8,car,38.0,clear,20,49,20.816666666666666,6,1,-0.8660254037844386,0.5,-0.7818314824680299,0.6234898018587334,9.266666666666667,34
122,indian,20.0,midtown,1.6,7,79.55,bike,42.0,clear,20,52,20.866666666666667,2,0,-0.8660254037844386,0.5,0.9749279121818236,-0.22252093395631434,11.364285714285714,41
88,burgers,8.9,suburbs_south,3.6,2,17.89,scooter,245.0,clear,17,28,17.466666666666665,0,0,-0.9659258262890683,-0.25881904510252063,0.0,1.0,8.945,22
20,mexican,9.2,midtown,4.5,2,22.13,scooter,33.0,clear,19,34,19.566666666666666,6,1,-0.9659258262890684,0.2588190451025203,-0.7818314824680299,0.6234898018587334,11.065,25
85,pizza,11.8,uptown,2.0,2,18.05,scooter,79.0,clear,20,9,20.15,2,0,-0.8660254037844386,0.5,0.9749279121818236,-0.22252093395631434,9.025,21
108,mexican,10.1,suburbs_south,7.9,3,31.39,car,340.0,clear,12,15,12.25,6,1,1.2246467991473532e-16,-1.0,-0.7818314824680299,0.6234898018587334,10.463333333333333,33
112,sushi,18.2,downtown,1.7,7,102.23,bike,21.0,rain,12,47,12.783333333333333,6,1,1.2246467991473532e-16,-1.0,-0.7818314824680299,0.6234898018587334,14.604285714285714,44
117,pizza,16.2,suburbs_south,2.2,5,53.76,scooter,127.0,clear,19,22,19.366666666666667,2,0,-0.9659258262890684,0.2588190451025203,0.9749279121818236,-0.22252093395631434,10.751999999999999,41
57,sushi,15.1,midtown,5.2,2,25.99,bike,55.0,rain,21,0,21.0,1,0,-0.7071067811865477,0.7071067811865474,0.7818314824680297,0.6234898018587336,12.995,43
107,sushi,18.0,suburbs_south,7.1,1,15.05,scooter,89.0,rain,14,52,14.866666666666667,1,0,-0.4999999999999998,-0.8660254037844388,0.7818314824680297,0.6234898018587336,15.05,45
13,indian,15.1,downtown,2.4,1,11.68,scooter,94.0,clear,17,53,17.883333333333333,4,0,-0.9659258262890683,-0.25881904510252063,-0.433883739117558,-0.9009688679024191,11.68,27
57,sushi,15.1,midtown,1.8,2,27.27,bike,35.0,rain,10,19,10.316666666666666,4,0,0.49999999999999994,-0.8660254037844387,-0.433883739117558,-0.9009688679024191,13.635,35
13,indian,15.1,downtown,2.8,3,38.01,scooter,503.0,clear,19,8,19.133333333333333,0,0,-0.9659258262890684,0.2588190451025203,0.0,1.0,12.67,28
120,pizza,12.2,downtown,1.3,5,51.51,bike,217.0,clear,20,29,20.483333333333334,0,0,-0.8660254037844386,0.5,0.0,1.0,10.302,27
89,sushi,22.3,suburbs_north,3.0,6,92.8,scooter,69.0,heavy_rain,18,17,18.283333333333335,3,0,-1.0,-1.8369701987210297e-16,0.43388373911755823,-0.900968867902419,15.466666666666667,51
94,sushi,20.2,downtown,1.2,3,45.17,bike,121.0,clear,21,10,21.166666666666668,5,1,-0.7071067811865477,0.7071067811865474,-0.9749279121818236,-0.2225209339563146,15.056666666666667,31
131,indian,22.1,downtown,3.8,1,13.34,bike,562.0,clear,18,27,18.45,2,0,-1.0,-1.8369701987210297e-16,0.9749279121818236,-0.22252093395631434,13.34,45
84,chinese,11.5,suburbs_south,10.6,1,13.0,car,67.0,cloudy,18,13,18.216666666666665,4,0,-1.0,-1.8369701987210297e-16,-0.433883739117558,-0.9009688679024191,13.0,47
43,chinese,12.4,uptown,2.0,1,14.08,bike,104.0,rain,19,34,19.566666666666666,1,0,-0.9659258262890684,0.2588190451025203,0.7818314824680297,0.6234898018587336,14.08,26
114,chinese,12.4,suburbs_south,8.7,2,14.77,scooter,78.0,rain,19,16,19.266666666666666,4,0,-0.9659258262890684,0.2588190451025203,-0.433883739117558,-0.9009688679024191,7.385,43
9,thai,12.6,suburbs_south,10.0,2,30.06,car,49.0,clear,13,52,13.866666666666667,4,0,-0.2588190451025208,-0.9659258262890683,-0.433883739117558,-0.9009688679024191,15.03,42
153,salads,5.0,suburbs_south,6.3,1,8.27,car,48.0,cloudy,18,45,18.75,0,0,-1.0,-1.8369701987210297e-16,0.0,1.0,8.27,23
40,pizza,18.4,midtown,2.0,3,27.57,bike,150.0,clear,15,40,15.666666666666666,2,0,-0.7071067811865471,-0.7071067811865479,0.9749279121818236,-0.22252093395631434,9.19,32
78,mexican,9.1,downtown,2.8,2,21.35,bike,1280.0,rain,13,41,13.683333333333334,2,0,-0.2588190451025208,-0.9659258262890683,0.9749279121818236,-0.22252093395631434,10.675,32
89,sushi,22.3,suburbs_north,7.9,4,39.56,car,205.0,clear,15,30,15.5,3,0,-0.7071067811865471,-0.7071067811865479,0.43388373911755823,-0.900968867902419,9.89,50
26,pizza,14.9,midtown,3.7,4,59.9,scooter,273.0,clear,21,19,21.316666666666666,2,0,-0.7071067811865477,0.7071067811865474,0.9749279121818236,-0.22252093395631434,14.975,28
136,salads,9.3,downtown,2.9,3,32.36,car,111.0,clear,18,59,18.983333333333334,2,0,-1.0,-1.8369701987210297e-16,0.9749279121818236,-0.22252093395631434,10.786666666666667,21
66,sushi,18.7,midtown,2.4,1,10.32,bike,729.0,clear,18,51,18.85,3,0,-1.0,-1.8369701987210297e-16,0.43388373911755823,-0.900968867902419,10.32,32
120,pizza,12.2,downtown,2.1,4,60.13,bike,328.0,rain,21,11,21.183333333333334,3,0,-0.7071067811865477,0.7071067811865474,0.43388373911755823,-0.900968867902419,15.0325,22
150,mexican,14.6,downtown,0.8,2,15.69,bike,159.0,rain,20,47,20.783333333333335,0,0,-0.8660254037844386,0.5,0.0,1.0,7.845,24
4,pizza,14.0,suburbs_south,3.5,4,55.62,bike,460.0,clear,14,13,14.216666666666667,5,1,-0.4999999999999998,-0.8660254037844388,-0.9749279121818236,-0.2225209339563146,13.905,32
158,indian,12.1,midtown,1.8,1,14.77,bike,183.0,clear,12,35,12.583333333333334,0,0,1.2246467991473532e-16,-1.0,0.0,1.0,14.77,29
20,mexican,9.2,midtown,5.2,3,21.86,car,40.0,clear,18,4,18.066666666666666,3,0,-1.0,-1.8369701987210297e-16,0.43388373911755823,-0.900968867902419,7.286666666666666,29
107,sushi,18.0,suburbs_south,5.1,5,37.0,scooter,170.0,clear,16,9,16.15,3,0,-0.8660254037844384,-0.5000000000000004,0.43388373911755823,-0.900968867902419,7.4,40
87,burgers,6.5,downtown,0.9,1,13.52,bike,120.0,cloudy,22,13,22.216666666666665,3,0,-0.5000000000000004,0.8660254037844384,0.43388373911755823,-0.900968867902419,13.52,11
143,chinese,12.4,uptown,3.4,2,21.87,bike,76.0,cloudy,13,5,13.083333333333334,0,0,-0.2588190451025208,-0.9659258262890683,0.0,1.0,10.935,36
12,thai,12.8,midtown,1.4,2,25.68,car,226.0,clear,14,56,14.933333333333334,3,0,-0.4999999999999998,-0.8660254037844388,0.43388373911755823,-0.900968867902419,12.84,20
41,thai,19.0,downtown,3.2,2,18.88,bike,106.0,rain,19,14,19.233333333333334,1,0,-0.9659258262890684,0.2588190451025203,0.7818314824680297,0.6234898018587336,9.44,45
43,chinese,12.4,uptown,2.0,3,33.64,bike,147.0,clear,12,58,12.966666666666667,6,1,1.2246467991473532e-16,-1.0,-0.7818314824680299,0.6234898018587334,11.213333333333333,28
17,thai,9.8,uptown,3.6,2,19.29,scooter,76.0,clear,19,31,19.516666666666666,5,1,-0.9659258262890684,0.2588190451025203,-0.9749279121818236,-0.2225209339563146,9.645,24
92,thai,7.0,uptown,3.0,2,17.46,scooter,244.0,heavy_rain,17,49,17.816666666666666,4,0,-0.9659258262890683,-0.25881904510252063,-0.433883739117558,-0.9009688679024191,8.73,22
113,mexican,13.2,midtown,2.2,3,41.02,scooter,44.0,clear,20,22,20.366666666666667,4,0,-0.8660254037844386,0.5,-0.433883739117558,-0.9009688679024191,13.673333333333334,25
144,chinese,7.6,midtown,4.5,1,8.3,scooter,106.0,clear,11,20,11.333333333333334,6,1,0.258819045102521,-0.9659258262890682,-0.7818314824680299,0.6234898018587334,8.3,18
74,thai,18.7,downtown,1.1,2,16.22,car,822.0,rain,16,6,16.1,1,0,-0.8660254037844384,-0.5000000000000004,0.7818314824680297,0.6234898018587336,8.11,28
97,chinese,16.1,uptown,6.0,2,23.38,bike,27.0,clear,20,8,20.133333333333333,3,0,-0.8660254037844386,0.5,0.43388373911755823,-0.900968867902419,11.69,47
158,indian,12.1,midtown,4.2,3,28.45,bike,147.0,cloudy,15,56,15.933333333333334,5,1,-0.7071067811865471,-0.7071067811865479,-0.9749279121818236,-0.2225209339563146,9.483333333333333,29
28,indian,19.5,downtown,1.6,7,110.54,bike,39.0,heavy_rain,18,6,18.1,6,1,-1.0,-1.8369701987210297e-16,-0.7818314824680299,0.6234898018587334,15.791428571428572,49
109,burgers,10.0,downtown,1.4,8,107.48,scooter,1751.0,clear,19,46,19.766666666666666,5,1,-0.9659258262890684,0.2588190451025203,-0.9749279121818236,-0.2225209339563146,13.435,20
53,thai,11.5,midtown,1.8,2,23.39,bike,66.0,clear,11,18,11.3,5,1,0.258819045102521,-0.9659258262890682,-0.9749279121818236,-0.2225209339563146,11.695,36
136,salads,9.3,downtown,2.3,3,21.45,scooter,38.0,clear,13,59,13.983333333333333,2,0,-0.2588190451025208,-0.9659258262890683,0.9749279121818236,-0.22252093395631434,7.1499999999999995,19
85,pizza,11.8,uptown,5.0,1,14.67,scooter,181.0,clear,14,6,14.1,2,0,-0.4999999999999998,-0.8660254037844388,0.9749279121818236,-0.22252093395631434,14.67,25
57,sushi,15.1,midtown,3.3,3,28.95,bike,25.0,clear,21,52,21.866666666666667,3,0,-0.7071067811865477,0.7071067811865474,0.43388373911755823,-0.900968867902419,9.65,33
7,thai,17.1,midtown,2.9,1,15.98,bike,351.0,clear,16,48,16.8,3,0,-0.8660254037844384,-0.5000000000000004,0.43388373911755823,-0.900968867902419,15.98,29
62,salads,6.7,downtown,1.8,3,41.2,scooter,308.0,cloudy,12,51,12.85,3,0,1.2246467991473532e-16,-1.0,0.43388373911755823,-0.900968867902419,13.733333333333334,16
78,mexican,9.1,downtown,0.7,1,14.03,bike,28.0,clear,16,58,16.966666666666665,1,0,-0.8660254037844384,-0.5000000000000004,0.7818314824680297,0.6234898018587336,14.03,18
143,chinese,12.4,uptown,3.7,2,31.66,car,352.0,clear,18,39,18.65,2,0,-1.0,-1.8369701987210297e-16,0.9749279121818236,-0.22252093395631434,15.83,24
66,sushi,18.7,midtown,4.3,3,42.84,bike,8.0,clear,23,7,23.116666666666667,5,1,-0.2588190451025215,0.9659258262890681,-0.9749279121818236,-0.2225209339563146,14.280000000000001,44
6,sushi,16.8,midtown,1.1,3,34.16,car,147.0,clear,12,8,12.133333333333333,0,0,1.2246467991473532e-16,-1.0,0.0,1.0,11.386666666666665,31
124,indian,17.6,downtown,1.7,2,25.55,bike,223.0,clear,19,39,19.65,4,0,-0.9659258262890684,0.2588190451025203,-0.433883739117558,-0.9009688679024191,12.775,33
124,indian,17.6,downtown,2.2,1,10.65,scooter,305.0,cloudy,19,17,19.283333333333335,6,1,-0.9659258262890684,0.2588190451025203,-0.7818314824680299,0.6234898018587334,10.65,36
107,sushi,18.0,suburbs_south,5.5,1,12.33,scooter,199.0,rain,12,16,12.266666666666667,6,1,1.2246467991473532e-16,-1.0,-0.7818314824680299,0.6234898018587334,12.33,47
69,salads,8.8,midtown,2.0,1,10.88,scooter,96.0,heavy_rain,19,56,19.933333333333334,4,0,-0.9659258262890684,0.2588190451025203,-0.433883739117558,-0.9009688679024191,10.88,21
44,indian,21.0,midtown,1.5,8,126.7,car,74.0,rain,20,55,20.916666666666668,2,0,-0.8660254037844386,0.5,0.9749279121818236,-0.22252093395631434,15.8375,39
134,mexican,10.8,midtown,1.5,1,9.55,bike,932.0,clear,12,35,12.583333333333334,4,0,1.2246467991473532e-16,-1.0,-0.433883739117558,-0.9009688679024191,9.55,22
116,sushi,16.4,downtown,2.7,2,14.81,scooter,87.0,clear,12,16,12.266666666666667,2,0,1.2246467991473532e-16,-1.0,0.9749279121818236,-0.22252093395631434,7.405,28
24,pizza,15.8,uptown,2.8,2,16.28,scooter,112.0,cloudy,21,22,21.366666666666667,6,1,-0.7071067811865477,0.7071067811865474,-0.7818314824680299,0.6234898018587334,8.14,28
3,pizza,20.9,suburbs_north,8.8,2,31.72,car,175.0,clear,23,41,23.683333333333334,6,1,-0.2588190451025215,0.9659258262890681,-0.7818314824680299,0.6234898018587334,15.86,47
8,burgers,12.1,uptown,2.2,1,15.62,scooter,211.0,clear,23,54,23.9,0,0,-0.2588190451025215,0.9659258262890681,0.0,1.0,15.62,23
62,salads,6.7,downtown,2.0,1,15.74,car,71.0,clear,11,2,11.033333333333333,3,0,0.258819045102521,-0.9659258262890682,0.43388373911755823,-0.900968867902419,15.74,20
31,sushi,14.7,midtown,4.7,7,50.51,bike,151.0,clear,11,6,11.1,4,0,0.258819045102521,-0.9659258262890682,-0.433883739117558,-0.9009688679024191,7.215714285714285,44
97,chinese,16.1,uptown,4.6,1,12.88,bike,946.0,rain,17,36,17.6,0,0,-0.9659258262890683,-0.25881904510252063,0.0,1.0,12.88,40
18,indian,20.8,suburbs_south,10.8,2,28.72,car,145.0,clear,18,49,18.816666666666666,2,0,-1.0,-1.8369701987210297e-16,0.9749279121818236,-0.22252093395631434,14.36,55
62,salads,6.7,downtown,1.9,4,46.82,car,411.0,clear,21,25,21.416666666666668,2,0,-0.7071067811865477,0.7071067811865474,0.9749279121818236,-0.22252093395631434,11.705,64
49,indian,14.4,uptown,5.6,3,33.87,scooter,21.0,cloudy,12,55,12.916666666666666,5,1,1.2246467991473532e-16,-1.0,-0.9749279121818236,-0.2225209339563146,11.29,43
117,pizza,16.2,suburbs_south,7.7,1,9.16,car,147.0,rain,11,33,11.55,1,0,0.258819045102521,-0.9659258262890682,0.7818314824680297,0.6234898018587336,9.16,43
19,chinese,10.6,downtown,3.2,3,29.69,bike,166.0,cloudy,11,1,11.016666666666667,0,0,0.258819045102521,-0.9659258262890682,0.0,1.0,9.896666666666667,34
103,thai,16.4,midtown,1.9,5,50.82,scooter,90.0,clear,12,49,12.816666666666666,4,0,1.2246467991473532e-16,-1.0,-0.433883739117558,-0.9009688679024191,10.164,30
52,mexican,5.5,uptown,2.4,4,39.83,bike,46.0,cloudy,18,6,18.1,0,0,-1.0,-1.8369701987210297e-16,0.0,1.0,9.9575,22
85,pizza,11.8,uptown,4.2,3,26.73,car,55.0,clear,20,53,20.883333333333333,6,1,-0.8660254037844386,0.5,-0.7818314824680299,0.6234898018587334,8.91,34
69,salads,8.8,midtown,3.4,2,24.98,car,317.0,clear,17,4,17.066666666666666,0,0,-0.9659258262890683,-0.25881904510252063,0.0,1.0,12.49,19
60,chinese,10.4,suburbs_north,5.2,2,27.73,scooter,25.0,clear,19,42,19.7,1,0,-0.9659258262890684,0.2588190451025203,0.7818314824680297,0.6234898018587336,13.865,30
141,thai,14.1,suburbs_north,8.3,5,57.46,car,506.0,clear,11,51,11.85,0,0,0.258819045102521,-0.9659258262890682,0.0,1.0,11.492,42
62,salads,6.7,downtown,1.0,2,17.13,scooter,69.0,clear,21,19,21.316666666666666,5,1,-0.7071067811865477,0.7071067811865474,-0.9749279121818236,-0.2225209339563146,8.565,16
70,thai,14.2,suburbs_north,8.9,1,12.23,car,1652.0,clear,20,51,20.85,6,1,-0.8660254037844386,0.5,-0.7818314824680299,0.6234898018587334,12.23,42
15,indian,18.1,midtown,4.7,2,31.23,scooter,131.0,clear,21,55,21.916666666666668,6,1,-0.7071067811865477,0.7071067811865474,-0.7818314824680299,0.6234898018587334,15.615,38
27,thai,16.7,downtown,0.9,3,37.24,scooter,531.0,clear,10,10,10.166666666666666,2,0,0.49999999999999994,-0.8660254037844387,0.9749279121818236,-0.22252093395631434,12.413333333333334,21
154,salads,8.5,midtown,3.6,3,27.02,scooter,657.0,clear,19,57,19.95,5,1,-0.9659258262890684,0.2588190451025203,-0.9749279121818236,-0.2225209339563146,9.006666666666666,24
44,indian,21.0,midtown,1.4,2,21.96,scooter,147.0,cloudy,16,1,16.016666666666666,1,0,-0.8660254037844384,-0.5000000000000004,0.7818314824680297,0.6234898018587336,10.98,29
80,chinese,16.1,downtown,2.5,2,24.54,car,415.0,clear,11,58,11.966666666666667,0,0,0.258819045102521,-0.9659258262890682,0.0,1.0,12.27,33
13,indian,15.1,downtown,1.6,4,63.41,scooter,190.0,rain,13,31,13.516666666666667,6,1,-0.2588190451025208,-0.9659258262890683,-0.7818314824680299,0.6234898018587334,15.8525,28
71,burgers,14.5,uptown,3.9,3,30.91,bike,185.0,clear,13,36,13.6,0,0,-0.2588190451025208,-0.9659258262890683,0.0,1.0,10.303333333333333,39
83,salads,8.7,midtown,2.9,3,30.34,bike,144.0,clear,13,46,13.766666666666667,6,1,-0.2588190451025208,-0.9659258262890683,-0.7818314824680299,0.6234898018587334,10.113333333333333,30
44,indian,21.0,midtown,1.4,1,8.46,scooter,83.0,clear,19,15,19.25,0,0,-0.9659258262890684,0.2588190451025203,0.0,1.0,8.46,30
22,mexican,9.1,suburbs_south,11.9,1,15.0,scooter,61.0,clear,20,23,20.383333333333333,3,0,-0.8660254037844386,0.5,0.43388373911755823,-0.900968867902419,15.0,50
102,indian,17.4,uptown,3.9,1,9.21,car,6.0,cloudy,19,8,19.133333333333333,6,1,-0.9659258262890684,0.2588190451025203,-0.7818314824680299,0.6234898018587334,9.21,32
7,thai,17.1,midtown,3.9,3,45.43,bike,36.0,cloudy,21,17,21.283333333333335,2,0,-0.7071067811865477,0.7071067811865474,0.9749279121818236,-0.22252093395631434,15.143333333333333,34
129,pizza,10.9,suburbs_north,7.3,3,29.97,scooter,62.0,cloudy,11,11,11.183333333333334,2,0,0.258819045102521,-0.9659258262890682,0.9749279121818236,-0.22252093395631434,9.99,44
107,sushi,18.0,suburbs_south,6.7,3,21.99,scooter,109.0,clear,20,22,20.366666666666667,4,0,-0.8660254037844386,0.5,-0.433883739117558,-0.9009688679024191,7.329999999999999,48
44,indian,21.0,midtown,3.4,2,21.54,bike,35.0,rain,15,45,15.75,5,1,-0.7071067811865471,-0.7071067811865479,-0.9749279121818236,-0.2225209339563146,10.77,46
31,sushi,14.7,midtown,3.5,3,35.61,bike,584.0,clear,10,31,10.516666666666667,6,1,0.49999999999999994,-0.8660254037844387,-0.7818314824680299,0.6234898018587334,11.87,33
34,mexican,12.2,midtown,2.7,2,30.69,bike,947.0,clear,12,45,12.75,2,0,1.2246467991473532e-16,-1.0,0.9749279121818236,-0.22252093395631434,15.345,28
147,chinese,17.7,midtown,3.9,6,77.46,bike,138.0,cloudy,13,34,13.566666666666666,3,0,-0.2588190451025208,-0.9659258262890683,0.43388373911755823,-0.900968867902419,12.909999999999998,47
57,sushi,15.1,midtown,3.1,1,12.6,bike,56.0,clear,22,16,22.266666666666666,3,0,-0.5000000000000004,0.8660254037844384,0.43388373911755823,-0.900968867902419,12.6,31
35,mexican,11.9,midtown,1.7,2,28.85,bike,425.0,cloudy,20,7,20.116666666666667,1,0,-0.8660254037844386,0.5,0.7818314824680297,0.6234898018587336,14.425,26
105,pizza,12.9,midtown,1.1,8,74.68,scooter,224.0,clear,11,37,11.616666666666667,0,0,0.258819045102521,-0.9659258262890682,0.0,1.0,9.335,26
116,sushi,16.4,downtown,3.2,2,18.29,scooter,14.0,clear,13,35,13.583333333333334,2,0,-0.2588190451025208,-0.9659258262890683,0.9749279121818236,-0.22252093395631434,9.145,33
147,chinese,17.7,midtown,2.2,5,64.41,scooter,309.0,rain,15,58,15.966666666666667,1,0,-0.7071067811865471,-0.7071067811865479,0.7818314824680297,0.6234898018587336,12.882,33
85,pizza,11.8,uptown,2.3,1,8.0,bike,81.0,clear,23,57,23.95,0,0,-0.2588190451025215,0.9659258262890681,0.0,1.0,8.0,21
84,chinese,11.5,suburbs_south,5.8,3,43.56,bike,44.0,clear,20,53,20.883333333333333,4,0,-0.8660254037844386,0.5,-0.433883739117558,-0.9009688679024191,14.520000000000001,45
153,salads,5.0,suburbs_south,6.0,2,23.3,bike,997.0,clear,21,43,21.716666666666665,1,0,-0.7071067811865477,0.7071067811865474,0.7818314824680297,0.6234898018587336,11.65,29
70,thai,14.2,suburbs_north,8.9,1,8.17,car,761.0,clear,12,56,12.933333333333334,5,1,1.2246467991473532e-16,-1.0,-0.9749279121818236,-0.2225209339563146,8.17,40
92,thai,7.0,uptown,2.8,2,19.23,scooter,229.0,clear,20,8,20.133333333333333,1,0,-0.8660254037844386,0.5,0.7818314824680297,0.6234898018587336,9.615,15
94,sushi,20.2,downtown,2.3,2,26.52,car,660.0,clear,17,43,17.716666666666665,1,0,-0.9659258262890683,-0.25881904510252063,0.7818314824680297,0.6234898018587336,13.26,32
145,pizza,12.3,suburbs_south,4.4,4,37.18,scooter,20.0,clear,22,29,22.483333333333334,4,0,-0.5000000000000004,0.8660254037844384,-0.433883739117558,-0.9009688679024191,9.295,26
117,pizza,16.2,suburbs_south,4.2,2,23.23,car,131.0,clear,12,18,12.3,4,0,1.2246467991473532e-16,-1.0,-0.433883739117558,-0.9009688679024191,11.615,37
22,mexican,9.1,suburbs_south,4.0,2,23.36,scooter,724.0,heavy_rain,13,55,13.916666666666666,2,0,-0.2588190451025208,-0.9659258262890683,0.9749279121818236,-0.22252093395631434,11.68,31
56,thai,13.0,downtown,2.3,4,53.51,car,636.0,heavy_rain,21,36,21.6,5,1,-0.7071067811865477,0.7071067811865474,-0.9749279121818236,-0.2225209339563146,13.3775,26
64,mexican,11.6,suburbs_north,4.6,1,10.67,scooter,196.0,clear,19,35,19.583333333333332,2,0,-0.9659258262890684,0.2588190451025203,0.9749279121818236,-0.22252093395631434,10.67,26
16,salads,7.8,uptown,1.8,3,25.64,scooter,1029.0,clear,20,48,20.8,4,0,-0.8660254037844386,0.5,-0.433883739117558,-0.9009688679024191,8.546666666666667,19
138,thai,16.2,uptown,5.1,2,24.11,car,258.0,clear,21,50,21.833333333333332,2,0,-0.7071067811865477,0.7071067811865474,0.9749279121818236,-0.22252093395631434,12.055,29
44,indian,21.0,midtown,3.5,6,63.23,car,285.0,cloudy,12,32,12.533333333333333,1,0,1.2246467991473532e-16,-1.0,0.7818314824680297,0.6234898018587336,10.538333333333332,42
68,thai,11.9,uptown,1.4,3,25.33,scooter,148.0,cloudy,19,46,19.766666666666666,2,0,-0.9659258262890684,0.2588190451025203,0.9749279121818236,-0.22252093395631434,8.443333333333333,20
45,indian,15.4,midtown,3.9,3,28.14,bike,6.0,clear,18,6,18.1,1,0,-1.0,-1.8369701987210297e-16,0.7818314824680297,0.6234898018587336,9.38,38
62,salads,6.7,downtown,1.2,1,8.0,car,477.0,clear,22,36,22.6,5,1,-0.5000000000000004,0.8660254037844384,-0.9749279121818236,-0.2225209339563146,8.0,14
2,thai,10.5,downtown,2.2,1,12.51,scooter,124.0,cloudy,20,44,20.733333333333334,3,0,-0.8660254037844386,0.5,0.43388373911755823,-0.900968867902419,12.51,15
78,mexican,9.1,downtown,1.1,2,22.88,bike,10.0,clear,19,38,19.633333333333333,4,0,-0.9659258262890684,0.2588190451025203,-0.433883739117558,-0.9009688679024191,11.44,22
53,thai,11.5,midtown,1.5,7,90.02,scooter,125.0,clear,10,13,10.216666666666667,1,0,0.49999999999999994,-0.8660254037844387,0.7818314824680297,0.6234898018587336,12.86,24
147,chinese,17.7,midtown,2.5,5,76.74,scooter,64.0,rain,12,47,12.783333333333333,5,1,1.2246467991473532e-16,-1.0,-0.9749279121818236,-0.2225209339563146,15.347999999999999,44
99,thai,13.4,midtown,3.6,1,11.03,bike,17.0,clear,10,16,10.266666666666667,6,1,0.49999999999999994,-0.8660254037844387,-0.7818314824680299,0.6234898018587334,11.03,38
157,burgers,16.3,suburbs_south,10.1,6,62.21,car,35.0,clear,21,44,21.733333333333334,2,0,-0.7071067811865477,0.7071067811865474,0.9749279121818236,-0.22252093395631434,10.368333333333334,46
117,pizza,16.2,suburbs_south,2.9,1,13.9,bike,77.0,clear,23,35,23.583333333333332,1,0,-0.2588190451025215,0.9659258262890681,0.7818314824680297,0.6234898018587336,13.9,29
127,indian,15.6,downtown,1.3,2,23.85,scooter,377.0,clear,11,38,11.633333333333333,0,0,0.258819045102521,-0.9659258262890682,0.0,1.0,11.925,27
23,burgers,11.6,downtown,3.3,6,65.24,bike,1082.0,clear,11,46,11.766666666666667,5,1,0.258819045102521,-0.9659258262890682,-0.9749279121818236,-0.2225209339563146,10.873333333333333,33
51,indian,17.0,downtown,2.5,2,25.86,scooter,30.0,clear,18,32,18.533333333333335,2,0,-1.0,-1.8369701987210297e-16,0.9749279121818236,-0.22252093395631434,12.93,34
132,mexican,13.3,downtown,0.9,1,8.0,scooter,102.0,heavy_rain,18,7,18.116666666666667,2,0,-1.0,-1.8369701987210297e-16,0.9749279121818236,-0.22252093395631434,8.0,18
50,salads,8.2,midtown,2.5,2,23.13,scooter,430.0,heavy_rain,21,59,21.983333333333334,1,0,-0.7071067811865477,0.7071067811865474,0.7818314824680297,0.6234898018587336,11.565,21
6,sushi,16.8,midtown,3.0,2,26.96,scooter,210.0,clear,17,37,17.616666666666667,2,0,-0.9659258262890683,-0.25881904510252063,0.9749279121818236,-0.22252093395631434,13.48,29
53,thai,11.5,midtown,1.7,3,23.21,car,22.0,clear,13,16,13.266666666666667,5,1,-0.2588190451025208,-0.9659258262890683,-0.9749279121818236,-0.2225209339563146,7.736666666666667,27
151,chinese,11.8,downtown,2.4,1,15.54,car,421.0,clear,13,47,13.783333333333333,3,0,-0.2588190451025208,-0.9659258262890683,0.43388373911755823,-0.900968867902419,15.54,22
21,pizza,17.0,midtown,2.2,8,77.41,scooter,438.0,clear,19,35,19.583333333333332,1,0,-0.9659258262890684,0.2588190451025203,0.7818314824680297,0.6234898018587336,9.67625,38
47,mexican,14.1,downtown,3.0,2,15.02,bike,24.0,cloudy,18,26,18.433333333333334,2,0,-1.0,-1.8369701987210297e-16,0.9749279121818236,-0.22252093395631434,7.51,29
33,sushi,21.1,midtown,2.3,2,28.11,car,39.0,clear,21,8,21.133333333333333,3,0,-0.7071067811865477,0.7071067811865474,0.43388373911755823,-0.900968867902419,14.055,26
129,pizza,10.9,suburbs_north,6.6,3,30.44,car,737.0,clear,22,39,22.65,5,1,-0.5000000000000004,0.8660254037844384,-0.9749279121818236,-0.2225209339563146,10.146666666666667,28
71,burgers,14.5,uptown,5.4,2,29.0,car,47.0,clear,21,46,21.766666666666666,2,0,-0.7071067811865477,0.7071067811865474,0.9749279121818236,-0.22252093395631434,14.5,31
26,pizza,14.9,midtown,1.4,1,10.04,bike,137.0,cloudy,18,34,18.566666666666666,0,0,-1.0,-1.8369701987210297e-16,0.0,1.0,10.04,30
116,sushi,16.4,downtown,2.5,4,41.9,scooter,309.0,clear,12,15,12.25,1,0,1.2246467991473532e-16,-1.0,0.7818314824680297,0.6234898018587336,10.475,32
14,burgers,6.4,downtown,2.1,2,30.66,scooter,147.0,clear,11,16,11.266666666666667,1,0,0.258819045102521,-0.9659258262890682,0.7818314824680297,0.6234898018587336,15.33,9
79,salads,10.0,midtown,1.7,1,12.32,scooter,147.0,rain,13,1,13.016666666666667,0,0,-0.2588190451025208,-0.9659258262890683,0.0,1.0,12.32,20
102,indian,17.4,uptown,4.6,4,44.5,bike,93.0,cloudy,20,52,20.866666666666667,6,1,-0.8660254037844386,0.5,-0.7818314824680299,0.6234898018587334,11.125,51
119,indian,16.8,suburbs_south,4.7,5,57.35,scooter,379.0,clear,19,31,19.516666666666666,6,1,-0.9659258262890684,0.2588190451025203,-0.7818314824680299,0.6234898018587334,11.47,39
120,pizza,12.2,downtown,3.7,2,18.25,bike,473.0,clear,16,19,16.316666666666666,4,0,-0.8660254037844384,-0.5000000000000004,-0.433883739117558,-0.9009688679024191,9.125,34
133,chinese,15.9,suburbs_north,5.4,2,24.7,car,7.0,clear,17,31,17.516666666666666,1,0,-0.9659258262890683,-0.25881904510252063,0.7818314824680297,0.6234898018587336,12.35,133
137,thai,13.3,suburbs_north,8.7,1,9.33,scooter,646.0,rain,21,36,21.6,2,0,-0.7071067811865477,0.7071067811865474,0.9749279121818236,-0.22252093395631434,9.33,41
148,indian,16.9,suburbs_north,10.0,1,12.18,car,147.0,clear,20,8,20.133333333333333,3,0,-0.8660254037844386,0.5,0.43388373911755823,-0.900968867902419,12.18,51
97,chinese,16.1,uptown,3.8,1,11.84,bike,147.0,clear,19,19,19.316666666666666,6,1,-0.9659258262890684,0.2588190451025203,-0.7818314824680299,0.6234898018587334,11.84,38
49,indian,14.4,uptown,2.8,1,8.3,scooter,168.0,clear,11,58,11.966666666666667,1,0,0.258819045102521,-0.9659258262890682,0.7818314824680297,0.6234898018587336,8.3,33
126,pizza,12.0,midtown,2.4,1,8.0,car,330.0,clear,12,56,12.933333333333334,4,0,1.2246467991473532e-16,-1.0,-0.433883739117558,-0.9009688679024191,8.0,21
111,pizza,8.5,downtown,2.7,4,47.11,scooter,2071.0,clear,18,0,18.0,5,1,-1.0,-1.8369701987210297e-16,-0.9749279121818236,-0.2225209339563146,11.7775,18
55,salads,5.0,midtown,2.1,3,23.0,scooter,175.0,clear,19,0,19.0,6,1,-0.9659258262890684,0.2588190451025203,-0.7818314824680299,0.6234898018587334,7.666666666666667,20
15,indian,18.1,midtown,4.1,1,8.0,scooter,66.0,cloudy,10,52,10.866666666666667,0,0,0.49999999999999994,-0.8660254037844387,0.0,1.0,8.0,35
135,sushi,20.5,downtown,1.5,1,8.5,bike,289.0,clear,18,48,18.8,3,0,-1.0,-1.8369701987210297e-16,0.43388373911755823,-0.900968867902419,8.5,29
15,indian,18.1,midtown,3.2,2,18.23,scooter,79.0,clear,18,52,18.866666666666667,1,0,-1.0,-1.8369701987210297e-16,0.7818314824680297,0.6234898018587336,9.115,37
43,chinese,12.4,uptown,1.8,4,32.13,car,134.0,rain,19,7,19.116666666666667,4,0,-0.9659258262890684,0.2588190451025203,-0.433883739117558,-0.9009688679024191,8.0325,25
108,mexican,10.1,suburbs_south,2.2,3,44.71,scooter,1404.0,clear,18,26,18.433333333333334,4,0,-1.0,-1.8369701987210297e-16,-0.433883739117558,-0.9009688679024191,14.903333333333334,16
11,indian,20.4,uptown,3.1,4,53.49,car,184.0,clear,18,47,18.783333333333335,0,0,-1.0,-1.8369701987210297e-16,0.0,1.0,13.3725,42
107,sushi,18.0,suburbs_south,5.2,2,31.48,car,68.0,clear,13,57,13.95,6,1,-0.2588190451025208,-0.9659258262890683,-0.7818314824680299,0.6234898018587334,15.74,36
115,thai,13.4,downtown,3.1,4,42.0,scooter,332.0,cloudy,10,8,10.133333333333333,3,0,0.49999999999999994,-0.8660254037844387,0.43388373911755823,-0.900968867902419,10.5,26
1,mexican,12.7,downtown,3.3,4,60.1,scooter,111.0,heavy_rain,18,36,18.6,1,0,-1.0,-1.8369701987210297e-16,0.7818314824680297,0.6234898018587336,15.025,36
84,chinese,11.5,suburbs_south,10.3,1,14.4,scooter,750.0,heavy_rain,22,47,22.783333333333335,4,0,-0.5000000000000004,0.8660254037844384,-0.433883739117558,-0.9009688679024191,14.4,60
135,sushi,20.5,downtown,2.7,1,15.4,scooter,34.0,clear,19,43,19.716666666666665,2,0,-0.9659258262890684,0.2588190451025203,0.9749279121818236,-0.22252093395631434,15.4,33
122,indian,20.0,midtown,2.0,6,46.29,bike,194.0,clear,12,55,12.916666666666666,4,0,1.2246467991473532e-16,-1.0,-0.433883739117558,-0.9009688679024191,7.715,42
43,chinese,12.4,uptown,5.0,1,12.27,scooter,114.0,rain,19,32,19.533333333333335,3,0,-0.9659258262890684,0.2588190451025203,0.43388373911755823,-0.900968867902419,12.27,36
25,mexican,14.5,midtown,1.9,7,83.44,scooter,147.0,rain,22,29,22.483333333333334,6,1,-0.5000000000000004,0.8660254037844384,-0.7818314824680299,0.6234898018587334,11.92,32
31,sushi,14.7,midtown,1.9,1,13.43,scooter,416.0,clear,19,16,19.266666666666666,6,1,-0.9659258262890684,0.2588190451025203,-0.7818314824680299,0.6234898018587334,13.43,25
71,burgers,14.5,uptown,2.8,1,12.63,car,405.0,clear,21,14,21.233333333333334,1,0,-0.7071067811865477,0.7071067811865474,0.7818314824680297,0.6234898018587336,12.63,24
41,thai,19.0,downtown,2.4,2,16.75,bike,213.0,clear,13,55,13.916666666666666,2,0,-0.2588190451025208,-0.9659258262890683,0.9749279121818236,-0.22252093395631434,8.375,32
112,sushi,18.2,downtown,1.6,3,39.06,scooter,573.0,clear,18,53,18.883333333333333,4,0,-1.0,-1.8369701987210297e-16,-0.433883739117558,-0.9009688679024191,13.020000000000001,27
87,burgers,6.5,downtown,1.4,4,33.48,car,2134.0,clear,19,58,19.966666666666665,4,0,-0.9659258262890684,0.2588190451025203,-0.433883739117558,-0.9009688679024191,8.37,24
144,chinese,7.6,midtown,3.2,5,58.09,scooter,8.0,clear,18,56,18.933333333333334,2,0,-1.0,-1.8369701987210297e-16,0.9749279121818236,-0.22252093395631434,11.618,21
67,chinese,17.8,uptown,4.0,5,47.41,scooter,188.0,rain,10,24,10.4,3,0,0.49999999999999994,-0.8660254037844387,0.43388373911755823,-0.900968867902419,9.482,34
92,thai,7.0,uptown,1.8,2,29.17,scooter,53.0,clear,13,32,13.533333333333333,3,0,-0.2588190451025208,-0.9659258262890683,0.43388373911755823,-0.900968867902419,14.585,16
150,mexican,14.6,downtown,0.6,3,27.06,car,240.0,clear,14,3,14.05,2,0,-0.4999999999999998,-0.8660254037844388,0.9749279121818236,-0.22252093395631434,9.02,15
7,thai,17.1,midtown,3.6,1,15.44,bike,1239.0,cloudy,13,36,13.6,4,0,-0.2588190451025208,-0.9659258262890683,-0.433883739117558,-0.9009688679024191,15.44,43
38,pizza,16.9,midtown,1.8,8,84.53,bike,368.0,rain,13,21,13.35,6,1,-0.2588190451025208,-0.9659258262890683,-0.7818314824680299,0.6234898018587334,10.56625,41
107,sushi,18.0,suburbs_south,7.6,1,13.75,car,39.0,cloudy,21,18,21.3,4,0,-0.7071067811865477,0.7071067811865474,-0.433883739117558,-0.9009688679024191,13.75,41
93,sushi,16.7,downtown,1.1,2,18.51,bike,670.0,cloudy,15,42,15.7,5,1,-0.7071067811865471,-0.7071067811865479,-0.9749279121818236,-0.2225209339563146,9.255,25
96,thai,15.7,downtown,2.4,6,66.94,bike,669.0,clear,19,51,19.85,3,0,-0.9659258262890684,0.2588190451025203,0.43388373911755823,-0.900968867902419,11.156666666666666,34
146,thai,14.2,uptown,2.6,3,39.26,scooter,196.0,clear,18,30,18.5,3,0,-1.0,-1.8369701987210297e-16,0.43388373911755823,-0.900968867902419,13.086666666666666,25
83,salads,8.7,midtown,3.7,4,37.24,bike,294.0,clear,20,22,20.366666666666667,1,0,-0.8660254037844386,0.5,0.7818314824680297,0.6234898018587336,9.31,26
119,indian,16.8,suburbs_south,12.7,1,11.06,car,114.0,clear,13,23,13.383333333333333,4,0,-0.2588190451025208,-0.9659258262890683,-0.433883739117558,-0.9009688679024191,11.06,53
160,salads,5.0,uptown,5.3,5,65.62,car,82.0,cloudy,16,20,16.333333333333332,0,0,-0.8660254037844384,-0.5000000000000004,0.0,1.0,13.124,24
57,sushi,15.1,midtown,1.2,4,28.61,bike,38.0,clear,12,38,12.633333333333333,3,0,1.2246467991473532e-16,-1.0,0.43388373911755823,-0.900968867902419,7.1525,25
105,pizza,12.9,midtown,3.4,4,38.71,bike,13.0,heavy_rain,15,48,15.8,5,1,-0.7071067811865471,-0.7071067811865479,-0.9749279121818236,-0.2225209339563146,9.6775,44
141,thai,14.1,suburbs_north,3.9,2,29.84,bike,107.0,rain,12,22,12.366666666666667,1,0,1.2246467991473532e-16,-1.0,0.7818314824680297,0.6234898018587336,14.92,41
143,chinese,12.4,uptown,6.3,1,9.75,car,348.0,rain,19,29,19.483333333333334,3,0,-0.9659258262890684,0.2588190451025203,0.43388373911755823,-0.900968867902419,9.75,33
74,thai,18.7,downtown,2.2,1,13.54,scooter,316.0,clear,20,19,20.316666666666666,1,0,-0.8660254037844386,0.5,0.7818314824680297,0.6234898018587336,13.54,30
17,thai,9.8,uptown,5.9,4,39.14,scooter,44.0,cloudy,11,33,11.55,6,1,0.258819045102521,-0.9659258262890682,-0.7818314824680299,0.6234898018587334,9.785,35
55,salads,5.0,midtown,2.2,3,34.26,scooter,519.0,rain,21,1,21.016666666666666,2,0,-0.7071067811865477,0.7071067811865474,0.9749279121818236,-0.22252093395631434,11.42,12
94,sushi,20.2,downtown,1.6,2,19.8,scooter,95.0,clear,15,33,15.55,2,0,-0.7071067811865471,-0.7071067811865479,0.9749279121818236,-0.22252093395631434,9.9,27
42,pizza,16.7,downtown,2.7,1,15.81,bike,416.0,cloudy,19,21,19.35,6,1,-0.9659258262890684,0.2588190451025203,-0.7818314824680299,0.6234898018587334,15.81,33
142,indian,20.4,midtown,5.4,3,29.25,scooter,736.0,cloudy,16,51,16.85,5,1,-0.8660254037844384,-0.5000000000000004,-0.9749279121818236,-0.2225209339563146,9.75,48
11,indian,20.4,uptown,2.6,1,8.0,bike,134.0,cloudy,19,35,19.583333333333332,2,0,-0.9659258262890684,0.2588190451025203,0.9749279121818236,-0.22252093395631434,8.0,42
24,pizza,15.8,uptown,1.7,3,36.12,bike,643.0,clear,18,13,18.216666666666665,0,0,-1.0,-1.8369701987210297e-16,0.0,1.0,12.04,26
82,salads,9.2,midtown,4.1,2,15.52,bike,18.0,rain,12,43,12.716666666666667,6,1,1.2246467991473532e-16,-1.0,-0.7818314824680299,0.6234898018587334,7.76,34
120,pizza,12.2,downtown,1.4,3,37.8,bike,172.0,rain,11,11,11.183333333333334,1,0,0.258819045102521,-0.9659258262890682,0.7818314824680297,0.6234898018587336,12.6,21
66,sushi,18.7,midtown,2.8,2,22.62,car,119.0,clear,19,58,19.966666666666665,6,1,-0.9659258262890684,0.2588190451025203,-0.7818314824680299,0.6234898018587334,11.31,35
142,indian,20.4,midtown,3.8,1,13.45,scooter,503.0,clear,20,58,20.966666666666665,5,1,-0.8660254037844386,0.5,-0.9749279121818236,-0.2225209339563146,13.45,39
99,thai,13.4,midtown,1.9,1,10.76,scooter,117.0,clear,16,39,16.65,5,1,-0.8660254037844384,-0.5000000000000004,-0.9749279121818236,-0.2225209339563146,10.76,24
155,indian,14.5,suburbs_south,9.1,4,54.2,scooter,43.0,clear,20,49,20.816666666666666,2,0,-0.8660254037844386,0.5,0.9749279121818236,-0.22252093395631434,13.55,53
70,thai,14.2,suburbs_north,9.7,4,55.84,car,210.0,heavy_rain,21,50,21.833333333333332,5,1,-0.7071067811865477,0.7071067811865474,-0.9749279121818236,-0.2225209339563146,13.96,51
118,thai,15.5,downtown,2.6,5,60.65,scooter,141.0,clear,23,56,23.933333333333334,0,0,-0.2588190451025215,0.9659258262890681,0.0,1.0,12.129999999999999,24
87,burgers,6.5,downtown,2.0,4,44.94,bike,133.0,clear,20,28,20.466666666666665,2,0,-0.8660254037844386,0.5,0.9749279121818236,-0.22252093395631434,11.235,18
15,indian,18.1,midtown,3.0,4,37.49,scooter,147.0,clear,12,15,12.25,1,0,1.2246467991473532e-16,-1.0,0.7818314824680297,0.6234898018587336,9.3725,36
76,mexican,10.0,uptown,2.7,1,12.42,scooter,89.0,rain,12,0,12.0,5,1,1.2246467991473532e-16,-1.0,-0.9749279121818236,-0.2225209339563146,12.42,16
102,indian,17.4,uptown,5.0,4,60.37,scooter,194.0,clear,18,2,18.033333333333335,6,1,-1.0,-1.8369701987210297e-16,-0.7818314824680299,0.6234898018587334,15.0925,43
102,indian,17.4,uptown,4.7,1,8.77,scooter,147.0,clear,18,36,18.6,6,1,-1.0,-1.8369701987210297e-16,-0.7818314824680299,0.6234898018587334,8.77,39
69,salads,8.8,midtown,2.3,3,24.1,scooter,833.0,heavy_rain,21,44,21.733333333333334,1,0,-0.7071067811865477,0.7071067811865474,0.7818314824680297,0.6234898018587336,8.033333333333333,16
131,indian,22.1,downtown,0.6,4,30.27,bike,71.0,clear,12,55,12.916666666666666,5,1,1.2246467991473532e-16,-1.0,-0.9749279121818236,-0.2225209339563146,7.5675,35
130,mexican,15.3,downtown,3.2,4,36.2,bike,99.0,clear,18,59,18.983333333333334,6,1,-1.0,-1.8369701987210297e-16,-0.7818314824680299,0.6234898018587334,9.05,42
11,indian,20.4,uptown,3.0,3,41.29,bike,1868.0,clear,11,11,11.183333333333334,0,0,0.258819045102521,-0.9659258262890682,0.0,1.0,13.763333333333334,38
130,mexican,15.3,downtown,2.1,4,58.79,scooter,92.0,rain,18,39,18.65,2,0,-1.0,-1.8369701987210297e-16,0.9749279121818236,-0.22252093395631434,14.6975,31
108,mexican,10.1,suburbs_south,9.7,7,75.27,car,825.0,clear,13,23,13.383333333333333,4,0,-0.2588190451025208,-0.9659258262890683,-0.433883739117558,-0.9009688679024191,10.752857142857142,46
30,salads,5.0,suburbs_south,7.5,2,27.24,car,801.0,cloudy,22,27,22.45,6,1,-0.5000000000000004,0.8660254037844384,-0.7818314824680299,0.6234898018587334,13.62,29
102,indian,17.4,uptown,3.3,1,15.89,bike,94.0,clear,12,15,12.25,6,1,1.2246467991473532e-16,-1.0,-0.7818314824680299,0.6234898018587334,15.89,36
95,pizza,11.9,suburbs_south,6.4,5,54.5,scooter,705.0,clear,18,44,18.733333333333334,4,0,-1.0,-1.8369701987210297e-16,-0.433883739117558,-0.9009688679024191,10.9,31
27,thai,16.7,downtown,3.2,3,29.24,scooter,117.0,clear,19,21,19.35,3,0,-0.9659258262890684,0.2588190451025203,0.43388373911755823,-0.900968867902419,9.746666666666666,42
40,pizza,18.4,midtown,2.1,1,14.42,scooter,336.0,clear,19,56,19.933333333333334,6,1,-0.9659258262890684,0.2588190451025203,-0.7818314824680299,0.6234898018587334,14.42,35
83,salads,8.7,midtown,5.0,1,10.78,bike,157.0,cloudy,17,32,17.533333333333335,4,0,-0.9659258262890683,-0.25881904510252063,-0.433883739117558,-0.9009688679024191,10.78,32
23,burgers,11.6,downtown,1.8,1,15.86,scooter,146.0,cloudy,13,28,13.466666666666667,0,0,-0.2588190451025208,-0.9659258262890683,0.0,1.0,15.86,26
11,indian,20.4,uptown,4.6,2,22.3,car,9.0,clear,10,22,10.366666666666667,6,1,0.49999999999999994,-0.8660254037844387,-0.7818314824680299,0.6234898018587334,11.15,29
52,mexican,5.5,uptown,5.5,2,23.75,bike,60.0,clear,14,56,14.933333333333334,4,0,-0.4999999999999998,-0.8660254037844388,-0.433883739117558,-0.9009688679024191,11.875,31
133,chinese,15.9,suburbs_north,4.9,5,76.01,bike,33.0,clear,19,22,19.366666666666667,6,1,-0.9659258262890684,0.2588190451025203,-0.7818314824680299,0.6234898018587334,15.202000000000002,47
20,mexican,9.2,midtown,3.3,4,49.31,scooter,20.0,clear,12,11,12.183333333333334,4,0,1.2246467991473532e-16,-1.0,-0.433883739117558,-0.9009688679024191,12.3275,31
82,salads,9.2,midtown,4.3,4,60.81,scooter,134.0,clear,17,2,17.033333333333335,0,0,-0.9659258262890683,-0.25881904510252063,0.0,1.0,15.2025,24
10,pizza,12.9,suburbs_north,4.7,1,12.35,scooter,119.0,clear,19,18,19.3,1,0,-0.9659258262890684,0.2588190451025203,0.7818314824680297,0.6234898018587336,12.35,32
40,pizza,18.4,midtown,3.1,2,20.92,bike,19.0,rain,19,48,19.8,5,1,-0.9659258262890684,0.2588190451025203,-0.9749279121818236,-0.2225209339563146,10.46,48
145,pizza,12.3,suburbs_south,5.3,2,14.33,bike,76.0,cloudy,10,41,10.683333333333334,4,0,0.49999999999999994,-0.8660254037844387,-0.433883739117558,-0.9009688679024191,7.165,44
60,chinese,10.4,suburbs_north,8.0,5,43.02,scooter,838.0,clear,12,13,12.216666666666667,6,1,1.2246467991473532e-16,-1.0,-0.7818314824680299,0.6234898018587334,8.604000000000001,47
127,indian,15.6,downtown,1.2,2,29.18,scooter,10.0,cloudy,19,18,19.3,2,0,-0.9659258262890684,0.2588190451025203,0.9749279121818236,-0.22252093395631434,14.59,29
51,indian,17.0,downtown,1.0,3,26.8,car,101.0,rain,17,18,17.3,6,1,-0.9659258262890683,-0.25881904510252063,-0.7818314824680299,0.6234898018587334,8.933333333333334,28
44,indian,21.0,midtown,3.5,1,14.26,scooter,163.0,clear,12,11,12.183333333333334,5,1,1.2246467991473532e-16,-1.0,-0.9749279121818236,-0.2225209339563146,14.26,37
101,thai,11.8,suburbs_north,5.6,3,43.35,bike,205.0,cloudy,22,24,22.4,6,1,-0.5000000000000004,0.8660254037844384,-0.7818314824680299,0.6234898018587334,14.450000000000001,39
155,indian,14.5,suburbs_south,3.8,2,18.78,scooter,71.0,clear,10,43,10.716666666666667,4,0,0.49999999999999994,-0.8660254037844387,-0.433883739117558,-0.9009688679024191,9.39,30
130,mexican,15.3,downtown,3.1,1,11.6,bike,160.0,heavy_rain,18,15,18.25,2,0,-1.0,-1.8369701987210297e-16,0.9749279121818236,-0.22252093395631434,11.6,40
143,chinese,12.4,uptown,1.8,5,74.42,scooter,173.0,heavy_rain,12,38,12.633333333333333,2,0,1.2246467991473532e-16,-1.0,0.9749279121818236,-0.22252093395631434,14.884,27
153,salads,5.0,suburbs_south,6.4,3,25.2,scooter,41.0,clear,11,17,11.283333333333333,2,0,0.258819045102521,-0.9659258262890682,0.9749279121818236,-0.22252093395631434,8.4,32
131,indian,22.1,downtown,1.4,3,39.75,bike,136.0,clear,21,55,21.916666666666668,4,0,-0.7071067811865477,0.7071067811865474,-0.433883739117558,-0.9009688679024191,13.25,30
7,thai,17.1,midtown,2.3,3,34.21,bike,147.0,clear,13,28,13.466666666666667,0,0,-0.2588190451025208,-0.9659258262890683,0.0,1.0,11.403333333333334,34
78,mexican,9.1,downtown,1.1,4,48.09,scooter,50.0,clear,22,52,22.866666666666667,0,0,-0.5000000000000004,0.8660254037844384,0.0,1.0,12.0225,12
101,thai,11.8,suburbs_north,8.6,3,41.54,car,26.0,clear,22,55,22.916666666666668,2,0,-0.5000000000000004,0.8660254037844384,0.9749279121818236,-0.22252093395631434,13.846666666666666,38
115,thai,13.4,downtown,1.2,2,17.76,bike,30.0,rain,18,15,18.25,1,0,-1.0,-1.8369701987210297e-16,0.7818314824680297,0.6234898018587336,8.88,25
98,salads,11.1,midtown,4.6,1,12.6,scooter,147.0,clear,12,58,12.966666666666667,0,0,1.2246467991473532e-16,-1.0,0.0,1.0,12.6,39
7,thai,17.1,midtown,3.0,1,12.38,car,281.0,clear,19,55,19.916666666666668,3,0,-0.9659258262890684,0.2588190451025203,0.43388373911755823,-0.900968867902419,12.38,29
101,thai,11.8,suburbs_north,6.5,4,60.66,car,587.0,rain,10,51,10.85,2,0,0.49999999999999994,-0.8660254037844387,0.9749279121818236,-0.22252093395631434,15.165,31
140,chinese,17.8,downtown,2.3,3,39.21,scooter,320.0,clear,19,9,19.15,2,0,-0.9659258262890684,0.2588190451025203,0.9749279121818236,-0.22252093395631434,13.07,29
132,mexican,13.3,downtown,2.8,1,15.37,scooter,521.0,clear,21,0,21.0,2,0,-0.7071067811865477,0.7071067811865474,0.9749279121818236,-0.22252093395631434,15.37,31
2,thai,10.5,downtown,2.2,6,65.74,bike,100.0,clear,17,22,17.366666666666667,0,0,-0.9659258262890683,-0.25881904510252063,0.0,1.0,10.956666666666665,22
15,indian,18.1,midtown,2.3,2,23.57,bike,255.0,clear,16,26,16.433333333333334,5,1,-0.8660254037844384,-0.5000000000000004,-0.9749279121818236,-0.2225209339563146,11.785,37
72,burgers,12.2,suburbs_south,12.4,7,88.72,scooter,84.0,heavy_rain,17,29,17.483333333333334,4,0,-0.9659258262890683,-0.25881904510252063,-0.433883739117558,-0.9009688679024191,12.674285714285714,73
124,indian,17.6,downtown,2.0,3,26.13,bike,45.0,rain,20,1,20.016666666666666,4,0,-0.8660254037844386,0.5,-0.433883739117558,-0.9009688679024191,8.709999999999999,39
123,salads,7.7,uptown,5.1,3,22.36,scooter,118.0,clear,18,38,18.633333333333333,6,1,-1.0,-1.8369701987210297e-16,-0.7818314824680299,0.6234898018587334,7.453333333333333,29
148,indian,16.9,suburbs_north,3.9,3,40.61,car,424.0,clear,15,20,15.333333333333334,4,0,-0.7071067811865471,-0.7071067811865479,-0.433883739117558,-0.9009688679024191,13.536666666666667,32
107,sushi,18.0,suburbs_south,8.7,6,46.02,car,70.0,clear,18,53,18.883333333333333,0,0,-1.0,-1.8369701987210297e-16,0.0,1.0,7.670000000000001,49
136,salads,9.3,downtown,1.7,1,11.07,scooter,75.0,clear,20,30,20.5,0,0,-0.8660254037844386,0.5,0.0,1.0,11.07,23
31,sushi,14.7,midtown,2.5,2,16.8,bike,26.0,heavy_rain,18,16,18.266666666666666,1,0,-1.0,-1.8369701987210297e-16,0.7818314824680297,0.6234898018587336,8.4,34
79,salads,10.0,midtown,2.4,1,10.79,scooter,27.0,rain,17,31,17.516666666666666,6,1,-0.9659258262890683,-0.25881904510252063,-0.7818314824680299,0.6234898018587334,10.79,25
112,sushi,18.2,downtown,2.3,3,47.54,bike,93.0,clear,19,40,19.666666666666668,3,0,-0.9659258262890684,0.2588190451025203,0.43388373911755823,-0.900968867902419,15.846666666666666,34
140,chinese,17.8,downtown,2.3,5,40.75,car,806.0,clear,19,8,19.133333333333333,1,0,-0.9659258262890684,0.2588190451025203,0.7818314824680297,0.6234898018587336,8.15,36
78,mexican,9.1,downtown,2.1,1,9.52,scooter,809.0,rain,13,5,13.083333333333334,4,0,-0.2588190451025208,-0.9659258262890683,-0.433883739117558,-0.9009688679024191,9.52,19
96,thai,15.7,downtown,2.2,2,18.92,bike,991.0,clear,17,58,17.966666666666665,6,1,-0.9659258262890683,-0.25881904510252063,-0.7818314824680299,0.6234898018587334,9.46,31
125,sushi,18.8,uptown,2.1,2,23.53,scooter,2353.0,rain,14,32,14.533333333333333,2,0,-0.4999999999999998,-0.8660254037844388,0.9749279121818236,-0.22252093395631434,11.765,23
41,thai,19.0,downtown,3.6,2,17.35,scooter,97.0,clear,19,32,19.533333333333335,0,0,-0.9659258262890684,0.2588190451025203,0.0,1.0,8.675,33
72,burgers,12.2,suburbs_south,9.0,7,103.07,car,55.0,clear,11,20,11.333333333333334,3,0,0.258819045102521,-0.9659258262890682,0.43388373911755823,-0.900968867902419,14.724285714285713,47
18,indian,20.8,suburbs_south,7.7,5,67.27,scooter,33.0,clear,18,2,18.033333333333335,3,0,-1.0,-1.8369701987210297e-16,0.43388373911755823,-0.900968867902419,13.453999999999999,60
27,thai,16.7,downtown,3.5,1,13.56,scooter,252.0,clear,11,54,11.9,6,1,0.258819045102521,-0.9659258262890682,-0.7818314824680299,0.6234898018587334,13.56,40
117,pizza,16.2,suburbs_south,7.1,2,25.37,car,1609.0,clear,23,44,23.733333333333334,2,0,-0.2588190451025215,0.9659258262890681,0.9749279121818236,-0.22252093395631434,12.685,38
67,chinese,17.8,uptown,3.0,3,35.98,bike,626.0,clear,11,50,11.833333333333334,6,1,0.258819045102521,-0.9659258262890682,-0.7818314824680299,0.6234898018587334,11.993333333333332,34
14,burgers,6.4,downtown,2.4,4,52.5,bike,123.0,clear,12,49,12.816666666666666,5,1,1.2246467991473532e-16,-1.0,-0.9749279121818236,-0.2225209339563146,13.125,22
4,pizza,14.0,suburbs_south,9.7,2,21.96,car,71.0,clear,18,0,18.0,5,1,-1.0,-1.8369701987210297e-16,-0.9749279121818236,-0.2225209339563146,10.98,46
93,sushi,16.7,downtown,0.7,6,82.24,car,4738.0,clear,23,9,23.15,6,1,-0.2588190451025215,0.9659258262890681,-0.7818314824680299,0.6234898018587334,13.706666666666665,25
98,salads,11.1,midtown,2.7,2,17.31,scooter,21.0,clear,11,25,11.416666666666666,0,0,0.258819045102521,-0.9659258262890682,0.0,1.0,8.655,30
58,indian,21.6,uptown,2.9,3,43.46,car,147.0,clear,22,1,22.016666666666666,5,1,-0.5000000000000004,0.8660254037844384,-0.9749279121818236,-0.2225209339563146,14.486666666666666,33
10,pizza,12.9,suburbs_north,6.0,3,36.02,bike,31.0,clear,21,8,21.133333333333333,2,0,-0.7071067811865477,0.7071067811865474,0.9749279121818236,-0.22252093395631434,12.006666666666668,41
21,pizza,17.0,midtown,2.6,1,14.1,scooter,495.0,clear,13,12,13.2,0,0,-0.2588190451025208,-0.9659258262890683,0.0,1.0,14.1,31
123,salads,7.7,uptown,3.0,1,8.0,car,12.0,clear,12,4,12.066666666666666,2,0,1.2246467991473532e-16,-1.0,0.9749279121818236,-0.22252093395631434,8.0,21
58,indian,21.6,uptown,4.0,1,8.86,car,21.0,clear,18,11,18.183333333333334,4,0,-1.0,-1.8369701987210297e-16,-0.433883739117558,-0.9009688679024191,8.86,37
43,chinese,12.4,uptown,5.7,4,44.21,scooter,2246.0,clear,19,2,19.033333333333335,6,1,-0.9659258262890684,0.2588190451025203,-0.7818314824680299,0.6234898018587334,11.0525,32
146,thai,14.2,uptown,4.1,1,14.07,scooter,313.0,cloudy,13,56,13.933333333333334,6,1,-0.2588190451025208,-0.9659258262890683,-0.7818314824680299,0.6234898018587334,14.07,32
82,salads,9.2,midtown,4.4,7,59.87,bike,244.0,cloudy,11,3,11.05,0,0,0.258819045102521,-0.9659258262890682,0.0,1.0,8.552857142857142,30
156,salads,12.7,downtown,3.1,3,32.33,bike,2606.0,clear,19,17,19.283333333333335,2,0,-0.9659258262890684,0.2588190451025203,0.9749279121818236,-0.22252093395631434,10.776666666666666,31
64,mexican,11.6,suburbs_north,2.9,2,20.35,scooter,216.0,clear,20,22,20.366666666666667,6,1,-0.8660254037844386,0.5,-0.7818314824680299,0.6234898018587334,10.175,24
4,pizza,14.0,suburbs_south,13.1,3,41.64,car,56.0,clear,20,8,20.133333333333333,2,0,-0.8660254037844386,0.5,0.9749279121818236,-0.22252093395631434,13.88,52
76,mexican,10.0,uptown,2.0,2,30.29,scooter,53.0,clear,14,50,14.833333333333334,5,1,-0.4999999999999998,-0.8660254037844388,-0.9749279121818236,-0.2225209339563146,15.145,21
82,salads,9.2,midtown,3.7,3,31.12,bike,208.0,rain,13,9,13.15,6,1,-0.2588190451025208,-0.9659258262890683,-0.7818314824680299,0.6234898018587334,10.373333333333333,30
158,indian,12.1,midtown,1.5,6,44.21,bike,777.0,rain,17,10,17.166666666666668,0,0,-0.9659258262890683,-0.25881904510252063,0.0,1.0,7.368333333333333,19
25,mexican,14.5,midtown,1.7,2,18.62,bike,141.0,clear,11,57,11.95,0,0,0.258819045102521,-0.9659258262890682,0.0,1.0,9.31,30
121,indian,13.9,suburbs_north,5.1,2,30.7,bike,46.0,clear,18,5,18.083333333333332,1,0,-1.0,-1.8369701987210297e-16,0.7818314824680297,0.6234898018587336,15.35,45
96,thai,15.7,downtown,2.0,1,8.68,scooter,31.0,clear,12,10,12.166666666666666,5,1,1.2246467991473532e-16,-1.0,-0.9749279121818236,-0.2225209339563146,8.68,28
125,sushi,18.8,uptown,2.5,2,31.77,scooter,570.0,clear,19,33,19.55,6,1,-0.9659258262890684,0.2588190451025203,-0.7818314824680299,0.6234898018587334,15.885,38
8,burgers,12.1,uptown,1.7,4,56.87,bike,51.0,cloudy,20,27,20.45,2,0,-0.8660254037844386,0.5,0.9749279121818236,-0.22252093395631434,14.2175,26
53,thai,11.5,midtown,3.6,7,108.66,car,147.0,clear,15,46,15.766666666666667,1,0,-0.7071067811865471,-0.7071067811865479,0.7818314824680297,0.6234898018587336,15.522857142857143,27
4,pizza,14.0,suburbs_south,7.4,1,12.15,car,147.0,rain,14,38,14.633333333333333,3,0,-0.4999999999999998,-0.8660254037844388,0.43388373911755823,-0.900968867902419,12.15,35
116,sushi,16.4,downtown,2.0,3,22.31,bike,216.0,clear,19,23,19.383333333333333,1,0,-0.9659258262890684,0.2588190451025203,0.7818314824680297,0.6234898018587336,7.4366666666666665,28
124,indian,17.6,downtown,1.0,1,13.48,scooter,173.0,clear,21,1,21.016666666666666,0,0,-0.7071067811865477,0.7071067811865474,0.0,1.0,13.48,22
77,pizza,11.4,uptown,2.4,5,69.17,bike,80.0,cloudy,13,47,13.783333333333333,0,0,-0.2588190451025208,-0.9659258262890683,0.0,1.0,13.834,32
74,thai,18.7,downtown,1.6,3,29.24,bike,49.0,rain,14,2,14.033333333333333,5,1,-0.4999999999999998,-0.8660254037844388,-0.9749279121818236,-0.2225209339563146,9.746666666666666,34
157,burgers,16.3,suburbs_south,7.7,2,20.31,scooter,484.0,heavy_rain,19,47,19.783333333333335,3,0,-0.9659258262890684,0.2588190451025203,0.43388373911755823,-0.900968867902419,10.155,62
139,indian,20.7,midtown,1.0,5,36.16,scooter,448.0,clear,17,40,17.666666666666668,2,0,-0.9659258262890683,-0.25881904510252063,0.9749279121818236,-0.22252093395631434,7.231999999999999,32
97,chinese,16.1,uptown,3.7,4,38.87,scooter,75.0,clear,21,47,21.783333333333335,6,1,-0.7071067811865477,0.7071067811865474,-0.7818314824680299,0.6234898018587334,9.7175,36
131,indian,22.1,downtown,3.2,1,14.4,bike,297.0,cloudy,20,41,20.683333333333334,0,0,-0.8660254037844386,0.5,0.0,1.0,14.4,47
119,indian,16.8,suburbs_south,3.6,5,77.32,bike,41.0,clear,23,51,23.85,6,1,-0.2588190451025215,0.9659258262890681,-0.7818314824680299,0.6234898018587334,15.463999999999999,37
133,chinese,15.9,suburbs_north,5.7,3,21.27,car,798.0,cloudy,23,5,23.083333333333332,6,1,-0.2588190451025215,0.9659258262890681,-0.7818314824680299,0.6234898018587334,7.09,42
85,pizza,11.8,uptown,2.3,3,34.76,bike,80.0,rain,20,2,20.033333333333335,3,0,-0.8660254037844386,0.5,0.43388373911755823,-0.900968867902419,11.586666666666666,32
131,indian,22.1,downtown,1.2,5,36.99,scooter,125.0,cloudy,19,21,19.35,6,1,-0.9659258262890684,0.2588190451025203,-0.7818314824680299,0.6234898018587334,7.398000000000001,35
45,indian,15.4,midtown,4.0,3,47.51,car,32.0,clear,19,44,19.733333333333334,0,0,-0.9659258262890684,0.2588190451025203,0.0,1.0,15.836666666666666,33
114,chinese,12.4,suburbs_south,6.5,1,8.0,scooter,935.0,cloudy,19,14,19.233333333333334,4,0,-0.9659258262890684,0.2588190451025203,-0.433883739117558,-0.9009688679024191,8.0,38
127,indian,15.6,downtown,2.4,1,13.87,bike,1722.0,clear,19,24,19.4,6,1,-0.9659258262890684,0.2588190451025203,-0.7818314824680299,0.6234898018587334,13.87,30
77,pizza,11.4,uptown,3.2,6,83.88,car,556.0,rain,11,56,11.933333333333334,0,0,0.258819045102521,-0.9659258262890682,0.0,1.0,13.979999999999999,34
155,indian,14.5,suburbs_south,3.5,1,12.9,car,13.0,cloudy,16,59,16.983333333333334,0,0,-0.8660254037844384,-0.5000000000000004,0.0,1.0,12.9,27
158,indian,12.1,midtown,1.7,2,21.77,bike,315.0,rain,19,5,19.083333333333332,0,0,-0.9659258262890684,0.2588190451025203,0.0,1.0,10.885,26
52,mexican,5.5,uptown,3.7,1,15.21,bike,50.0,clear,12,51,12.85,3,0,1.2246467991473532e-16,-1.0,0.43388373911755823,-0.900968867902419,15.21,23
116,sushi,16.4,downtown,2.2,2,18.59,scooter,1084.0,clear,21,12,21.2,1,0,-0.7071067811865477,0.7071067811865474,0.7818314824680297,0.6234898018587336,9.295,25
108,mexican,10.1,suburbs_south,2.3,1,11.39,car,280.0,rain,12,5,12.083333333333334,6,1,1.2246467991473532e-16,-1.0,-0.7818314824680299,0.6234898018587334,11.39,24
126,pizza,12.0,midtown,3.6,1,8.0,bike,97.0,clear,13,43,13.716666666666667,5,1,-0.2588190451025208,-0.9659258262890683,-0.9749279121818236,-0.2225209339563146,8.0,35
88,burgers,8.9,suburbs_south,4.0,1,8.34,bike,423.0,clear,18,22,18.366666666666667,5,1,-1.0,-1.8369701987210297e-16,-0.9749279121818236,-0.2225209339563146,8.34,32
76,mexican,10.0,uptown,3.3,1,13.67,bike,62.0,heavy_rain,17,53,17.883333333333333,3,0,-0.9659258262890683,-0.25881904510252063,0.43388373911755823,-0.900968867902419,13.67,33
64,mexican,11.6,suburbs_north,5.6,4,61.4,car,587.0,clear,19,4,19.066666666666666,5,1,-0.9659258262890684,0.2588190451025203,-0.9749279121818236,-0.2225209339563146,15.35,31
1,mexican,12.7,downtown,1.6,3,42.3,car,22.0,clear,23,55,23.916666666666668,5,1,-0.2588190451025215,0.9659258262890681,-0.9749279121818236,-0.2225209339563146,14.1,25
129,pizza,10.9,suburbs_north,5.5,2,22.54,bike,236.0,clear,13,52,13.866666666666667,0,0,-0.2588190451025208,-0.9659258262890683,0.0,1.0,11.27,37
138,thai,16.2,uptown,5.9,1,8.51,bike,32.0,heavy_rain,16,41,16.683333333333334,1,0,-0.8660254037844384,-0.5000000000000004,0.7818314824680297,0.6234898018587336,8.51,58
159,pizza,15.0,uptown,4.9,2,28.58,bike,16.0,clear,10,6,10.1,4,0,0.49999999999999994,-0.8660254037844387,-0.433883739117558,-0.9009688679024191,14.29,45
58,indian,21.6,uptown,3.6,1,10.18,car,137.0,clear,12,3,12.05,6,1,1.2246467991473532e-16,-1.0,-0.7818314824680299,0.6234898018587334,10.18,37
151,chinese,11.8,downtown,1.4,2,27.06,scooter,417.0,heavy_rain,14,29,14.483333333333333,1,0,-0.4999999999999998,-0.8660254037844388,0.7818314824680297,0.6234898018587336,13.53,21
88,burgers,8.9,suburbs_south,4.1,2,20.72,scooter,71.0,clear,13,39,13.65,5,1,-0.2588190451025208,-0.9659258262890683,-0.9749279121818236,-0.2225209339563146,10.36,27
157,burgers,16.3,suburbs_south,6.1,5,45.82,car,107.0,rain,12,30,12.5,0,0,1.2246467991473532e-16,-1.0,0.0,1.0,9.164,47
2,thai,10.5,downtown,1.1,2,19.04,scooter,313.0,heavy_rain,23,8,23.133333333333333,4,0,-0.2588190451025215,0.9659258262890681,-0.433883739117558,-0.9009688679024191,9.52,19
46,indian,19.4,downtown,2.5,1,15.91,scooter,988.0,clear,20,56,20.933333333333334,1,0,-0.8660254037844386,0.5,0.7818314824680297,0.6234898018587336,15.91,33
45,indian,15.4,midtown,1.5,3,21.04,car,147.0,clear,16,31,16.516666666666666,1,0,-0.8660254037844384,-0.5000000000000004,0.7818314824680297,0.6234898018587336,7.013333333333333,24
96,thai,15.7,downtown,2.8,1,9.26,bike,1767.0,cloudy,10,48,10.8,2,0,0.49999999999999994,-0.8660254037844387,0.9749279121818236,-0.22252093395631434,9.26,27
102,indian,17.4,uptown,4.1,2,28.0,car,61.0,clear,10,48,10.8,6,1,0.49999999999999994,-0.8660254037844387,-0.7818314824680299,0.6234898018587334,14.0,29
91,salads,10.1,suburbs_south,6.1,3,23.86,car,103.0,cloudy,12,14,12.233333333333333,0,0,1.2246467991473532e-16,-1.0,0.0,1.0,7.953333333333333,35
140,chinese,17.8,downtown,2.2,2,18.67,car,144.0,rain,21,55,21.916666666666668,3,0,-0.7071067811865477,0.7071067811865474,0.43388373911755823,-0.900968867902419,9.335,26
71,burgers,14.5,uptown,1.8,2,20.4,scooter,480.0,clear,21,37,21.616666666666667,5,1,-0.7071067811865477,0.7071067811865474,-0.9749279121818236,-0.2225209339563146,10.2,24
82,salads,9.2,midtown,3.7,2,20.11,bike,409.0,clear,12,19,12.316666666666666,3,0,1.2246467991473532e-16,-1.0,0.43388373911755823,-0.900968867902419,10.055,29
7,thai,17.1,midtown,2.2,4,47.85,bike,24.0,clear,17,41,17.683333333333334,0,0,-0.9659258262890683,-0.25881904510252063,0.0,1.0,11.9625,40
111,pizza,8.5,downtown,1.3,2,19.89,scooter,261.0,cloudy,16,38,16.633333333333333,0,0,-0.8660254037844384,-0.5000000000000004,0.0,1.0,9.945,11
17,thai,9.8,uptown,2.6,1,9.14,car,45.0,clear,18,32,18.533333333333335,1,0,-1.0,-1.8369701987210297e-16,0.7818314824680297,0.6234898018587336,9.14,20
47,mexican,14.1,downtown,2.5,2,23.24,scooter,1578.0,rain,15,32,15.533333333333333,5,1,-0.7071067811865471,-0.7071067811865479,-0.9749279121818236,-0.2225209339563146,11.62,24
57,sushi,15.1,midtown,3.7,2,31.05,scooter,734.0,clear,11,2,11.033333333333333,4,0,0.258819045102521,-0.9659258262890682,-0.433883739117558,-0.9009688679024191,15.525,37
121,indian,13.9,suburbs_north,10.1,2,27.08,car,58.0,heavy_rain,14,28,14.466666666666667,4,0,-0.4999999999999998,-0.8660254037844388,-0.433883739117558,-0.9009688679024191,13.54,54
20,mexican,9.2,midtown,4.6,3,36.79,scooter,4890.0,cloudy,12,48,12.8,0,0,1.2246467991473532e-16,-1.0,0.0,1.0,12.263333333333334,31
46,indian,19.4,downtown,1.6,2,14.66,car,244.0,clear,20,24,20.4,6,1,-0.8660254037844386,0.5,-0.7818314824680299,0.6234898018587334,7.33,38
158,indian,12.1,midtown,3.2,2,31.95,car,361.0,clear,20,23,20.383333333333333,1,0,-0.8660254037844386,0.5,0.7818314824680297,0.6234898018587336,15.975,25
65,thai,16.7,uptown,4.5,4,55.19,bike,56.0,clear,21,4,21.066666666666666,6,1,-0.7071067811865477,0.7071067811865474,-0.7818314824680299,0.6234898018587334,13.7975,44
147,chinese,17.7,midtown,3.3,2,21.04,scooter,174.0,clear,13,8,13.133333333333333,6,1,-0.2588190451025208,-0.9659258262890683,-0.7818314824680299,0.6234898018587334,10.52,39
108,mexican,10.1,suburbs_south,5.7,3,44.41,bike,110.0,clear,20,41,20.683333333333334,5,1,-0.8660254037844386,0.5,-0.9749279121818236,-0.2225209339563146,14.803333333333333,39
104,thai,11.5,suburbs_south,9.6,1,10.59,scooter,47.0,clear,12,47,12.783333333333333,5,1,1.2246467991473532e-16,-1.0,-0.9749279121818236,-0.2225209339563146,10.59,51
55,salads,5.0,midtown,2.0,2,28.1,car,62.0,clear,20,28,20.466666666666665,6,1,-0.8660254037844386,0.5,-0.7818314824680299,0.6234898018587334,14.05,15
79,salads,10.0,midtown,3.4,2,26.5,bike,229.0,clear,17,7,17.116666666666667,2,0,-0.9659258262890683,-0.25881904510252063,0.9749279121818236,-0.22252093395631434,13.25,28
114,chinese,12.4,suburbs_south,6.2,1,13.45,car,50.0,cloudy,19,32,19.533333333333335,4,0,-0.9659258262890684,0.2588190451025203,-0.433883739117558,-0.9009688679024191,13.45,33
26,pizza,14.9,midtown,4.9,1,10.12,scooter,100.0,cloudy,21,16,21.266666666666666,1,0,-0.7071067811865477,0.7071067811865474,0.7818314824680297,0.6234898018587336,10.12,30
13,indian,15.1,downtown,0.9,2,27.13,bike,208.0,clear,19,40,19.666666666666668,0,0,-0.9659258262890684,0.2588190451025203,0.0,1.0,13.565,26
108,mexican,10.1,suburbs_south,4.7,2,27.06,car,7.0,clear,19,33,19.55,2,0,-0.9659258262890684,0.2588190451025203,0.9749279121818236,-0.22252093395631434,13.53,30
10,pizza,12.9,suburbs_north,6.8,1,14.32,car,172.0,clear,18,55,18.916666666666668,6,1,-1.0,-1.8369701987210297e-16,-0.7818314824680299,0.6234898018587334,14.32,33
77,pizza,11.4,uptown,5.3,2,31.01,scooter,212.0,clear,14,29,14.483333333333333,4,0,-0.4999999999999998,-0.8660254037844388,-0.433883739117558,-0.9009688679024191,15.505,26
76,mexican,10.0,uptown,3.3,2,30.8,bike,61.0,rain,14,32,14.533333333333333,6,1,-0.4999999999999998,-0.8660254037844388,-0.7818314824680299,0.6234898018587334,15.4,31
121,indian,13.9,suburbs_north,5.9,2,25.7,bike,243.0,cloudy,17,36,17.6,0,0,-0.9659258262890683,-0.25881904510252063,0.0,1.0,12.85,40
31,sushi,14.7,midtown,3.7,3,40.81,bike,1549.0,clear,13,53,13.883333333333333,0,0,-0.2588190451025208,-0.9659258262890683,0.0,1.0,13.603333333333333,36
24,pizza,15.8,uptown,1.7,2,31.39,scooter,127.0,cloudy,15,33,15.55,3,0,-0.7071067811865471,-0.7071067811865479,0.43388373911755823,-0.900968867902419,15.695,24
79,salads,10.0,midtown,4.4,3,47.25,scooter,427.0,heavy_rain,19,45,19.75,3,0,-0.9659258262890684,0.2588190451025203,0.43388373911755823,-0.900968867902419,15.75,32
111,pizza,8.5,downtown,2.4,3,36.56,scooter,147.0,cloudy,13,40,13.666666666666666,3,0,-0.2588190451025208,-0.9659258262890683,0.43388373911755823,-0.900968867902419,12.186666666666667,16
120,pizza,12.2,downtown,2.1,2,29.44,scooter,74.0,cloudy,13,59,13.983333333333333,2,0,-0.2588190451025208,-0.9659258262890683,0.9749279121818236,-0.22252093395631434,14.72,31
149,thai,15.5,downtown,2.8,2,29.03,bike,58.0,clear,17,42,17.7,5,1,-0.9659258262890683,-0.25881904510252063,-0.9749279121818236,-0.2225209339563146,14.515,30
50,salads,8.2,midtown,4.5,1,9.29,car,203.0,cloudy,12,16,12.266666666666667,2,0,1.2246467991473532e-16,-1.0,0.9749279121818236,-0.22252093395631434,9.29,24
124,indian,17.6,downtown,1.5,3,31.8,bike,192.0,clear,12,30,12.5,3,0,1.2246467991473532e-16,-1.0,0.43388373911755823,-0.900968867902419,10.6,36
49,indian,14.4,uptown,5.7,4,33.05,car,125.0,cloudy,13,40,13.666666666666666,2,0,-0.2588190451025208,-0.9659258262890683,0.9749279121818236,-0.22252093395631434,8.2625,46
20,mexican,9.2,midtown,4.1,3,43.13,scooter,259.0,cloudy,15,31,15.516666666666667,2,0,-0.7071067811865471,-0.7071067811865479,0.9749279121818236,-0.22252093395631434,14.376666666666667,21
86,chinese,11.8,suburbs_south,8.4,3,36.76,car,182.0,heavy_rain,14,18,14.3,4,0,-0.4999999999999998,-0.8660254037844388,-0.433883739117558,-0.9009688679024191,12.253333333333332,44
144,chinese,7.6,midtown,3.7,1,9.96,bike,105.0,heavy_rain,10,20,10.333333333333334,1,0,0.49999999999999994,-0.8660254037844387,0.7818314824680297,0.6234898018587336,9.96,36
115,thai,13.4,downtown,1.0,1,8.1,car,93.0,clear,19,49,19.816666666666666,2,0,-0.9659258262890684,0.2588190451025203,0.9749279121818236,-0.22252093395631434,8.1,21
33,sushi,21.1,midtown,3.2,2,20.77,scooter,125.0,clear,21,0,21.0,5,1,-0.7071067811865477,0.7071067811865474,-0.9749279121818236,-0.2225209339563146,10.385,34
142,indian,20.4,midtown,5.1,5,73.53,bike,136.0,cloudy,21,42,21.7,0,0,-0.7071067811865477,0.7071067811865474,0.0,1.0,14.706,48
103,thai,16.4,midtown,4.2,2,16.45,bike,479.0,cloudy,18,34,18.566666666666666,1,0,-1.0,-1.8369701987210297e-16,0.7818314824680297,0.6234898018587336,8.225,40
104,thai,11.5,suburbs_south,6.5,1,14.04,car,454.0,clear,13,36,13.6,6,1,-0.2588190451025208,-0.9659258262890683,-0.7818314824680299,0.6234898018587334,14.04,29
109,burgers,10.0,downtown,1.4,7,86.02,car,140.0,rain,17,35,17.583333333333332,1,0,-0.9659258262890683,-0.25881904510252063,0.7818314824680297,0.6234898018587336,12.288571428571428,21
3,pizza,20.9,suburbs_north,2.9,4,51.32,scooter,50.0,cloudy,21,46,21.766666666666666,2,0,-0.7071067811865477,0.7071067811865474,0.9749279121818236,-0.22252093395631434,12.83,39
124,indian,17.6,downtown,3.3,6,47.4,scooter,300.0,clear,15,57,15.95,2,0,-0.7071067811865471,-0.7071067811865479,0.9749279121818236,-0.22252093395631434,7.8999999999999995,32
151,chinese,11.8,downtown,1.0,1,11.15,scooter,122.0,clear,19,8,19.133333333333333,0,0,-0.9659258262890684,0.2588190451025203,0.0,1.0,11.15,21
62,salads,6.7,downtown,2.7,1,15.06,bike,139.0,cloudy,18,22,18.366666666666667,3,0,-1.0,-1.8369701987210297e-16,0.43388373911755823,-0.900968867902419,15.06,18
58,indian,21.6,uptown,5.3,3,33.45,bike,30.0,clear,14,56,14.933333333333334,5,1,-0.4999999999999998,-0.8660254037844388,-0.9749279121818236,-0.2225209339563146,11.15,51
50,salads,8.2,midtown,3.1,3,42.56,scooter,830.0,clear,13,36,13.6,2,0,-0.2588190451025208,-0.9659258262890683,0.9749279121818236,-0.22252093395631434,14.186666666666667,22
108,mexican,10.1,suburbs_south,2.3,2,19.21,scooter,66.0,clear,15,24,15.4,1,0,-0.7071067811865471,-0.7071067811865479,0.7818314824680297,0.6234898018587336,9.605,19
67,chinese,17.8,uptown,2.6,4,46.93,bike,308.0,cloudy,22,27,22.45,0,0,-0.5000000000000004,0.8660254037844384,0.0,1.0,11.7325,33
13,indian,15.1,downtown,1.4,1,13.62,scooter,78.0,heavy_rain,16,46,16.766666666666666,0,0,-0.8660254037844384,-0.5000000000000004,0.0,1.0,13.62,22
89,sushi,22.3,suburbs_north,3.3,2,29.79,car,628.0,clear,15,13,15.216666666666667,4,0,-0.7071067811865471,-0.7071067811865479,-0.433883739117558,-0.9009688679024191,14.895,30
12,thai,12.8,midtown,1.7,1,8.56,bike,27.0,clear,12,4,12.066666666666666,0,0,1.2246467991473532e-16,-1.0,0.0,1.0,8.56,28
87,burgers,6.5,downtown,1.2,4,39.39,bike,37.0,clear,18,12,18.2,3,0,-1.0,-1.8369701987210297e-16,0.43388373911755823,-0.900968867902419,9.8475,16
120,pizza,12.2,downtown,1.5,8,74.49,scooter,24.0,clear,12,31,12.516666666666667,2,0,1.2246467991473532e-16,-1.0,0.9749279121818236,-0.22252093395631434,9.31125,30
101,thai,11.8,suburbs_north,6.0,2,23.33,car,690.0,clear,18,13,18.216666666666665,2,0,-1.0,-1.8369701987210297e-16,0.9749279121818236,-0.22252093395631434,11.665,33
63,pizza,12.6,downtown,2.8,3,36.71,scooter,615.0,clear,17,27,17.45,6,1,-0.9659258262890683,-0.25881904510252063,-0.7818314824680299,0.6234898018587334,12.236666666666666,34
150,mexican,14.6,downtown,2.0,3,39.23,bike,49.0,clear,11,3,11.05,2,0,0.258819045102521,-0.9659258262890682,0.9749279121818236,-0.22252093395631434,13.076666666666666,33
89,sushi,22.3,suburbs_north,4.4,3,27.13,scooter,381.0,clear,15,35,15.583333333333334,3,0,-0.7071067811865471,-0.7071067811865479,0.43388373911755823,-0.900968867902419,9.043333333333333,45
85,pizza,11.8,uptown,4.4,1,12.06,scooter,52.0,cloudy,13,45,13.75,4,0,-0.2588190451025208,-0.9659258262890683,-0.433883739117558,-0.9009688679024191,12.06,29
49,indian,14.4,uptown,6.0,5,52.59,scooter,524.0,clear,21,41,21.683333333333334,3,0,-0.7071067811865477,0.7071067811865474,0.43388373911755823,-0.900968867902419,10.518,33
152,indian,18.0,suburbs_north,2.7,5,44.89,bike,318.0,clear,12,5,12.083333333333334,2,0,1.2246467991473532e-16,-1.0,0.9749279121818236,-0.22252093395631434,8.978,36
26,pizza,14.9,midtown,2.8,1,8.63,bike,389.0,rain,19,32,19.533333333333335,0,0,-0.9659258262890684,0.2588190451025203,0.0,1.0,8.63,33
45,indian,15.4,midtown,1.9,2,17.43,scooter,873.0,clear,11,32,11.533333333333333,1,0,0.258819045102521,-0.9659258262890682,0.7818314824680297,0.6234898018587336,8.715,32
20,mexican,9.2,midtown,3.9,2,15.33,scooter,9.0,clear,12,13,12.216666666666667,0,0,1.2246467991473532e-16,-1.0,0.0,1.0,7.665,22
68,thai,11.9,uptown,1.9,3,22.84,scooter,331.0,clear,12,36,12.6,6,1,1.2246467991473532e-16,-1.0,-0.7818314824680299,0.6234898018587334,7.613333333333333,26
94,sushi,20.2,downtown,2.6,1,12.86,bike,19.0,rain,11,32,11.533333333333333,4,0,0.258819045102521,-0.9659258262890682,-0.433883739117558,-0.9009688679024191,12.86,41
131,indian,22.1,downtown,1.6,3,39.01,car,86.0,clear,15,27,15.45,6,1,-0.7071067811865471,-0.7071067811865479,-0.7818314824680299,0.6234898018587334,13.003333333333332,30
151,chinese,11.8,downtown,1.4,2,27.36,car,103.0,clear,11,5,11.083333333333334,0,0,0.258819045102521,-0.9659258262890682,0.0,1.0,13.68,21
74,thai,18.7,downtown,2.3,2,14.02,bike,269.0,rain,22,15,22.25,3,0,-0.5000000000000004,0.8660254037844384,0.43388373911755823,-0.900968867902419,7.01,35
150,mexican,14.6,downtown,2.4,2,24.93,scooter,41.0,rain,17,16,17.266666666666666,2,0,-0.9659258262890683,-0.25881904510252063,0.9749279121818236,-0.22252093395631434,12.465,27
63,pizza,12.6,downtown,2.4,2,26.92,scooter,1706.0,heavy_rain,18,15,18.25,2,0,-1.0,-1.8369701987210297e-16,0.9749279121818236,-0.22252093395631434,13.46,31
35,mexican,11.9,midtown,3.3,5,53.53,car,37.0,cloudy,23,59,23.983333333333334,3,0,-0.2588190451025215,0.9659258262890681,0.43388373911755823,-0.900968867902419,10.706,24
33,sushi,21.1,midtown,3.6,3,25.67,bike,116.0,clear,20,41,20.683333333333334,1,0,-0.8660254037844386,0.5,0.7818314824680297,0.6234898018587336,8.556666666666667,40
77,pizza,11.4,uptown,5.8,2,26.49,scooter,813.0,clear,20,6,20.1,2,0,-0.8660254037844386,0.5,0.9749279121818236,-0.22252093395631434,13.245,28
145,pizza,12.3,suburbs_south,3.3,3,29.68,bike,406.0,clear,13,19,13.316666666666666,4,0,-0.2588190451025208,-0.9659258262890683,-0.433883739117558,-0.9009688679024191,9.893333333333333,32
48,mexican,8.8,midtown,1.7,2,27.25,scooter,251.0,clear,19,3,19.05,6,1,-0.9659258262890684,0.2588190451025203,-0.7818314824680299,0.6234898018587334,13.625,20
104,thai,11.5,suburbs_south,9.7,6,50.11,scooter,176.0,clear,16,44,16.733333333333334,4,0,-0.8660254037844384,-0.5000000000000004,-0.433883739117558,-0.9009688679024191,8.351666666666667,45
94,sushi,20.2,downtown,1.7,3,32.88,bike,492.0,clear,18,50,18.833333333333332,2,0,-1.0,-1.8369701987210297e-16,0.9749279121818236,-0.22252093395631434,10.96,33
114,chinese,12.4,suburbs_south,4.8,1,13.86,scooter,29.0,clear,20,27,20.45,5,1,-0.8660254037844386,0.5,-0.9749279121818236,-0.2225209339563146,13.86,34
64,mexican,11.6,suburbs_north,6.9,2,18.88,car,69.0,clear,17,14,17.233333333333334,1,0,-0.9659258262890683,-0.25881904510252063,0.7818314824680297,0.6234898018587336,9.44,28
18,indian,20.8,suburbs_south,9.8,5,38.35,car,81.0,cloudy,17,35,17.583333333333332,4,0,-0.9659258262890683,-0.25881904510252063,-0.433883739117558,-0.9009688679024191,7.67,54
4,pizza,14.0,suburbs_south,9.8,1,15.43,scooter,96.0,cloudy,18,47,18.783333333333335,1,0,-1.0,-1.8369701987210297e-16,0.7818314824680297,0.6234898018587336,15.43,49
34,mexican,12.2,midtown,1.2,4,51.28,scooter,103.0,clear,12,17,12.283333333333333,4,0,1.2246467991473532e-16,-1.0,-0.433883739117558,-0.9009688679024191,12.82,27
127,indian,15.6,downtown,1.2,1,10.45,bike,27.0,rain,12,12,12.2,4,0,1.2246467991473532e-16,-1.0,-0.433883739117558,-0.9009688679024191,10.45,30
71,burgers,14.5,uptown,3.6,6,87.07,scooter,35.0,clear,13,40,13.666666666666666,6,1,-0.2588190451025208,-0.9659258262890683,-0.7818314824680299,0.6234898018587334,14.511666666666665,36
1,mexican,12.7,downtown,1.0,5,68.47,car,147.0,clear,17,6,17.1,4,0,-0.9659258262890683,-0.25881904510252063,-0.433883739117558,-0.9009688679024191,13.693999999999999,19
90,sushi,20.7,midtown,2.9,4,58.21,scooter,49.0,cloudy,14,19,14.316666666666666,4,0,-0.4999999999999998,-0.8660254037844388,-0.433883739117558,-0.9009688679024191,14.5525,33
99,thai,13.4,midtown,3.0,2,17.85,bike,234.0,clear,14,2,14.033333333333333,3,0,-0.4999999999999998,-0.8660254037844388,0.43388373911755823,-0.900968867902419,8.925,29
53,thai,11.5,midtown,2.4,4,46.96,scooter,10.0,clear,19,29,19.483333333333334,0,0,-0.9659258262890684,0.2588190451025203,0.0,1.0,11.74,24
94,sushi,20.2,downtown,1.9,2,28.8,bike,508.0,cloudy,19,1,19.016666666666666,2,0,-0.9659258262890684,0.2588190451025203,0.9749279121818236,-0.22252093395631434,14.4,29
6,sushi,16.8,midtown,4.2,2,23.6,bike,200.0,clear,21,16,21.266666666666666,5,1,-0.7071067811865477,0.7071067811865474,-0.9749279121818236,-0.2225209339563146,11.8,39
140,chinese,17.8,downtown,3.7,1,10.68,car,143.0,clear,12,24,12.4,1,0,1.2246467991473532e-16,-1.0,0.7818314824680297,0.6234898018587336,10.68,40
35,mexican,11.9,midtown,3.1,2,16.9,scooter,249.0,cloudy,11,37,11.616666666666667,3,0,0.258819045102521,-0.9659258262890682,0.43388373911755823,-0.900968867902419,8.45,27
75,mexican,13.3,midtown,2.5,5,59.39,scooter,319.0,rain,11,40,11.666666666666666,0,0,0.258819045102521,-0.9659258262890682,0.0,1.0,11.878,27
72,burgers,12.2,suburbs_south,6.8,2,21.2,car,44.0,clear,19,48,19.8,2,0,-0.9659258262890684,0.2588190451025203,0.9749279121818236,-0.22252093395631434,10.6,40
10,pizza,12.9,suburbs_north,6.4,3,46.24,car,86.0,clear,18,43,18.716666666666665,5,1,-1.0,-1.8369701987210297e-16,-0.9749279121818236,-0.2225209339563146,15.413333333333334,38
64,mexican,11.6,suburbs_north,8.4,2,29.6,car,196.0,cloudy,21,25,21.416666666666668,6,1,-0.7071067811865477,0.7071067811865474,-0.7818314824680299,0.6234898018587334,14.8,38
6,sushi,16.8,midtown,1.7,4,54.58,car,158.0,cloudy,18,14,18.233333333333334,4,0,-1.0,-1.8369701987210297e-16,-0.433883739117558,-0.9009688679024191,13.645,31
88,burgers,8.9,suburbs_south,3.2,4,58.77,car,717.0,clear,14,7,14.116666666666667,6,1,-0.4999999999999998,-0.8660254037844388,-0.7818314824680299,0.6234898018587334,14.6925,21
61,thai,18.0,suburbs_north,8.9,3,24.94,car,154.0,rain,20,6,20.1,1,0,-0.8660254037844386,0.5,0.7818314824680297,0.6234898018587336,8.313333333333334,52
25,mexican,14.5,midtown,2.1,2,28.4,scooter,77.0,cloudy,19,59,19.983333333333334,4,0,-0.9659258262890684,0.2588190451025203,-0.433883739117558,-0.9009688679024191,14.2,23
72,burgers,12.2,suburbs_south,8.2,6,67.46,car,190.0,cloudy,19,6,19.1,4,0,-0.9659258262890684,0.2588190451025203,-0.433883739117558,-0.9009688679024191,11.243333333333332,45
127,indian,15.6,downtown,2.1,3,42.07,bike,500.0,rain,19,12,19.2,5,1,-0.9659258262890684,0.2588190451025203,-0.9749279121818236,-0.2225209339563146,14.023333333333333,37
122,indian,20.0,midtown,2.3,2,21.99,car,186.0,cloudy,12,4,12.066666666666666,0,0,1.2246467991473532e-16,-1.0,0.0,1.0,10.995,30
85,pizza,11.8,uptown,2.3,1,8.0,car,48.0,clear,17,21,17.35,2,0,-0.9659258262890683,-0.25881904510252063,0.9749279121818236,-0.22252093395631434,8.0,22
89,sushi,22.3,suburbs_north,7.6,4,43.61,car,45.0,clear,11,30,11.5,0,0,0.258819045102521,-0.9659258262890682,0.0,1.0,10.9025,49
48,mexican,8.8,midtown,3.8,2,23.31,bike,230.0,clear,19,8,19.133333333333333,6,1,-0.9659258262890684,0.2588190451025203,-0.7818314824680299,0.6234898018587334,11.655,32
60,chinese,10.4,suburbs_north,6.6,3,22.16,car,118.0,cloudy,11,2,11.033333333333333,3,0,0.258819045102521,-0.9659258262890682,0.43388373911755823,-0.900968867902419,7.386666666666667,32
32,thai,16.7,uptown,1.8,4,52.62,car,75.0,clear,11,56,11.933333333333334,0,0,0.258819045102521,-0.9659258262890682,0.0,1.0,13.155,32
141,thai,14.1,suburbs_north,2.0,4,46.48,bike,9.0,cloudy,23,13,23.216666666666665,5,1,-0.2588190451025215,0.9659258262890681,-0.9749279121818236,-0.2225209339563146,11.62,33
36,burgers,11.8,downtown,1.1,4,59.62,bike,267.0,clear,15,46,15.766666666666667,0,0,-0.7071067811865471,-0.7071067811865479,0.0,1.0,14.905,19
27,thai,16.7,downtown,2.5,3,35.89,car,329.0,cloudy,13,58,13.966666666666667,0,0,-0.2588190451025208,-0.9659258262890683,0.0,1.0,11.963333333333333,37
56,thai,13.0,downtown,3.3,2,29.38,car,161.0,clear,12,39,12.65,2,0,1.2246467991473532e-16,-1.0,0.9749279121818236,-0.22252093395631434,14.69,32
104,thai,11.5,suburbs_south,3.0,1,12.71,bike,8.0,cloudy,12,52,12.866666666666667,4,0,1.2246467991473532e-16,-1.0,-0.433883739117558,-0.9009688679024191,12.71,33
38,pizza,16.9,midtown,4.2,2,15.28,bike,2237.0,cloudy,16,18,16.3,2,0,-0.8660254037844384,-0.5000000000000004,0.9749279121818236,-0.22252093395631434,7.64,32
26,pizza,14.9,midtown,1.5,1,13.46,car,274.0,cloudy,21,21,21.35,0,0,-0.7071067811865477,0.7071067811865474,0.0,1.0,13.46,16
75,mexican,13.3,midtown,3.8,3,35.22,scooter,48.0,rain,20,54,20.9,3,0,-0.8660254037844386,0.5,0.43388373911755823,-0.900968867902419,11.74,36
156,salads,12.7,downtown,1.1,3,40.71,bike,24.0,clear,18,56,18.933333333333334,3,0,-1.0,-1.8369701987210297e-16,0.43388373911755823,-0.900968867902419,13.57,25
44,indian,21.0,midtown,4.8,2,26.8,bike,152.0,cloudy,16,33,16.55,6,1,-0.8660254037844384,-0.5000000000000004,-0.7818314824680299,0.6234898018587334,13.4,46
108,mexican,10.1,suburbs_south,8.9,3,21.22,scooter,1410.0,clear,19,16,19.266666666666666,4,0,-0.9659258262890684,0.2588190451025203,-0.433883739117558,-0.9009688679024191,7.073333333333333,45
121,indian,13.9,suburbs_north,3.2,3,40.67,scooter,1655.0,clear,22,59,22.983333333333334,3,0,-0.5000000000000004,0.8660254037844384,0.43388373911755823,-0.900968867902419,13.556666666666667,30
99,thai,13.4,midtown,3.7,5,41.83,bike,185.0,clear,18,12,18.2,5,1,-1.0,-1.8369701987210297e-16,-0.9749279121818236,-0.2225209339563146,8.366,44
137,thai,13.3,suburbs_north,7.7,4,34.92,car,334.0,heavy_rain,22,9,22.15,4,0,-0.5000000000000004,0.8660254037844384,-0.433883739117558,-0.9009688679024191,8.73,46
130,mexican,15.3,downtown,1.6,1,12.96,scooter,132.0,clear,13,31,13.516666666666667,6,1,-0.2588190451025208,-0.9659258262890683,-0.7818314824680299,0.6234898018587334,12.96,29
55,salads,5.0,midtown,3.2,1,13.56,scooter,1723.0,cloudy,20,38,20.633333333333333,2,0,-0.8660254037844386,0.5,0.9749279121818236,-0.22252093395631434,13.56,18
78,mexican,9.1,downtown,1.1,2,22.8,scooter,32.0,rain,17,34,17.566666666666666,1,0,-0.9659258262890683,-0.25881904510252063,0.7818314824680297,0.6234898018587336,11.4,19
50,salads,8.2,midtown,2.9,3,23.41,scooter,36.0,clear,19,3,19.05,6,1,-0.9659258262890684,0.2588190451025203,-0.7818314824680299,0.6234898018587334,7.803333333333334,25
21,pizza,17.0,midtown,2.2,6,42.37,bike,147.0,rain,12,57,12.95,0,0,1.2246467991473532e-16,-1.0,0.0,1.0,7.0616666666666665,42
125,sushi,18.8,uptown,6.0,2,26.51,scooter,18.0,clear,12,38,12.633333333333333,3,0,1.2246467991473532e-16,-1.0,0.43388373911755823,-0.900968867902419,13.255,42
73,pizza,10.6,midtown,3.5,2,17.37,car,50.0,cloudy,19,43,19.716666666666665,3,0,-0.9659258262890684,0.2588190451025203,0.43388373911755823,-0.900968867902419,8.685,25
12,thai,12.8,midtown,3.9,1,12.63,bike,86.0,rain,20,11,20.183333333333334,3,0,-0.8660254037844386,0.5,0.43388373911755823,-0.900968867902419,12.63,38
125,sushi,18.8,uptown,3.6,2,16.88,scooter,55.0,rain,23,56,23.933333333333334,5,1,-0.2588190451025215,0.9659258262890681,-0.9749279121818236,-0.2225209339563146,8.44,42
68,thai,11.9,uptown,3.5,3,44.77,bike,752.0,clear,18,12,18.2,5,1,-1.0,-1.8369701987210297e-16,-0.9749279121818236,-0.2225209339563146,14.923333333333334,30
149,thai,15.5,downtown,1.8,1,11.1,bike,198.0,clear,12,44,12.733333333333333,1,0,1.2246467991473532e-16,-1.0,0.7818314824680297,0.6234898018587336,11.1,26
110,thai,12.5,suburbs_north,4.8,3,43.16,scooter,132.0,clear,20,40,20.666666666666668,4,0,-0.8660254037844386,0.5,-0.433883739117558,-0.9009688679024191,14.386666666666665,34
136,salads,9.3,downtown,1.7,7,49.18,scooter,18.0,rain,19,29,19.483333333333334,1,0,-0.9659258262890684,0.2588190451025203,0.7818314824680297,0.6234898018587336,7.025714285714286,27
62,salads,6.7,downtown,1.8,8,122.31,bike,391.0,clear,21,31,21.516666666666666,6,1,-0.7071067811865477,0.7071067811865474,-0.7818314824680299,0.6234898018587334,15.28875,17
46,indian,19.4,downtown,3.1,4,30.42,bike,325.0,clear,18,34,18.566666666666666,2,0,-1.0,-1.8369701987210297e-16,0.9749279121818236,-0.22252093395631434,7.605,36
13,indian,15.1,downtown,3.0,1,8.26,bike,63.0,heavy_rain,14,48,14.8,3,0,-0.4999999999999998,-0.8660254037844388,0.43388373911755823,-0.900968867902419,8.26,37
66,sushi,18.7,midtown,1.2,3,46.55,scooter,233.0,clear,13,6,13.1,4,0,-0.2588190451025208,-0.9659258262890683,-0.433883739117558,-0.9009688679024191,15.516666666666666,32
55,salads,5.0,midtown,2.9,2,31.29,bike,534.0,clear,11,13,11.216666666666667,2,0,0.258819045102521,-0.9659258262890682,0.9749279121818236,-0.22252093395631434,15.645,20
131,indian,22.1,downtown,0.8,2,24.7,scooter,871.0,clear,21,42,21.7,2,0,-0.7071067811865477,0.7071067811865474,0.9749279121818236,-0.22252093395631434,12.35,24
113,mexican,13.2,midtown,2.8,2,29.7,bike,49.0,clear,12,53,12.883333333333333,0,0,1.2246467991473532e-16,-1.0,0.0,1.0,14.85,29
112,sushi,18.2,downtown,2.6,2,16.84,scooter,102.0,clear,20,6,20.1,4,0,-0.8660254037844386,0.5,-0.433883739117558,-0.9009688679024191,8.42,36
126,pizza,12.0,midtown,5.0,1,10.95,bike,367.0,heavy_rain,12,31,12.516666666666667,2,0,1.2246467991473532e-16,-1.0,0.9749279121818236,-0.22252093395631434,10.95,48
50,salads,8.2,midtown,2.9,2,18.86,bike,752.0,clear,18,26,18.433333333333334,6,1,-1.0,-1.8369701987210297e-16,-0.7818314824680299,0.6234898018587334,9.43,22
141,thai,14.1,suburbs_north,3.6,6,52.6,bike,46.0,clear,19,18,19.3,2,0,-0.9659258262890684,0.2588190451025203,0.9749279121818236,-0.22252093395631434,8.766666666666667,44
78,mexican,9.1,downtown,1.2,3,45.23,scooter,207.0,clear,20,32,20.533333333333335,2,0,-0.8660254037844386,0.5,0.9749279121818236,-0.22252093395631434,15.076666666666666,16
156,salads,12.7,downtown,2.6,4,28.74,bike,147.0,clear,10,55,10.916666666666666,0,0,0.49999999999999994,-0.8660254037844387,0.0,1.0,7.185,29
65,thai,16.7,uptown,2.1,6,53.62,scooter,234.0,clear,17,14,17.233333333333334,3,0,-0.9659258262890683,-0.25881904510252063,0.43388373911755823,-0.900968867902419,8.936666666666666,34
143,chinese,12.4,uptown,1.3,2,25.78,scooter,147.0,rain,17,31,17.516666666666666,1,0,-0.9659258262890683,-0.25881904510252063,0.7818314824680297,0.6234898018587336,12.89,18
70,thai,14.2,suburbs_north,10.9,2,27.92,car,665.0,clear,18,2,18.033333333333335,0,0,-1.0,-1.8369701987210297e-16,0.0,1.0,13.96,47
32,thai,16.7,uptown,5.2,2,20.6,car,314.0,cloudy,12,59,12.983333333333333,1,0,1.2246467991473532e-16,-1.0,0.7818314824680297,0.6234898018587336,10.3,36
142,indian,20.4,midtown,1.4,8,93.16,scooter,254.0,clear,11,39,11.65,0,0,0.258819045102521,-0.9659258262890682,0.0,1.0,11.645,37
113,mexican,13.2,midtown,3.1,2,30.56,bike,147.0,clear,17,37,17.616666666666667,2,0,-0.9659258262890683,-0.25881904510252063,0.9749279121818236,-0.22252093395631434,15.28,30
7,thai,17.1,midtown,3.6,6,84.67,scooter,34.0,cloudy,11,19,11.316666666666666,1,0,0.258819045102521,-0.9659258262890682,0.7818314824680297,0.6234898018587336,14.111666666666666,33
73,pizza,10.6,midtown,4.1,5,77.32,scooter,593.0,clear,17,30,17.5,3,0,-0.9659258262890683,-0.25881904510252063,0.43388373911755823,-0.900968867902419,15.463999999999999,25
49,indian,14.4,uptown,6.0,5,60.34,bike,2433.0,clear,18,14,18.233333333333334,1,0,-1.0,-1.8369701987210297e-16,0.7818314824680297,0.6234898018587336,12.068000000000001,50
21,pizza,17.0,midtown,2.9,3,37.74,car,544.0,cloudy,18,27,18.45,2,0,-1.0,-1.8369701987210297e-16,0.9749279121818236,-0.22252093395631434,12.58,31
98,salads,11.1,midtown,1.3,2,23.62,bike,1507.0,clear,20,35,20.583333333333332,0,0,-0.8660254037844386,0.5,0.0,1.0,11.81,64
144,chinese,7.6,midtown,2.7,3,24.54,scooter,79.0,clear,17,37,17.616666666666667,5,1,-0.9659258262890683,-0.25881904510252063,-0.9749279121818236,-0.2225209339563146,8.18,21
112,sushi,18.2,downtown,2.6,3,33.33,car,103.0,clear,12,24,12.4,1,0,1.2246467991473532e-16,-1.0,0.7818314824680297,0.6234898018587336,11.11,37
4,pizza,14.0,suburbs_south,4.3,3,23.24,bike,30.0,clear,11,36,11.6,5,1,0.258819045102521,-0.9659258262890682,-0.9749279121818236,-0.2225209339563146,7.746666666666666,43
157,burgers,16.3,suburbs_south,2.1,4,59.39,bike,29.0,clear,12,56,12.933333333333334,5,1,1.2246467991473532e-16,-1.0,-0.9749279121818236,-0.2225209339563146,14.8475,35
112,sushi,18.2,downtown,2.9,1,15.68,scooter,137.0,clear,19,44,19.733333333333334,4,0,-0.9659258262890684,0.2588190451025203,-0.433883739117558,-0.9009688679024191,15.68,30
43,chinese,12.4,uptown,3.7,7,85.87,car,147.0,clear,19,2,19.033333333333335,2,0,-0.9659258262890684,0.2588190451025203,0.9749279121818236,-0.22252093395631434,12.267142857142858,32
80,chinese,16.1,downtown,2.2,4,50.27,car,49.0,rain,11,22,11.366666666666667,2,0,0.258819045102521,-0.9659258262890682,0.9749279121818236,-0.22252093395631434,12.5675,41
9,thai,12.6,suburbs_south,4.1,1,10.86,scooter,120.0,clear,22,38,22.633333333333333,5,1,-0.5000000000000004,0.8660254037844384,-0.9749279121818236,-0.2225209339563146,10.86,28
68,thai,11.9,uptown,2.3,4,50.88,scooter,183.0,clear,11,46,11.766666666666667,2,0,0.258819045102521,-0.9659258262890682,0.9749279121818236,-0.22252093395631434,12.72,27
36,burgers,11.8,downtown,2.8,2,24.17,scooter,1290.0,cloudy,18,21,18.35,3,0,-1.0,-1.8369701987210297e-16,0.43388373911755823,-0.900968867902419,12.085,23
129,pizza,10.9,suburbs_north,6.2,2,19.69,car,148.0,clear,13,18,13.3,6,1,-0.2588190451025208,-0.9659258262890683,-0.7818314824680299,0.6234898018587334,9.845,35
141,thai,14.1,suburbs_north,10.0,2,24.3,scooter,345.0,cloudy,21,42,21.7,4,0,-0.7071067811865477,0.7071067811865474,-0.433883739117558,-0.9009688679024191,12.15,51
82,salads,9.2,midtown,1.7,5,43.71,scooter,32.0,cloudy,19,47,19.783333333333335,3,0,-0.9659258262890684,0.2588190451025203,0.43388373911755823,-0.900968867902419,8.742,22
146,thai,14.2,uptown,4.3,5,38.22,scooter,176.0,clear,20,43,20.716666666666665,0,0,-0.8660254037844386,0.5,0.0,1.0,7.644,33
149,thai,15.5,downtown,1.8,4,38.81,bike,147.0,clear,22,32,22.533333333333335,0,0,-0.5000000000000004,0.8660254037844384,0.0,1.0,9.7025,31
82,salads,9.2,midtown,3.6,5,70.54,scooter,210.0,rain,17,9,17.15,6,1,-0.9659258262890683,-0.25881904510252063,-0.7818314824680299,0.6234898018587334,14.108,25
137,thai,13.3,suburbs_north,4.7,4,31.58,car,215.0,clear,18,37,18.616666666666667,3,0,-1.0,-1.8369701987210297e-16,0.43388373911755823,-0.900968867902419,7.895,32
53,thai,11.5,midtown,2.0,2,20.41,bike,263.0,heavy_rain,13,46,13.766666666666667,5,1,-0.2588190451025208,-0.9659258262890683,-0.9749279121818236,-0.2225209339563146,10.205,32
93,sushi,16.7,downtown,2.6,1,12.9,scooter,23.0,clear,14,44,14.733333333333333,4,0,-0.4999999999999998,-0.8660254037844388,-0.433883739117558,-0.9009688679024191,12.9,29
68,thai,11.9,uptown,2.6,1,15.31,scooter,430.0,clear,13,49,13.816666666666666,4,0,-0.2588190451025208,-0.9659258262890683,-0.433883739117558,-0.9009688679024191,15.31,23
74,thai,18.7,downtown,1.7,2,21.15,car,144.0,clear,13,37,13.616666666666667,0,0,-0.2588190451025208,-0.9659258262890683,0.0,1.0,10.575,31
133,chinese,15.9,suburbs_north,2.8,2,25.7,scooter,271.0,clear,11,50,11.833333333333334,3,0,0.258819045102521,-0.9659258262890682,0.43388373911755823,-0.900968867902419,12.85,30
160,salads,5.0,uptown,2.4,2,17.57,car,30.0,cloudy,10,18,10.3,6,1,0.49999999999999994,-0.8660254037844387,-0.7818314824680299,0.6234898018587334,8.785,14
112,sushi,18.2,downtown,3.0,1,13.52,scooter,47.0,heavy_rain,12,50,12.833333333333334,1,0,1.2246467991473532e-16,-1.0,0.7818314824680297,0.6234898018587336,13.52,39
26,pizza,14.9,midtown,3.8,6,43.67,scooter,42.0,cloudy,18,51,18.85,3,0,-1.0,-1.8369701987210297e-16,0.43388373911755823,-0.900968867902419,7.278333333333333,35
118,thai,15.5,downtown,1.6,1,8.0,bike,236.0,clear,21,5,21.083333333333332,0,0,-0.7071067811865477,0.7071067811865474,0.0,1.0,8.0,19
24,pizza,15.8,uptown,2.7,3,44.38,scooter,99.0,clear,23,13,23.216666666666665,6,1,-0.2588190451025215,0.9659258262890681,-0.7818314824680299,0.6234898018587334,14.793333333333335,30
73,pizza,10.6,midtown,2.5,3,46.41,bike,1431.0,clear,16,15,16.25,2,0,-0.8660254037844384,-0.5000000000000004,0.9749279121818236,-0.22252093395631434,15.469999999999999,25
115,thai,13.4,downtown,1.0,5,59.94,bike,4.0,clear,14,43,14.716666666666667,5,1,-0.4999999999999998,-0.8660254037844388,-0.9749279121818236,-0.2225209339563146,11.988,26
89,sushi,22.3,suburbs_north,7.7,3,23.27,car,122.0,cloudy,20,23,20.383333333333333,2,0,-0.8660254037844386,0.5,0.9749279121818236,-0.22252093395631434,7.756666666666667,46
100,pizza,12.8,uptown,2.7,3,46.57,scooter,404.0,clear,20,14,20.233333333333334,5,1,-0.8660254037844386,0.5,-0.9749279121818236,-0.2225209339563146,15.523333333333333,25
103,thai,16.4,midtown,4.3,2,31.79,scooter,40.0,heavy_rain,22,8,22.133333333333333,3,0,-0.5000000000000004,0.8660254037844384,0.43388373911755823,-0.900968867902419,15.895,38
102,indian,17.4,uptown,4.4,1,8.0,bike,147.0,cloudy,17,44,17.733333333333334,2,0,-0.9659258262890683,-0.25881904510252063,0.9749279121818236,-0.22252093395631434,8.0,42
131,indian,22.1,downtown,1.8,2,17.67,car,76.0,rain,18,10,18.166666666666668,0,0,-1.0,-1.8369701987210297e-16,0.0,1.0,8.835,44
158,indian,12.1,midtown,2.9,1,8.06,scooter,1235.0,clear,13,4,13.066666666666666,2,0,-0.2588190451025208,-0.9659258262890683,0.9749279121818236,-0.22252093395631434,8.06,32
44,indian,21.0,midtown,1.9,2,27.98,car,127.0,heavy_rain,13,27,13.45,5,1,-0.2588190451025208,-0.9659258262890683,-0.9749279121818236,-0.2225209339563146,13.99,33
35,mexican,11.9,midtown,1.4,1,12.09,bike,133.0,clear,20,7,20.116666666666667,5,1,-0.8660254037844386,0.5,-0.9749279121818236,-0.2225209339563146,12.09,27
78,mexican,9.1,downtown,1.5,2,18.68,bike,506.0,cloudy,23,49,23.816666666666666,4,0,-0.2588190451025215,0.9659258262890681,-0.433883739117558,-0.9009688679024191,9.34,21
108,mexican,10.1,suburbs_south,8.7,8,66.81,car,66.0,rain,17,58,17.966666666666665,5,1,-0.9659258262890683,-0.25881904510252063,-0.9749279121818236,-0.2225209339563146,8.35125,48
72,burgers,12.2,suburbs_south,9.1,1,12.88,car,164.0,rain,13,27,13.45,1,0,-0.2588190451025208,-0.9659258262890683,0.7818314824680297,0.6234898018587336,12.88,44
158,indian,12.1,midtown,1.2,3,28.05,bike,100.0,clear,11,13,11.216666666666667,4,0,0.258819045102521,-0.9659258262890682,-0.433883739117558,-0.9009688679024191,9.35,24
69,salads,8.8,midtown,1.9,2,27.92,scooter,723.0,rain,11,11,11.183333333333334,5,1,0.258819045102521,-0.9659258262890682,-0.9749279121818236,-0.2225209339563146,13.96,22
106,pizza,12.3,downtown,2.7,2,17.2,bike,274.0,clear,20,59,20.983333333333334,6,1,-0.8660254037844386,0.5,-0.7818314824680299,0.6234898018587334,8.6,27
9,thai,12.6,suburbs_south,4.4,3,34.31,car,53.0,clear,18,2,18.033333333333335,2,0,-1.0,-1.8369701987210297e-16,0.9749279121818236,-0.22252093395631434,11.436666666666667,31
156,salads,12.7,downtown,1.2,3,40.24,car,148.0,clear,14,54,14.9,0,0,-0.4999999999999998,-0.8660254037844388,0.0,1.0,13.413333333333334,15
140,chinese,17.8,downtown,0.7,2,29.63,scooter,124.0,clear,11,22,11.366666666666667,3,0,0.258819045102521,-0.9659258262890682,0.43388373911755823,-0.900968867902419,14.815,27
105,pizza,12.9,midtown,1.0,1,8.0,scooter,130.0,clear,19,0,19.0,5,1,-0.9659258262890684,0.2588190451025203,-0.9749279121818236,-0.2225209339563146,8.0,19
129,pizza,10.9,suburbs_north,8.1,2,21.11,car,19.0,rain,18,43,18.716666666666665,6,1,-1.0,-1.8369701987210297e-16,-0.7818314824680299,0.6234898018587334,10.555,35
38,pizza,16.9,midtown,2.8,2,26.57,car,413.0,cloudy,14,39,14.65,0,0,-0.4999999999999998,-0.8660254037844388,0.0,1.0,13.285,28
6,sushi,16.8,midtown,2.7,1,12.18,scooter,580.0,clear,14,43,14.716666666666667,2,0,-0.4999999999999998,-0.8660254037844388,0.9749279121818236,-0.22252093395631434,12.18,28
22,mexican,9.1,suburbs_south,7.9,1,10.24,car,20.0,cloudy,11,48,11.8,4,0,0.258819045102521,-0.9659258262890682,-0.433883739117558,-0.9009688679024191,10.24,43
12,thai,12.8,midtown,3.6,2,21.64,scooter,599.0,clear,19,54,19.9,5,1,-0.9659258262890684,0.2588190451025203,-0.9749279121818236,-0.2225209339563146,10.82,34
3,pizza,20.9,suburbs_north,6.5,1,11.71,car,410.0,heavy_rain,13,22,13.366666666666667,1,0,-0.2588190451025208,-0.9659258262890683,0.7818314824680297,0.6234898018587336,11.71,49
101,thai,11.8,suburbs_north,4.5,1,9.78,bike,127.0,clear,13,46,13.766666666666667,6,1,-0.2588190451025208,-0.9659258262890683,-0.7818314824680299,0.6234898018587334,9.78,33
26,pizza,14.9,midtown,3.5,1,8.64,scooter,217.0,cloudy,11,25,11.416666666666666,2,0,0.258819045102521,-0.9659258262890682,0.9749279121818236,-0.22252093395631434,8.64,32
103,thai,16.4,midtown,1.0,5,50.15,bike,429.0,clear,17,6,17.1,5,1,-0.9659258262890683,-0.25881904510252063,-0.9749279121818236,-0.2225209339563146,10.03,25
123,salads,7.7,uptown,5.3,3,36.0,scooter,91.0,cloudy,19,19,19.316666666666666,2,0,-0.9659258262890684,0.2588190451025203,0.9749279121818236,-0.22252093395631434,12.0,27
153,salads,5.0,suburbs_south,6.1,8,88.57,car,423.0,clear,18,41,18.683333333333334,0,0,-1.0,-1.8369701987210297e-16,0.0,1.0,11.07125,24
150,mexican,14.6,downtown,1.6,3,44.48,scooter,585.0,clear,21,55,21.916666666666668,5,1,-0.7071067811865477,0.7071067811865474,-0.9749279121818236,-0.2225209339563146,14.826666666666666,23
64,mexican,11.6,suburbs_north,9.3,2,25.95,scooter,1999.0,cloudy,13,37,13.616666666666667,3,0,-0.2588190451025208,-0.9659258262890683,0.43388373911755823,-0.900968867902419,12.975,48
105,pizza,12.9,midtown,1.9,1,13.3,scooter,14.0,clear,22,30,22.5,1,0,-0.5000000000000004,0.8660254037844384,0.7818314824680297,0.6234898018587336,13.3,22
122,indian,20.0,midtown,4.2,1,10.36,scooter,8.0,rain,18,0,18.0,5,1,-1.0,-1.8369701987210297e-16,-0.9749279121818236,-0.2225209339563146,10.36,46
41,thai,19.0,downtown,2.3,2,18.19,car,72.0,cloudy,17,40,17.666666666666668,0,0,-0.9659258262890683,-0.25881904510252063,0.0,1.0,9.095,25
4,pizza,14.0,suburbs_south,6.7,2,28.27,scooter,147.0,clear,21,38,21.633333333333333,1,0,-0.7071067811865477,0.7071067811865474,0.7818314824680297,0.6234898018587336,14.135,37
156,salads,12.7,downtown,1.9,2,20.98,bike,147.0,clear,14,41,14.683333333333334,5,1,-0.4999999999999998,-0.8660254037844388,-0.9749279121818236,-0.2225209339563146,10.49,27
130,mexican,15.3,downtown,1.6,1,12.85,bike,12.0,rain,18,20,18.333333333333332,5,1,-1.0,-1.8369701987210297e-16,-0.9749279121818236,-0.2225209339563146,12.85,33
22,mexican,9.1,suburbs_south,8.3,2,19.91,car,17.0,clear,13,23,13.383333333333333,6,1,-0.2588190451025208,-0.9659258262890683,-0.7818314824680299,0.6234898018587334,9.955,33
79,salads,10.0,midtown,3.2,5,67.42,scooter,13.0,clear,15,54,15.9,3,0,-0.7071067811865471,-0.7071067811865479,0.43388373911755823,-0.900968867902419,13.484,25
153,salads,5.0,suburbs_south,3.2,2,17.93,scooter,119.0,clear,12,50,12.833333333333334,0,0,1.2246467991473532e-16,-1.0,0.0,1.0,8.965,20
150,mexican,14.6,downtown,1.1,5,52.53,scooter,96.0,clear,12,32,12.533333333333333,3,0,1.2246467991473532e-16,-1.0,0.43388373911755823,-0.900968867902419,10.506,22
82,salads,9.2,midtown,1.2,3,35.02,scooter,196.0,cloudy,17,9,17.15,3,0,-0.9659258262890683,-0.25881904510252063,0.43388373911755823,-0.900968867902419,11.673333333333334,17
106,pizza,12.3,downtown,1.5,5,60.79,bike,382.0,cloudy,13,22,13.366666666666667,3,0,-0.2588190451025208,-0.9659258262890683,0.43388373911755823,-0.900968867902419,12.158,29
87,burgers,6.5,downtown,0.8,3,35.87,bike,975.0,cloudy,20,2,20.033333333333335,1,0,-0.8660254037844386,0.5,0.7818314824680297,0.6234898018587336,11.956666666666665,13
65,thai,16.7,uptown,2.2,1,9.18,scooter,151.0,clear,13,38,13.633333333333333,0,0,-0.2588190451025208,-0.9659258262890683,0.0,1.0,9.18,24
73,pizza,10.6,midtown,3.2,2,23.23,scooter,29.0,clear,18,21,18.35,3,0,-1.0,-1.8369701987210297e-16,0.43388373911755823,-0.900968867902419,11.615,25
96,thai,15.7,downtown,2.7,1,12.84,car,199.0,rain,19,15,19.25,2,0,-0.9659258262890684,0.2588190451025203,0.9749279121818236,-0.22252093395631434,12.84,36
130,mexican,15.3,downtown,1.3,3,47.6,scooter,6.0,clear,13,0,13.0,2,0,-0.2588190451025208,-0.9659258262890683,0.9749279121818236,-0.22252093395631434,15.866666666666667,30
28,indian,19.5,downtown,3.5,1,13.96,bike,177.0,cloudy,12,25,12.416666666666666,2,0,1.2246467991473532e-16,-1.0,0.9749279121818236,-0.22252093395631434,13.96,39
107,sushi,18.0,suburbs_south,9.2,4,52.56,car,78.0,clear,13,56,13.933333333333334,2,0,-0.2588190451025208,-0.9659258262890683,0.9749279121818236,-0.22252093395631434,13.14,51
131,indian,22.1,downtown,2.3,5,62.24,bike,226.0,clear,22,51,22.85,4,0,-0.5000000000000004,0.8660254037844384,-0.433883739117558,-0.9009688679024191,12.448,36
67,chinese,17.8,uptown,1.4,2,26.8,car,19.0,clear,20,50,20.833333333333332,4,0,-0.8660254037844386,0.5,-0.433883739117558,-0.9009688679024191,13.4,24
118,thai,15.5,downtown,2.0,1,10.53,scooter,175.0,clear,21,43,21.716666666666665,1,0,-0.7071067811865477,0.7071067811865474,0.7818314824680297,0.6234898018587336,10.53,25
155,indian,14.5,suburbs_south,10.6,1,10.91,scooter,21.0,cloudy,11,54,11.9,5,1,0.258819045102521,-0.9659258262890682,-0.9749279121818236,-0.2225209339563146,10.91,54
119,indian,16.8,suburbs_south,4.6,2,23.36,scooter,43.0,clear,19,45,19.75,6,1,-0.9659258262890684,0.2588190451025203,-0.7818314824680299,0.6234898018587334,11.68,42
4,pizza,14.0,suburbs_south,7.4,2,15.0,scooter,713.0,rain,22,5,22.083333333333332,3,0,-0.5000000000000004,0.8660254037844384,0.43388373911755823,-0.900968867902419,7.5,39
6,sushi,16.8,midtown,3.9,1,14.53,scooter,462.0,clear,13,5,13.083333333333334,6,1,-0.2588190451025208,-0.9659258262890683,-0.7818314824680299,0.6234898018587334,14.53,29
49,indian,14.4,uptown,2.8,6,43.27,scooter,173.0,clear,12,42,12.7,2,0,1.2246467991473532e-16,-1.0,0.9749279121818236,-0.22252093395631434,7.211666666666667,33
7,thai,17.1,midtown,1.9,1,11.91,bike,172.0,cloudy,20,34,20.566666666666666,6,1,-0.8660254037844386,0.5,-0.7818314824680299,0.6234898018587334,11.91,36
95,pizza,11.9,suburbs_south,4.9,1,8.0,scooter,10.0,clear,22,57,22.95,3,0,-0.5000000000000004,0.8660254037844384,0.43388373911755823,-0.900968867902419,8.0,34
107,sushi,18.0,suburbs_south,6.1,3,42.59,car,37.0,cloudy,14,56,14.933333333333334,0,0,-0.4999999999999998,-0.8660254037844388,0.0,1.0,14.196666666666667,38
82,salads,9.2,midtown,3.1,1,9.12,scooter,149.0,cloudy,10,59,10.983333333333333,3,0,0.49999999999999994,-0.8660254037844387,0.43388373911755823,-0.900968867902419,9.12,17
89,sushi,22.3,suburbs_north,4.1,4,45.05,car,2717.0,clear,19,16,19.266666666666666,5,1,-0.9659258262890684,0.2588190451025203,-0.9749279121818236,-0.2225209339563146,11.2625,48
14,burgers,6.4,downtown,1.8,1,14.22,bike,96.0,cloudy,18,26,18.433333333333334,1,0,-1.0,-1.8369701987210297e-16,0.7818314824680297,0.6234898018587336,14.22,14
6,sushi,16.8,midtown,1.9,1,9.61,scooter,595.0,cloudy,19,39,19.65,2,0,-0.9659258262890684,0.2588190451025203,0.9749279121818236,-0.22252093395631434,9.61,27
12,thai,12.8,midtown,3.5,3,35.84,scooter,34.0,cloudy,12,20,12.333333333333334,2,0,1.2246467991473532e-16,-1.0,0.9749279121818236,-0.22252093395631434,11.946666666666667,32
48,mexican,8.8,midtown,2.9,3,25.79,bike,64.0,clear,13,28,13.466666666666667,2,0,-0.2588190451025208,-0.9659258262890683,0.9749279121818236,-0.22252093395631434,8.596666666666666,24
99,thai,13.4,midtown,1.7,4,29.84,bike,420.0,clear,12,42,12.7,1,0,1.2246467991473532e-16,-1.0,0.7818314824680297,0.6234898018587336,7.46,33
41,thai,19.0,downtown,3.0,8,102.01,scooter,171.0,clear,12,20,12.333333333333334,6,1,1.2246467991473532e-16,-1.0,-0.7818314824680299,0.6234898018587334,12.75125,44
119,indian,16.8,suburbs_south,8.7,5,47.54,car,15.0,cloudy,18,57,18.95,1,0,-1.0,-1.8369701987210297e-16,0.7818314824680297,0.6234898018587336,9.508,48
114,chinese,12.4,suburbs_south,12.1,2,21.25,car,386.0,clear,18,14,18.233333333333334,3,0,-1.0,-1.8369701987210297e-16,0.43388373911755823,-0.900968867902419,10.625,50
86,chinese,11.8,suburbs_south,4.2,1,15.79,scooter,328.0,clear,19,43,19.716666666666665,4,0,-0.9659258262890684,0.2588190451025203,-0.433883739117558,-0.9009688679024191,15.79,33
134,mexican,10.8,midtown,4.3,3,27.99,car,56.0,clear,18,47,18.783333333333335,4,0,-1.0,-1.8369701987210297e-16,-0.433883739117558,-0.9009688679024191,9.33,34
26,pizza,14.9,midtown,5.0,1,14.61,bike,43.0,clear,18,31,18.516666666666666,3,0,-1.0,-1.8369701987210297e-16,0.43388373911755823,-0.900968867902419,14.61,42
105,pizza,12.9,midtown,2.0,1,15.91,bike,37.0,cloudy,13,2,13.033333333333333,4,0,-0.2588190451025208,-0.9659258262890683,-0.433883739117558,-0.9009688679024191,15.91,22
139,indian,20.7,midtown,1.1,2,28.26,bike,186.0,clear,10,18,10.3,4,0,0.49999999999999994,-0.8660254037844387,-0.433883739117558,-0.9009688679024191,14.13,27
68,thai,11.9,uptown,2.5,2,31.96,bike,246.0,clear,20,10,20.166666666666668,2,0,-0.8660254037844386,0.5,0.9749279121818236,-0.22252093395631434,15.98,21
95,pizza,11.9,suburbs_south,5.6,3,38.43,scooter,156.0,rain,18,38,18.633333333333333,3,0,-1.0,-1.8369701987210297e-16,0.43388373911755823,-0.900968867902419,12.81,32
102,indian,17.4,uptown,3.7,5,74.6,scooter,121.0,clear,19,18,19.3,2,0,-0.9659258262890684,0.2588190451025203,0.9749279121818236,-0.22252093395631434,14.919999999999998,37
41,thai,19.0,downtown,0.7,1,14.4,bike,95.0,clear,17,19,17.316666666666666,6,1,-0.9659258262890683,-0.25881904510252063,-0.7818314824680299,0.6234898018587334,14.4,23
117,pizza,16.2,suburbs_south,5.2,2,23.11,scooter,147.0,cloudy,19,2,19.033333333333335,3,0,-0.9659258262890684,0.2588190451025203,0.43388373911755823,-0.900968867902419,11.555,29
31,sushi,14.7,midtown,2.8,4,31.49,car,457.0,clear,12,13,12.216666666666667,0,0,1.2246467991473532e-16,-1.0,0.0,1.0,7.8725,28
11,indian,20.4,uptown,5.5,1,15.61,scooter,181.0,clear,21,44,21.733333333333334,2,0,-0.7071067811865477,0.7071067811865474,0.9749279121818236,-0.22252093395631434,15.61,39
77,pizza,11.4,uptown,1.7,4,52.64,scooter,16.0,cloudy,18,48,18.8,0,0,-1.0,-1.8369701987210297e-16,0.0,1.0,13.16,23
68,thai,11.9,uptown,2.6,6,75.8,scooter,238.0,clear,12,53,12.883333333333333,3,0,1.2246467991473532e-16,-1.0,0.43388373911755823,-0.900968867902419,12.633333333333333,27
43,chinese,12.4,uptown,1.4,2,19.47,bike,45.0,rain,13,35,13.583333333333334,4,0,-0.2588190451025208,-0.9659258262890683,-0.433883739117558,-0.9009688679024191,9.735,22
49,indian,14.4,uptown,5.3,6,92.93,bike,97.0,clear,15,49,15.816666666666666,4,0,-0.7071067811865471,-0.7071067811865479,-0.433883739117558,-0.9009688679024191,15.488333333333335,40
24,pizza,15.8,uptown,5.1,4,63.21,bike,66.0,clear,17,47,17.783333333333335,0,0,-0.9659258262890683,-0.25881904510252063,0.0,1.0,15.8025,41
115,thai,13.4,downtown,3.1,1,13.03,scooter,57.0,clear,14,52,14.866666666666667,1,0,-0.4999999999999998,-0.8660254037844388,0.7818314824680297,0.6234898018587336,13.03,24
67,chinese,17.8,uptown,3.9,7,102.69,bike,33.0,clear,12,46,12.766666666666667,2,0,1.2246467991473532e-16,-1.0,0.9749279121818236,-0.22252093395631434,14.67,43
8,burgers,12.1,uptown,3.2,2,30.08,scooter,944.0,rain,18,54,18.9,6,1,-1.0,-1.8369701987210297e-16,-0.7818314824680299,0.6234898018587334,15.04,29
23,burgers,11.6,downtown,1.7,2,31.76,car,312.0,cloudy,10,17,10.283333333333333,2,0,0.49999999999999994,-0.8660254037844387,0.9749279121818236,-0.22252093395631434,15.88,21
32,thai,16.7,uptown,4.8,2,28.58,bike,51.0,clear,13,29,13.483333333333333,4,0,-0.2588190451025208,-0.9659258262890683,-0.433883739117558,-0.9009688679024191,14.29,48
101,thai,11.8,suburbs_north,11.0,2,22.54,car,81.0,clear,13,11,13.183333333333334,5,1,-0.2588190451025208,-0.9659258262890683,-0.9749279121818236,-0.2225209339563146,11.27,43
56,thai,13.0,downtown,3.0,2,14.79,scooter,613.0,clear,15,45,15.75,5,1,-0.7071067811865471,-0.7071067811865479,-0.9749279121818236,-0.2225209339563146,7.395,18
135,sushi,20.5,downtown,2.1,4,52.38,scooter,360.0,clear,13,7,13.116666666666667,5,1,-0.2588190451025208,-0.9659258262890683,-0.9749279121818236,-0.2225209339563146,13.095,35
146,thai,14.2,uptown,3.5,2,22.34,bike,178.0,clear,21,7,21.116666666666667,6,1,-0.7071067811865477,0.7071067811865474,-0.7818314824680299,0.6234898018587334,11.17,33
156,salads,12.7,downtown,1.6,1,15.19,car,111.0,cloudy,14,10,14.166666666666666,4,0,-0.4999999999999998,-0.8660254037844388,-0.433883739117558,-0.9009688679024191,15.19,17
65,thai,16.7,uptown,1.6,1,8.91,scooter,289.0,heavy_rain,19,48,19.8,0,0,-0.9659258262890684,0.2588190451025203,0.0,1.0,8.91,28
114,chinese,12.4,suburbs_south,2.4,2,27.51,bike,109.0,clear,13,7,13.116666666666667,4,0,-0.2588190451025208,-0.9659258262890683,-0.433883739117558,-0.9009688679024191,13.755,29
35,mexican,11.9,midtown,3.8,1,8.0,bike,560.0,cloudy,18,47,18.783333333333335,5,1,-1.0,-1.8369701987210297e-16,-0.9749279121818236,-0.2225209339563146,8.0,31
45,indian,15.4,midtown,3.7,3,45.41,bike,103.0,clear,20,54,20.9,5,1,-0.8660254037844386,0.5,-0.9749279121818236,-0.2225209339563146,15.136666666666665,37
147,chinese,17.7,midtown,3.0,1,9.38,car,720.0,cloudy,13,44,13.733333333333333,5,1,-0.2588190451025208,-0.9659258262890683,-0.9749279121818236,-0.2225209339563146,9.38,29
147,chinese,17.7,midtown,2.3,2,19.47,bike,107.0,clear,14,47,14.783333333333333,3,0,-0.4999999999999998,-0.8660254037844388,0.43388373911755823,-0.900968867902419,9.735,30
120,pizza,12.2,downtown,1.8,2,16.5,bike,292.0,clear,12,42,12.7,6,1,1.2246467991473532e-16,-1.0,-0.7818314824680299,0.6234898018587334,8.25,30
57,sushi,15.1,midtown,3.0,2,19.38,scooter,126.0,clear,12,55,12.916666666666666,2,0,1.2246467991473532e-16,-1.0,0.9749279121818236,-0.22252093395631434,9.69,33
24,pizza,15.8,uptown,3.6,2,25.68,car,22.0,cloudy,12,36,12.6,6,1,1.2246467991473532e-16,-1.0,-0.7818314824680299,0.6234898018587334,12.84,33
66,sushi,18.7,midtown,4.4,3,24.51,bike,77.0,heavy_rain,21,38,21.633333333333333,4,0,-0.7071067811865477,0.7071067811865474,-0.433883739117558,-0.9009688679024191,8.17,49
20,mexican,9.2,midtown,2.1,1,10.92,scooter,75.0,clear,19,36,19.6,3,0,-0.9659258262890684,0.2588190451025203,0.43388373911755823,-0.900968867902419,10.92,21
35,mexican,11.9,midtown,3.4,4,30.48,car,419.0,cloudy,12,51,12.85,0,0,1.2246467991473532e-16,-1.0,0.0,1.0,7.62,25
77,pizza,11.4,uptown,3.1,1,15.87,scooter,57.0,rain,12,22,12.366666666666667,1,0,1.2246467991473532e-16,-1.0,0.7818314824680297,0.6234898018587336,15.87,20
2,thai,10.5,downtown,2.7,3,47.54,car,140.0,clear,17,35,17.583333333333332,0,0,-0.9659258262890683,-0.25881904510252063,0.0,1.0,15.846666666666666,17
81,sushi,17.4,downtown,0.8,1,13.46,scooter,46.0,cloudy,20,33,20.55,3,0,-0.8660254037844386,0.5,0.43388373911755823,-0.900968867902419,13.46,26
149,thai,15.5,downtown,2.9,3,44.23,bike,715.0,clear,21,52,21.866666666666667,3,0,-0.7071067811865477,0.7071067811865474,0.43388373911755823,-0.900968867902419,14.743333333333332,27
129,pizza,10.9,suburbs_north,7.6,2,25.72,car,239.0,cloudy,12,18,12.3,4,0,1.2246467991473532e-16,-1.0,-0.433883739117558,-0.9009688679024191,12.86,37
102,indian,17.4,uptown,4.4,7,78.17,scooter,214.0,cloudy,13,6,13.1,1,0,-0.2588190451025208,-0.9659258262890683,0.7818314824680297,0.6234898018587336,11.167142857142858,42
56,thai,13.0,downtown,1.9,1,15.47,bike,116.0,heavy_rain,13,26,13.433333333333334,0,0,-0.2588190451025208,-0.9659258262890683,0.0,1.0,15.47,27
38,pizza,16.9,midtown,2.9,2,26.11,bike,1236.0,clear,19,34,19.566666666666666,2,0,-0.9659258262890684,0.2588190451025203,0.9749279121818236,-0.22252093395631434,13.055,33
12,thai,12.8,midtown,2.3,1,8.0,scooter,310.0,clear,23,26,23.433333333333334,5,1,-0.2588190451025215,0.9659258262890681,-0.9749279121818236,-0.2225209339563146,8.0,21
81,sushi,17.4,downtown,0.9,4,32.48,car,25.0,cloudy,17,11,17.183333333333334,6,1,-0.9659258262890683,-0.25881904510252063,-0.7818314824680299,0.6234898018587334,8.12,25
54,salads,9.4,downtown,2.0,1,12.36,bike,191.0,clear,12,45,12.75,5,1,1.2246467991473532e-16,-1.0,-0.9749279121818236,-0.2225209339563146,12.36,20
130,mexican,15.3,downtown,3.6,2,22.95,car,185.0,heavy_rain,13,26,13.433333333333334,3,0,-0.2588190451025208,-0.9659258262890683,0.43388373911755823,-0.900968867902419,11.475,41
110,thai,12.5,suburbs_north,8.0,1,8.38,car,225.0,cloudy,13,54,13.9,0,0,-0.2588190451025208,-0.9659258262890683,0.0,1.0,8.38,36
98,salads,11.1,midtown,5.0,3,43.76,bike,30.0,clear,11,58,11.966666666666667,0,0,0.258819045102521,-0.9659258262890682,0.0,1.0,14.586666666666666,38
105,pizza,12.9,midtown,4.3,2,18.06,scooter,62.0,cloudy,19,31,19.516666666666666,3,0,-0.9659258262890684,0.2588190451025203,0.43388373911755823,-0.900968867902419,9.03,30
35,mexican,11.9,midtown,3.4,2,26.02,bike,112.0,clear,10,21,10.35,5,1,0.49999999999999994,-0.8660254037844387,-0.9749279121818236,-0.2225209339563146,13.01,26
130,mexican,15.3,downtown,1.3,2,16.06,bike,182.0,rain,15,17,15.283333333333333,6,1,-0.7071067811865471,-0.7071067811865479,-0.7818314824680299,0.6234898018587334,8.03,27
78,mexican,9.1,downtown,2.1,4,60.45,scooter,1383.0,heavy_rain,10,25,10.416666666666666,4,0,0.49999999999999994,-0.8660254037844387,-0.433883739117558,-0.9009688679024191,15.1125,24
11,indian,20.4,uptown,3.2,2,28.8,car,41.0,clear,18,45,18.75,6,1,-1.0,-1.8369701987210297e-16,-0.7818314824680299,0.6234898018587334,14.4,40
106,pizza,12.3,downtown,2.1,1,15.67,scooter,35.0,cloudy,14,39,14.65,2,0,-0.4999999999999998,-0.8660254037844388,0.9749279121818236,-0.22252093395631434,15.67,26
47,mexican,14.1,downtown,1.5,1,14.25,car,27.0,clear,12,5,12.083333333333334,2,0,1.2246467991473532e-16,-1.0,0.9749279121818236,-0.22252093395631434,14.25,30
31,sushi,14.7,midtown,4.3,1,11.7,car,49.0,clear,10,22,10.366666666666667,1,0,0.49999999999999994,-0.8660254037844387,0.7818314824680297,0.6234898018587336,11.7,23
29,salads,9.9,midtown,3.7,5,68.64,bike,213.0,clear,17,24,17.4,5,1,-0.9659258262890683,-0.25881904510252063,-0.9749279121818236,-0.2225209339563146,13.728,27
90,sushi,20.7,midtown,2.6,4,43.45,bike,54.0,cloudy,12,28,12.466666666666667,4,0,1.2246467991473532e-16,-1.0,-0.433883739117558,-0.9009688679024191,10.8625,49
8,burgers,12.1,uptown,2.3,1,8.41,scooter,18.0,clear,12,23,12.383333333333333,4,0,1.2246467991473532e-16,-1.0,-0.433883739117558,-0.9009688679024191,8.41,21
139,indian,20.7,midtown,3.4,3,46.87,bike,54.0,clear,18,47,18.783333333333335,5,1,-1.0,-1.8369701987210297e-16,-0.9749279121818236,-0.2225209339563146,15.623333333333333,49
149,thai,15.5,downtown,0.9,3,37.0,bike,456.0,clear,20,49,20.816666666666666,5,1,-0.8660254037844386,0.5,-0.9749279121818236,-0.2225209339563146,12.333333333333334,27
44,indian,21.0,midtown,3.2,2,26.47,car,66.0,clear,18,21,18.35,5,1,-1.0,-1.8369701987210297e-16,-0.9749279121818236,-0.2225209339563146,13.235,37
47,mexican,14.1,downtown,3.0,2,16.12,scooter,1382.0,cloudy,18,34,18.566666666666666,3,0,-1.0,-1.8369701987210297e-16,0.43388373911755823,-0.900968867902419,8.06,73
129,pizza,10.9,suburbs_north,7.6,1,9.77,car,484.0,cloudy,19,40,19.666666666666668,3,0,-0.9659258262890684,0.2588190451025203,0.43388373911755823,-0.900968867902419,9.77,35
47,mexican,14.1,downtown,1.5,1,9.2,bike,70.0,clear,22,7,22.116666666666667,2,0,-0.5000000000000004,0.8660254037844384,0.9749279121818236,-0.22252093395631434,9.2,22
52,mexican,5.5,uptown,3.5,1,8.0,scooter,224.0,clear,11,56,11.933333333333334,0,0,0.258819045102521,-0.9659258262890682,0.0,1.0,8.0,19
27,thai,16.7,downtown,1.7,1,13.38,car,233.0,clear,13,12,13.2,0,0,-0.2588190451025208,-0.9659258262890683,0.0,1.0,13.38,27
155,indian,14.5,suburbs_south,12.2,3,38.08,scooter,208.0,rain,13,41,13.683333333333334,2,0,-0.2588190451025208,-0.9659258262890683,0.9749279121818236,-0.22252093395631434,12.693333333333333,67
94,sushi,20.2,downtown,2.8,4,35.98,scooter,157.0,cloudy,21,35,21.583333333333332,0,0,-0.7071067811865477,0.7071067811865474,0.0,1.0,8.995,32
119,indian,16.8,suburbs_south,2.6,1,12.73,scooter,83.0,clear,19,52,19.866666666666667,4,0,-0.9659258262890684,0.2588190451025203,-0.433883739117558,-0.9009688679024191,12.73,33
150,mexican,14.6,downtown,1.5,6,93.28,scooter,33.0,clear,19,50,19.833333333333332,1,0,-0.9659258262890684,0.2588190451025203,0.7818314824680297,0.6234898018587336,15.546666666666667,33
71,burgers,14.5,uptown,4.6,1,13.28,bike,625.0,clear,23,33,23.55,5,1,-0.2588190451025215,0.9659258262890681,-0.9749279121818236,-0.2225209339563146,13.28,35
14,burgers,6.4,downtown,1.6,3,38.76,bike,233.0,cloudy,11,47,11.783333333333333,6,1,0.258819045102521,-0.9659258262890682,-0.7818314824680299,0.6234898018587334,12.92,23
4,pizza,14.0,suburbs_south,5.5,2,16.45,bike,518.0,clear,20,37,20.616666666666667,1,0,-0.8660254037844386,0.5,0.7818314824680297,0.6234898018587336,8.225,40
59,pizza,11.7,suburbs_south,10.8,3,26.58,car,382.0,cloudy,20,49,20.816666666666666,4,0,-0.8660254037844386,0.5,-0.433883739117558,-0.9009688679024191,8.86,40
151,chinese,11.8,downtown,0.9,2,26.34,scooter,96.0,cloudy,11,54,11.9,4,0,0.258819045102521,-0.9659258262890682,-0.433883739117558,-0.9009688679024191,13.17,24
110,thai,12.5,suburbs_north,5.7,7,89.47,scooter,95.0,clear,19,49,19.816666666666666,5,1,-0.9659258262890684,0.2588190451025203,-0.9749279121818236,-0.2225209339563146,12.781428571428572,40
119,indian,16.8,suburbs_south,5.8,1,15.39,bike,46.0,clear,11,22,11.366666666666667,5,1,0.258819045102521,-0.9659258262890682,-0.9749279121818236,-0.2225209339563146,15.39,57
27,thai,16.7,downtown,1.1,2,26.63,scooter,50.0,rain,16,21,16.35,2,0,-0.8660254037844384,-0.5000000000000004,0.9749279121818236,-0.22252093395631434,13.315,19
72,burgers,12.2,suburbs_south,11.6,2,21.25,car,1712.0,clear,19,14,19.233333333333334,1,0,-0.9659258262890684,0.2588190451025203,0.7818314824680297,0.6234898018587336,10.625,40
114,chinese,12.4,suburbs_south,8.9,1,11.0,scooter,32.0,clear,12,24,12.4,0,0,1.2246467991473532e-16,-1.0,0.0,1.0,11.0,47
160,salads,5.0,uptown,3.9,1,9.12,car,155.0,clear,17,47,17.783333333333335,0,0,-0.9659258262890683,-0.25881904510252063,0.0,1.0,9.12,21
123,salads,7.7,uptown,3.6,1,15.32,scooter,403.0,clear,14,43,14.716666666666667,2,0,-0.4999999999999998,-0.8660254037844388,0.9749279121818236,-0.22252093395631434,15.32,21
23,burgers,11.6,downtown,0.7,1,10.75,car,263.0,clear,22,25,22.416666666666668,2,0,-0.5000000000000004,0.8660254037844384,0.9749279121818236,-0.22252093395631434,10.75,12
151,chinese,11.8,downtown,1.7,1,15.83,bike,203.0,clear,22,9,22.15,0,0,-0.5000000000000004,0.8660254037844384,0.0,1.0,15.83,20
119,indian,16.8,suburbs_south,7.9,4,63.09,car,78.0,cloudy,18,53,18.883333333333333,2,0,-1.0,-1.8369701987210297e-16,0.9749279121818236,-0.22252093395631434,15.7725,46
136,salads,9.3,downtown,0.8,1,14.67,scooter,223.0,rain,14,7,14.116666666666667,3,0,-0.4999999999999998,-0.8660254037844388,0.43388373911755823,-0.900968867902419,14.67,17
63,pizza,12.6,downtown,2.0,4,45.36,car,535.0,rain,12,29,12.483333333333333,5,1,1.2246467991473532e-16,-1.0,-0.9749279121818236,-0.2225209339563146,11.34,33
38,pizza,16.9,midtown,1.8,4,30.19,scooter,263.0,rain,19,32,19.533333333333335,1,0,-0.9659258262890684,0.2588190451025203,0.7818314824680297,0.6234898018587336,7.5475,31
134,mexican,10.8,midtown,4.2,1,13.83,scooter,672.0,clear,12,16,12.266666666666667,0,0,1.2246467991473532e-16,-1.0,0.0,1.0,13.83,28
11,indian,20.4,uptown,4.1,3,44.78,car,91.0,rain,16,2,16.033333333333335,1,0,-0.8660254037844384,-0.5000000000000004,0.7818314824680297,0.6234898018587336,14.926666666666668,39
99,thai,13.4,midtown,3.6,2,16.25,bike,229.0,cloudy,11,19,11.316666666666666,3,0,0.258819045102521,-0.9659258262890682,0.43388373911755823,-0.900968867902419,8.125,35
65,thai,16.7,uptown,5.1,1,8.0,bike,63.0,clear,19,40,19.666666666666668,5,1,-0.9659258262890684,0.2588190451025203,-0.9749279121818236,-0.2225209339563146,8.0,47
78,mexican,9.1,downtown,2.9,1,13.63,bike,8.0,rain,20,19,20.316666666666666,1,0,-0.8660254037844386,0.5,0.7818314824680297,0.6234898018587336,13.63,32
1,mexican,12.7,downtown,1.6,4,31.46,car,157.0,cloudy,17,25,17.416666666666668,3,0,-0.9659258262890683,-0.25881904510252063,0.43388373911755823,-0.900968867902419,7.865,17
99,thai,13.4,midtown,3.8,2,22.98,scooter,48.0,heavy_rain,21,12,21.2,2,0,-0.7071067811865477,0.7071067811865474,0.9749279121818236,-0.22252093395631434,11.49,33
143,chinese,12.4,uptown,3.6,6,91.18,car,666.0,clear,18,12,18.2,0,0,-1.0,-1.8369701987210297e-16,0.0,1.0,15.196666666666667,26
55,salads,5.0,midtown,3.4,7,72.62,scooter,959.0,clear,11,14,11.233333333333333,1,0,0.258819045102521,-0.9659258262890682,0.7818314824680297,0.6234898018587336,10.374285714285715,16
62,salads,6.7,downtown,1.2,4,57.49,bike,332.0,clear,21,4,21.066666666666666,0,0,-0.7071067811865477,0.7071067811865474,0.0,1.0,14.3725,17
80,chinese,16.1,downtown,2.5,2,14.71,bike,553.0,heavy_rain,18,39,18.65,3,0,-1.0,-1.8369701987210297e-16,0.43388373911755823,-0.900968867902419,7.355,35
60,chinese,10.4,suburbs_north,8.2,8,66.03,car,22.0,clear,13,31,13.516666666666667,4,0,-0.2588190451025208,-0.9659258262890683,-0.433883739117558,-0.9009688679024191,8.25375,42
7,thai,17.1,midtown,2.6,2,21.87,bike,103.0,clear,11,2,11.033333333333333,3,0,0.258819045102521,-0.9659258262890682,0.43388373911755823,-0.900968867902419,10.935,35
92,thai,7.0,uptown,3.3,1,8.0,bike,336.0,heavy_rain,19,24,19.4,6,1,-0.9659258262890684,0.2588190451025203,-0.7818314824680299,0.6234898018587334,8.0,28
8,burgers,12.1,uptown,5.6,1,15.44,car,147.0,clear,20,56,20.933333333333334,5,1,-0.8660254037844386,0.5,-0.9749279121818236,-0.2225209339563146,15.44,27
118,thai,15.5,downtown,1.3,3,37.52,scooter,105.0,clear,20,22,20.366666666666667,2,0,-0.8660254037844386,0.5,0.9749279121818236,-0.22252093395631434,12.506666666666668,22
66,sushi,18.7,midtown,2.0,1,12.15,bike,175.0,cloudy,20,48,20.8,0,0,-0.8660254037844386,0.5,0.0,1.0,12.15,34
126,pizza,12.0,midtown,2.2,6,50.34,car,33.0,clear,17,11,17.183333333333334,1,0,-0.9659258262890683,-0.25881904510252063,0.7818314824680297,0.6234898018587336,8.39,22
117,pizza,16.2,suburbs_south,5.0,2,23.25,car,176.0,rain,12,31,12.516666666666667,3,0,1.2246467991473532e-16,-1.0,0.43388373911755823,-0.900968867902419,11.625,34
31,sushi,14.7,midtown,2.8,6,74.03,scooter,526.0,clear,23,12,23.2,4,0,-0.2588190451025215,0.9659258262890681,-0.433883739117558,-0.9009688679024191,12.338333333333333,21
106,pizza,12.3,downtown,2.5,1,12.62,bike,279.0,heavy_rain,14,46,14.766666666666667,3,0,-0.4999999999999998,-0.8660254037844388,0.43388373911755823,-0.900968867902419,12.62,29
113,mexican,13.2,midtown,2.4,5,46.8,bike,31.0,clear,19,59,19.983333333333334,1,0,-0.9659258262890684,0.2588190451025203,0.7818314824680297,0.6234898018587336,9.36,31
15,indian,18.1,midtown,3.0,3,30.24,scooter,607.0,clear,11,10,11.166666666666666,0,0,0.258819045102521,-0.9659258262890682,0.0,1.0,10.08,36
155,indian,14.5,suburbs_south,9.8,8,84.76,car,245.0,clear,11,19,11.316666666666666,5,1,0.258819045102521,-0.9659258262890682,-0.9749279121818236,-0.2225209339563146,10.595,51
140,chinese,17.8,downtown,1.5,2,14.04,scooter,153.0,clear,18,22,18.366666666666667,4,0,-1.0,-1.8369701987210297e-16,-0.433883739117558,-0.9009688679024191,7.02,26
83,salads,8.7,midtown,3.5,4,54.88,car,26.0,rain,19,8,19.133333333333333,5,1,-0.9659258262890684,0.2588190451025203,-0.9749279121818236,-0.2225209339563146,13.72,28
89,sushi,22.3,suburbs_north,4.8,2,20.33,bike,1368.0,clear,17,4,17.066666666666666,3,0,-0.9659258262890683,-0.25881904510252063,0.43388373911755823,-0.900968867902419,10.165,44
89,sushi,22.3,suburbs_north,11.5,1,15.6,car,11.0,clear,13,59,13.983333333333333,6,1,-0.2588190451025208,-0.9659258262890683,-0.7818314824680299,0.6234898018587334,15.6,66
29,salads,9.9,midtown,3.3,1,8.0,car,1228.0,clear,19,39,19.65,0,0,-0.9659258262890684,0.2588190451025203,0.0,1.0,8.0,24
93,sushi,16.7,downtown,2.5,3,35.79,scooter,146.0,rain,20,30,20.5,0,0,-0.8660254037844386,0.5,0.0,1.0,11.93,36
9,thai,12.6,suburbs_south,3.5,2,17.12,bike,450.0,clear,22,30,22.5,0,0,-0.5000000000000004,0.8660254037844384,0.0,1.0,8.56,28
143,chinese,12.4,uptown,2.8,2,20.58,scooter,2017.0,clear,12,48,12.8,3,0,1.2246467991473532e-16,-1.0,0.43388373911755823,-0.900968867902419,10.29,25
14,burgers,6.4,downtown,1.9,5,46.19,scooter,28.0,clear,20,8,20.133333333333333,2,0,-0.8660254037844386,0.5,0.9749279121818236,-0.22252093395631434,9.238,21
33,sushi,21.1,midtown,2.8,5,38.24,scooter,17.0,clear,12,1,12.016666666666667,4,0,1.2246467991473532e-16,-1.0,-0.433883739117558,-0.9009688679024191,7.648000000000001,44
141,thai,14.1,suburbs_north,8.2,1,10.2,car,367.0,clear,19,45,19.75,4,0,-0.9659258262890684,0.2588190451025203,-0.433883739117558,-0.9009688679024191,10.2,43
27,thai,16.7,downtown,1.6,1,8.11,bike,58.0,cloudy,11,41,11.683333333333334,0,0,0.258819045102521,-0.9659258262890682,0.0,1.0,8.11,24
1,mexican,12.7,downtown,1.1,5,36.07,bike,9.0,clear,17,48,17.8,2,0,-0.9659258262890683,-0.25881904510252063,0.9749279121818236,-0.22252093395631434,7.214,24
13,indian,15.1,downtown,2.9,3,23.78,scooter,49.0,rain,15,1,15.016666666666667,3,0,-0.7071067811865471,-0.7071067811865479,0.43388373911755823,-0.900968867902419,7.926666666666667,30
125,sushi,18.8,uptown,3.9,1,13.97,scooter,48.0,cloudy,12,32,12.533333333333333,3,0,1.2246467991473532e-16,-1.0,0.43388373911755823,-0.900968867902419,13.97,32
137,thai,13.3,suburbs_north,3.0,2,28.35,car,205.0,clear,15,50,15.833333333333334,0,0,-0.7071067811865471,-0.7071067811865479,0.0,1.0,14.175,26
19,chinese,10.6,downtown,2.1,2,20.68,car,293.0,clear,18,55,18.916666666666668,0,0,-1.0,-1.8369701987210297e-16,0.0,1.0,10.34,27
71,burgers,14.5,uptown,5.8,3,45.89,bike,197.0,rain,19,21,19.35,4,0,-0.9659258262890684,0.2588190451025203,-0.433883739117558,-0.9009688679024191,15.296666666666667,49
126,pizza,12.0,midtown,2.8,2,26.96,car,147.0,clear,20,54,20.9,5,1,-0.8660254037844386,0.5,-0.9749279121818236,-0.2225209339563146,13.48,24
2,thai,10.5,downtown,2.0,1,13.54,car,41.0,cloudy,12,28,12.466666666666667,3,0,1.2246467991473532e-16,-1.0,0.43388373911755823,-0.900968867902419,13.54,27
42,pizza,16.7,downtown,1.0,2,17.8,scooter,234.0,rain,12,37,12.616666666666667,1,0,1.2246467991473532e-16,-1.0,0.7818314824680297,0.6234898018587336,8.9,23
101,thai,11.8,suburbs_north,2.9,3,34.96,scooter,983.0,clear,14,42,14.7,3,0,-0.4999999999999998,-0.8660254037844388,0.43388373911755823,-0.900968867902419,11.653333333333334,19
124,indian,17.6,downtown,2.5,3,41.82,scooter,73.0,clear,19,57,19.95,2,0,-0.9659258262890684,0.2588190451025203,0.9749279121818236,-0.22252093395631434,13.94,35
39,thai,21.0,downtown,1.6,1,8.57,bike,226.0,clear,18,54,18.9,2,0,-1.0,-1.8369701987210297e-16,0.9749279121818236,-0.22252093395631434,8.57,31
111,pizza,8.5,downtown,2.5,2,26.59,scooter,171.0,heavy_rain,18,34,18.566666666666666,4,0,-1.0,-1.8369701987210297e-16,-0.433883739117558,-0.9009688679024191,13.295,28
124,indian,17.6,downtown,2.5,4,34.28,scooter,224.0,heavy_rain,18,12,18.2,0,0,-1.0,-1.8369701987210297e-16,0.0,1.0,8.57,40
69,salads,8.8,midtown,3.3,2,14.11,car,74.0,clear,12,44,12.733333333333333,6,1,1.2246467991473532e-16,-1.0,-0.7818314824680299,0.6234898018587334,7.055,26
42,pizza,16.7,downtown,1.6,1,14.43,bike,258.0,clear,19,22,19.366666666666667,6,1,-0.9659258262890684,0.2588190451025203,-0.7818314824680299,0.6234898018587334,14.43,28
32,thai,16.7,uptown,5.2,2,15.87,bike,56.0,cloudy,13,36,13.6,5,1,-0.2588190451025208,-0.9659258262890683,-0.9749279121818236,-0.2225209339563146,7.935,47
159,pizza,15.0,uptown,1.5,4,31.09,scooter,25.0,clear,13,13,13.216666666666667,2,0,-0.2588190451025208,-0.9659258262890683,0.9749279121818236,-0.22252093395631434,7.7725,33
145,pizza,12.3,suburbs_south,2.7,3,43.46,scooter,1110.0,cloudy,18,33,18.55,5,1,-1.0,-1.8369701987210297e-16,-0.9749279121818236,-0.2225209339563146,14.486666666666666,26
42,pizza,16.7,downtown,2.5,5,50.63,car,460.0,rain,13,59,13.983333333333333,2,0,-0.2588190451025208,-0.9659258262890683,0.9749279121818236,-0.22252093395631434,10.126000000000001,40
143,chinese,12.4,uptown,4.4,5,45.3,car,319.0,cloudy,10,10,10.166666666666666,6,1,0.49999999999999994,-0.8660254037844387,-0.7818314824680299,0.6234898018587334,9.059999999999999,29
22,mexican,9.1,suburbs_south,2.4,1,8.17,scooter,300.0,clear,22,28,22.466666666666665,2,0,-0.5000000000000004,0.8660254037844384,0.9749279121818236,-0.22252093395631434,8.17,15
23,burgers,11.6,downtown,0.9,4,29.48,scooter,87.0,clear,18,54,18.9,2,0,-1.0,-1.8369701987210297e-16,0.9749279121818236,-0.22252093395631434,7.37,19
5,mexican,12.4,uptown,3.2,2,27.38,bike,107.0,clear,13,8,13.133333333333333,1,0,-0.2588190451025208,-0.9659258262890683,0.7818314824680297,0.6234898018587336,13.69,30
132,mexican,13.3,downtown,1.2,1,12.86,scooter,752.0,clear,18,1,18.016666666666666,6,1,-1.0,-1.8369701987210297e-16,-0.7818314824680299,0.6234898018587334,12.86,18
157,burgers,16.3,suburbs_south,7.9,2,20.97,scooter,1472.0,clear,21,4,21.066666666666666,6,1,-0.7071067811865477,0.7071067811865474,-0.7818314824680299,0.6234898018587334,10.485,41
28,indian,19.5,downtown,2.8,5,73.17,bike,229.0,cloudy,21,10,21.166666666666668,6,1,-0.7071067811865477,0.7071067811865474,-0.7818314824680299,0.6234898018587334,14.634,36
27,thai,16.7,downtown,3.7,1,11.6,scooter,446.0,clear,20,25,20.416666666666668,3,0,-0.8660254037844386,0.5,0.43388373911755823,-0.900968867902419,11.6,33
103,thai,16.4,midtown,1.3,3,28.64,scooter,2220.0,cloudy,12,16,12.266666666666667,6,1,1.2246467991473532e-16,-1.0,-0.7818314824680299,0.6234898018587334,9.546666666666667,31
91,salads,10.1,suburbs_south,2.8,2,16.53,bike,169.0,cloudy,19,38,19.633333333333333,1,0,-0.9659258262890684,0.2588190451025203,0.7818314824680297,0.6234898018587336,8.265,26
54,salads,9.4,downtown,1.6,2,21.47,scooter,885.0,rain,19,21,19.35,4,0,-0.9659258262890684,0.2588190451025203,-0.433883739117558,-0.9009688679024191,10.735,20
152,indian,18.0,suburbs_north,3.4,3,33.85,bike,246.0,cloudy,16,9,16.15,0,0,-0.8660254037844384,-0.5000000000000004,0.0,1.0,11.283333333333333,45
92,thai,7.0,uptown,1.7,2,15.33,bike,24.0,clear,22,26,22.433333333333334,0,0,-0.5000000000000004,0.8660254037844384,0.0,1.0,7.665,16
24,pizza,15.8,uptown,1.5,2,28.15,car,3407.0,heavy_rain,10,5,10.083333333333334,1,0,0.49999999999999994,-0.8660254037844387,0.7818314824680297,0.6234898018587336,14.075,20
45,indian,15.4,midtown,4.0,2,14.21,scooter,45.0,cloudy,17,24,17.4,3,0,-0.9659258262890683,-0.25881904510252063,0.43388373911755823,-0.900968867902419,7.105,33
24,pizza,15.8,uptown,3.3,2,29.36,bike,219.0,rain,11,28,11.466666666666667,5,1,0.258819045102521,-0.9659258262890682,-0.9749279121818236,-0.2225209339563146,14.68,46
143,chinese,12.4,uptown,3.6,1,8.0,car,1100.0,cloudy,21,6,21.1,6,1,-0.7071067811865477,0.7071067811865474,-0.7818314824680299,0.6234898018587334,8.0,25
26,pizza,14.9,midtown,1.8,3,37.35,scooter,74.0,clear,10,36,10.6,0,0,0.49999999999999994,-0.8660254037844387,0.0,1.0,12.450000000000001,23
66,sushi,18.7,midtown,3.2,3,31.32,bike,983.0,clear,14,24,14.4,1,0,-0.4999999999999998,-0.8660254037844388,0.7818314824680297,0.6234898018587336,10.44,35
151,chinese,11.8,downtown,1.8,1,11.87,bike,168.0,clear,20,41,20.683333333333334,3,0,-0.8660254037844386,0.5,0.43388373911755823,-0.900968867902419,11.87,17
10,pizza,12.9,suburbs_north,5.8,4,44.11,scooter,38.0,cloudy,13,20,13.333333333333334,1,0,-0.2588190451025208,-0.9659258262890683,0.7818314824680297,0.6234898018587336,11.0275,42
6,sushi,16.8,midtown,2.8,2,19.36,scooter,45.0,cloudy,13,51,13.85,6,1,-0.2588190451025208,-0.9659258262890683,-0.7818314824680299,0.6234898018587334,9.68,35
53,thai,11.5,midtown,3.4,3,26.78,bike,221.0,cloudy,20,7,20.116666666666667,5,1,-0.8660254037844386,0.5,-0.9749279121818236,-0.2225209339563146,8.926666666666668,36
125,sushi,18.8,uptown,1.4,2,25.11,car,228.0,clear,19,21,19.35,3,0,-0.9659258262890684,0.2588190451025203,0.43388373911755823,-0.900968867902419,12.555,28
155,indian,14.5,suburbs_south,3.3,2,22.25,scooter,1024.0,heavy_rain,16,39,16.65,3,0,-0.8660254037844384,-0.5000000000000004,0.43388373911755823,-0.900968867902419,11.125,30
155,indian,14.5,suburbs_south,12.0,1,8.0,car,33.0,rain,19,48,19.8,2,0,-0.9659258262890684,0.2588190451025203,0.9749279121818236,-0.22252093395631434,8.0,55
91,salads,10.1,suburbs_south,9.5,1,8.99,scooter,17.0,clear,21,39,21.65,1,0,-0.7071067811865477,0.7071067811865474,0.7818314824680297,0.6234898018587336,8.99,41
52,mexican,5.5,uptown,1.8,1,10.79,scooter,54.0,clear,17,51,17.85,4,0,-0.9659258262890683,-0.25881904510252063,-0.433883739117558,-0.9009688679024191,10.79,15
8,burgers,12.1,uptown,1.2,3,34.0,scooter,201.0,rain,17,41,17.683333333333334,5,1,-0.9659258262890683,-0.25881904510252063,-0.9749279121818236,-0.2225209339563146,11.333333333333334,23
152,indian,18.0,suburbs_north,6.0,5,42.72,car,485.0,cloudy,20,19,20.316666666666666,0,0,-0.8660254037844386,0.5,0.0,1.0,8.544,44
70,thai,14.2,suburbs_north,5.5,1,13.28,scooter,40.0,cloudy,19,17,19.283333333333335,3,0,-0.9659258262890684,0.2588190451025203,0.43388373911755823,-0.900968867902419,13.28,39
23,burgers,11.6,downtown,2.2,1,8.68,bike,126.0,clear,13,25,13.416666666666666,3,0,-0.2588190451025208,-0.9659258262890683,0.43388373911755823,-0.900968867902419,8.68,22
115,thai,13.4,downtown,3.0,5,74.58,scooter,143.0,cloudy,12,12,12.2,4,0,1.2246467991473532e-16,-1.0,-0.433883739117558,-0.9009688679024191,14.916,31
129,pizza,10.9,suburbs_north,8.5,4,58.92,car,387.0,clear,14,4,14.066666666666666,2,0,-0.4999999999999998,-0.8660254037844388,0.9749279121818236,-0.22252093395631434,14.73,33
11,indian,20.4,uptown,2.2,1,10.27,scooter,261.0,clear,19,37,19.616666666666667,3,0,-0.9659258262890684,0.2588190451025203,0.43388373911755823,-0.900968867902419,10.27,32
19,chinese,10.6,downtown,0.7,4,42.59,scooter,147.0,clear,22,19,22.316666666666666,6,1,-0.5000000000000004,0.8660254037844384,-0.7818314824680299,0.6234898018587334,10.6475,17
40,pizza,18.4,midtown,5.1,3,31.48,bike,1287.0,clear,12,0,12.0,2,0,1.2246467991473532e-16,-1.0,0.9749279121818236,-0.22252093395631434,10.493333333333334,40
140,chinese,17.8,downtown,1.2,3,28.67,car,94.0,clear,12,58,12.966666666666667,0,0,1.2246467991473532e-16,-1.0,0.0,1.0,9.556666666666667,32
133,chinese,15.9,suburbs_north,6.7,1,15.65,scooter,100.0,clear,20,35,20.583333333333332,6,1,-0.8660254037844386,0.5,-0.7818314824680299,0.6234898018587334,15.65,42
54,salads,9.4,downtown,1.1,8,92.68,car,186.0,cloudy,16,4,16.066666666666666,1,0,-0.8660254037844384,-0.5000000000000004,0.7818314824680297,0.6234898018587336,11.585,17
115,thai,13.4,downtown,1.1,2,29.11,scooter,11.0,cloudy,15,6,15.1,1,0,-0.7071067811865471,-0.7071067811865479,0.7818314824680297,0.6234898018587336,14.555,19
7,thai,17.1,midtown,1.3,2,24.89,scooter,95.0,clear,19,26,19.433333333333334,1,0,-0.9659258262890684,0.2588190451025203,0.7818314824680297,0.6234898018587336,12.445,25
100,pizza,12.8,uptown,1.7,2,24.59,car,572.0,clear,22,42,22.7,4,0,-0.5000000000000004,0.8660254037844384,-0.433883739117558,-0.9009688679024191,12.295,19
36,burgers,11.8,downtown,2.3,3,29.03,bike,3577.0,clear,18,42,18.7,0,0,-1.0,-1.8369701987210297e-16,0.0,1.0,9.676666666666668,31
70,thai,14.2,suburbs_north,10.9,2,16.17,car,102.0,clear,17,45,17.75,6,1,-0.9659258262890683,-0.25881904510252063,-0.7818314824680299,0.6234898018587334,8.085,45
66,sushi,18.7,midtown,3.5,5,55.4,bike,288.0,rain,20,51,20.85,5,1,-0.8660254037844386,0.5,-0.9749279121818236,-0.2225209339563146,11.08,51
150,mexican,14.6,downtown,2.6,4,59.55,scooter,51.0,clear,14,5,14.083333333333334,2,0,-0.4999999999999998,-0.8660254037844388,0.9749279121818236,-0.22252093395631434,14.8875,27
149,thai,15.5,downtown,2.0,5,75.51,scooter,58.0,clear,20,49,20.816666666666666,6,1,-0.8660254037844386,0.5,-0.7818314824680299,0.6234898018587334,15.102,27
6,sushi,16.8,midtown,1.2,2,26.52,car,71.0,rain,19,22,19.366666666666667,3,0,-0.9659258262890684,0.2588190451025203,0.43388373911755823,-0.900968867902419,13.26,24
160,salads,5.0,uptown,4.4,2,29.04,scooter,644.0,clear,19,16,19.266666666666666,3,0,-0.9659258262890684,0.2588190451025203,0.43388373911755823,-0.900968867902419,14.52,22
108,mexican,10.1,suburbs_south,10.6,1,12.17,scooter,682.0,clear,21,37,21.616666666666667,5,1,-0.7071067811865477,0.7071067811865474,-0.9749279121818236,-0.2225209339563146,12.17,46
28,indian,19.5,downtown,0.9,1,15.42,bike,323.0,rain,12,30,12.5,3,0,1.2246467991473532e-16,-1.0,0.43388373911755823,-0.900968867902419,15.42,30
9,thai,12.6,suburbs_south,7.5,1,11.14,scooter,10.0,clear,16,5,16.083333333333332,0,0,-0.8660254037844384,-0.5000000000000004,0.0,1.0,11.14,36
146,thai,14.2,uptown,5.1,2,18.82,scooter,624.0,clear,18,55,18.916666666666668,3,0,-1.0,-1.8369701987210297e-16,0.43388373911755823,-0.900968867902419,9.41,38
35,mexican,11.9,midtown,1.8,4,55.7,scooter,2525.0,clear,11,34,11.566666666666666,4,0,0.258819045102521,-0.9659258262890682,-0.433883739117558,-0.9009688679024191,13.925,20
62,salads,6.7,downtown,2.4,1,13.9,bike,64.0,cloudy,13,31,13.516666666666667,6,1,-0.2588190451025208,-0.9659258262890683,-0.7818314824680299,0.6234898018587334,13.9,21
76,mexican,10.0,uptown,2.6,6,89.37,car,147.0,cloudy,17,12,17.2,5,1,-0.9659258262890683,-0.25881904510252063,-0.9749279121818236,-0.2225209339563146,14.895000000000001,23
126,pizza,12.0,midtown,4.2,2,27.13,scooter,644.0,rain,22,13,22.216666666666665,3,0,-0.5000000000000004,0.8660254037844384,0.43388373911755823,-0.900968867902419,13.565,30
18,indian,20.8,suburbs_south,8.1,2,25.16,scooter,1162.0,heavy_rain,23,35,23.583333333333332,1,0,-0.2588190451025215,0.9659258262890681,0.7818314824680297,0.6234898018587336,12.58,55
30,salads,5.0,suburbs_south,8.0,2,21.71,car,92.0,clear,18,43,18.716666666666665,4,0,-1.0,-1.8369701987210297e-16,-0.433883739117558,-0.9009688679024191,10.855,29
43,chinese,12.4,uptown,1.7,2,15.84,bike,496.0,clear,22,16,22.266666666666666,6,1,-0.5000000000000004,0.8660254037844384,-0.7818314824680299,0.6234898018587334,7.92,20
51,indian,17.0,downtown,2.0,5,79.37,car,701.0,clear,19,32,19.533333333333335,0,0,-0.9659258262890684,0.2588190451025203,0.0,1.0,15.874,34
151,chinese,11.8,downtown,2.0,1,14.69,bike,10.0,clear,18,44,18.733333333333334,4,0,-1.0,-1.8369701987210297e-16,-0.433883739117558,-0.9009688679024191,14.69,26
60,chinese,10.4,suburbs_north,4.8,1,9.54,bike,1156.0,clear,12,47,12.783333333333333,1,0,1.2246467991473532e-16,-1.0,0.7818314824680297,0.6234898018587336,9.54,32
35,mexican,11.9,midtown,3.8,3,26.51,scooter,147.0,cloudy,17,14,17.233333333333334,2,0,-0.9659258262890683,-0.25881904510252063,0.9749279121818236,-0.22252093395631434,8.836666666666668,27
101,thai,11.8,suburbs_north,2.6,2,29.65,scooter,333.0,cloudy,14,32,14.533333333333333,0,0,-0.4999999999999998,-0.8660254037844388,0.0,1.0,14.825,25
75,mexican,13.3,midtown,4.2,4,52.68,bike,185.0,clear,21,31,21.516666666666666,4,0,-0.7071067811865477,0.7071067811865474,-0.433883739117558,-0.9009688679024191,13.17,35
3,pizza,20.9,suburbs_north,8.3,1,8.0,car,1019.0,cloudy,20,39,20.65,4,0,-0.8660254037844386,0.5,-0.433883739117558,-0.9009688679024191,8.0,52
65,thai,16.7,uptown,5.5,4,43.22,car,303.0,clear,12,57,12.95,0,0,1.2246467991473532e-16,-1.0,0.0,1.0,10.805,38
127,indian,15.6,downtown,2.6,3,39.55,scooter,212.0,rain,21,28,21.466666666666665,6,1,-0.7071067811865477,0.7071067811865474,-0.7818314824680299,0.6234898018587334,13.183333333333332,30
58,indian,21.6,uptown,1.5,4,28.3,bike,26.0,heavy_rain,12,22,12.366666666666667,5,1,1.2246467991473532e-16,-1.0,-0.9749279121818236,-0.2225209339563146,7.075,45
93,sushi,16.7,downtown,2.4,1,10.31,bike,29.0,clear,10,8,10.133333333333333,2,0,0.49999999999999994,-0.8660254037844387,0.9749279121818236,-0.22252093395631434,10.31,30
130,mexican,15.3,downtown,2.1,2,14.68,bike,284.0,clear,18,25,18.416666666666668,5,1,-1.0,-1.8369701987210297e-16,-0.9749279121818236,-0.2225209339563146,7.34,35
112,sushi,18.2,downtown,1.6,1,12.68,bike,1870.0,cloudy,10,9,10.15,2,0,0.49999999999999994,-0.8660254037844387,0.9749279121818236,-0.22252093395631434,12.68,31
124,indian,17.6,downtown,3.2,3,38.71,scooter,528.0,cloudy,12,44,12.733333333333333,4,0,1.2246467991473532e-16,-1.0,-0.433883739117558,-0.9009688679024191,12.903333333333334,38
66,sushi,18.7,midtown,2.3,2,21.65,bike,147.0,clear,12,3,12.05,6,1,1.2246467991473532e-16,-1.0,-0.7818314824680299,0.6234898018587334,10.825,32
129,pizza,10.9,suburbs_north,6.6,1,15.85,car,1069.0,heavy_rain,16,32,16.533333333333335,4,0,-0.8660254037844384,-0.5000000000000004,-0.433883739117558,-0.9009688679024191,15.85,38
33,sushi,21.1,midtown,3.9,4,30.73,bike,183.0,clear,10,22,10.366666666666667,1,0,0.49999999999999994,-0.8660254037844387,0.7818314824680297,0.6234898018587336,7.6825,47
46,indian,19.4,downtown,1.2,3,26.86,car,29.0,rain,21,50,21.833333333333332,3,0,-0.7071067811865477,0.7071067811865474,0.43388373911755823,-0.900968867902419,8.953333333333333,135
133,chinese,15.9,suburbs_north,5.4,2,28.21,scooter,228.0,clear,13,11,13.183333333333334,3,0,-0.2588190451025208,-0.9659258262890683,0.43388373911755823,-0.900968867902419,14.105,39
65,thai,16.7,uptown,2.9,4,37.4,scooter,59.0,clear,13,17,13.283333333333333,6,1,-0.2588190451025208,-0.9659258262890683,-0.7818314824680299,0.6234898018587334,9.35,34
127,indian,15.6,downtown,1.1,3,42.83,scooter,94.0,clear,13,8,13.133333333333333,5,1,-0.2588190451025208,-0.9659258262890683,-0.9749279121818236,-0.2225209339563146,14.276666666666666,29
10,pizza,12.9,suburbs_north,6.5,2,26.36,car,687.0,cloudy,15,42,15.7,3,0,-0.7071067811865471,-0.7071067811865479,0.43388373911755823,-0.900968867902419,13.18,32
10,pizza,12.9,suburbs_north,7.2,2,30.41,car,89.0,clear,19,44,19.733333333333334,6,1,-0.9659258262890684,0.2588190451025203,-0.7818314824680299,0.6234898018587334,15.205,38
143,chinese,12.4,uptown,6.0,1,15.98,bike,267.0,cloudy,19,47,19.783333333333335,1,0,-0.9659258262890684,0.2588190451025203,0.7818314824680297,0.6234898018587336,15.98,39
18,indian,20.8,suburbs_south,12.1,1,8.0,scooter,703.0,clear,20,53,20.883333333333333,1,0,-0.8660254037844386,0.5,0.7818314824680297,0.6234898018587336,8.0,58
64,mexican,11.6,suburbs_north,7.9,2,27.12,scooter,58.0,clear,19,3,19.05,5,1,-0.9659258262890684,0.2588190451025203,-0.9749279121818236,-0.2225209339563146,13.56,42
157,burgers,16.3,suburbs_south,9.4,6,43.28,scooter,347.0,clear,20,18,20.3,6,1,-0.8660254037844386,0.5,-0.7818314824680299,0.6234898018587334,7.213333333333334,52
109,burgers,10.0,downtown,3.3,2,24.58,scooter,137.0,clear,17,51,17.85,6,1,-0.9659258262890683,-0.25881904510252063,-0.7818314824680299,0.6234898018587334,12.29,22
85,pizza,11.8,uptown,4.6,5,36.13,bike,1325.0,clear,17,59,17.983333333333334,4,0,-0.9659258262890683,-0.25881904510252063,-0.433883739117558,-0.9009688679024191,7.226000000000001,30
129,pizza,10.9,suburbs_north,4.4,1,13.28,bike,1455.0,clear,13,42,13.7,0,0,-0.2588190451025208,-0.9659258262890683,0.0,1.0,13.28,36
159,pizza,15.0,uptown,1.4,2,20.61,bike,100.0,clear,20,40,20.666666666666668,2,0,-0.8660254037844386,0.5,0.9749279121818236,-0.22252093395631434,10.305,30
91,salads,10.1,suburbs_south,8.1,8,116.58,car,42.0,clear,11,57,11.95,6,1,0.258819045102521,-0.9659258262890682,-0.7818314824680299,0.6234898018587334,14.5725,39
77,pizza,11.4,uptown,5.7,2,21.93,scooter,149.0,clear,14,3,14.05,1,0,-0.4999999999999998,-0.8660254037844388,0.7818314824680297,0.6234898018587336,10.965,34
10,pizza,12.9,suburbs_north,11.0,3,22.03,car,40.0,clear,18,27,18.45,0,0,-1.0,-1.8369701987210297e-16,0.0,1.0,7.343333333333334,48
60,chinese,10.4,suburbs_north,6.8,4,50.85,scooter,132.0,clear,21,43,21.716666666666665,4,0,-0.7071067811865477,0.7071067811865474,-0.433883739117558,-0.9009688679024191,12.7125,32
69,salads,8.8,midtown,2.6,1,11.3,car,228.0,clear,19,52,19.866666666666667,0,0,-0.9659258262890684,0.2588190451025203,0.0,1.0,11.3,22
47,mexican,14.1,downtown,0.9,2,26.38,scooter,229.0,cloudy,11,26,11.433333333333334,4,0,0.258819045102521,-0.9659258262890682,-0.433883739117558,-0.9009688679024191,13.19,24
29,salads,9.9,midtown,2.4,5,42.13,car,964.0,clear,19,47,19.783333333333335,4,0,-0.9659258262890684,0.2588190451025203,-0.433883739117558,-0.9009688679024191,8.426,24
33,sushi,21.1,midtown,5.0,4,31.38,scooter,339.0,cloudy,11,5,11.083333333333334,6,1,0.258819045102521,-0.9659258262890682,-0.7818314824680299,0.6234898018587334,7.845,48
118,thai,15.5,downtown,1.6,2,17.58,scooter,147.0,clear,18,12,18.2,3,0,-1.0,-1.8369701987210297e-16,0.43388373911755823,-0.900968867902419,8.79,31
109,burgers,10.0,downtown,0.8,2,17.1,bike,49.0,cloudy,10,37,10.616666666666667,4,0,0.49999999999999994,-0.8660254037844387,-0.433883739117558,-0.9009688679024191,8.55,16
47,mexican,14.1,downtown,2.4,4,57.42,scooter,99.0,clear,11,53,11.883333333333333,4,0,0.258819045102521,-0.9659258262890682,-0.433883739117558,-0.9009688679024191,14.355,27
2,thai,10.5,downtown,1.7,6,85.14,scooter,773.0,clear,18,38,18.633333333333333,4,0,-1.0,-1.8369701987210297e-16,-0.433883739117558,-0.9009688679024191,14.19,21
130,mexican,15.3,downtown,0.7,4,45.52,scooter,466.0,clear,19,57,19.95,0,0,-0.9659258262890684,0.2588190451025203,0.0,1.0,11.38,30
31,sushi,14.7,midtown,4.6,6,62.33,bike,157.0,clear,14,37,14.616666666666667,3,0,-0.4999999999999998,-0.8660254037844388,0.43388373911755823,-0.900968867902419,10.388333333333334,42
37,pizza,17.5,midtown,3.9,2,27.01,scooter,16.0,heavy_rain,19,40,19.666666666666668,2,0,-0.9659258262890684,0.2588190451025203,0.9749279121818236,-0.22252093395631434,13.505,40
61,thai,18.0,suburbs_north,6.6,6,52.39,scooter,73.0,clear,12,52,12.866666666666667,0,0,1.2246467991473532e-16,-1.0,0.0,1.0,8.731666666666667,57
63,pizza,12.6,downtown,2.0,2,23.58,bike,137.0,clear,17,52,17.866666666666667,1,0,-0.9659258262890683,-0.25881904510252063,0.7818314824680297,0.6234898018587336,11.79,16
139,indian,20.7,midtown,3.3,2,26.56,car,800.0,cloudy,16,31,16.516666666666666,6,1,-0.8660254037844384,-0.5000000000000004,-0.7818314824680299,0.6234898018587334,13.28,32
5,mexican,12.4,uptown,3.5,4,56.36,car,574.0,cloudy,13,21,13.35,0,0,-0.2588190451025208,-0.9659258262890683,0.0,1.0,14.09,21
149,thai,15.5,downtown,0.9,2,16.84,scooter,158.0,cloudy,20,48,20.8,3,0,-0.8660254037844386,0.5,0.43388373911755823,-0.900968867902419,8.42,23
4,pizza,14.0,suburbs_south,8.5,2,27.85,car,79.0,clear,21,19,21.316666666666666,0,0,-0.7071067811865477,0.7071067811865474,0.0,1.0,13.925,36
139,indian,20.7,midtown,5.2,3,43.01,car,184.0,heavy_rain,12,51,12.85,5,1,1.2246467991473532e-16,-1.0,-0.9749279121818236,-0.2225209339563146,14.336666666666666,48
78,mexican,9.1,downtown,3.3,1,14.33,scooter,147.0,cloudy,20,51,20.85,3,0,-0.8660254037844386,0.5,0.43388373911755823,-0.900968867902419,14.33,25
80,chinese,16.1,downtown,1.5,1,8.0,car,1002.0,cloudy,13,50,13.833333333333334,2,0,-0.2588190451025208,-0.9659258262890683,0.9749279121818236,-0.22252093395631434,8.0,25
48,mexican,8.8,midtown,4.4,7,96.93,bike,16.0,clear,20,25,20.416666666666668,4,0,-0.8660254037844386,0.5,-0.433883739117558,-0.9009688679024191,13.847142857142858,35
128,chinese,6.8,uptown,1.6,3,24.11,scooter,518.0,clear,12,27,12.45,4,0,1.2246467991473532e-16,-1.0,-0.433883739117558,-0.9009688679024191,8.036666666666667,14
76,mexican,10.0,uptown,1.7,3,22.57,scooter,76.0,rain,18,29,18.483333333333334,1,0,-1.0,-1.8369701987210297e-16,0.7818314824680297,0.6234898018587336,7.523333333333333,27
155,indian,14.5,suburbs_south,3.4,2,20.96,scooter,511.0,rain,17,44,17.733333333333334,6,1,-0.9659258262890683,-0.25881904510252063,-0.7818314824680299,0.6234898018587334,10.48,27
125,sushi,18.8,uptown,3.0,6,73.3,bike,18.0,clear,19,27,19.45,3,0,-0.9659258262890684,0.2588190451025203,0.43388373911755823,-0.900968867902419,12.216666666666667,39
83,salads,8.7,midtown,2.3,4,36.68,bike,64.0,rain,15,22,15.366666666666667,6,1,-0.7071067811865471,-0.7071067811865479,-0.7818314824680299,0.6234898018587334,9.17,27
138,thai,16.2,uptown,5.0,3,30.5,scooter,1255.0,clear,12,7,12.116666666666667,5,1,1.2246467991473532e-16,-1.0,-0.9749279121818236,-0.2225209339563146,10.166666666666666,40
73,pizza,10.6,midtown,1.4,4,50.42,scooter,17.0,clear,12,39,12.65,5,1,1.2246467991473532e-16,-1.0,-0.9749279121818236,-0.2225209339563146,12.605,23
133,chinese,15.9,suburbs_north,9.0,7,90.73,car,307.0,clear,21,24,21.4,3,0,-0.7071067811865477,0.7071067811865474,0.43388373911755823,-0.900968867902419,12.961428571428572,44
125,sushi,18.8,uptown,4.1,4,42.38,scooter,27.0,clear,17,47,17.783333333333335,3,0,-0.9659258262890683,-0.25881904510252063,0.43388373911755823,-0.900968867902419,10.595,38
104,thai,11.5,suburbs_south,8.8,2,19.16,scooter,118.0,rain,17,48,17.8,2,0,-0.9659258262890683,-0.25881904510252063,0.9749279121818236,-0.22252093395631434,9.58,50
110,thai,12.5,suburbs_north,6.0,1,15.92,scooter,103.0,clear,15,10,15.166666666666666,3,0,-0.7071067811865471,-0.7071067811865479,0.43388373911755823,-0.900968867902419,15.92,30
23,burgers,11.6,downtown,2.8,2,29.28,scooter,36.0,cloudy,12,50,12.833333333333334,6,1,1.2246467991473532e-16,-1.0,-0.7818314824680299,0.6234898018587334,14.64,30
40,pizza,18.4,midtown,1.8,7,81.39,scooter,48.0,rain,12,5,12.083333333333334,0,0,1.2246467991473532e-16,-1.0,0.0,1.0,11.627142857142857,37
36,burgers,11.8,downtown,1.9,5,64.8,car,170.0,clear,19,31,19.516666666666666,2,0,-0.9659258262890684,0.2588190451025203,0.9749279121818236,-0.22252093395631434,12.959999999999999,25
9,thai,12.6,suburbs_south,2.4,5,60.75,scooter,17.0,cloudy,20,32,20.533333333333335,1,0,-0.8660254037844386,0.5,0.7818314824680297,0.6234898018587336,12.15,28
133,chinese,15.9,suburbs_north,9.2,3,40.67,car,88.0,heavy_rain,11,42,11.7,6,1,0.258819045102521,-0.9659258262890682,-0.7818314824680299,0.6234898018587334,13.556666666666667,58
32,thai,16.7,uptown,4.9,6,75.84,scooter,207.0,cloudy,21,46,21.766666666666666,2,0,-0.7071067811865477,0.7071067811865474,0.9749279121818236,-0.22252093395631434,12.64,37
143,chinese,12.4,uptown,5.1,2,26.81,scooter,133.0,cloudy,13,40,13.666666666666666,4,0,-0.2588190451025208,-0.9659258262890683,-0.433883739117558,-0.9009688679024191,13.405,31
16,salads,7.8,uptown,3.1,5,78.05,bike,211.0,clear,21,3,21.05,6,1,-0.7071067811865477,0.7071067811865474,-0.7818314824680299,0.6234898018587334,15.61,22
62,salads,6.7,downtown,1.5,5,61.97,bike,80.0,clear,11,46,11.766666666666667,1,0,0.258819045102521,-0.9659258262890682,0.7818314824680297,0.6234898018587336,12.394,20
43,chinese,12.4,uptown,5.2,2,19.29,car,27.0,clear,20,0,20.0,1,0,-0.8660254037844386,0.5,0.7818314824680297,0.6234898018587336,9.645,31
69,salads,8.8,midtown,4.7,4,40.08,bike,34.0,clear,20,1,20.016666666666666,5,1,-0.8660254037844386,0.5,-0.9749279121818236,-0.2225209339563146,10.02,29
36,burgers,11.8,downtown,0.7,4,33.25,scooter,141.0,rain,20,17,20.283333333333335,4,0,-0.8660254037844386,0.5,-0.433883739117558,-0.9009688679024191,8.3125,20
3,pizza,20.9,suburbs_north,2.6,7,49.48,scooter,168.0,clear,15,48,15.8,5,1,-0.7071067811865471,-0.7071067811865479,-0.9749279121818236,-0.2225209339563146,7.0685714285714285,38
136,salads,9.3,downtown,1.6,2,14.43,bike,33.0,clear,13,53,13.883333333333333,6,1,-0.2588190451025208,-0.9659258262890683,-0.7818314824680299,0.6234898018587334,7.215,26
19,chinese,10.6,downtown,1.7,2,22.08,car,187.0,clear,13,25,13.416666666666666,6,1,-0.2588190451025208,-0.9659258262890683,-0.7818314824680299,0.6234898018587334,11.04,25
160,salads,5.0,uptown,2.9,1,13.12,scooter,3.0,clear,13,14,13.233333333333333,3,0,-0.2588190451025208,-0.9659258262890683,0.43388373911755823,-0.900968867902419,13.12,22
149,thai,15.5,downtown,1.7,2,16.9,car,90.0,clear,12,25,12.416666666666666,0,0,1.2246467991473532e-16,-1.0,0.0,1.0,8.45,30
138,thai,16.2,uptown,4.2,1,8.03,car,387.0,clear,17,47,17.783333333333335,0,0,-0.9659258262890683,-0.25881904510252063,0.0,1.0,8.03,27
126,pizza,12.0,midtown,3.8,2,24.59,scooter,3986.0,cloudy,18,19,18.316666666666666,4,0,-1.0,-1.8369701987210297e-16,-0.433883739117558,-0.9009688679024191,12.295,29
79,salads,10.0,midtown,4.3,4,55.54,bike,167.0,rain,12,22,12.366666666666667,5,1,1.2246467991473532e-16,-1.0,-0.9749279121818236,-0.2225209339563146,13.885,37
52,mexican,5.5,uptown,3.4,2,16.52,scooter,340.0,clear,12,45,12.75,6,1,1.2246467991473532e-16,-1.0,-0.7818314824680299,0.6234898018587334,8.26,17
67,chinese,17.8,uptown,2.3,4,53.82,bike,972.0,clear,20,43,20.716666666666665,0,0,-0.8660254037844386,0.5,0.0,1.0,13.455,32
138,thai,16.2,uptown,4.5,2,23.97,car,174.0,clear,20,17,20.283333333333335,4,0,-0.8660254037844386,0.5,-0.433883739117558,-0.9009688679024191,11.985,30
112,sushi,18.2,downtown,1.1,2,15.78,bike,189.0,cloudy,10,34,10.566666666666666,6,1,0.49999999999999994,-0.8660254037844387,-0.7818314824680299,0.6234898018587334,7.89,24
67,chinese,17.8,uptown,1.7,3,25.09,car,20.0,cloudy,19,16,19.266666666666666,6,1,-0.9659258262890684,0.2588190451025203,-0.7818314824680299,0.6234898018587334,8.363333333333333,35
25,mexican,14.5,midtown,1.9,3,30.06,bike,697.0,clear,12,53,12.883333333333333,3,0,1.2246467991473532e-16,-1.0,0.43388373911755823,-0.900968867902419,10.02,28
101,thai,11.8,suburbs_north,10.6,2,25.72,scooter,1374.0,clear,17,19,17.316666666666666,5,1,-0.9659258262890683,-0.25881904510252063,-0.9749279121818236,-0.2225209339563146,12.86,42
87,burgers,6.5,downtown,3.5,2,19.21,car,73.0,cloudy,19,48,19.8,3,0,-0.9659258262890684,0.2588190451025203,0.43388373911755823,-0.900968867902419,9.605,28
30,salads,5.0,suburbs_south,11.4,2,28.05,car,329.0,clear,13,38,13.633333333333333,6,1,-0.2588190451025208,-0.9659258262890683,-0.7818314824680299,0.6234898018587334,14.025,37
27,thai,16.7,downtown,1.0,4,47.75,scooter,92.0,clear,11,55,11.916666666666666,0,0,0.258819045102521,-0.9659258262890682,0.0,1.0,11.9375,29
113,mexican,13.2,midtown,2.0,2,28.41,bike,83.0,cloudy,18,33,18.55,1,0,-1.0,-1.8369701987210297e-16,0.7818314824680297,0.6234898018587336,14.205,25
101,thai,11.8,suburbs_north,4.9,4,40.59,bike,176.0,heavy_rain,19,40,19.666666666666668,6,1,-0.9659258262890684,0.2588190451025203,-0.7818314824680299,0.6234898018587334,10.1475,53
53,thai,11.5,midtown,2.1,6,46.08,bike,184.0,clear,21,33,21.55,2,0,-0.7071067811865477,0.7071067811865474,0.9749279121818236,-0.22252093395631434,7.68,26
91,salads,10.1,suburbs_south,9.4,4,34.84,car,126.0,cloudy,13,35,13.583333333333334,5,1,-0.2588190451025208,-0.9659258262890683,-0.9749279121818236,-0.2225209339563146,8.71,40
80,chinese,16.1,downtown,1.2,5,68.81,scooter,29.0,heavy_rain,18,18,18.3,0,0,-1.0,-1.8369701987210297e-16,0.0,1.0,13.762,26
128,chinese,6.8,uptown,5.2,2,28.09,scooter,86.0,heavy_rain,17,58,17.966666666666665,4,0,-0.9659258262890683,-0.25881904510252063,-0.433883739117558,-0.9009688679024191,14.045,29
106,pizza,12.3,downtown,1.8,5,36.05,car,271.0,cloudy,19,16,19.266666666666666,2,0,-0.9659258262890684,0.2588190451025203,0.9749279121818236,-0.22252093395631434,7.209999999999999,22
45,indian,15.4,midtown,1.9,3,44.18,bike,502.0,clear,18,7,18.116666666666667,3,0,-1.0,-1.8369701987210297e-16,0.43388373911755823,-0.900968867902419,14.726666666666667,28
156,salads,12.7,downtown,1.1,1,9.22,scooter,30.0,clear,12,23,12.383333333333333,5,1,1.2246467991473532e-16,-1.0,-0.9749279121818236,-0.2225209339563146,9.22,23
2,thai,10.5,downtown,1.4,1,13.56,bike,225.0,cloudy,13,19,13.316666666666666,5,1,-0.2588190451025208,-0.9659258262890683,-0.9749279121818236,-0.2225209339563146,13.56,25
72,burgers,12.2,suburbs_south,6.9,3,26.75,scooter,629.0,clear,18,27,18.45,3,0,-1.0,-1.8369701987210297e-16,0.43388373911755823,-0.900968867902419,8.916666666666666,40
8,burgers,12.1,uptown,3.9,3,39.13,car,64.0,clear,11,27,11.45,2,0,0.258819045102521,-0.9659258262890682,0.9749279121818236,-0.22252093395631434,13.043333333333335,92
122,indian,20.0,midtown,2.6,3,40.2,scooter,112.0,heavy_rain,13,48,13.8,1,0,-0.2588190451025208,-0.9659258262890683,0.7818314824680297,0.6234898018587336,13.4,40
130,mexican,15.3,downtown,1.0,4,53.88,scooter,118.0,clear,21,42,21.7,4,0,-0.7071067811865477,0.7071067811865474,-0.433883739117558,-0.9009688679024191,13.47,22
72,burgers,12.2,suburbs_south,3.3,3,35.58,scooter,684.0,cloudy,15,22,15.366666666666667,5,1,-0.7071067811865471,-0.7071067811865479,-0.9749279121818236,-0.2225209339563146,11.86,22
140,chinese,17.8,downtown,1.3,3,26.74,scooter,99.0,clear,18,47,18.783333333333335,2,0,-1.0,-1.8369701987210297e-16,0.9749279121818236,-0.22252093395631434,8.913333333333332,30
135,sushi,20.5,downtown,1.4,2,18.01,bike,124.0,rain,14,33,14.55,5,1,-0.4999999999999998,-0.8660254037844388,-0.9749279121818236,-0.2225209339563146,9.005,32
94,sushi,20.2,downtown,1.4,1,11.07,car,147.0,clear,15,22,15.366666666666667,2,0,-0.7071067811865471,-0.7071067811865479,0.9749279121818236,-0.22252093395631434,11.07,29
58,indian,21.6,uptown,2.5,2,27.86,scooter,903.0,clear,14,54,14.9,2,0,-0.4999999999999998,-0.8660254037844388,0.9749279121818236,-0.22252093395631434,13.93,26
76,mexican,10.0,uptown,2.2,3,40.29,car,93.0,clear,17,44,17.733333333333334,0,0,-0.9659258262890683,-0.25881904510252063,0.0,1.0,13.43,13
52,mexican,5.5,uptown,2.4,2,15.93,car,43.0,cloudy,20,39,20.65,5,1,-0.8660254037844386,0.5,-0.9749279121818236,-0.2225209339563146,7.965,12
111,pizza,8.5,downtown,1.7,1,12.99,scooter,686.0,cloudy,18,42,18.7,2,0,-1.0,-1.8369701987210297e-16,0.9749279121818236,-0.22252093395631434,12.99,19
106,pizza,12.3,downtown,1.5,1,10.94,car,1348.0,clear,18,54,18.9,4,0,-1.0,-1.8369701987210297e-16,-0.433883739117558,-0.9009688679024191,10.94,29
152,indian,18.0,suburbs_north,7.0,3,37.53,car,165.0,clear,12,0,12.0,5,1,1.2246467991473532e-16,-1.0,-0.9749279121818236,-0.2225209339563146,12.51,47
128,chinese,6.8,uptown,2.6,8,119.06,scooter,113.0,clear,14,40,14.666666666666666,2,0,-0.4999999999999998,-0.8660254037844388,0.9749279121818236,-0.22252093395631434,14.8825,19
129,pizza,10.9,suburbs_north,7.5,3,41.74,car,1300.0,clear,12,35,12.583333333333334,2,0,1.2246467991473532e-16,-1.0,0.9749279121818236,-0.22252093395631434,13.913333333333334,37
61,thai,18.0,suburbs_north,2.9,4,61.28,scooter,295.0,rain,17,7,17.116666666666667,6,1,-0.9659258262890683,-0.25881904510252063,-0.7818314824680299,0.6234898018587334,15.32,33
110,thai,12.5,suburbs_north,6.7,3,23.51,car,78.0,cloudy,11,24,11.4,6,1,0.258819045102521,-0.9659258262890682,-0.7818314824680299,0.6234898018587334,7.836666666666667,42
42,pizza,16.7,downtown,0.9,2,27.38,scooter,757.0,cloudy,17,51,17.85,4,0,-0.9659258262890683,-0.25881904510252063,-0.433883739117558,-0.9009688679024191,13.69,20
100,pizza,12.8,uptown,5.0,7,87.4,bike,43.0,cloudy,19,51,19.85,6,1,-0.9659258262890684,0.2588190451025203,-0.7818314824680299,0.6234898018587334,12.485714285714286,45
108,mexican,10.1,suburbs_south,5.5,6,50.81,bike,44.0,clear,13,28,13.466666666666667,1,0,-0.2588190451025208,-0.9659258262890683,0.7818314824680297,0.6234898018587336,8.468333333333334,40
120,pizza,12.2,downtown,0.9,2,18.97,bike,127.0,clear,20,11,20.183333333333334,0,0,-0.8660254037844386,0.5,0.0,1.0,9.485,25
105,pizza,12.9,midtown,1.7,3,39.23,car,147.0,clear,13,1,13.016666666666667,2,0,-0.2588190451025208,-0.9659258262890683,0.9749279121818236,-0.22252093395631434,13.076666666666666,21
157,burgers,16.3,suburbs_south,6.3,3,39.03,car,92.0,clear,19,0,19.0,3,0,-0.9659258262890684,0.2588190451025203,0.43388373911755823,-0.900968867902419,13.01,44
82,salads,9.2,midtown,2.2,1,10.11,car,374.0,cloudy,12,31,12.516666666666667,6,1,1.2246467991473532e-16,-1.0,-0.7818314824680299,0.6234898018587334,10.11,16
87,burgers,6.5,downtown,2.4,1,13.65,scooter,179.0,cloudy,14,0,14.0,1,0,-0.4999999999999998,-0.8660254037844388,0.7818314824680297,0.6234898018587336,13.65,19
66,sushi,18.7,midtown,4.3,2,19.94,car,124.0,cloudy,14,21,14.35,5,1,-0.4999999999999998,-0.8660254037844388,-0.9749279121818236,-0.2225209339563146,9.97,36
124,indian,17.6,downtown,2.8,1,10.58,bike,403.0,cloudy,22,19,22.316666666666666,6,1,-0.5000000000000004,0.8660254037844384,-0.7818314824680299,0.6234898018587334,10.58,29
92,thai,7.0,uptown,3.8,5,44.86,scooter,51.0,cloudy,21,47,21.783333333333335,0,0,-0.7071067811865477,0.7071067811865474,0.0,1.0,8.972,29
151,chinese,11.8,downtown,1.6,2,19.43,scooter,109.0,clear,13,0,13.0,2,0,-0.2588190451025208,-0.9659258262890683,0.9749279121818236,-0.22252093395631434,9.715,17
26,pizza,14.9,midtown,2.5,2,17.1,car,142.0,clear,17,22,17.366666666666667,5,1,-0.9659258262890683,-0.25881904510252063,-0.9749279121818236,-0.2225209339563146,8.55,24
79,salads,10.0,midtown,3.1,2,23.67,car,151.0,rain,12,26,12.433333333333334,4,0,1.2246467991473532e-16,-1.0,-0.433883739117558,-0.9009688679024191,11.835,17
67,chinese,17.8,uptown,4.5,2,23.97,scooter,96.0,clear,19,57,19.95,4,0,-0.9659258262890684,0.2588190451025203,-0.433883739117558,-0.9009688679024191,11.985,34
128,chinese,6.8,uptown,3.6,1,8.0,scooter,16.0,rain,19,44,19.733333333333334,0,0,-0.9659258262890684,0.2588190451025203,0.0,1.0,8.0,25
12,thai,12.8,midtown,1.1,8,78.89,scooter,327.0,clear,13,41,13.683333333333334,6,1,-0.2588190451025208,-0.9659258262890683,-0.7818314824680299,0.6234898018587334,9.86125,31
127,indian,15.6,downtown,3.1,2,15.62,bike,147.0,clear,20,28,20.466666666666665,5,1,-0.8660254037844386,0.5,-0.9749279121818236,-0.2225209339563146,7.81,37
151,chinese,11.8,downtown,3.3,2,31.65,scooter,138.0,heavy_rain,19,11,19.183333333333334,6,1,-0.9659258262890684,0.2588190451025203,-0.7818314824680299,0.6234898018587334,15.825,39
100,pizza,12.8,uptown,5.6,1,11.48,bike,5.0,clear,17,36,17.6,1,0,-0.9659258262890683,-0.25881904510252063,0.7818314824680297,0.6234898018587336,11.48,38
24,pizza,15.8,uptown,2.0,5,79.26,car,216.0,rain,13,35,13.583333333333334,2,0,-0.2588190451025208,-0.9659258262890683,0.9749279121818236,-0.22252093395631434,15.852,30
156,salads,12.7,downtown,1.8,1,11.19,car,155.0,heavy_rain,19,20,19.333333333333332,6,1,-0.9659258262890684,0.2588190451025203,-0.7818314824680299,0.6234898018587334,11.19,31
151,chinese,11.8,downtown,2.3,4,42.16,bike,123.0,cloudy,18,38,18.633333333333333,4,0,-1.0,-1.8369701987210297e-16,-0.433883739117558,-0.9009688679024191,10.54,34
131,indian,22.1,downtown,1.4,7,85.61,bike,51.0,clear,19,10,19.166666666666668,6,1,-0.9659258262890684,0.2588190451025203,-0.7818314824680299,0.6234898018587334,12.23,48
135,sushi,20.5,downtown,1.8,2,27.12,bike,37.0,clear,19,34,19.566666666666666,2,0,-0.9659258262890684,0.2588190451025203,0.9749279121818236,-0.22252093395631434,13.56,31
31,sushi,14.7,midtown,3.3,1,11.45,bike,74.0,clear,11,21,11.35,5,1,0.258819045102521,-0.9659258262890682,-0.9749279121818236,-0.2225209339563146,11.45,35
56,thai,13.0,downtown,1.3,2,29.42,car,238.0,rain,11,35,11.583333333333334,5,1,0.258819045102521,-0.9659258262890682,-0.9749279121818236,-0.2225209339563146,14.71,23
53,thai,11.5,midtown,2.5,2,26.11,bike,274.0,cloudy,18,6,18.1,1,0,-1.0,-1.8369701987210297e-16,0.7818314824680297,0.6234898018587336,13.055,24
86,chinese,11.8,suburbs_south,11.2,2,28.94,car,75.0,clear,12,3,12.05,5,1,1.2246467991473532e-16,-1.0,-0.9749279121818236,-0.2225209339563146,14.47,42
36,burgers,11.8,downtown,2.6,4,48.52,car,1567.0,clear,17,20,17.333333333333332,4,0,-0.9659258262890683,-0.25881904510252063,-0.433883739117558,-0.9009688679024191,12.13,23
116,sushi,16.4,downtown,0.6,2,24.65,bike,136.0,clear,11,31,11.516666666666667,0,0,0.258819045102521,-0.9659258262890682,0.0,1.0,12.325,26
23,burgers,11.6,downtown,1.9,1,8.0,bike,50.0,clear,19,39,19.65,0,0,-0.9659258262890684,0.2588190451025203,0.0,1.0,8.0,25
59,pizza,11.7,suburbs_south,7.5,1,15.97,car,415.0,clear,20,17,20.283333333333335,4,0,-0.8660254037844386,0.5,-0.433883739117558,-0.9009688679024191,15.97,37
131,indian,22.1,downtown,3.5,1,8.53,car,60.0,rain,16,31,16.516666666666666,6,1,-0.8660254037844384,-0.5000000000000004,-0.7818314824680299,0.6234898018587334,8.53,34
127,indian,15.6,downtown,2.6,2,19.64,bike,111.0,cloudy,16,16,16.266666666666666,0,0,-0.8660254037844384,-0.5000000000000004,0.0,1.0,9.82,32
139,indian,20.7,midtown,4.3,1,14.71,scooter,1881.0,rain,19,33,19.55,1,0,-0.9659258262890684,0.2588190451025203,0.7818314824680297,0.6234898018587336,14.71,40
129,pizza,10.9,suburbs_north,6.2,2,30.57,car,1390.0,rain,11,29,11.483333333333333,4,0,0.258819045102521,-0.9659258262890682,-0.433883739117558,-0.9009688679024191,15.285,27
80,chinese,16.1,downtown,1.0,6,82.79,scooter,70.0,clear,16,34,16.566666666666666,1,0,-0.8660254037844384,-0.5000000000000004,0.7818314824680297,0.6234898018587336,13.798333333333334,33
116,sushi,16.4,downtown,1.4,6,57.21,car,1932.0,clear,20,23,20.383333333333333,1,0,-0.8660254037844386,0.5,0.7818314824680297,0.6234898018587336,9.535,32
156,salads,12.7,downtown,3.2,6,63.77,bike,84.0,rain,22,3,22.05,3,0,-0.5000000000000004,0.8660254037844384,0.43388373911755823,-0.900968867902419,10.628333333333334,36
104,thai,11.5,suburbs_south,6.8,6,58.34,car,370.0,clear,18,20,18.333333333333332,0,0,-1.0,-1.8369701987210297e-16,0.0,1.0,9.723333333333334,37
100,pizza,12.8,uptown,2.1,2,16.21,scooter,42.0,clear,11,3,11.05,4,0,0.258819045102521,-0.9659258262890682,-0.433883739117558,-0.9009688679024191,8.105,30
68,thai,11.9,uptown,2.3,1,15.59,bike,147.0,cloudy,16,52,16.866666666666667,2,0,-0.8660254037844384,-0.5000000000000004,0.9749279121818236,-0.22252093395631434,15.59,17
87,burgers,6.5,downtown,2.0,4,53.4,bike,247.0,clear,19,0,19.0,6,1,-0.9659258262890684,0.2588190451025203,-0.7818314824680299,0.6234898018587334,13.35,24
18,indian,20.8,suburbs_south,9.8,4,40.01,car,5.0,clear,18,16,18.266666666666666,1,0,-1.0,-1.8369701987210297e-16,0.7818314824680297,0.6234898018587336,10.0025,57
17,thai,9.8,uptown,5.8,1,9.33,scooter,57.0,clear,11,19,11.316666666666666,0,0,0.258819045102521,-0.9659258262890682,0.0,1.0,9.33,25
74,thai,18.7,downtown,3.3,2,20.05,bike,65.0,clear,22,44,22.733333333333334,0,0,-0.5000000000000004,0.8660254037844384,0.0,1.0,10.025,33
100,pizza,12.8,uptown,4.1,3,27.92,scooter,10.0,clear,17,10,17.166666666666668,2,0,-0.9659258262890683,-0.25881904510252063,0.9749279121818236,-0.22252093395631434,9.306666666666667,27
69,salads,8.8,midtown,2.6,1,9.24,scooter,53.0,clear,19,21,19.35,1,0,-0.9659258262890684,0.2588190451025203,0.7818314824680297,0.6234898018587336,9.24,18
121,indian,13.9,suburbs_north,3.5,3,37.2,scooter,157.0,cloudy,13,50,13.833333333333334,3,0,-0.2588190451025208,-0.9659258262890683,0.43388373911755823,-0.900968867902419,12.4,33
17,thai,9.8,uptown,4.1,2,21.95,bike,85.0,cloudy,20,7,20.116666666666667,3,0,-0.8660254037844386,0.5,0.43388373911755823,-0.900968867902419,10.975,33
148,indian,16.9,suburbs_north,3.0,2,19.16,scooter,147.0,clear,14,34,14.566666666666666,0,0,-0.4999999999999998,-0.8660254037844388,0.0,1.0,9.58,28
62,salads,6.7,downtown,1.4,1,12.44,scooter,9.0,clear,19,2,19.033333333333335,3,0,-0.9659258262890684,0.2588190451025203,0.43388373911755823,-0.900968867902419,12.44,17
56,thai,13.0,downtown,1.4,2,28.06,scooter,182.0,rain,12,41,12.683333333333334,3,0,1.2246467991473532e-16,-1.0,0.43388373911755823,-0.900968867902419,14.03,24
73,pizza,10.6,midtown,3.4,1,10.29,car,117.0,clear,11,54,11.9,4,0,0.258819045102521,-0.9659258262890682,-0.433883739117558,-0.9009688679024191,10.29,23
144,chinese,7.6,midtown,2.2,3,36.85,bike,246.0,cloudy,19,39,19.65,3,0,-0.9659258262890684,0.2588190451025203,0.43388373911755823,-0.900968867902419,12.283333333333333,24
57,sushi,15.1,midtown,1.8,4,49.22,scooter,231.0,cloudy,17,53,17.883333333333333,5,1,-0.9659258262890683,-0.25881904510252063,-0.9749279121818236,-0.2225209339563146,12.305,27
95,pizza,11.9,suburbs_south,5.7,8,83.76,car,449.0,clear,16,44,16.733333333333334,1,0,-0.8660254037844384,-0.5000000000000004,0.7818314824680297,0.6234898018587336,10.47,31
137,thai,13.3,suburbs_north,9.3,1,11.93,car,32.0,cloudy,17,43,17.716666666666665,0,0,-0.9659258262890683,-0.25881904510252063,0.0,1.0,11.93,37
12,thai,12.8,midtown,3.5,4,47.49,car,1164.0,heavy_rain,18,27,18.45,4,0,-1.0,-1.8369701987210297e-16,-0.433883739117558,-0.9009688679024191,11.8725,26
132,mexican,13.3,downtown,2.2,3,24.19,car,156.0,clear,19,55,19.916666666666668,5,1,-0.9659258262890684,0.2588190451025203,-0.9749279121818236,-0.2225209339563146,8.063333333333334,31
49,indian,14.4,uptown,2.5,4,54.62,bike,35.0,clear,13,29,13.483333333333333,1,0,-0.2588190451025208,-0.9659258262890683,0.7818314824680297,0.6234898018587336,13.655,35
128,chinese,6.8,uptown,2.1,2,27.94,scooter,86.0,clear,18,10,18.166666666666668,2,0,-1.0,-1.8369701987210297e-16,0.9749279121818236,-0.22252093395631434,13.97,18
117,pizza,16.2,suburbs_south,8.2,6,73.43,scooter,82.0,clear,18,59,18.983333333333334,1,0,-1.0,-1.8369701987210297e-16,0.7818314824680297,0.6234898018587336,12.238333333333335,47
38,pizza,16.9,midtown,1.3,2,23.35,scooter,639.0,heavy_rain,12,29,12.483333333333333,4,0,1.2246467991473532e-16,-1.0,-0.433883739117558,-0.9009688679024191,11.675,22
8,burgers,12.1,uptown,4.0,1,15.53,bike,27.0,cloudy,20,33,20.55,5,1,-0.8660254037844386,0.5,-0.9749279121818236,-0.2225209339563146,15.53,33
80,chinese,16.1,downtown,3.6,2,14.39,car,869.0,clear,17,59,17.983333333333334,3,0,-0.9659258262890683,-0.25881904510252063,0.43388373911755823,-0.900968867902419,7.195,30
39,thai,21.0,downtown,1.1,8,89.08,scooter,1062.0,clear,21,46,21.766666666666666,5,1,-0.7071067811865477,0.7071067811865474,-0.9749279121818236,-0.2225209339563146,11.135,35
1,mexican,12.7,downtown,2.2,1,8.0,bike,24.0,clear,17,3,17.05,1,0,-0.9659258262890683,-0.25881904510252063,0.7818314824680297,0.6234898018587336,8.0,28
122,indian,20.0,midtown,3.2,1,10.17,scooter,722.0,clear,21,16,21.266666666666666,6,1,-0.7071067811865477,0.7071067811865474,-0.7818314824680299,0.6234898018587334,10.17,38
89,sushi,22.3,suburbs_north,9.2,7,76.44,car,24.0,rain,18,9,18.15,0,0,-1.0,-1.8369701987210297e-16,0.0,1.0,10.92,67
158,indian,12.1,midtown,2.3,5,38.78,bike,25.0,clear,13,29,13.483333333333333,5,1,-0.2588190451025208,-0.9659258262890683,-0.9749279121818236,-0.2225209339563146,7.756,30
127,indian,15.6,downtown,3.2,8,66.34,bike,119.0,cloudy,12,4,12.066666666666666,5,1,1.2246467991473532e-16,-1.0,-0.9749279121818236,-0.2225209339563146,8.2925,44
57,sushi,15.1,midtown,4.8,1,15.57,bike,85.0,clear,20,31,20.516666666666666,0,0,-0.8660254037844386,0.5,0.0,1.0,15.57,38
67,chinese,17.8,uptown,1.4,2,14.93,car,28.0,rain,17,8,17.133333333333333,0,0,-0.9659258262890683,-0.25881904510252063,0.0,1.0,7.465,23
139,indian,20.7,midtown,2.1,3,34.78,scooter,213.0,cloudy,20,49,20.816666666666666,5,1,-0.8660254037844386,0.5,-0.9749279121818236,-0.2225209339563146,11.593333333333334,41
157,burgers,16.3,suburbs_south,10.0,2,28.33,car,115.0,clear,12,55,12.916666666666666,3,0,1.2246467991473532e-16,-1.0,0.43388373911755823,-0.900968867902419,14.165,40
99,thai,13.4,midtown,1.9,2,16.66,bike,287.0,clear,10,12,10.2,1,0,0.49999999999999994,-0.8660254037844387,0.7818314824680297,0.6234898018587336,8.33,21
134,mexican,10.8,midtown,3.8,2,20.96,bike,35.0,rain,11,53,11.883333333333333,5,1,0.258819045102521,-0.9659258262890682,-0.9749279121818236,-0.2225209339563146,10.48,33
89,sushi,22.3,suburbs_north,7.6,1,13.78,car,2533.0,rain,23,39,23.65,6,1,-0.2588190451025215,0.9659258262890681,-0.7818314824680299,0.6234898018587334,13.78,43
21,pizza,17.0,midtown,2.6,3,29.38,bike,383.0,clear,20,55,20.916666666666668,5,1,-0.8660254037844386,0.5,-0.9749279121818236,-0.2225209339563146,9.793333333333333,37
140,chinese,17.8,downtown,0.9,3,41.03,scooter,1117.0,clear,12,31,12.516666666666667,5,1,1.2246467991473532e-16,-1.0,-0.9749279121818236,-0.2225209339563146,13.676666666666668,25
157,burgers,16.3,suburbs_south,6.0,2,15.38,bike,341.0,clear,13,48,13.8,0,0,-0.2588190451025208,-0.9659258262890683,0.0,1.0,7.69,48
18,indian,20.8,suburbs_south,10.9,5,60.52,scooter,277.0,clear,13,27,13.45,2,0,-0.2588190451025208,-0.9659258262890683,0.9749279121818236,-0.22252093395631434,12.104000000000001,64
75,mexican,13.3,midtown,3.8,2,19.12,car,503.0,clear,19,7,19.116666666666667,5,1,-0.9659258262890684,0.2588190451025203,-0.9749279121818236,-0.2225209339563146,9.56,31
29,salads,9.9,midtown,3.3,2,14.55,scooter,97.0,clear,16,56,16.933333333333334,2,0,-0.8660254037844384,-0.5000000000000004,0.9749279121818236,-0.22252093395631434,7.275,21
27,thai,16.7,downtown,1.7,2,17.9,bike,121.0,clear,12,42,12.7,1,0,1.2246467991473532e-16,-1.0,0.7818314824680297,0.6234898018587336,8.95,29
36,burgers,11.8,downtown,2.1,4,63.35,scooter,127.0,cloudy,20,49,20.816666666666666,4,0,-0.8660254037844386,0.5,-0.433883739117558,-0.9009688679024191,15.8375,29
112,sushi,18.2,downtown,3.6,2,22.44,car,194.0,clear,22,17,22.283333333333335,2,0,-0.5000000000000004,0.8660254037844384,0.9749279121818236,-0.22252093395631434,11.22,36
82,salads,9.2,midtown,1.5,4,32.63,bike,2818.0,clear,19,11,19.183333333333334,5,1,-0.9659258262890684,0.2588190451025203,-0.9749279121818236,-0.2225209339563146,8.1575,15
64,mexican,11.6,suburbs_north,6.1,2,16.04,scooter,53.0,clear,12,13,12.216666666666667,0,0,1.2246467991473532e-16,-1.0,0.0,1.0,8.02,39
51,indian,17.0,downtown,2.3,2,17.66,car,421.0,rain,16,45,16.75,3,0,-0.8660254037844384,-0.5000000000000004,0.43388373911755823,-0.900968867902419,8.83,23
124,indian,17.6,downtown,3.3,6,81.86,bike,24.0,clear,13,13,13.216666666666667,6,1,-0.2588190451025208,-0.9659258262890683,-0.7818314824680299,0.6234898018587334,13.643333333333333,48
18,indian,20.8,suburbs_south,5.0,2,16.38,bike,74.0,rain,19,37,19.616666666666667,3,0,-0.9659258262890684,0.2588190451025203,0.43388373911755823,-0.900968867902419,8.19,61
46,indian,19.4,downtown,1.8,2,14.86,bike,62.0,clear,21,3,21.05,5,1,-0.7071067811865477,0.7071067811865474,-0.9749279121818236,-0.2225209339563146,7.43,33
96,thai,15.7,downtown,2.5,1,14.18,car,225.0,rain,20,32,20.533333333333335,6,1,-0.8660254037844386,0.5,-0.7818314824680299,0.6234898018587334,14.18,32
62,salads,6.7,downtown,1.8,1,14.17,scooter,644.0,clear,17,32,17.533333333333335,4,0,-0.9659258262890683,-0.25881904510252063,-0.433883739117558,-0.9009688679024191,14.17,21
35,mexican,11.9,midtown,3.6,8,58.94,scooter,15.0,cloudy,11,3,11.05,0,0,0.258819045102521,-0.9659258262890682,0.0,1.0,7.3675,35
28,indian,19.5,downtown,0.9,1,14.47,car,444.0,cloudy,11,25,11.416666666666666,1,0,0.258819045102521,-0.9659258262890682,0.7818314824680297,0.6234898018587336,14.47,31
158,indian,12.1,midtown,2.5,5,52.82,scooter,147.0,clear,17,6,17.1,5,1,-0.9659258262890683,-0.25881904510252063,-0.9749279121818236,-0.2225209339563146,10.564,26
64,mexican,11.6,suburbs_north,5.7,4,62.36,scooter,746.0,clear,12,45,12.75,1,0,1.2246467991473532e-16,-1.0,0.7818314824680297,0.6234898018587336,15.59,33
135,sushi,20.5,downtown,3.2,3,44.48,car,98.0,cloudy,13,57,13.95,6,1,-0.2588190451025208,-0.9659258262890683,-0.7818314824680299,0.6234898018587334,14.826666666666666,40
33,sushi,21.1,midtown,1.0,2,25.71,bike,11.0,clear,14,23,14.383333333333333,6,1,-0.4999999999999998,-0.8660254037844388,-0.7818314824680299,0.6234898018587334,12.855,28
142,indian,20.4,midtown,3.8,5,70.77,scooter,259.0,clear,19,44,19.733333333333334,3,0,-0.9659258262890684,0.2588190451025203,0.43388373911755823,-0.900968867902419,14.154,40
127,indian,15.6,downtown,1.0,2,21.03,car,19.0,rain,17,33,17.55,4,0,-0.9659258262890683,-0.25881904510252063,-0.433883739117558,-0.9009688679024191,10.515,24
95,pizza,11.9,suburbs_south,8.4,4,36.97,car,34.0,cloudy,19,47,19.783333333333335,1,0,-0.9659258262890684,0.2588190451025203,0.7818314824680297,0.6234898018587336,9.2425,44
134,mexican,10.8,midtown,3.5,2,16.54,bike,87.0,heavy_rain,12,28,12.466666666666667,6,1,1.2246467991473532e-16,-1.0,-0.7818314824680299,0.6234898018587334,8.27,46
102,indian,17.4,uptown,2.3,1,11.25,bike,115.0,cloudy,21,52,21.866666666666667,5,1,-0.7071067811865477,0.7071067811865474,-0.9749279121818236,-0.2225209339563146,11.25,32
20,mexican,9.2,midtown,2.7,1,8.0,scooter,44.0,cloudy,13,43,13.716666666666667,0,0,-0.2588190451025208,-0.9659258262890683,0.0,1.0,8.0,23
94,sushi,20.2,downtown,2.3,5,48.33,scooter,230.0,clear,22,18,22.3,5,1,-0.5000000000000004,0.8660254037844384,-0.9749279121818236,-0.2225209339563146,9.666,35
126,pizza,12.0,midtown,1.3,3,36.78,scooter,877.0,clear,18,46,18.766666666666666,2,0,-1.0,-1.8369701987210297e-16,0.9749279121818236,-0.22252093395631434,12.26,27
15,indian,18.1,midtown,2.3,8,108.89,scooter,472.0,cloudy,18,24,18.4,5,1,-1.0,-1.8369701987210297e-16,-0.9749279121818236,-0.2225209339563146,13.61125,136
24,pizza,15.8,uptown,2.6,5,65.67,bike,2445.0,clear,19,12,19.2,2,0,-0.9659258262890684,0.2588190451025203,0.9749279121818236,-0.22252093395631434,13.134,35
146,thai,14.2,uptown,2.7,1,9.12,scooter,30.0,rain,21,32,21.533333333333335,0,0,-0.7071067811865477,0.7071067811865474,0.0,1.0,9.12,22
84,chinese,11.5,suburbs_south,4.6,4,34.78,scooter,30.0,clear,13,46,13.766666666666667,5,1,-0.2588190451025208,-0.9659258262890683,-0.9749279121818236,-0.2225209339563146,8.695,36
17,thai,9.8,uptown,3.9,2,19.51,bike,60.0,clear,20,45,20.75,0,0,-0.8660254037844386,0.5,0.0,1.0,9.755,83
108,mexican,10.1,suburbs_south,7.1,2,25.44,car,64.0,cloudy,20,58,20.966666666666665,4,0,-0.8660254037844386,0.5,-0.433883739117558,-0.9009688679024191,12.72,34
114,chinese,12.4,suburbs_south,3.4,7,70.04,scooter,323.0,clear,18,10,18.166666666666668,3,0,-1.0,-1.8369701987210297e-16,0.43388373911755823,-0.900968867902419,10.005714285714287,28
150,mexican,14.6,downtown,3.6,3,26.02,scooter,19.0,rain,14,40,14.666666666666666,6,1,-0.4999999999999998,-0.8660254037844388,-0.7818314824680299,0.6234898018587334,8.673333333333334,31
145,pizza,12.3,suburbs_south,5.3,1,14.72,scooter,2187.0,clear,20,45,20.75,3,0,-0.8660254037844386,0.5,0.43388373911755823,-0.900968867902419,14.72,33
46,indian,19.4,downtown,2.2,3,36.38,bike,215.0,clear,22,28,22.466666666666665,5,1,-0.5000000000000004,0.8660254037844384,-0.9749279121818236,-0.2225209339563146,12.126666666666667,29
47,mexican,14.1,downtown,1.8,2,25.17,bike,32.0,rain,12,31,12.516666666666667,1,0,1.2246467991473532e-16,-1.0,0.7818314824680297,0.6234898018587336,12.585,33
104,thai,11.5,suburbs_south,6.5,1,8.0,car,22.0,cloudy,23,57,23.95,3,0,-0.2588190451025215,0.9659258262890681,0.43388373911755823,-0.900968867902419,8.0,35
96,thai,15.7,downtown,2.5,1,12.46,bike,287.0,clear,12,48,12.8,1,0,1.2246467991473532e-16,-1.0,0.7818314824680297,0.6234898018587336,12.46,30
113,mexican,13.2,midtown,4.4,4,47.46,bike,316.0,cloudy,22,30,22.5,1,0,-0.5000000000000004,0.8660254037844384,0.7818314824680297,0.6234898018587336,11.865,35
73,pizza,10.6,midtown,2.6,3,35.36,bike,57.0,clear,12,59,12.983333333333333,2,0,1.2246467991473532e-16,-1.0,0.9749279121818236,-0.22252093395631434,11.786666666666667,20
103,thai,16.4,midtown,4.1,4,55.71,bike,169.0,clear,22,26,22.433333333333334,3,0,-0.5000000000000004,0.8660254037844384,0.43388373911755823,-0.900968867902419,13.9275,33
108,mexican,10.1,suburbs_south,7.5,3,45.83,car,3442.0,cloudy,14,58,14.966666666666667,4,0,-0.4999999999999998,-0.8660254037844388,-0.433883739117558,-0.9009688679024191,15.276666666666666,34
126,pizza,12.0,midtown,1.6,2,20.44,car,20.0,clear,11,16,11.266666666666667,5,1,0.258819045102521,-0.9659258262890682,-0.9749279121818236,-0.2225209339563146,10.22,19
62,salads,6.7,downtown,1.5,2,27.27,car,43.0,clear,12,24,12.4,4,0,1.2246467991473532e-16,-1.0,-0.433883739117558,-0.9009688679024191,13.635,17
22,mexican,9.1,suburbs_south,2.1,6,89.22,bike,206.0,clear,19,36,19.6,5,1,-0.9659258262890684,0.2588190451025203,-0.9749279121818236,-0.2225209339563146,14.87,29
1,mexican,12.7,downtown,2.6,2,23.34,scooter,1112.0,rain,19,10,19.166666666666668,0,0,-0.9659258262890684,0.2588190451025203,0.0,1.0,11.67,29
135,sushi,20.5,downtown,1.3,1,14.6,scooter,61.0,cloudy,19,26,19.433333333333334,0,0,-0.9659258262890684,0.2588190451025203,0.0,1.0,14.6,33
101,thai,11.8,suburbs_north,5.5,1,8.0,bike,159.0,cloudy,18,31,18.516666666666666,3,0,-1.0,-1.8369701987210297e-16,0.43388373911755823,-0.900968867902419,8.0,36
43,chinese,12.4,uptown,5.1,5,76.01,bike,147.0,clear,19,0,19.0,0,0,-0.9659258262890684,0.2588190451025203,0.0,1.0,15.202000000000002,35
103,thai,16.4,midtown,2.1,3,27.57,car,41.0,cloudy,20,50,20.833333333333332,5,1,-0.8660254037844386,0.5,-0.9749279121818236,-0.2225209339563146,9.19,35
47,mexican,14.1,downtown,2.5,1,11.43,car,578.0,cloudy,23,33,23.55,3,0,-0.2588190451025215,0.9659258262890681,0.43388373911755823,-0.900968867902419,11.43,23
16,salads,7.8,uptown,4.2,2,23.29,scooter,138.0,clear,14,26,14.433333333333334,5,1,-0.4999999999999998,-0.8660254037844388,-0.9749279121818236,-0.2225209339563146,11.645,18
63,pizza,12.6,downtown,1.7,5,65.66,scooter,217.0,cloudy,18,26,18.433333333333334,0,0,-1.0,-1.8369701987210297e-16,0.0,1.0,13.132,26
41,thai,19.0,downtown,1.9,2,16.02,scooter,1011.0,clear,18,30,18.5,6,1,-1.0,-1.8369701987210297e-16,-0.7818314824680299,0.6234898018587334,8.01,35
52,mexican,5.5,uptown,4.4,2,23.84,scooter,225.0,rain,18,48,18.8,3,0,-1.0,-1.8369701987210297e-16,0.43388373911755823,-0.900968867902419,11.92,27
98,salads,11.1,midtown,1.3,4,63.28,bike,77.0,clear,11,27,11.45,0,0,0.258819045102521,-0.9659258262890682,0.0,1.0,15.82,23
34,mexican,12.2,midtown,3.7,2,22.21,scooter,230.0,cloudy,17,2,17.033333333333335,6,1,-0.9659258262890683,-0.25881904510252063,-0.7818314824680299,0.6234898018587334,11.105,30
72,burgers,12.2,suburbs_south,11.6,1,13.51,scooter,63.0,cloudy,20,50,20.833333333333332,0,0,-0.8660254037844386,0.5,0.0,1.0,13.51,54
34,mexican,12.2,midtown,2.9,1,12.52,scooter,332.0,clear,12,35,12.583333333333334,5,1,1.2246467991473532e-16,-1.0,-0.9749279121818236,-0.2225209339563146,12.52,26
110,thai,12.5,suburbs_north,6.3,1,10.12,car,1063.0,cloudy,12,3,12.05,0,0,1.2246467991473532e-16,-1.0,0.0,1.0,10.12,36
89,sushi,22.3,suburbs_north,8.4,2,26.61,scooter,185.0,clear,19,10,19.166666666666668,2,0,-0.9659258262890684,0.2588190451025203,0.9749279121818236,-0.22252093395631434,13.305,61
88,burgers,8.9,suburbs_south,5.3,6,57.71,bike,318.0,cloudy,23,10,23.166666666666668,0,0,-0.2588190451025215,0.9659258262890681,0.0,1.0,9.618333333333334,30
95,pizza,11.9,suburbs_south,2.7,2,21.2,scooter,64.0,clear,12,45,12.75,2,0,1.2246467991473532e-16,-1.0,0.9749279121818236,-0.22252093395631434,10.6,26
39,thai,21.0,downtown,2.0,1,15.55,bike,80.0,clear,19,11,19.183333333333334,0,0,-0.9659258262890684,0.2588190451025203,0.0,1.0,15.55,35
145,pizza,12.3,suburbs_south,4.9,1,9.46,bike,68.0,clear,14,10,14.166666666666666,3,0,-0.4999999999999998,-0.8660254037844388,0.43388373911755823,-0.900968867902419,9.46,35
152,indian,18.0,suburbs_north,9.0,1,12.03,car,95.0,clear,19,10,19.166666666666668,1,0,-0.9659258262890684,0.2588190451025203,0.7818314824680297,0.6234898018587336,12.03,42
9,thai,12.6,suburbs_south,3.1,1,10.73,scooter,19.0,clear,17,18,17.3,3,0,-0.9659258262890683,-0.25881904510252063,0.43388373911755823,-0.900968867902419,10.73,29
104,thai,11.5,suburbs_south,4.2,8,89.65,scooter,1151.0,clear,12,17,12.283333333333333,1,0,1.2246467991473532e-16,-1.0,0.7818314824680297,0.6234898018587336,11.20625,34
2,thai,10.5,downtown,2.1,1,14.04,bike,18.0,cloudy,18,19,18.316666666666666,2,0,-1.0,-1.8369701987210297e-16,0.9749279121818236,-0.22252093395631434,14.04,25
146,thai,14.2,uptown,4.8,2,22.5,scooter,17.0,clear,19,17,19.283333333333335,1,0,-0.9659258262890684,0.2588190451025203,0.7818314824680297,0.6234898018587336,11.25,35
120,pizza,12.2,downtown,1.5,2,26.56,bike,207.0,clear,11,26,11.433333333333334,5,1,0.258819045102521,-0.9659258262890682,-0.9749279121818236,-0.2225209339563146,13.28,24
122,indian,20.0,midtown,2.2,3,28.95,scooter,8867.0,clear,19,6,19.1,4,0,-0.9659258262890684,0.2588190451025203,-0.433883739117558,-0.9009688679024191,9.65,40
142,indian,20.4,midtown,4.0,2,14.84,bike,504.0,clear,19,31,19.516666666666666,4,0,-0.9659258262890684,0.2588190451025203,-0.433883739117558,-0.9009688679024191,7.42,41
117,pizza,16.2,suburbs_south,6.0,1,8.0,car,1339.0,cloudy,12,23,12.383333333333333,2,0,1.2246467991473532e-16,-1.0,0.9749279121818236,-0.22252093395631434,8.0,35
8,burgers,12.1,uptown,3.9,3,44.69,bike,286.0,cloudy,13,2,13.033333333333333,2,0,-0.2588190451025208,-0.9659258262890683,0.9749279121818236,-0.22252093395631434,14.896666666666667,37
28,indian,19.5,downtown,1.6,2,14.67,scooter,3.0,clear,19,54,19.9,5,1,-0.9659258262890684,0.2588190451025203,-0.9749279121818236,-0.2225209339563146,7.335,96
1,mexican,12.7,downtown,3.4,2,14.88,scooter,98.0,clear,15,9,15.15,4,0,-0.7071067811865471,-0.7071067811865479,-0.433883739117558,-0.9009688679024191,7.44,20
138,thai,16.2,uptown,3.9,6,46.73,bike,169.0,clear,11,45,11.75,2,0,0.258819045102521,-0.9659258262890682,0.9749279121818236,-0.22252093395631434,7.788333333333333,42
144,chinese,7.6,midtown,1.6,1,14.31,car,219.0,clear,19,18,19.3,4,0,-0.9659258262890684,0.2588190451025203,-0.433883739117558,-0.9009688679024191,14.31,16
159,pizza,15.0,uptown,2.7,1,13.97,scooter,291.0,rain,10,38,10.633333333333333,5,1,0.49999999999999994,-0.8660254037844387,-0.9749279121818236,-0.2225209339563146,13.97,28
48,mexican,8.8,midtown,3.9,6,74.9,bike,30.0,clear,13,40,13.666666666666666,5,1,-0.2588190451025208,-0.9659258262890683,-0.9749279121818236,-0.2225209339563146,12.483333333333334,34
6,sushi,16.8,midtown,2.4,2,17.28,scooter,147.0,clear,18,39,18.65,2,0,-1.0,-1.8369701987210297e-16,0.9749279121818236,-0.22252093395631434,8.64,30
77,pizza,11.4,uptown,4.3,3,42.53,bike,1322.0,clear,15,47,15.783333333333333,0,0,-0.7071067811865471,-0.7071067811865479,0.0,1.0,14.176666666666668,28
44,indian,21.0,midtown,2.3,4,45.14,car,44.0,clear,19,18,19.3,1,0,-0.9659258262890684,0.2588190451025203,0.7818314824680297,0.6234898018587336,11.285,29
135,sushi,20.5,downtown,2.6,2,24.98,bike,175.0,clear,13,12,13.2,4,0,-0.2588190451025208,-0.9659258262890683,-0.433883739117558,-0.9009688679024191,12.49,39
39,thai,21.0,downtown,2.4,8,112.19,scooter,51.0,heavy_rain,17,34,17.566666666666666,1,0,-0.9659258262890683,-0.25881904510252063,0.7818314824680297,0.6234898018587336,14.02375,38
28,indian,19.5,downtown,1.1,4,50.62,car,1218.0,rain,18,7,18.116666666666667,3,0,-1.0,-1.8369701987210297e-16,0.43388373911755823,-0.900968867902419,12.655,31
27,thai,16.7,downtown,1.1,3,35.96,car,649.0,clear,20,40,20.666666666666668,6,1,-0.8660254037844386,0.5,-0.7818314824680299,0.6234898018587334,11.986666666666666,28
96,thai,15.7,downtown,0.8,2,24.32,scooter,48.0,rain,16,22,16.366666666666667,1,0,-0.8660254037844384,-0.5000000000000004,0.7818314824680297,0.6234898018587336,12.16,22
103,thai,16.4,midtown,5.2,6,71.9,scooter,54.0,cloudy,11,32,11.533333333333333,0,0,0.258819045102521,-0.9659258262890682,0.0,1.0,11.983333333333334,43
6,sushi,16.8,midtown,3.0,3,45.92,scooter,55.0,rain,14,34,14.566666666666666,4,0,-0.4999999999999998,-0.8660254037844388,-0.433883739117558,-0.9009688679024191,15.306666666666667,26
19,chinese,10.6,downtown,2.6,3,33.14,scooter,242.0,clear,14,10,14.166666666666666,3,0,-0.4999999999999998,-0.8660254037844388,0.43388373911755823,-0.900968867902419,11.046666666666667,26
64,mexican,11.6,suburbs_north,5.6,3,29.36,scooter,287.0,cloudy,21,29,21.483333333333334,5,1,-0.7071067811865477,0.7071067811865474,-0.9749279121818236,-0.2225209339563146,9.786666666666667,31
52,mexican,5.5,uptown,3.0,1,11.24,scooter,416.0,clear,20,49,20.816666666666666,6,1,-0.8660254037844386,0.5,-0.7818314824680299,0.6234898018587334,11.24,19
25,mexican,14.5,midtown,3.1,2,26.44,car,545.0,heavy_rain,11,19,11.316666666666666,1,0,0.258819045102521,-0.9659258262890682,0.7818314824680297,0.6234898018587336,13.22,32
34,mexican,12.2,midtown,3.7,5,71.78,scooter,47.0,clear,21,51,21.85,0,0,-0.7071067811865477,0.7071067811865474,0.0,1.0,14.356,25
47,mexican,14.1,downtown,1.9,2,26.2,bike,58.0,clear,15,40,15.666666666666666,6,1,-0.7071067811865471,-0.7071067811865479,-0.7818314824680299,0.6234898018587334,13.1,29
116,sushi,16.4,downtown,1.3,2,21.47,scooter,32.0,heavy_rain,18,7,18.116666666666667,2,0,-1.0,-1.8369701987210297e-16,0.9749279121818236,-0.22252093395631434,10.735,27
132,mexican,13.3,downtown,1.9,2,25.13,bike,90.0,rain,17,44,17.733333333333334,3,0,-0.9659258262890683,-0.25881904510252063,0.43388373911755823,-0.900968867902419,12.565,27
46,indian,19.4,downtown,2.4,2,26.14,scooter,57.0,rain,19,52,19.866666666666667,1,0,-0.9659258262890684,0.2588190451025203,0.7818314824680297,0.6234898018587336,13.07,31
68,thai,11.9,uptown,4.7,3,29.12,bike,99.0,cloudy,19,37,19.616666666666667,6,1,-0.9659258262890684,0.2588190451025203,-0.7818314824680299,0.6234898018587334,9.706666666666667,41
53,thai,11.5,midtown,2.3,2,14.2,bike,52.0,clear,18,44,18.733333333333334,6,1,-1.0,-1.8369701987210297e-16,-0.7818314824680299,0.6234898018587334,7.1,26
142,indian,20.4,midtown,3.2,2,29.91,bike,389.0,clear,10,3,10.05,0,0,0.49999999999999994,-0.8660254037844387,0.0,1.0,14.955,37
96,thai,15.7,downtown,2.2,3,25.19,scooter,39.0,rain,23,29,23.483333333333334,5,1,-0.2588190451025215,0.9659258262890681,-0.9749279121818236,-0.2225209339563146,8.396666666666667,31
132,mexican,13.3,downtown,2.4,4,55.66,bike,205.0,clear,12,38,12.633333333333333,6,1,1.2246467991473532e-16,-1.0,-0.7818314824680299,0.6234898018587334,13.915,30
34,mexican,12.2,midtown,2.1,6,43.12,car,15.0,clear,14,59,14.983333333333333,4,0,-0.4999999999999998,-0.8660254037844388,-0.433883739117558,-0.9009688679024191,7.1866666666666665,32
121,indian,13.9,suburbs_north,6.8,3,38.13,scooter,200.0,clear,10,37,10.616666666666667,3,0,0.49999999999999994,-0.8660254037844387,0.43388373911755823,-0.900968867902419,12.71,35
65,thai,16.7,uptown,5.2,1,10.78,car,245.0,clear,13,27,13.45,0,0,-0.2588190451025208,-0.9659258262890683,0.0,1.0,10.78,28
57,sushi,15.1,midtown,1.8,2,26.6,car,183.0,cloudy,17,45,17.75,2,0,-0.9659258262890683,-0.25881904510252063,0.9749279121818236,-0.22252093395631434,13.3,22
85,pizza,11.8,uptown,4.3,2,22.0,scooter,19.0,clear,20,36,20.6,0,0,-0.8660254037844386,0.5,0.0,1.0,11.0,29
88,burgers,8.9,suburbs_south,7.3,4,31.22,car,597.0,cloudy,17,41,17.683333333333334,6,1,-0.9659258262890683,-0.25881904510252063,-0.7818314824680299,0.6234898018587334,7.805,30
120,pizza,12.2,downtown,0.8,2,23.58,scooter,702.0,clear,22,0,22.0,1,0,-0.5000000000000004,0.8660254037844384,0.7818314824680297,0.6234898018587336,11.79,13
37,pizza,17.5,midtown,1.1,1,10.75,bike,377.0,cloudy,15,26,15.433333333333334,3,0,-0.7071067811865471,-0.7071067811865479,0.43388373911755823,-0.900968867902419,10.75,20
122,indian,20.0,midtown,1.9,2,21.5,scooter,70.0,cloudy,16,26,16.433333333333334,3,0,-0.8660254037844384,-0.5000000000000004,0.43388373911755823,-0.900968867902419,10.75,26
75,mexican,13.3,midtown,2.5,5,44.39,scooter,7.0,clear,18,42,18.7,3,0,-1.0,-1.8369701987210297e-16,0.43388373911755823,-0.900968867902419,8.878,29
76,mexican,10.0,uptown,3.4,2,18.35,car,509.0,cloudy,12,18,12.3,4,0,1.2246467991473532e-16,-1.0,-0.433883739117558,-0.9009688679024191,9.175,25
84,chinese,11.5,suburbs_south,7.9,3,39.39,scooter,62.0,cloudy,12,57,12.95,6,1,1.2246467991473532e-16,-1.0,-0.7818314824680299,0.6234898018587334,13.13,50
78,mexican,9.1,downtown,1.0,4,28.54,car,147.0,clear,12,40,12.666666666666666,4,0,1.2246467991473532e-16,-1.0,-0.433883739117558,-0.9009688679024191,7.135,15
9,thai,12.6,suburbs_south,6.6,1,8.81,car,146.0,clear,13,13,13.216666666666667,1,0,-0.2588190451025208,-0.9659258262890683,0.7818314824680297,0.6234898018587336,8.81,35
38,pizza,16.9,midtown,4.9,2,26.47,bike,99.0,cloudy,18,27,18.45,2,0,-1.0,-1.8369701987210297e-16,0.9749279121818236,-0.22252093395631434,13.235,43
59,pizza,11.7,suburbs_south,10.6,3,26.87,car,883.0,clear,14,24,14.4,3,0,-0.4999999999999998,-0.8660254037844388,0.43388373911755823,-0.900968867902419,8.956666666666667,40
30,salads,5.0,suburbs_south,6.8,2,16.66,car,570.0,cloudy,17,12,17.2,3,0,-0.9659258262890683,-0.25881904510252063,0.43388373911755823,-0.900968867902419,8.33,19
126,pizza,12.0,midtown,2.8,1,10.39,scooter,606.0,cloudy,20,57,20.95,1,0,-0.8660254037844386,0.5,0.7818314824680297,0.6234898018587336,10.39,24
2,thai,10.5,downtown,1.5,3,30.98,bike,72.0,rain,10,25,10.416666666666666,4,0,0.49999999999999994,-0.8660254037844387,-0.433883739117558,-0.9009688679024191,10.326666666666666,28
38,pizza,16.9,midtown,1.2,3,23.02,car,147.0,clear,20,25,20.416666666666668,1,0,-0.8660254037844386,0.5,0.7818314824680297,0.6234898018587336,7.673333333333333,32
48,mexican,8.8,midtown,3.3,3,25.73,bike,74.0,clear,17,41,17.683333333333334,6,1,-0.9659258262890683,-0.25881904510252063,-0.7818314824680299,0.6234898018587334,8.576666666666666,24
7,thai,17.1,midtown,3.9,1,13.48,scooter,469.0,cloudy,19,48,19.8,0,0,-0.9659258262890684,0.2588190451025203,0.0,1.0,13.48,34
100,pizza,12.8,uptown,2.4,1,11.58,car,73.0,clear,14,15,14.25,5,1,-0.4999999999999998,-0.8660254037844388,-0.9749279121818236,-0.2225209339563146,11.58,19
100,pizza,12.8,uptown,1.5,2,26.52,bike,510.0,clear,19,8,19.133333333333333,1,0,-0.9659258262890684,0.2588190451025203,0.7818314824680297,0.6234898018587336,13.26,21
4,pizza,14.0,suburbs_south,6.1,4,50.54,car,221.0,clear,16,3,16.05,2,0,-0.8660254037844384,-0.5000000000000004,0.9749279121818236,-0.22252093395631434,12.635,33
109,burgers,10.0,downtown,2.2,4,39.17,scooter,239.0,clear,19,6,19.1,3,0,-0.9659258262890684,0.2588190451025203,0.43388373911755823,-0.900968867902419,9.7925,24
150,mexican,14.6,downtown,2.1,3,28.86,bike,513.0,clear,20,4,20.066666666666666,4,0,-0.8660254037844386,0.5,-0.433883739117558,-0.9009688679024191,9.62,32
144,chinese,7.6,midtown,3.8,3,22.85,bike,234.0,rain,19,38,19.633333333333333,5,1,-0.9659258262890684,0.2588190451025203,-0.9749279121818236,-0.2225209339563146,7.616666666666667,42
99,thai,13.4,midtown,4.5,3,46.46,scooter,122.0,rain,18,3,18.05,2,0,-1.0,-1.8369701987210297e-16,0.9749279121818236,-0.22252093395631434,15.486666666666666,34
59,pizza,11.7,suburbs_south,7.8,3,27.44,scooter,449.0,cloudy,18,54,18.9,6,1,-1.0,-1.8369701987210297e-16,-0.7818314824680299,0.6234898018587334,9.146666666666667,42
113,mexican,13.2,midtown,2.7,2,14.5,bike,387.0,cloudy,13,0,13.0,3,0,-0.2588190451025208,-0.9659258262890683,0.43388373911755823,-0.900968867902419,7.25,31
54,salads,9.4,downtown,1.0,2,14.68,scooter,133.0,clear,22,57,22.95,6,1,-0.5000000000000004,0.8660254037844384,-0.7818314824680299,0.6234898018587334,7.34,13
33,sushi,21.1,midtown,5.1,4,35.23,scooter,147.0,clear,11,6,11.1,3,0,0.258819045102521,-0.9659258262890682,0.43388373911755823,-0.900968867902419,8.8075,44
24,pizza,15.8,uptown,4.6,3,25.85,car,57.0,cloudy,21,3,21.05,3,0,-0.7071067811865477,0.7071067811865474,0.43388373911755823,-0.900968867902419,8.616666666666667,32
160,salads,5.0,uptown,3.0,3,46.57,scooter,147.0,cloudy,21,40,21.666666666666668,0,0,-0.7071067811865477,0.7071067811865474,0.0,1.0,15.523333333333333,19
45,indian,15.4,midtown,1.6,2,29.51,car,353.0,cloudy,13,16,13.266666666666667,6,1,-0.2588190451025208,-0.9659258262890683,-0.7818314824680299,0.6234898018587334,14.755,32
112,sushi,18.2,downtown,1.6,2,16.05,car,21.0,clear,16,1,16.016666666666666,3,0,-0.8660254037844384,-0.5000000000000004,0.43388373911755823,-0.900968867902419,8.025,30
33,sushi,21.1,midtown,1.8,2,16.25,bike,61.0,cloudy,14,16,14.266666666666667,1,0,-0.4999999999999998,-0.8660254037844388,0.7818314824680297,0.6234898018587336,8.125,33
78,mexican,9.1,downtown,3.3,3,22.05,scooter,587.0,clear,16,23,16.383333333333333,2,0,-0.8660254037844384,-0.5000000000000004,0.9749279121818236,-0.22252093395631434,7.3500000000000005,22
137,thai,13.3,suburbs_north,8.1,2,19.02,scooter,202.0,clear,20,57,20.95,6,1,-0.8660254037844386,0.5,-0.7818314824680299,0.6234898018587334,9.51,42
74,thai,18.7,downtown,2.4,4,63.88,scooter,112.0,rain,17,36,17.6,2,0,-0.9659258262890683,-0.25881904510252063,0.9749279121818236,-0.22252093395631434,15.97,28
58,indian,21.6,uptown,3.8,8,65.75,scooter,94.0,cloudy,20,10,20.166666666666668,0,0,-0.8660254037844386,0.5,0.0,1.0,8.21875,49
11,indian,20.4,uptown,1.4,3,23.42,scooter,69.0,clear,12,3,12.05,4,0,1.2246467991473532e-16,-1.0,-0.433883739117558,-0.9009688679024191,7.8066666666666675,35
48,mexican,8.8,midtown,2.9,4,42.65,bike,302.0,clear,11,48,11.8,0,0,0.258819045102521,-0.9659258262890682,0.0,1.0,10.6625,28
60,chinese,10.4,suburbs_north,6.3,1,8.74,car,190.0,clear,21,47,21.783333333333335,3,0,-0.7071067811865477,0.7071067811865474,0.43388373911755823,-0.900968867902419,8.74,34
22,mexican,9.1,suburbs_south,9.8,1,8.0,scooter,68.0,clear,12,11,12.183333333333334,6,1,1.2246467991473532e-16,-1.0,-0.7818314824680299,0.6234898018587334,8.0,44
21,pizza,17.0,midtown,2.3,4,55.53,car,220.0,heavy_rain,12,39,12.65,6,1,1.2246467991473532e-16,-1.0,-0.7818314824680299,0.6234898018587334,13.8825,36
63,pizza,12.6,downtown,2.1,1,13.53,bike,147.0,cloudy,18,12,18.2,3,0,-1.0,-1.8369701987210297e-16,0.43388373911755823,-0.900968867902419,13.53,30
16,salads,7.8,uptown,5.6,6,64.17,scooter,172.0,clear,18,45,18.75,5,1,-1.0,-1.8369701987210297e-16,-0.9749279121818236,-0.2225209339563146,10.695,31
129,pizza,10.9,suburbs_north,2.5,4,52.9,bike,58.0,clear,20,59,20.983333333333334,0,0,-0.8660254037844386,0.5,0.0,1.0,13.225,29
102,indian,17.4,uptown,4.6,6,45.79,car,214.0,clear,17,26,17.433333333333334,3,0,-0.9659258262890683,-0.25881904510252063,0.43388373911755823,-0.900968867902419,7.631666666666667,38
67,chinese,17.8,uptown,4.4,3,38.77,scooter,81.0,rain,19,12,19.2,1,0,-0.9659258262890684,0.2588190451025203,0.7818314824680297,0.6234898018587336,12.923333333333334,46
15,indian,18.1,midtown,3.0,3,24.66,scooter,50.0,rain,16,37,16.616666666666667,0,0,-0.8660254037844384,-0.5000000000000004,0.0,1.0,8.22,32
37,pizza,17.5,midtown,3.3,3,30.12,bike,1032.0,rain,18,36,18.6,1,0,-1.0,-1.8369701987210297e-16,0.7818314824680297,0.6234898018587336,10.040000000000001,39
70,thai,14.2,suburbs_north,3.7,4,28.54,bike,154.0,cloudy,11,13,11.216666666666667,3,0,0.258819045102521,-0.9659258262890682,0.43388373911755823,-0.900968867902419,7.135,36
135,sushi,20.5,downtown,0.9,2,15.5,bike,26.0,clear,18,46,18.766666666666666,3,0,-1.0,-1.8369701987210297e-16,0.43388373911755823,-0.900968867902419,7.75,35
13,indian,15.1,downtown,1.9,1,15.87,scooter,109.0,cloudy,16,23,16.383333333333333,3,0,-0.8660254037844384,-0.5000000000000004,0.43388373911755823,-0.900968867902419,15.87,24
42,pizza,16.7,downtown,1.2,5,51.94,scooter,147.0,cloudy,23,4,23.066666666666666,0,0,-0.2588190451025215,0.9659258262890681,0.0,1.0,10.388,26
52,mexican,5.5,uptown,2.0,1,12.72,bike,136.0,clear,22,5,22.083333333333332,3,0,-0.5000000000000004,0.8660254037844384,0.43388373911755823,-0.900968867902419,12.72,15
67,chinese,17.8,uptown,2.8,2,25.43,scooter,50.0,cloudy,18,18,18.3,6,1,-1.0,-1.8369701987210297e-16,-0.7818314824680299,0.6234898018587334,12.715,38
9,thai,12.6,suburbs_south,3.4,2,28.16,bike,55.0,clear,18,29,18.483333333333334,5,1,-1.0,-1.8369701987210297e-16,-0.9749279121818236,-0.2225209339563146,14.08,34
149,thai,15.5,downtown,2.3,1,11.48,scooter,388.0,clear,18,6,18.1,1,0,-1.0,-1.8369701987210297e-16,0.7818314824680297,0.6234898018587336,11.48,28
83,salads,8.7,midtown,3.8,2,14.79,bike,102.0,cloudy,12,35,12.583333333333334,5,1,1.2246467991473532e-16,-1.0,-0.9749279121818236,-0.2225209339563146,7.395,35
65,thai,16.7,uptown,4.7,2,19.95,scooter,172.0,clear,19,58,19.966666666666665,5,1,-0.9659258262890684,0.2588190451025203,-0.9749279121818236,-0.2225209339563146,9.975,40
34,mexican,12.2,midtown,1.7,3,37.85,scooter,251.0,clear,22,0,22.0,0,0,-0.5000000000000004,0.8660254037844384,0.0,1.0,12.616666666666667,23
65,thai,16.7,uptown,1.8,4,35.57,scooter,203.0,cloudy,19,31,19.516666666666666,0,0,-0.9659258262890684,0.2588190451025203,0.0,1.0,8.8925,28
155,indian,14.5,suburbs_south,9.0,2,18.2,scooter,67.0,clear,12,12,12.2,5,1,1.2246467991473532e-16,-1.0,-0.9749279121818236,-0.2225209339563146,9.1,50
106,pizza,12.3,downtown,2.9,2,18.76,scooter,109.0,clear,11,5,11.083333333333334,0,0,0.258819045102521,-0.9659258262890682,0.0,1.0,9.38,31
73,pizza,10.6,midtown,3.8,2,16.46,scooter,28.0,clear,17,15,17.25,0,0,-0.9659258262890683,-0.25881904510252063,0.0,1.0,8.23,23
151,chinese,11.8,downtown,3.1,3,28.44,scooter,212.0,rain,19,34,19.566666666666666,5,1,-0.9659258262890684,0.2588190451025203,-0.9749279121818236,-0.2225209339563146,9.48,26
75,mexican,13.3,midtown,4.7,3,41.63,bike,52.0,heavy_rain,18,45,18.75,0,0,-1.0,-1.8369701987210297e-16,0.0,1.0,13.876666666666667,55
75,mexican,13.3,midtown,2.8,1,12.42,scooter,7.0,clear,12,31,12.516666666666667,4,0,1.2246467991473532e-16,-1.0,-0.433883739117558,-0.9009688679024191,12.42,29
97,chinese,16.1,uptown,1.5,2,20.33,scooter,38.0,cloudy,18,28,18.466666666666665,3,0,-1.0,-1.8369701987210297e-16,0.43388373911755823,-0.900968867902419,10.165,33
8,burgers,12.1,uptown,4.8,4,44.15,bike,133.0,rain,18,41,18.683333333333334,6,1,-1.0,-1.8369701987210297e-16,-0.7818314824680299,0.6234898018587334,11.0375,40
68,thai,11.9,uptown,2.7,6,86.17,scooter,22.0,rain,15,45,15.75,6,1,-0.7071067811865471,-0.7071067811865479,-0.7818314824680299,0.6234898018587334,14.361666666666666,31
118,thai,15.5,downtown,2.3,3,47.59,bike,188.0,heavy_rain,18,42,18.7,1,0,-1.0,-1.8369701987210297e-16,0.7818314824680297,0.6234898018587336,15.863333333333335,43
92,thai,7.0,uptown,1.8,6,64.14,bike,24.0,clear,11,27,11.45,1,0,0.258819045102521,-0.9659258262890682,0.7818314824680297,0.6234898018587336,10.69,19
91,salads,10.1,suburbs_south,9.5,1,15.09,car,35.0,clear,22,2,22.033333333333335,1,0,-0.5000000000000004,0.8660254037844384,0.7818314824680297,0.6234898018587336,15.09,37
12,thai,12.8,midtown,4.9,2,14.02,bike,617.0,rain,13,41,13.683333333333334,3,0,-0.2588190451025208,-0.9659258262890683,0.43388373911755823,-0.900968867902419,7.01,50
90,sushi,20.7,midtown,1.9,3,33.29,bike,440.0,clear,22,17,22.283333333333335,0,0,-0.5000000000000004,0.8660254037844384,0.0,1.0,11.096666666666666,35
59,pizza,11.7,suburbs_south,5.8,4,51.36,scooter,13.0,clear,10,18,10.3,2,0,0.49999999999999994,-0.8660254037844387,0.9749279121818236,-0.22252093395631434,12.84,35
152,indian,18.0,suburbs_north,7.4,4,59.79,car,381.0,rain,18,22,18.366666666666667,3,0,-1.0,-1.8369701987210297e-16,0.43388373911755823,-0.900968867902419,14.9475,53
147,chinese,17.7,midtown,1.8,3,39.59,scooter,147.0,clear,15,20,15.333333333333334,0,0,-0.7071067811865471,-0.7071067811865479,0.0,1.0,13.196666666666667,29
19,chinese,10.6,downtown,0.9,5,57.25,scooter,393.0,clear,19,58,19.966666666666665,2,0,-0.9659258262890684,0.2588190451025203,0.9749279121818236,-0.22252093395631434,11.45,24
110,thai,12.5,suburbs_north,4.5,1,11.27,bike,35.0,rain,17,30,17.5,5,1,-0.9659258262890683,-0.25881904510252063,-0.9749279121818236,-0.2225209339563146,11.27,44
58,indian,21.6,uptown,2.6,2,31.48,bike,99.0,cloudy,20,12,20.2,2,0,-0.8660254037844386,0.5,0.9749279121818236,-0.22252093395631434,15.74,41
64,mexican,11.6,suburbs_north,4.0,4,45.55,scooter,29.0,clear,18,7,18.116666666666667,4,0,-1.0,-1.8369701987210297e-16,-0.433883739117558,-0.9009688679024191,11.3875,31
153,salads,5.0,suburbs_south,8.4,6,76.0,car,38.0,cloudy,20,52,20.866666666666667,5,1,-0.8660254037844386,0.5,-0.9749279121818236,-0.2225209339563146,12.666666666666666,33
75,mexican,13.3,midtown,4.2,4,37.25,bike,55.0,cloudy,17,4,17.066666666666666,4,0,-0.9659258262890683,-0.25881904510252063,-0.433883739117558,-0.9009688679024191,9.3125,33
40,pizza,18.4,midtown,2.8,3,44.91,scooter,120.0,clear,12,2,12.033333333333333,4,0,1.2246467991473532e-16,-1.0,-0.433883739117558,-0.9009688679024191,14.969999999999999,35
112,sushi,18.2,downtown,2.7,2,30.23,bike,170.0,rain,22,3,22.05,2,0,-0.5000000000000004,0.8660254037844384,0.9749279121818236,-0.22252093395631434,15.115,34
6,sushi,16.8,midtown,5.2,1,15.41,car,299.0,clear,19,31,19.516666666666666,0,0,-0.9659258262890684,0.2588190451025203,0.0,1.0,15.41,39
3,pizza,20.9,suburbs_north,7.8,3,40.83,car,339.0,clear,17,5,17.083333333333332,0,0,-0.9659258262890683,-0.25881904510252063,0.0,1.0,13.61,41
159,pizza,15.0,uptown,3.5,1,12.68,bike,48.0,heavy_rain,18,44,18.733333333333334,3,0,-1.0,-1.8369701987210297e-16,0.43388373911755823,-0.900968867902419,12.68,98
19,chinese,10.6,downtown,1.7,3,28.81,bike,202.0,rain,18,3,18.05,1,0,-1.0,-1.8369701987210297e-16,0.7818314824680297,0.6234898018587336,9.603333333333333,33
6,sushi,16.8,midtown,4.3,2,21.71,car,119.0,clear,20,22,20.366666666666667,1,0,-0.8660254037844386,0.5,0.7818314824680297,0.6234898018587336,10.855,27
30,salads,5.0,suburbs_south,4.9,2,21.27,bike,188.0,clear,22,32,22.533333333333335,2,0,-0.5000000000000004,0.8660254037844384,0.9749279121818236,-0.22252093395631434,10.635,32
138,thai,16.2,uptown,1.6,3,46.72,scooter,111.0,cloudy,23,5,23.083333333333332,5,1,-0.2588190451025215,0.9659258262890681,-0.9749279121818236,-0.2225209339563146,15.573333333333332,25
35,mexican,11.9,midtown,4.6,6,47.72,scooter,42.0,rain,15,56,15.933333333333334,6,1,-0.7071067811865471,-0.7071067811865479,-0.7818314824680299,0.6234898018587334,7.953333333333333,35
68,thai,11.9,uptown,2.0,1,10.49,scooter,42.0,clear,12,36,12.6,4,0,1.2246467991473532e-16,-1.0,-0.433883739117558,-0.9009688679024191,10.49,24
105,pizza,12.9,midtown,5.0,1,8.95,car,43.0,heavy_rain,22,57,22.95,0,0,-0.5000000000000004,0.8660254037844384,0.0,1.0,8.95,31
104,thai,11.5,suburbs_south,5.4,2,21.12,scooter,25.0,clear,17,7,17.116666666666667,4,0,-0.9659258262890683,-0.25881904510252063,-0.433883739117558,-0.9009688679024191,10.56,31
102,indian,17.4,uptown,3.4,1,11.02,scooter,147.0,clear,17,52,17.866666666666667,6,1,-0.9659258262890683,-0.25881904510252063,-0.7818314824680299,0.6234898018587334,11.02,29
41,thai,19.0,downtown,3.2,4,59.02,bike,115.0,cloudy,18,7,18.116666666666667,4,0,-1.0,-1.8369701987210297e-16,-0.433883739117558,-0.9009688679024191,14.755,35
155,indian,14.5,suburbs_south,10.5,1,8.7,scooter,146.0,clear,16,24,16.4,6,1,-0.8660254037844384,-0.5000000000000004,-0.7818314824680299,0.6234898018587334,8.7,49
143,chinese,12.4,uptown,2.9,1,11.39,car,475.0,clear,19,10,19.166666666666668,4,0,-0.9659258262890684,0.2588190451025203,-0.433883739117558,-0.9009688679024191,11.39,66
15,indian,18.1,midtown,3.3,3,37.38,bike,259.0,cloudy,19,2,19.033333333333335,5,1,-0.9659258262890684,0.2588190451025203,-0.9749279121818236,-0.2225209339563146,12.46,46
112,sushi,18.2,downtown,0.8,4,50.7,car,614.0,cloudy,21,4,21.066666666666666,0,0,-0.7071067811865477,0.7071067811865474,0.0,1.0,12.675,28
18,indian,20.8,suburbs_south,9.4,6,88.14,car,22.0,clear,18,8,18.133333333333333,4,0,-1.0,-1.8369701987210297e-16,-0.433883739117558,-0.9009688679024191,14.69,62
51,indian,17.0,downtown,2.8,7,86.02,bike,147.0,cloudy,20,24,20.4,5,1,-0.8660254037844386,0.5,-0.9749279121818236,-0.2225209339563146,12.288571428571428,42
107,sushi,18.0,suburbs_south,11.7,3,23.27,car,17.0,rain,18,17,18.283333333333335,3,0,-1.0,-1.8369701987210297e-16,0.43388373911755823,-0.900968867902419,7.756666666666667,65
142,indian,20.4,midtown,3.4,4,59.85,bike,2079.0,clear,19,17,19.283333333333335,2,0,-0.9659258262890684,0.2588190451025203,0.9749279121818236,-0.22252093395631434,14.9625,40
136,salads,9.3,downtown,2.4,3,40.31,car,138.0,clear,18,6,18.1,4,0,-1.0,-1.8369701987210297e-16,-0.433883739117558,-0.9009688679024191,13.436666666666667,22
69,salads,8.8,midtown,3.7,2,21.17,bike,451.0,clear,12,18,12.3,2,0,1.2246467991473532e-16,-1.0,0.9749279121818236,-0.22252093395631434,10.585,28
118,thai,15.5,downtown,1.0,2,25.26,bike,45.0,cloudy,21,15,21.25,3,0,-0.7071067811865477,0.7071067811865474,0.43388373911755823,-0.900968867902419,12.63,19
38,pizza,16.9,midtown,1.8,4,45.1,scooter,153.0,clear,13,39,13.65,4,0,-0.2588190451025208,-0.9659258262890683,-0.433883739117558,-0.9009688679024191,11.275,31
157,burgers,16.3,suburbs_south,9.4,2,17.16,scooter,249.0,heavy_rain,14,15,14.25,5,1,-0.4999999999999998,-0.8660254037844388,-0.9749279121818236,-0.2225209339563146,8.58,67
131,indian,22.1,downtown,2.5,1,8.84,car,13.0,clear,21,25,21.416666666666668,4,0,-0.7071067811865477,0.7071067811865474,-0.433883739117558,-0.9009688679024191,8.84,36
30,salads,5.0,suburbs_south,6.9,1,9.76,car,36.0,heavy_rain,18,56,18.933333333333334,2,0,-1.0,-1.8369701987210297e-16,0.9749279121818236,-0.22252093395631434,9.76,29
6,sushi,16.8,midtown,2.3,1,11.59,car,687.0,clear,20,6,20.1,4,0,-0.8660254037844386,0.5,-0.433883739117558,-0.9009688679024191,11.59,27
115,thai,13.4,downtown,0.8,5,36.43,scooter,175.0,cloudy,13,25,13.416666666666666,4,0,-0.2588190451025208,-0.9659258262890683,-0.433883739117558,-0.9009688679024191,7.286,29
126,pizza,12.0,midtown,4.5,4,32.13,car,1007.0,rain,20,36,20.6,4,0,-0.8660254037844386,0.5,-0.433883739117558,-0.9009688679024191,8.0325,35
127,indian,15.6,downtown,2.7,4,48.35,car,122.0,clear,18,9,18.15,3,0,-1.0,-1.8369701987210297e-16,0.43388373911755823,-0.900968867902419,12.0875,32
120,pizza,12.2,downtown,3.4,2,31.14,scooter,11.0,rain,11,42,11.7,1,0,0.258819045102521,-0.9659258262890682,0.7818314824680297,0.6234898018587336,15.57,32
57,sushi,15.1,midtown,2.3,4,33.04,bike,56.0,clear,16,27,16.45,3,0,-0.8660254037844384,-0.5000000000000004,0.43388373911755823,-0.900968867902419,8.26,26
79,salads,10.0,midtown,2.3,2,18.19,bike,8.0,clear,22,12,22.2,6,1,-0.5000000000000004,0.8660254037844384,-0.7818314824680299,0.6234898018587334,9.095,17
31,sushi,14.7,midtown,3.4,2,20.96,car,313.0,clear,19,37,19.616666666666667,1,0,-0.9659258262890684,0.2588190451025203,0.7818314824680297,0.6234898018587336,10.48,28
120,pizza,12.2,downtown,2.8,3,22.36,scooter,991.0,cloudy,19,41,19.683333333333334,3,0,-0.9659258262890684,0.2588190451025203,0.43388373911755823,-0.900968867902419,7.453333333333333,24
3,pizza,20.9,suburbs_north,4.8,4,33.77,bike,147.0,clear,15,44,15.733333333333333,5,1,-0.7071067811865471,-0.7071067811865479,-0.9749279121818236,-0.2225209339563146,8.4425,51
72,burgers,12.2,suburbs_south,3.0,5,74.06,scooter,48.0,cloudy,13,41,13.683333333333334,6,1,-0.2588190451025208,-0.9659258262890683,-0.7818314824680299,0.6234898018587334,14.812000000000001,33
85,pizza,11.8,uptown,4.7,3,23.11,bike,118.0,clear,11,37,11.616666666666667,3,0,0.258819045102521,-0.9659258262890682,0.43388373911755823,-0.900968867902419,7.703333333333333,38
41,thai,19.0,downtown,3.3,2,25.16,bike,201.0,cloudy,15,50,15.833333333333334,6,1,-0.7071067811865471,-0.7071067811865479,-0.7818314824680299,0.6234898018587334,12.58,43
23,burgers,11.6,downtown,2.1,1,13.43,car,352.0,rain,20,28,20.466666666666665,5,1,-0.8660254037844386,0.5,-0.9749279121818236,-0.2225209339563146,13.43,33
65,thai,16.7,uptown,4.3,3,36.64,bike,110.0,clear,12,22,12.366666666666667,0,0,1.2246467991473532e-16,-1.0,0.0,1.0,12.213333333333333,40
148,indian,16.9,suburbs_north,6.2,1,9.86,car,2024.0,heavy_rain,19,52,19.866666666666667,0,0,-0.9659258262890684,0.2588190451025203,0.0,1.0,9.86,41
125,sushi,18.8,uptown,3.4,3,27.09,bike,618.0,clear,12,31,12.516666666666667,0,0,1.2246467991473532e-16,-1.0,0.0,1.0,9.03,42
57,sushi,15.1,midtown,3.3,4,43.93,bike,102.0,clear,19,12,19.2,4,0,-0.9659258262890684,0.2588190451025203,-0.433883739117558,-0.9009688679024191,10.9825,39
54,salads,9.4,downtown,1.3,2,23.51,car,77.0,cloudy,17,24,17.4,2,0,-0.9659258262890683,-0.25881904510252063,0.9749279121818236,-0.22252093395631434,11.755,23
104,thai,11.5,suburbs_south,8.1,2,30.71,car,21.0,cloudy,20,36,20.6,3,0,-0.8660254037844386,0.5,0.43388373911755823,-0.900968867902419,15.355,35
122,indian,20.0,midtown,4.4,4,44.38,scooter,196.0,clear,16,11,16.183333333333334,5,1,-0.8660254037844384,-0.5000000000000004,-0.9749279121818236,-0.2225209339563146,11.095,41
90,sushi,20.7,midtown,2.5,1,12.7,car,147.0,clear,13,53,13.883333333333333,2,0,-0.2588190451025208,-0.9659258262890683,0.9749279121818236,-0.22252093395631434,12.7,33
143,chinese,12.4,uptown,5.3,4,42.16,scooter,39.0,clear,15,30,15.5,2,0,-0.7071067811865471,-0.7071067811865479,0.9749279121818236,-0.22252093395631434,10.54,37
55,salads,5.0,midtown,4.5,2,17.22,scooter,13.0,clear,20,39,20.65,0,0,-0.8660254037844386,0.5,0.0,1.0,8.61,19
33,sushi,21.1,midtown,1.4,1,15.68,bike,429.0,cloudy,19,47,19.783333333333335,6,1,-0.9659258262890684,0.2588190451025203,-0.7818314824680299,0.6234898018587334,15.68,26
28,indian,19.5,downtown,0.9,1,8.0,car,158.0,clear,12,42,12.7,5,1,1.2246467991473532e-16,-1.0,-0.9749279121818236,-0.2225209339563146,8.0,34
134,mexican,10.8,midtown,2.8,8,69.23,bike,389.0,cloudy,17,16,17.266666666666666,3,0,-0.9659258262890683,-0.25881904510252063,0.43388373911755823,-0.900968867902419,8.65375,29
125,sushi,18.8,uptown,1.9,1,15.28,scooter,209.0,clear,12,54,12.9,1,0,1.2246467991473532e-16,-1.0,0.7818314824680297,0.6234898018587336,15.28,28
153,salads,5.0,suburbs_south,5.2,6,46.06,bike,338.0,clear,18,52,18.866666666666667,6,1,-1.0,-1.8369701987210297e-16,-0.7818314824680299,0.6234898018587334,7.676666666666667,26
5,mexican,12.4,uptown,3.4,1,13.64,scooter,43.0,cloudy,19,35,19.583333333333332,5,1,-0.9659258262890684,0.2588190451025203,-0.9749279121818236,-0.2225209339563146,13.64,27
7,thai,17.1,midtown,4.5,1,8.16,bike,625.0,clear,21,17,21.283333333333335,6,1,-0.7071067811865477,0.7071067811865474,-0.7818314824680299,0.6234898018587334,8.16,44
131,indian,22.1,downtown,2.1,2,16.95,bike,290.0,clear,13,34,13.566666666666666,2,0,-0.2588190451025208,-0.9659258262890683,0.9749279121818236,-0.22252093395631434,8.475,38
126,pizza,12.0,midtown,1.6,8,68.1,bike,147.0,cloudy,19,28,19.466666666666665,3,0,-0.9659258262890684,0.2588190451025203,0.43388373911755823,-0.900968867902419,8.5125,34
146,thai,14.2,uptown,2.1,2,27.12,scooter,5.0,rain,11,55,11.916666666666666,3,0,0.258819045102521,-0.9659258262890682,0.43388373911755823,-0.900968867902419,13.56,29
132,mexican,13.3,downtown,1.6,1,11.62,bike,168.0,clear,20,35,20.583333333333332,0,0,-0.8660254037844386,0.5,0.0,1.0,11.62,25
69,salads,8.8,midtown,1.6,3,29.02,scooter,199.0,clear,18,32,18.533333333333335,6,1,-1.0,-1.8369701987210297e-16,-0.7818314824680299,0.6234898018587334,9.673333333333334,26
119,indian,16.8,suburbs_south,3.6,3,32.87,bike,41.0,rain,18,56,18.933333333333334,3,0,-1.0,-1.8369701987210297e-16,0.43388373911755823,-0.900968867902419,10.956666666666665,46
122,indian,20.0,midtown,3.5,4,35.84,scooter,103.0,rain,13,48,13.8,0,0,-0.2588190451025208,-0.9659258262890683,0.0,1.0,8.96,45
122,indian,20.0,midtown,4.0,4,36.32,scooter,34.0,clear,19,30,19.5,1,0,-0.9659258262890684,0.2588190451025203,0.7818314824680297,0.6234898018587336,9.08,43
36,burgers,11.8,downtown,2.3,2,31.7,scooter,166.0,heavy_rain,13,22,13.366666666666667,0,0,-0.2588190451025208,-0.9659258262890683,0.0,1.0,15.85,24
114,chinese,12.4,suburbs_south,7.3,1,9.63,scooter,111.0,clear,11,38,11.633333333333333,2,0,0.258819045102521,-0.9659258262890682,0.9749279121818236,-0.22252093395631434,9.63,35
111,pizza,8.5,downtown,1.5,1,8.5,bike,68.0,clear,19,19,19.316666666666666,6,1,-0.9659258262890684,0.2588190451025203,-0.7818314824680299,0.6234898018587334,8.5,23
46,indian,19.4,downtown,2.5,3,40.37,scooter,153.0,rain,19,5,19.083333333333332,6,1,-0.9659258262890684,0.2588190451025203,-0.7818314824680299,0.6234898018587334,13.456666666666665,35
141,thai,14.1,suburbs_north,5.7,2,29.28,scooter,82.0,clear,18,15,18.25,1,0,-1.0,-1.8369701987210297e-16,0.7818314824680297,0.6234898018587336,14.64,36
95,pizza,11.9,suburbs_south,8.2,2,27.74,scooter,94.0,clear,12,5,12.083333333333334,5,1,1.2246467991473532e-16,-1.0,-0.9749279121818236,-0.2225209339563146,13.87,41
1,mexican,12.7,downtown,3.0,1,10.37,scooter,446.0,clear,11,0,11.0,0,0,0.258819045102521,-0.9659258262890682,0.0,1.0,10.37,27
36,burgers,11.8,downtown,2.9,1,14.73,bike,129.0,clear,12,7,12.116666666666667,0,0,1.2246467991473532e-16,-1.0,0.0,1.0,14.73,29
63,pizza,12.6,downtown,1.6,2,22.89,bike,117.0,clear,12,12,12.2,3,0,1.2246467991473532e-16,-1.0,0.43388373911755823,-0.900968867902419,11.445,21
53,thai,11.5,midtown,3.6,3,45.66,bike,792.0,clear,18,58,18.966666666666665,5,1,-1.0,-1.8369701987210297e-16,-0.9749279121818236,-0.2225209339563146,15.219999999999999,34
2,thai,10.5,downtown,1.5,4,34.79,car,145.0,cloudy,15,44,15.733333333333333,4,0,-0.7071067811865471,-0.7071067811865479,-0.433883739117558,-0.9009688679024191,8.6975,17
16,salads,7.8,uptown,5.6,2,26.11,car,71.0,clear,14,24,14.4,1,0,-0.4999999999999998,-0.8660254037844388,0.7818314824680297,0.6234898018587336,13.055,26
70,thai,14.2,suburbs_north,6.2,3,43.39,car,84.0,clear,13,16,13.266666666666667,0,0,-0.2588190451025208,-0.9659258262890683,0.0,1.0,14.463333333333333,36
135,sushi,20.5,downtown,1.2,1,13.46,bike,9.0,clear,21,15,21.25,3,0,-0.7071067811865477,0.7071067811865474,0.43388373911755823,-0.900968867902419,13.46,34
65,thai,16.7,uptown,3.1,4,56.69,car,41.0,clear,18,16,18.266666666666666,1,0,-1.0,-1.8369701987210297e-16,0.7818314824680297,0.6234898018587336,14.1725,35
103,thai,16.4,midtown,2.5,1,15.01,scooter,123.0,clear,20,39,20.65,1,0,-0.8660254037844386,0.5,0.7818314824680297,0.6234898018587336,15.01,31
107,sushi,18.0,suburbs_south,7.5,3,31.97,car,193.0,clear,17,6,17.1,0,0,-0.9659258262890683,-0.25881904510252063,0.0,1.0,10.656666666666666,39
35,mexican,11.9,midtown,3.5,3,34.89,bike,105.0,clear,19,48,19.8,2,0,-0.9659258262890684,0.2588190451025203,0.9749279121818236,-0.22252093395631434,11.63,31
77,pizza,11.4,uptown,5.1,6,69.07,scooter,52.0,clear,13,15,13.25,5,1,-0.2588190451025208,-0.9659258262890683,-0.9749279121818236,-0.2225209339563146,11.511666666666665,31
59,pizza,11.7,suburbs_south,3.5,2,30.67,bike,51.0,cloudy,20,51,20.85,4,0,-0.8660254037844386,0.5,-0.433883739117558,-0.9009688679024191,15.335,33
147,chinese,17.7,midtown,4.3,3,36.65,scooter,23.0,clear,17,51,17.85,1,0,-0.9659258262890683,-0.25881904510252063,0.7818314824680297,0.6234898018587336,12.216666666666667,33
53,thai,11.5,midtown,1.8,2,21.12,bike,253.0,clear,18,2,18.033333333333335,6,1,-1.0,-1.8369701987210297e-16,-0.7818314824680299,0.6234898018587334,10.56,27
159,pizza,15.0,uptown,3.7,2,16.25,car,142.0,clear,12,46,12.766666666666667,2,0,1.2246467991473532e-16,-1.0,0.9749279121818236,-0.22252093395631434,8.125,27
27,thai,16.7,downtown,1.4,2,16.09,bike,82.0,clear,18,21,18.35,1,0,-1.0,-1.8369701987210297e-16,0.7818314824680297,0.6234898018587336,8.045,35
85,pizza,11.8,uptown,5.5,1,8.0,scooter,364.0,rain,12,51,12.85,3,0,1.2246467991473532e-16,-1.0,0.43388373911755823,-0.900968867902419,8.0,33
46,indian,19.4,downtown,2.5,2,17.16,bike,31.0,cloudy,13,34,13.566666666666666,0,0,-0.2588190451025208,-0.9659258262890683,0.0,1.0,8.58,36
62,salads,6.7,downtown,2.5,2,21.3,bike,162.0,cloudy,10,53,10.883333333333333,2,0,0.49999999999999994,-0.8660254037844387,0.9749279121818236,-0.22252093395631434,10.65,21
74,thai,18.7,downtown,1.8,2,20.51,scooter,48.0,rain,18,35,18.583333333333332,6,1,-1.0,-1.8369701987210297e-16,-0.7818314824680299,0.6234898018587334,10.255,34
123,salads,7.7,uptown,2.4,3,22.13,bike,29.0,cloudy,13,50,13.833333333333334,0,0,-0.2588190451025208,-0.9659258262890683,0.0,1.0,7.376666666666666,26
89,sushi,22.3,suburbs_north,5.9,3,42.14,bike,242.0,clear,17,57,17.95,1,0,-0.9659258262890683,-0.25881904510252063,0.7818314824680297,0.6234898018587336,14.046666666666667,47
134,mexican,10.8,midtown,3.7,6,92.86,scooter,617.0,clear,22,3,22.05,0,0,-0.5000000000000004,0.8660254037844384,0.0,1.0,15.476666666666667,31
115,thai,13.4,downtown,2.7,3,25.8,car,199.0,rain,20,11,20.183333333333334,2,0,-0.8660254037844386,0.5,0.9749279121818236,-0.22252093395631434,8.6,29
61,thai,18.0,suburbs_north,7.3,2,25.16,car,147.0,clear,20,8,20.133333333333333,3,0,-0.8660254037844386,0.5,0.43388373911755823,-0.900968867902419,12.58,44
75,mexican,13.3,midtown,4.2,2,17.32,scooter,30.0,clear,20,37,20.616666666666667,1,0,-0.8660254037844386,0.5,0.7818314824680297,0.6234898018587336,8.66,32
30,salads,5.0,suburbs_south,10.7,2,26.11,car,72.0,cloudy,19,16,19.266666666666666,2,0,-0.9659258262890684,0.2588190451025203,0.9749279121818236,-0.22252093395631434,13.055,36
136,salads,9.3,downtown,1.8,2,19.02,scooter,1499.0,clear,12,38,12.633333333333333,5,1,1.2246467991473532e-16,-1.0,-0.9749279121818236,-0.2225209339563146,9.51,22
106,pizza,12.3,downtown,1.1,2,15.11,bike,70.0,clear,20,17,20.283333333333335,2,0,-0.8660254037844386,0.5,0.9749279121818236,-0.22252093395631434,7.555,23
87,burgers,6.5,downtown,1.7,2,28.14,bike,120.0,rain,21,49,21.816666666666666,5,1,-0.7071067811865477,0.7071067811865474,-0.9749279121818236,-0.2225209339563146,14.07,23
121,indian,13.9,suburbs_north,3.7,4,50.82,car,546.0,clear,12,45,12.75,1,0,1.2246467991473532e-16,-1.0,0.7818314824680297,0.6234898018587336,12.705,31
95,pizza,11.9,suburbs_south,11.5,2,30.91,scooter,1036.0,clear,11,2,11.033333333333333,2,0,0.258819045102521,-0.9659258262890682,0.9749279121818236,-0.22252093395631434,15.455,54
17,thai,9.8,uptown,4.4,5,76.93,scooter,169.0,clear,21,48,21.8,1,0,-0.7071067811865477,0.7071067811865474,0.7818314824680297,0.6234898018587336,15.386000000000001,28
9,thai,12.6,suburbs_south,8.4,3,27.01,car,147.0,clear,14,50,14.833333333333334,5,1,-0.4999999999999998,-0.8660254037844388,-0.9749279121818236,-0.2225209339563146,9.003333333333334,42
145,pizza,12.3,suburbs_south,3.9,2,25.57,car,45.0,rain,19,47,19.783333333333335,3,0,-0.9659258262890684,0.2588190451025203,0.43388373911755823,-0.900968867902419,12.785,29
62,salads,6.7,downtown,2.6,3,44.01,bike,651.0,rain,22,33,22.55,6,1,-0.5000000000000004,0.8660254037844384,-0.7818314824680299,0.6234898018587334,14.67,18
153,salads,5.0,suburbs_south,2.6,1,14.21,car,92.0,clear,21,9,21.15,5,1,-0.7071067811865477,0.7071067811865474,-0.9749279121818236,-0.2225209339563146,14.21,14
54,salads,9.4,downtown,1.2,7,58.98,scooter,689.0,clear,16,13,16.216666666666665,5,1,-0.8660254037844384,-0.5000000000000004,-0.9749279121818236,-0.2225209339563146,8.425714285714285,17
11,indian,20.4,uptown,3.7,4,45.12,bike,77.0,clear,13,46,13.766666666666667,5,1,-0.2588190451025208,-0.9659258262890683,-0.9749279121818236,-0.2225209339563146,11.28,54
24,pizza,15.8,uptown,1.9,3,45.25,scooter,22.0,clear,19,29,19.483333333333334,6,1,-0.9659258262890684,0.2588190451025203,-0.7818314824680299,0.6234898018587334,15.083333333333334,33
61,thai,18.0,suburbs_north,7.8,1,10.98,car,34.0,heavy_rain,11,44,11.733333333333333,5,1,0.258819045102521,-0.9659258262890682,-0.9749279121818236,-0.2225209339563146,10.98,49
58,indian,21.6,uptown,2.0,4,58.86,bike,50.0,heavy_rain,18,8,18.133333333333333,6,1,-1.0,-1.8369701987210297e-16,-0.7818314824680299,0.6234898018587334,14.715,50
142,indian,20.4,midtown,5.2,3,33.19,bike,115.0,clear,11,5,11.083333333333334,5,1,0.258819045102521,-0.9659258262890682,-0.9749279121818236,-0.2225209339563146,11.063333333333333,55
80,chinese,16.1,downtown,2.4,1,15.48,bike,15.0,clear,18,1,18.016666666666666,6,1,-1.0,-1.8369701987210297e-16,-0.7818314824680299,0.6234898018587334,15.48,38
156,salads,12.7,downtown,3.8,3,45.84,bike,59.0,clear,11,19,11.316666666666666,2,0,0.258819045102521,-0.9659258262890682,0.9749279121818236,-0.22252093395631434,15.280000000000001,106
31,sushi,14.7,midtown,2.6,2,20.16,scooter,563.0,clear,13,54,13.9,0,0,-0.2588190451025208,-0.9659258262890683,0.0,1.0,10.08,26
90,sushi,20.7,midtown,4.1,5,72.46,bike,216.0,clear,13,46,13.766666666666667,0,0,-0.2588190451025208,-0.9659258262890683,0.0,1.0,14.491999999999999,44
107,sushi,18.0,suburbs_south,6.3,3,37.88,car,59.0,clear,11,36,11.6,4,0,0.258819045102521,-0.9659258262890682,-0.433883739117558,-0.9009688679024191,12.626666666666667,49
113,mexican,13.2,midtown,3.8,4,28.44,car,252.0,rain,12,26,12.433333333333334,4,0,1.2246467991473532e-16,-1.0,-0.433883739117558,-0.9009688679024191,7.11,27
106,pizza,12.3,downtown,1.5,2,21.2,scooter,45.0,clear,14,20,14.333333333333334,4,0,-0.4999999999999998,-0.8660254037844388,-0.433883739117558,-0.9009688679024191,10.6,16
89,sushi,22.3,suburbs_north,6.8,7,67.06,car,42.0,cloudy,13,15,13.25,5,1,-0.2588190451025208,-0.9659258262890683,-0.9749279121818236,-0.2225209339563146,9.58,62
71,burgers,14.5,uptown,2.6,5,47.75,bike,276.0,clear,13,47,13.783333333333333,4,0,-0.2588190451025208,-0.9659258262890683,-0.433883739117558,-0.9009688679024191,9.55,32
64,mexican,11.6,suburbs_north,3.1,2,30.36,scooter,75.0,clear,10,26,10.433333333333334,0,0,0.49999999999999994,-0.8660254037844387,0.0,1.0,15.18,28
126,pizza,12.0,midtown,2.6,5,43.48,bike,109.0,cloudy,20,54,20.9,1,0,-0.8660254037844386,0.5,0.7818314824680297,0.6234898018587336,8.696,29
109,burgers,10.0,downtown,2.2,3,31.12,car,125.0,clear,19,58,19.966666666666665,5,1,-0.9659258262890684,0.2588190451025203,-0.9749279121818236,-0.2225209339563146,10.373333333333333,22
94,sushi,20.2,downtown,1.5,4,46.93,bike,167.0,clear,22,37,22.616666666666667,1,0,-0.5000000000000004,0.8660254037844384,0.7818314824680297,0.6234898018587336,11.7325,31
62,salads,6.7,downtown,3.1,3,34.2,bike,1539.0,clear,13,51,13.85,2,0,-0.2588190451025208,-0.9659258262890683,0.9749279121818236,-0.22252093395631434,11.4,21
4,pizza,14.0,suburbs_south,6.1,3,36.55,scooter,845.0,cloudy,20,42,20.7,4,0,-0.8660254037844386,0.5,-0.433883739117558,-0.9009688679024191,12.183333333333332,39
18,indian,20.8,suburbs_south,7.7,3,23.16,car,58.0,rain,14,27,14.45,6,1,-0.4999999999999998,-0.8660254037844388,-0.7818314824680299,0.6234898018587334,7.72,48
55,salads,5.0,midtown,2.1,1,10.17,scooter,147.0,cloudy,19,20,19.333333333333332,0,0,-0.9659258262890684,0.2588190451025203,0.0,1.0,10.17,13
96,thai,15.7,downtown,2.1,4,61.43,bike,62.0,clear,19,45,19.75,2,0,-0.9659258262890684,0.2588190451025203,0.9749279121818236,-0.22252093395631434,15.3575,34
81,sushi,17.4,downtown,1.0,1,14.43,bike,31.0,clear,18,25,18.416666666666668,1,0,-1.0,-1.8369701987210297e-16,0.7818314824680297,0.6234898018587336,14.43,28
19,chinese,10.6,downtown,1.7,4,28.48,scooter,29.0,clear,13,51,13.85,0,0,-0.2588190451025208,-0.9659258262890683,0.0,1.0,7.12,24
47,mexican,14.1,downtown,1.5,2,18.86,scooter,51.0,cloudy,20,4,20.066666666666666,6,1,-0.8660254037844386,0.5,-0.7818314824680299,0.6234898018587334,9.43,28
80,chinese,16.1,downtown,1.6,3,42.13,bike,64.0,clear,22,38,22.633333333333333,3,0,-0.5000000000000004,0.8660254037844384,0.43388373911755823,-0.900968867902419,14.043333333333335,29
107,sushi,18.0,suburbs_south,8.5,1,14.14,car,40.0,clear,12,3,12.05,0,0,1.2246467991473532e-16,-1.0,0.0,1.0,14.14,50
59,pizza,11.7,suburbs_south,5.4,3,21.1,bike,42.0,cloudy,20,52,20.866666666666667,1,0,-0.8660254037844386,0.5,0.7818314824680297,0.6234898018587336,7.033333333333334,39
76,mexican,10.0,uptown,5.0,2,27.84,scooter,202.0,clear,22,14,22.233333333333334,6,1,-0.5000000000000004,0.8660254037844384,-0.7818314824680299,0.6234898018587334,13.92,27
150,mexican,14.6,downtown,1.0,5,57.68,bike,113.0,rain,19,2,19.033333333333335,1,0,-0.9659258262890684,0.2588190451025203,0.7818314824680297,0.6234898018587336,11.536,26
18,indian,20.8,suburbs_south,6.6,6,83.05,car,304.0,clear,15,13,15.216666666666667,6,1,-0.7071067811865471,-0.7071067811865479,-0.7818314824680299,0.6234898018587334,13.841666666666667,46
126,pizza,12.0,midtown,2.1,3,26.97,bike,13.0,cloudy,13,30,13.5,6,1,-0.2588190451025208,-0.9659258262890683,-0.7818314824680299,0.6234898018587334,8.99,33
59,pizza,11.7,suburbs_south,3.2,3,28.57,scooter,193.0,clear,18,7,18.116666666666667,1,0,-1.0,-1.8369701987210297e-16,0.7818314824680297,0.6234898018587336,9.523333333333333,29
114,chinese,12.4,suburbs_south,9.3,6,87.3,scooter,165.0,clear,13,53,13.883333333333333,4,0,-0.2588190451025208,-0.9659258262890683,-0.433883739117558,-0.9009688679024191,14.549999999999999,53
113,mexican,13.2,midtown,4.9,1,15.93,bike,735.0,clear,14,32,14.533333333333333,6,1,-0.4999999999999998,-0.8660254037844388,-0.7818314824680299,0.6234898018587334,15.93,34
102,indian,17.4,uptown,3.3,6,44.5,scooter,49.0,clear,19,30,19.5,2,0,-0.9659258262890684,0.2588190451025203,0.9749279121818236,-0.22252093395631434,7.416666666666667,37
160,salads,5.0,uptown,3.5,4,52.58,scooter,562.0,cloudy,15,37,15.616666666666667,2,0,-0.7071067811865471,-0.7071067811865479,0.9749279121818236,-0.22252093395631434,13.145,20
96,thai,15.7,downtown,1.3,4,32.45,car,147.0,rain,18,23,18.383333333333333,6,1,-1.0,-1.8369701987210297e-16,-0.7818314824680299,0.6234898018587334,8.1125,36
154,salads,8.5,midtown,4.4,1,13.68,car,52.0,clear,20,22,20.366666666666667,0,0,-0.8660254037844386,0.5,0.0,1.0,13.68,23
85,pizza,11.8,uptown,2.8,2,21.19,bike,241.0,clear,16,16,16.266666666666666,4,0,-0.8660254037844384,-0.5000000000000004,-0.433883739117558,-0.9009688679024191,10.595,27
128,chinese,6.8,uptown,5.0,3,33.05,scooter,268.0,rain,23,14,23.233333333333334,1,0,-0.2588190451025215,0.9659258262890681,0.7818314824680297,0.6234898018587336,11.016666666666666,24
11,indian,20.4,uptown,4.2,2,31.93,scooter,411.0,clear,14,34,14.566666666666666,3,0,-0.4999999999999998,-0.8660254037844388,0.43388373911755823,-0.900968867902419,15.965,40
58,indian,21.6,uptown,5.9,2,31.69,scooter,147.0,clear,12,3,12.05,4,0,1.2246467991473532e-16,-1.0,-0.433883739117558,-0.9009688679024191,15.845,49
73,pizza,10.6,midtown,2.7,3,31.45,scooter,114.0,clear,18,14,18.233333333333334,3,0,-1.0,-1.8369701987210297e-16,0.43388373911755823,-0.900968867902419,10.483333333333333,24
44,indian,21.0,midtown,2.6,3,33.64,bike,10002.0,clear,17,11,17.183333333333334,4,0,-0.9659258262890683,-0.25881904510252063,-0.433883739117558,-0.9009688679024191,11.213333333333333,31
46,indian,19.4,downtown,1.4,1,15.04,car,205.0,clear,18,49,18.816666666666666,2,0,-1.0,-1.8369701987210297e-16,0.9749279121818236,-0.22252093395631434,15.04,35
96,thai,15.7,downtown,1.3,3,29.74,car,133.0,rain,19,44,19.733333333333334,0,0,-0.9659258262890684,0.2588190451025203,0.0,1.0,9.913333333333332,28
158,indian,12.1,midtown,2.8,2,16.36,scooter,288.0,clear,13,51,13.85,2,0,-0.2588190451025208,-0.9659258262890683,0.9749279121818236,-0.22252093395631434,8.18,28
28,indian,19.5,downtown,1.1,1,14.71,scooter,237.0,clear,18,53,18.883333333333333,4,0,-1.0,-1.8369701987210297e-16,-0.433883739117558,-0.9009688679024191,14.71,23
24,pizza,15.8,uptown,6.5,2,19.82,car,148.0,cloudy,16,10,16.166666666666668,6,1,-0.8660254037844384,-0.5000000000000004,-0.7818314824680299,0.6234898018587334,9.91,37
14,burgers,6.4,downtown,1.6,2,22.89,bike,467.0,clear,11,42,11.7,5,1,0.258819045102521,-0.9659258262890682,-0.9749279121818236,-0.2225209339563146,11.445,23
153,salads,5.0,suburbs_south,4.8,4,31.94,scooter,176.0,clear,18,8,18.133333333333333,5,1,-1.0,-1.8369701987210297e-16,-0.9749279121818236,-0.2225209339563146,7.985,27
121,indian,13.9,suburbs_north,3.5,4,50.78,car,207.0,cloudy,12,24,12.4,3,0,1.2246467991473532e-16,-1.0,0.43388373911755823,-0.900968867902419,12.695,137
9,thai,12.6,suburbs_south,6.8,4,62.24,car,20.0,clear,13,18,13.3,1,0,-0.2588190451025208,-0.9659258262890683,0.7818314824680297,0.6234898018587336,15.56,38
41,thai,19.0,downtown,1.9,3,22.09,scooter,83.0,clear,18,10,18.166666666666668,1,0,-1.0,-1.8369701987210297e-16,0.7818314824680297,0.6234898018587336,7.363333333333333,90
113,mexican,13.2,midtown,1.4,3,41.38,car,324.0,clear,14,10,14.166666666666666,1,0,-0.4999999999999998,-0.8660254037844388,0.7818314824680297,0.6234898018587336,13.793333333333335,21
83,salads,8.7,midtown,1.8,2,20.66,scooter,148.0,clear,10,2,10.033333333333333,5,1,0.49999999999999994,-0.8660254037844387,-0.9749279121818236,-0.2225209339563146,10.33,15
139,indian,20.7,midtown,2.8,2,14.04,scooter,113.0,clear,17,55,17.916666666666668,2,0,-0.9659258262890683,-0.25881904510252063,0.9749279121818236,-0.22252093395631434,7.02,29
105,pizza,12.9,midtown,2.7,4,42.72,scooter,150.0,clear,12,12,12.2,3,0,1.2246467991473532e-16,-1.0,0.43388373911755823,-0.900968867902419,10.68,30
156,salads,12.7,downtown,1.9,2,14.65,bike,213.0,clear,11,19,11.316666666666666,4,0,0.258819045102521,-0.9659258262890682,-0.433883739117558,-0.9009688679024191,7.325,26
139,indian,20.7,midtown,5.0,5,73.02,bike,185.0,clear,17,56,17.933333333333334,4,0,-0.9659258262890683,-0.25881904510252063,-0.433883739117558,-0.9009688679024191,14.604,50
75,mexican,13.3,midtown,2.3,2,14.58,scooter,104.0,rain,21,48,21.8,2,0,-0.7071067811865477,0.7071067811865474,0.9749279121818236,-0.22252093395631434,7.29,21
102,indian,17.4,uptown,2.9,4,35.3,car,136.0,clear,15,11,15.183333333333334,2,0,-0.7071067811865471,-0.7071067811865479,0.9749279121818236,-0.22252093395631434,8.825,30
107,sushi,18.0,suburbs_south,10.1,4,46.67,scooter,416.0,clear,19,20,19.333333333333332,6,1,-0.9659258262890684,0.2588190451025203,-0.7818314824680299,0.6234898018587334,11.6675,58
74,thai,18.7,downtown,3.6,6,49.95,car,175.0,cloudy,14,32,14.533333333333333,0,0,-0.4999999999999998,-0.8660254037844388,0.0,1.0,8.325000000000001,35
37,pizza,17.5,midtown,2.3,6,49.23,scooter,127.0,clear,22,47,22.783333333333335,2,0,-0.5000000000000004,0.8660254037844384,0.9749279121818236,-0.22252093395631434,8.205,32
78,mexican,9.1,downtown,2.3,5,48.14,bike,147.0,clear,18,57,18.95,1,0,-1.0,-1.8369701987210297e-16,0.7818314824680297,0.6234898018587336,9.628,23
8,burgers,12.1,uptown,3.8,4,31.33,bike,13.0,clear,19,18,19.3,5,1,-0.9659258262890684,0.2588190451025203,-0.9749279121818236,-0.2225209339563146,7.8325,42
97,chinese,16.1,uptown,3.5,6,59.71,scooter,42.0,clear,19,3,19.05,3,0,-0.9659258262890684,0.2588190451025203,0.43388373911755823,-0.900968867902419,9.951666666666666,35
136,salads,9.3,downtown,0.9,7,52.11,car,420.0,rain,17,51,17.85,0,0,-0.9659258262890683,-0.25881904510252063,0.0,1.0,7.444285714285714,17
58,indian,21.6,uptown,5.2,7,111.29,car,88.0,cloudy,21,24,21.4,5,1,-0.7071067811865477,0.7071067811865474,-0.9749279121818236,-0.2225209339563146,15.89857142857143,45
12,thai,12.8,midtown,1.8,2,24.04,bike,483.0,clear,17,19,17.316666666666666,6,1,-0.9659258262890683,-0.25881904510252063,-0.7818314824680299,0.6234898018587334,12.02,25
94,sushi,20.2,downtown,1.2,2,19.4,bike,84.0,clear,11,28,11.466666666666667,1,0,0.258819045102521,-0.9659258262890682,0.7818314824680297,0.6234898018587336,9.7,35
2,thai,10.5,downtown,1.8,5,49.32,scooter,55.0,heavy_rain,19,5,19.083333333333332,4,0,-0.9659258262890684,0.2588190451025203,-0.433883739117558,-0.9009688679024191,9.864,24
131,indian,22.1,downtown,1.3,3,35.29,scooter,294.0,clear,15,19,15.316666666666666,6,1,-0.7071067811865471,-0.7071067811865479,-0.7818314824680299,0.6234898018587334,11.763333333333334,37
154,salads,8.5,midtown,3.8,3,46.78,bike,974.0,rain,11,45,11.75,2,0,0.258819045102521,-0.9659258262890682,0.9749279121818236,-0.22252093395631434,15.593333333333334,32
135,sushi,20.5,downtown,2.6,1,15.89,bike,40.0,cloudy,16,32,16.533333333333335,4,0,-0.8660254037844384,-0.5000000000000004,-0.433883739117558,-0.9009688679024191,15.89,36
109,burgers,10.0,downtown,2.2,6,83.72,bike,254.0,clear,20,12,20.2,0,0,-0.8660254037844386,0.5,0.0,1.0,13.953333333333333,26
69,salads,8.8,midtown,2.7,4,55.01,scooter,10.0,cloudy,12,38,12.633333333333333,4,0,1.2246467991473532e-16,-1.0,-0.433883739117558,-0.9009688679024191,13.7525,24
107,sushi,18.0,suburbs_south,10.8,2,23.04,scooter,347.0,cloudy,11,39,11.65,2,0,0.258819045102521,-0.9659258262890682,0.9749279121818236,-0.22252093395631434,11.52,50
34,mexican,12.2,midtown,4.1,3,42.97,car,68.0,clear,17,57,17.95,4,0,-0.9659258262890683,-0.25881904510252063,-0.433883739117558,-0.9009688679024191,14.323333333333332,25
36,burgers,11.8,downtown,0.8,3,22.68,bike,694.0,cloudy,19,14,19.233333333333334,3,0,-0.9659258262890684,0.2588190451025203,0.43388373911755823,-0.900968867902419,7.56,17
57,sushi,15.1,midtown,4.3,2,31.55,bike,31.0,clear,17,28,17.466666666666665,3,0,-0.9659258262890683,-0.25881904510252063,0.43388373911755823,-0.900968867902419,15.775,34
84,chinese,11.5,suburbs_south,4.9,8,118.02,bike,124.0,clear,23,1,23.016666666666666,6,1,-0.2588190451025215,0.9659258262890681,-0.7818314824680299,0.6234898018587334,14.7525,30
93,sushi,16.7,downtown,1.9,1,10.08,car,188.0,heavy_rain,20,36,20.6,2,0,-0.8660254037844386,0.5,0.9749279121818236,-0.22252093395631434,10.08,28
95,pizza,11.9,suburbs_south,5.9,1,13.99,scooter,56.0,rain,21,37,21.616666666666667,6,1,-0.7071067811865477,0.7071067811865474,-0.7818314824680299,0.6234898018587334,13.99,33
71,burgers,14.5,uptown,1.5,3,39.44,scooter,86.0,clear,16,4,16.066666666666666,3,0,-0.8660254037844384,-0.5000000000000004,0.43388373911755823,-0.900968867902419,13.146666666666667,23
142,indian,20.4,midtown,3.7,3,36.79,scooter,513.0,rain,17,54,17.9,6,1,-0.9659258262890683,-0.25881904510252063,-0.7818314824680299,0.6234898018587334,12.263333333333334,36
53,thai,11.5,midtown,2.2,2,28.05,bike,85.0,cloudy,18,8,18.133333333333333,6,1,-1.0,-1.8369701987210297e-16,-0.7818314824680299,0.6234898018587334,14.025,23
1,mexican,12.7,downtown,3.4,3,31.19,bike,108.0,clear,21,9,21.15,0,0,-0.7071067811865477,0.7071067811865474,0.0,1.0,10.396666666666667,25
56,thai,13.0,downtown,2.2,2,29.82,bike,216.0,cloudy,12,55,12.916666666666666,4,0,1.2246467991473532e-16,-1.0,-0.433883739117558,-0.9009688679024191,14.91,27
70,thai,14.2,suburbs_north,9.3,1,11.5,car,147.0,clear,20,49,20.816666666666666,4,0,-0.8660254037844386,0.5,-0.433883739117558,-0.9009688679024191,11.5,42
22,mexican,9.1,suburbs_south,7.4,2,21.49,car,348.0,heavy_rain,17,41,17.683333333333334,2,0,-0.9659258262890683,-0.25881904510252063,0.9749279121818236,-0.22252093395631434,10.745,37
133,chinese,15.9,suburbs_north,4.2,2,24.55,scooter,87.0,clear,17,42,17.7,3,0,-0.9659258262890683,-0.25881904510252063,0.43388373911755823,-0.900968867902419,12.275,25
60,chinese,10.4,suburbs_north,4.4,1,15.2,bike,333.0,clear,15,11,15.183333333333334,2,0,-0.7071067811865471,-0.7071067811865479,0.9749279121818236,-0.22252093395631434,15.2,29
150,mexican,14.6,downtown,1.2,1,12.46,scooter,26.0,heavy_rain,19,36,19.6,3,0,-0.9659258262890684,0.2588190451025203,0.43388373911755823,-0.900968867902419,12.46,28
21,pizza,17.0,midtown,1.8,4,35.36,car,1037.0,cloudy,10,28,10.466666666666667,5,1,0.49999999999999994,-0.8660254037844387,-0.9749279121818236,-0.2225209339563146,8.84,25
126,pizza,12.0,midtown,2.8,3,35.16,scooter,286.0,cloudy,20,36,20.6,5,1,-0.8660254037844386,0.5,-0.9749279121818236,-0.2225209339563146,11.719999999999999,24
156,salads,12.7,downtown,1.0,2,27.49,scooter,14.0,cloudy,21,48,21.8,2,0,-0.7071067811865477,0.7071067811865474,0.9749279121818236,-0.22252093395631434,13.745,17
155,indian,14.5,suburbs_south,2.8,1,14.8,scooter,556.0,clear,17,15,17.25,1,0,-0.9659258262890683,-0.25881904510252063,0.7818314824680297,0.6234898018587336,14.8,19
28,indian,19.5,downtown,2.8,2,28.14,scooter,129.0,clear,12,14,12.233333333333333,0,0,1.2246467991473532e-16,-1.0,0.0,1.0,14.07,31
36,burgers,11.8,downtown,2.8,3,47.92,scooter,331.0,clear,13,32,13.533333333333333,2,0,-0.2588190451025208,-0.9659258262890683,0.9749279121818236,-0.22252093395631434,15.973333333333334,31
46,indian,19.4,downtown,1.1,5,78.64,scooter,583.0,rain,21,51,21.85,6,1,-0.7071067811865477,0.7071067811865474,-0.7818314824680299,0.6234898018587334,15.728,28
95,pizza,11.9,suburbs_south,4.3,4,30.86,bike,186.0,clear,18,21,18.35,6,1,-1.0,-1.8369701987210297e-16,-0.7818314824680299,0.6234898018587334,7.715,33
42,pizza,16.7,downtown,1.2,2,24.28,bike,2707.0,rain,17,33,17.55,2,0,-0.9659258262890683,-0.25881904510252063,0.9749279121818236,-0.22252093395631434,12.14,25
138,thai,16.2,uptown,5.1,1,8.14,bike,324.0,clear,12,22,12.366666666666667,0,0,1.2246467991473532e-16,-1.0,0.0,1.0,8.14,43
79,salads,10.0,midtown,2.2,2,16.34,scooter,229.0,clear,10,21,10.35,0,0,0.49999999999999994,-0.8660254037844387,0.0,1.0,8.17,19
63,pizza,12.6,downtown,1.8,2,18.97,bike,303.0,clear,21,39,21.65,4,0,-0.7071067811865477,0.7071067811865474,-0.433883739117558,-0.9009688679024191,9.485,16
103,thai,16.4,midtown,5.2,3,22.67,scooter,100.0,clear,16,43,16.716666666666665,0,0,-0.8660254037844384,-0.5000000000000004,0.0,1.0,7.5566666666666675,35
75,mexican,13.3,midtown,2.9,2,20.43,bike,919.0,clear,18,30,18.5,0,0,-1.0,-1.8369701987210297e-16,0.0,1.0,10.215,29
124,indian,17.6,downtown,1.0,2,18.83,car,125.0,clear,19,13,19.216666666666665,6,1,-0.9659258262890684,0.2588190451025203,-0.7818314824680299,0.6234898018587334,9.415,33
151,chinese,11.8,downtown,1.3,3,27.99,bike,48.0,cloudy,22,15,22.25,1,0,-0.5000000000000004,0.8660254037844384,0.7818314824680297,0.6234898018587336,9.33,20
5,mexican,12.4,uptown,4.7,1,15.9,scooter,263.0,clear,18,30,18.5,0,0,-1.0,-1.8369701987210297e-16,0.0,1.0,15.9,32
48,mexican,8.8,midtown,5.3,1,13.56,bike,20.0,heavy_rain,11,7,11.116666666666667,4,0,0.258819045102521,-0.9659258262890682,-0.433883739117558,-0.9009688679024191,13.56,42
111,pizza,8.5,downtown,1.4,2,29.96,car,40.0,heavy_rain,23,28,23.466666666666665,0,0,-0.2588190451025215,0.9659258262890681,0.0,1.0,14.98,16
11,indian,20.4,uptown,5.4,4,41.49,bike,18.0,clear,20,3,20.05,0,0,-0.8660254037844386,0.5,0.0,1.0,10.3725,53
76,mexican,10.0,uptown,1.2,6,67.28,car,18.0,clear,22,18,22.3,1,0,-0.5000000000000004,0.8660254037844384,0.7818314824680297,0.6234898018587336,11.213333333333333,23
21,pizza,17.0,midtown,3.1,4,29.78,bike,18.0,cloudy,11,19,11.316666666666666,1,0,0.258819045102521,-0.9659258262890682,0.7818314824680297,0.6234898018587336,7.445,38
159,pizza,15.0,uptown,1.2,4,40.85,scooter,21.0,heavy_rain,12,37,12.616666666666667,5,1,1.2246467991473532e-16,-1.0,-0.9749279121818236,-0.2225209339563146,10.2125,29
16,salads,7.8,uptown,5.1,3,37.51,car,350.0,clear,18,30,18.5,5,1,-1.0,-1.8369701987210297e-16,-0.9749279121818236,-0.2225209339563146,12.503333333333332,22
12,thai,12.8,midtown,3.4,3,36.99,bike,119.0,clear,12,52,12.866666666666667,0,0,1.2246467991473532e-16,-1.0,0.0,1.0,12.33,33
21,pizza,17.0,midtown,3.4,1,9.02,bike,69.0,clear,20,1,20.016666666666666,1,0,-0.8660254037844386,0.5,0.7818314824680297,0.6234898018587336,9.02,35
80,chinese,16.1,downtown,1.1,2,30.36,car,82.0,clear,13,20,13.333333333333334,4,0,-0.2588190451025208,-0.9659258262890683,-0.433883739117558,-0.9009688679024191,15.18,28
68,thai,11.9,uptown,5.0,7,71.57,scooter,152.0,clear,13,25,13.416666666666666,4,0,-0.2588190451025208,-0.9659258262890683,-0.433883739117558,-0.9009688679024191,10.224285714285713,31
118,thai,15.5,downtown,0.9,3,40.67,car,567.0,rain,18,15,18.25,3,0,-1.0,-1.8369701987210297e-16,0.43388373911755823,-0.900968867902419,13.556666666666667,25
67,chinese,17.8,uptown,3.6,4,30.15,bike,789.0,clear,13,3,13.05,3,0,-0.2588190451025208,-0.9659258262890683,0.43388373911755823,-0.900968867902419,7.5375,42
82,salads,9.2,midtown,1.5,1,8.83,bike,108.0,clear,14,26,14.433333333333334,1,0,-0.4999999999999998,-0.8660254037844388,0.7818314824680297,0.6234898018587336,8.83,19
115,thai,13.4,downtown,2.1,3,24.02,bike,134.0,clear,14,25,14.416666666666666,0,0,-0.4999999999999998,-0.8660254037844388,0.0,1.0,8.006666666666666,21
98,salads,11.1,midtown,2.9,3,40.26,bike,699.0,clear,18,56,18.933333333333334,0,0,-1.0,-1.8369701987210297e-16,0.0,1.0,13.42,25
10,pizza,12.9,suburbs_north,9.3,2,30.29,scooter,104.0,rain,17,15,17.25,1,0,-0.9659258262890683,-0.25881904510252063,0.7818314824680297,0.6234898018587336,15.145,52
89,sushi,22.3,suburbs_north,9.2,3,26.44,car,451.0,clear,23,39,23.65,3,0,-0.2588190451025215,0.9659258262890681,0.43388373911755823,-0.900968867902419,8.813333333333334,47
17,thai,9.8,uptown,3.7,3,22.34,bike,148.0,clear,22,4,22.066666666666666,4,0,-0.5000000000000004,0.8660254037844384,-0.433883739117558,-0.9009688679024191,7.446666666666666,23
17,thai,9.8,uptown,4.2,2,29.51,scooter,343.0,cloudy,20,59,20.983333333333334,4,0,-0.8660254037844386,0.5,-0.433883739117558,-0.9009688679024191,14.755,32
91,salads,10.1,suburbs_south,9.4,3,37.51,scooter,1016.0,rain,21,26,21.433333333333334,5,1,-0.7071067811865477,0.7071067811865474,-0.9749279121818236,-0.2225209339563146,12.503333333333332,46
159,pizza,15.0,uptown,4.6,4,47.48,bike,354.0,clear,15,28,15.466666666666667,4,0,-0.7071067811865471,-0.7071067811865479,-0.433883739117558,-0.9009688679024191,11.87,39
131,indian,22.1,downtown,1.2,2,16.32,scooter,263.0,clear,13,46,13.766666666666667,2,0,-0.2588190451025208,-0.9659258262890683,0.9749279121818236,-0.22252093395631434,8.16,33
117,pizza,16.2,suburbs_south,10.0,4,34.38,scooter,57.0,clear,19,3,19.05,0,0,-0.9659258262890684,0.2588190451025203,0.0,1.0,8.595,60
151,chinese,11.8,downtown,3.1,2,29.83,scooter,358.0,clear,13,30,13.5,1,0,-0.2588190451025208,-0.9659258262890683,0.7818314824680297,0.6234898018587336,14.915,28
81,sushi,17.4,downtown,1.7,4,57.92,scooter,61.0,rain,12,11,12.183333333333334,4,0,1.2246467991473532e-16,-1.0,-0.433883739117558,-0.9009688679024191,14.48,35
112,sushi,18.2,downtown,1.8,3,34.44,scooter,286.0,cloudy,13,24,13.4,2,0,-0.2588190451025208,-0.9659258262890683,0.9749279121818236,-0.22252093395631434,11.479999999999999,36
61,thai,18.0,suburbs_north,3.2,1,8.11,scooter,28.0,rain,13,35,13.583333333333334,5,1,-0.2588190451025208,-0.9659258262890683,-0.9749279121818236,-0.2225209339563146,8.11,38
26,pizza,14.9,midtown,1.6,4,57.49,scooter,174.0,clear,20,50,20.833333333333332,2,0,-0.8660254037844386,0.5,0.9749279121818236,-0.22252093395631434,14.3725,28
147,chinese,17.7,midtown,1.4,3,37.18,bike,605.0,clear,11,27,11.45,0,0,0.258819045102521,-0.9659258262890682,0.0,1.0,12.393333333333333,26
53,thai,11.5,midtown,4.5,1,8.14,scooter,57.0,rain,21,9,21.15,1,0,-0.7071067811865477,0.7071067811865474,0.7818314824680297,0.6234898018587336,8.14,26
54,salads,9.4,downtown,1.0,1,13.25,car,193.0,clear,12,39,12.65,3,0,1.2246467991473532e-16,-1.0,0.43388373911755823,-0.900968867902419,13.25,18
112,sushi,18.2,downtown,2.4,3,37.15,scooter,643.0,clear,22,19,22.316666666666666,5,1,-0.5000000000000004,0.8660254037844384,-0.9749279121818236,-0.2225209339563146,12.383333333333333,30
135,sushi,20.5,downtown,2.1,1,9.43,scooter,22.0,clear,19,24,19.4,4,0,-0.9659258262890684,0.2588190451025203,-0.433883739117558,-0.9009688679024191,9.43,30
1,mexican,12.7,downtown,0.7,4,47.15,scooter,933.0,rain,19,58,19.966666666666665,1,0,-0.9659258262890684,0.2588190451025203,0.7818314824680297,0.6234898018587336,11.7875,23
79,salads,10.0,midtown,2.2,3,38.8,car,254.0,clear,18,9,18.15,0,0,-1.0,-1.8369701987210297e-16,0.0,1.0,12.933333333333332,23
58,indian,21.6,uptown,5.7,1,13.28,bike,147.0,clear,21,2,21.033333333333335,3,0,-0.7071067811865477,0.7071067811865474,0.43388373911755823,-0.900968867902419,13.28,48
74,thai,18.7,downtown,2.4,2,18.27,bike,616.0,clear,12,6,12.1,6,1,1.2246467991473532e-16,-1.0,-0.7818314824680299,0.6234898018587334,9.135,37
85,pizza,11.8,uptown,5.0,1,15.78,car,66.0,clear,17,43,17.716666666666665,2,0,-0.9659258262890683,-0.25881904510252063,0.9749279121818236,-0.22252093395631434,15.78,29
9,thai,12.6,suburbs_south,7.4,3,29.32,scooter,148.0,cloudy,11,9,11.15,0,0,0.258819045102521,-0.9659258262890682,0.0,1.0,9.773333333333333,39
75,mexican,13.3,midtown,3.4,2,30.21,bike,57.0,rain,22,42,22.7,2,0,-0.5000000000000004,0.8660254037844384,0.9749279121818236,-0.22252093395631434,15.105,40
130,mexican,15.3,downtown,1.4,3,34.26,car,1166.0,clear,13,58,13.966666666666667,0,0,-0.2588190451025208,-0.9659258262890683,0.0,1.0,11.42,24
45,indian,15.4,midtown,1.1,2,17.74,bike,702.0,cloudy,17,54,17.9,0,0,-0.9659258262890683,-0.25881904510252063,0.0,1.0,8.87,22
26,pizza,14.9,midtown,1.3,2,30.62,car,220.0,clear,18,17,18.283333333333335,2,0,-1.0,-1.8369701987210297e-16,0.9749279121818236,-0.22252093395631434,15.31,21
126,pizza,12.0,midtown,3.0,3,29.49,car,305.0,rain,14,43,14.716666666666667,2,0,-0.4999999999999998,-0.8660254037844388,0.9749279121818236,-0.22252093395631434,9.83,25
60,chinese,10.4,suburbs_north,7.5,2,18.56,car,147.0,heavy_rain,10,48,10.8,6,1,0.49999999999999994,-0.8660254037844387,-0.7818314824680299,0.6234898018587334,9.28,34
57,sushi,15.1,midtown,3.1,4,55.11,bike,156.0,clear,11,25,11.416666666666666,0,0,0.258819045102521,-0.9659258262890682,0.0,1.0,13.7775,38
74,thai,18.7,downtown,1.1,8,122.92,scooter,147.0,clear,22,17,22.283333333333335,2,0,-0.5000000000000004,0.8660254037844384,0.9749279121818236,-0.22252093395631434,15.365,26
58,indian,21.6,uptown,5.3,4,49.43,scooter,161.0,heavy_rain,17,58,17.966666666666665,5,1,-0.9659258262890683,-0.25881904510252063,-0.9749279121818236,-0.2225209339563146,12.3575,57
124,indian,17.6,downtown,2.5,6,75.18,scooter,258.0,cloudy,20,12,20.2,3,0,-0.8660254037844386,0.5,0.43388373911755823,-0.900968867902419,12.530000000000001,36
110,thai,12.5,suburbs_north,7.7,2,27.18,scooter,42.0,cloudy,17,45,17.75,3,0,-0.9659258262890683,-0.25881904510252063,0.43388373911755823,-0.900968867902419,13.59,43
117,pizza,16.2,suburbs_south,7.6,3,36.13,car,35.0,clear,12,56,12.933333333333334,3,0,1.2246467991473532e-16,-1.0,0.43388373911755823,-0.900968867902419,12.043333333333335,39
153,salads,5.0,suburbs_south,9.6,4,28.04,car,147.0,heavy_rain,19,45,19.75,2,0,-0.9659258262890684,0.2588190451025203,0.9749279121818236,-0.22252093395631434,7.01,44
29,salads,9.9,midtown,3.5,3,30.3,car,536.0,clear,21,41,21.683333333333334,0,0,-0.7071067811865477,0.7071067811865474,0.0,1.0,10.1,19
54,salads,9.4,downtown,1.8,4,30.13,scooter,158.0,cloudy,22,20,22.333333333333332,0,0,-0.5000000000000004,0.8660254037844384,0.0,1.0,7.5325,23
58,indian,21.6,uptown,6.1,1,10.66,car,153.0,cloudy,14,11,14.183333333333334,2,0,-0.4999999999999998,-0.8660254037844388,0.9749279121818236,-0.22252093395631434,10.66,38
60,chinese,10.4,suburbs_north,9.3,7,57.28,car,1891.0,rain,17,43,17.716666666666665,4,0,-0.9659258262890683,-0.25881904510252063,-0.433883739117558,-0.9009688679024191,8.182857142857143,50
120,pizza,12.2,downtown,2.1,2,29.69,scooter,602.0,clear,11,42,11.7,5,1,0.258819045102521,-0.9659258262890682,-0.9749279121818236,-0.2225209339563146,14.845,21
111,pizza,8.5,downtown,2.5,2,23.8,scooter,1243.0,heavy_rain,17,31,17.516666666666666,3,0,-0.9659258262890683,-0.25881904510252063,0.43388373911755823,-0.900968867902419,11.9,22
48,mexican,8.8,midtown,4.7,2,20.53,car,492.0,clear,18,52,18.866666666666667,1,0,-1.0,-1.8369701987210297e-16,0.7818314824680297,0.6234898018587336,10.265,28
136,salads,9.3,downtown,3.1,2,23.78,car,1714.0,clear,13,46,13.766666666666667,4,0,-0.2588190451025208,-0.9659258262890683,-0.433883739117558,-0.9009688679024191,11.89,25
20,mexican,9.2,midtown,1.1,2,18.73,bike,48.0,cloudy,16,25,16.416666666666668,1,0,-0.8660254037844384,-0.5000000000000004,0.7818314824680297,0.6234898018587336,9.365,18
91,salads,10.1,suburbs_south,5.6,2,29.02,bike,195.0,clear,17,25,17.416666666666668,5,1,-0.9659258262890683,-0.25881904510252063,-0.9749279121818236,-0.2225209339563146,14.51,41
66,sushi,18.7,midtown,3.7,3,37.72,bike,177.0,clear,20,56,20.933333333333334,1,0,-0.8660254037844386,0.5,0.7818314824680297,0.6234898018587336,12.573333333333332,39
71,burgers,14.5,uptown,3.8,4,63.14,car,83.0,clear,16,43,16.716666666666665,4,0,-0.8660254037844384,-0.5000000000000004,-0.433883739117558,-0.9009688679024191,15.785,23
27,thai,16.7,downtown,2.3,6,59.09,bike,70.0,clear,14,42,14.7,0,0,-0.4999999999999998,-0.8660254037844388,0.0,1.0,9.848333333333334,36
154,salads,8.5,midtown,1.8,3,26.18,scooter,47.0,clear,20,41,20.683333333333334,2,0,-0.8660254037844386,0.5,0.9749279121818236,-0.22252093395631434,8.726666666666667,21
41,thai,19.0,downtown,3.1,4,53.23,bike,14.0,clear,13,22,13.366666666666667,3,0,-0.2588190451025208,-0.9659258262890683,0.43388373911755823,-0.900968867902419,13.3075,47
40,pizza,18.4,midtown,1.9,5,56.72,car,39.0,heavy_rain,22,18,22.3,0,0,-0.5000000000000004,0.8660254037844384,0.0,1.0,11.344,28
68,thai,11.9,uptown,2.4,2,29.34,scooter,45.0,clear,17,21,17.35,4,0,-0.9659258262890683,-0.25881904510252063,-0.433883739117558,-0.9009688679024191,14.67,26
121,indian,13.9,suburbs_north,8.9,2,23.54,car,376.0,clear,20,7,20.116666666666667,1,0,-0.8660254037844386,0.5,0.7818314824680297,0.6234898018587336,11.77,45
142,indian,20.4,midtown,3.1,6,58.18,scooter,30.0,cloudy,14,19,14.316666666666666,1,0,-0.4999999999999998,-0.8660254037844388,0.7818314824680297,0.6234898018587336,9.696666666666667,37
131,indian,22.1,downtown,2.3,3,23.35,scooter,108.0,clear,20,31,20.516666666666666,1,0,-0.8660254037844386,0.5,0.7818314824680297,0.6234898018587336,7.783333333333334,49
19,chinese,10.6,downtown,2.0,1,12.5,scooter,111.0,clear,18,36,18.6,6,1,-1.0,-1.8369701987210297e-16,-0.7818314824680299,0.6234898018587334,12.5,23
93,sushi,16.7,downtown,2.4,4,58.16,car,171.0,clear,17,46,17.766666666666666,1,0,-0.9659258262890683,-0.25881904510252063,0.7818314824680297,0.6234898018587336,14.54,32
62,salads,6.7,downtown,1.0,3,41.41,bike,168.0,heavy_rain,13,14,13.233333333333333,6,1,-0.2588190451025208,-0.9659258262890683,-0.7818314824680299,0.6234898018587334,13.803333333333333,19
148,indian,16.9,suburbs_north,3.2,1,13.42,bike,337.0,cloudy,19,29,19.483333333333334,6,1,-0.9659258262890684,0.2588190451025203,-0.7818314824680299,0.6234898018587334,13.42,33
2,thai,10.5,downtown,2.4,2,29.31,scooter,463.0,rain,13,54,13.9,5,1,-0.2588190451025208,-0.9659258262890683,-0.9749279121818236,-0.2225209339563146,14.655,31
129,pizza,10.9,suburbs_north,6.7,1,12.4,scooter,15.0,clear,13,29,13.483333333333333,6,1,-0.2588190451025208,-0.9659258262890683,-0.7818314824680299,0.6234898018587334,12.4,35
92,thai,7.0,uptown,1.8,5,78.41,bike,10.0,clear,15,21,15.35,5,1,-0.7071067811865471,-0.7071067811865479,-0.9749279121818236,-0.2225209339563146,15.681999999999999,17
120,pizza,12.2,downtown,2.4,1,15.46,bike,10.0,cloudy,16,31,16.516666666666666,3,0,-0.8660254037844384,-0.5000000000000004,0.43388373911755823,-0.900968867902419,15.46,29
124,indian,17.6,downtown,1.1,2,19.99,scooter,149.0,clear,10,36,10.6,1,0,0.49999999999999994,-0.8660254037844387,0.7818314824680297,0.6234898018587336,9.995,23
40,pizza,18.4,midtown,3.9,1,10.93,scooter,74.0,rain,12,2,12.033333333333333,0,0,1.2246467991473532e-16,-1.0,0.0,1.0,10.93,42
88,burgers,8.9,suburbs_south,9.5,1,13.9,car,568.0,cloudy,10,18,10.3,2,0,0.49999999999999994,-0.8660254037844387,0.9749279121818236,-0.22252093395631434,13.9,36
130,mexican,15.3,downtown,1.7,1,12.09,bike,169.0,heavy_rain,10,59,10.983333333333333,6,1,0.49999999999999994,-0.8660254037844387,-0.7818314824680299,0.6234898018587334,12.09,32
3,pizza,20.9,suburbs_north,9.6,4,28.65,car,3612.0,clear,19,7,19.116666666666667,1,0,-0.9659258262890684,0.2588190451025203,0.7818314824680297,0.6234898018587336,7.1625,51
21,pizza,17.0,midtown,1.4,3,25.92,car,14.0,cloudy,12,41,12.683333333333334,1,0,1.2246467991473532e-16,-1.0,0.7818314824680297,0.6234898018587336,8.64,25
29,salads,9.9,midtown,2.4,5,68.76,bike,92.0,clear,17,57,17.95,6,1,-0.9659258262890683,-0.25881904510252063,-0.7818314824680299,0.6234898018587334,13.752,26
140,chinese,17.8,downtown,1.6,1,15.21,bike,5.0,clear,10,32,10.533333333333333,2,0,0.49999999999999994,-0.8660254037844387,0.9749279121818236,-0.22252093395631434,15.21,36
96,thai,15.7,downtown,0.7,1,8.13,car,320.0,clear,20,37,20.616666666666667,2,0,-0.8660254037844386,0.5,0.9749279121818236,-0.22252093395631434,8.13,21
95,pizza,11.9,suburbs_south,12.5,1,12.13,car,245.0,clear,18,14,18.233333333333334,1,0,-1.0,-1.8369701987210297e-16,0.7818314824680297,0.6234898018587336,12.13,51
107,sushi,18.0,suburbs_south,8.8,2,31.04,car,770.0,clear,18,28,18.466666666666665,5,1,-1.0,-1.8369701987210297e-16,-0.9749279121818236,-0.2225209339563146,15.52,49
118,thai,15.5,downtown,2.0,1,15.14,scooter,183.0,clear,13,30,13.5,3,0,-0.2588190451025208,-0.9659258262890683,0.43388373911755823,-0.900968867902419,15.14,23
126,pizza,12.0,midtown,2.4,3,44.8,scooter,544.0,clear,13,24,13.4,4,0,-0.2588190451025208,-0.9659258262890683,-0.433883739117558,-0.9009688679024191,14.933333333333332,21
133,chinese,15.9,suburbs_north,5.6,4,38.91,bike,45.0,rain,18,32,18.533333333333335,0,0,-1.0,-1.8369701987210297e-16,0.0,1.0,9.7275,54
6,sushi,16.8,midtown,3.7,1,13.99,bike,87.0,clear,14,14,14.233333333333333,4,0,-0.4999999999999998,-0.8660254037844388,-0.433883739117558,-0.9009688679024191,13.99,114
53,thai,11.5,midtown,4.0,2,29.5,scooter,259.0,clear,12,42,12.7,0,0,1.2246467991473532e-16,-1.0,0.0,1.0,14.75,28
69,salads,8.8,midtown,1.0,4,53.03,car,147.0,clear,11,41,11.683333333333334,1,0,0.258819045102521,-0.9659258262890682,0.7818314824680297,0.6234898018587336,13.2575,16
78,mexican,9.1,downtown,1.6,3,30.24,bike,1207.0,clear,20,35,20.583333333333332,0,0,-0.8660254037844386,0.5,0.0,1.0,10.08,16
54,salads,9.4,downtown,2.2,1,8.85,bike,422.0,clear,11,51,11.85,4,0,0.258819045102521,-0.9659258262890682,-0.433883739117558,-0.9009688679024191,8.85,16
106,pizza,12.3,downtown,2.0,2,17.73,scooter,955.0,clear,10,7,10.116666666666667,1,0,0.49999999999999994,-0.8660254037844387,0.7818314824680297,0.6234898018587336,8.865,22
125,sushi,18.8,uptown,1.8,5,52.01,bike,385.0,rain,12,59,12.983333333333333,2,0,1.2246467991473532e-16,-1.0,0.9749279121818236,-0.22252093395631434,10.402,39
152,indian,18.0,suburbs_north,3.8,5,48.97,bike,18.0,clear,13,52,13.866666666666667,1,0,-0.2588190451025208,-0.9659258262890683,0.7818314824680297,0.6234898018587336,9.794,43
42,pizza,16.7,downtown,2.6,1,14.29,scooter,14.0,clear,11,41,11.683333333333334,3,0,0.258819045102521,-0.9659258262890682,0.43388373911755823,-0.900968867902419,14.29,31
32,thai,16.7,uptown,4.7,2,21.61,scooter,262.0,cloudy,13,42,13.7,0,0,-0.2588190451025208,-0.9659258262890683,0.0,1.0,10.805,41
136,salads,9.3,downtown,1.5,2,19.52,scooter,257.0,rain,21,27,21.45,4,0,-0.7071067811865477,0.7071067811865474,-0.433883739117558,-0.9009688679024191,9.76,15
50,salads,8.2,midtown,3.0,2,27.39,car,51.0,clear,11,49,11.816666666666666,2,0,0.258819045102521,-0.9659258262890682,0.9749279121818236,-0.22252093395631434,13.695,22
97,chinese,16.1,uptown,4.3,2,17.03,car,38.0,clear,11,41,11.683333333333334,1,0,0.258819045102521,-0.9659258262890682,0.7818314824680297,0.6234898018587336,8.515,33
150,mexican,14.6,downtown,1.0,1,8.0,scooter,435.0,rain,11,34,11.566666666666666,5,1,0.258819045102521,-0.9659258262890682,-0.9749279121818236,-0.2225209339563146,8.0,30
134,mexican,10.8,midtown,2.5,1,8.81,scooter,147.0,rain,18,17,18.283333333333335,5,1,-1.0,-1.8369701987210297e-16,-0.9749279121818236,-0.2225209339563146,8.81,31
44,indian,21.0,midtown,3.5,3,21.66,scooter,447.0,cloudy,12,11,12.183333333333334,3,0,1.2246467991473532e-16,-1.0,0.43388373911755823,-0.900968867902419,7.22,39
23,burgers,11.6,downtown,1.6,2,27.0,bike,155.0,clear,13,19,13.316666666666666,5,1,-0.2588190451025208,-0.9659258262890683,-0.9749279121818236,-0.2225209339563146,13.5,22
57,sushi,15.1,midtown,3.4,2,31.48,car,43.0,clear,13,7,13.116666666666667,2,0,-0.2588190451025208,-0.9659258262890683,0.9749279121818236,-0.22252093395631434,15.74,26
31,sushi,14.7,midtown,0.9,2,31.36,scooter,1110.0,clear,19,27,19.45,3,0,-0.9659258262890684,0.2588190451025203,0.43388373911755823,-0.900968867902419,15.68,24
127,indian,15.6,downtown,2.0,2,20.95,car,5729.0,rain,20,30,20.5,4,0,-0.8660254037844386,0.5,-0.433883739117558,-0.9009688679024191,10.475,25
75,mexican,13.3,midtown,4.2,2,29.3,scooter,630.0,clear,11,50,11.833333333333334,1,0,0.258819045102521,-0.9659258262890682,0.7818314824680297,0.6234898018587336,14.65,28
62,salads,6.7,downtown,1.5,1,12.0,bike,2808.0,clear,12,4,12.066666666666666,3,0,1.2246467991473532e-16,-1.0,0.43388373911755823,-0.900968867902419,12.0,17
80,chinese,16.1,downtown,3.5,1,15.37,scooter,297.0,cloudy,14,32,14.533333333333333,1,0,-0.4999999999999998,-0.8660254037844388,0.7818314824680297,0.6234898018587336,15.37,33
63,pizza,12.6,downtown,2.6,1,8.52,car,330.0,clear,18,50,18.833333333333332,2,0,-1.0,-1.8369701987210297e-16,0.9749279121818236,-0.22252093395631434,8.52,25
159,pizza,15.0,uptown,4.7,5,53.8,bike,147.0,cloudy,18,7,18.116666666666667,0,0,-1.0,-1.8369701987210297e-16,0.0,1.0,10.76,45
21,pizza,17.0,midtown,3.6,2,28.9,bike,595.0,clear,22,11,22.183333333333334,2,0,-0.5000000000000004,0.8660254037844384,0.9749279121818236,-0.22252093395631434,14.45,35
144,chinese,7.6,midtown,3.3,2,16.51,car,221.0,rain,20,38,20.633333333333333,0,0,-0.8660254037844386,0.5,0.0,1.0,8.255,21
80,chinese,16.1,downtown,1.8,3,32.53,car,24.0,heavy_rain,19,28,19.466666666666665,0,0,-0.9659258262890684,0.2588190451025203,0.0,1.0,10.843333333333334,42
129,pizza,10.9,suburbs_north,7.2,1,12.03,car,1056.0,clear,19,34,19.566666666666666,6,1,-0.9659258262890684,0.2588190451025203,-0.7818314824680299,0.6234898018587334,12.03,33
148,indian,16.9,suburbs_north,6.3,1,13.99,car,10.0,clear,17,20,17.333333333333332,3,0,-0.9659258262890683,-0.25881904510252063,0.43388373911755823,-0.900968867902419,13.99,36
89,sushi,22.3,suburbs_north,6.2,1,10.19,car,73.0,heavy_rain,14,25,14.416666666666666,4,0,-0.4999999999999998,-0.8660254037844388,-0.433883739117558,-0.9009688679024191,10.19,48
2,thai,10.5,downtown,1.7,8,125.48,bike,202.0,clear,22,46,22.766666666666666,0,0,-0.5000000000000004,0.8660254037844384,0.0,1.0,15.685,23
145,pizza,12.3,suburbs_south,7.3,1,11.96,car,805.0,cloudy,13,37,13.616666666666667,3,0,-0.2588190451025208,-0.9659258262890683,0.43388373911755823,-0.900968867902419,11.96,38
129,pizza,10.9,suburbs_north,3.5,1,9.09,scooter,1569.0,clear,12,21,12.35,1,0,1.2246467991473532e-16,-1.0,0.7818314824680297,0.6234898018587336,9.09,25
156,salads,12.7,downtown,1.6,3,30.0,bike,151.0,cloudy,21,31,21.516666666666666,0,0,-0.7071067811865477,0.7071067811865474,0.0,1.0,10.0,27
6,sushi,16.8,midtown,2.7,4,40.02,scooter,325.0,clear,22,32,22.533333333333335,2,0,-0.5000000000000004,0.8660254037844384,0.9749279121818236,-0.22252093395631434,10.005,30
106,pizza,12.3,downtown,2.2,4,37.32,bike,84.0,cloudy,23,26,23.433333333333334,5,1,-0.2588190451025215,0.9659258262890681,-0.9749279121818236,-0.2225209339563146,9.33,22
58,indian,21.6,uptown,5.1,7,56.93,scooter,560.0,clear,15,58,15.966666666666667,2,0,-0.7071067811865471,-0.7071067811865479,0.9749279121818236,-0.22252093395631434,8.132857142857143,43
127,indian,15.6,downtown,2.1,5,60.53,bike,128.0,heavy_rain,13,22,13.366666666666667,0,0,-0.2588190451025208,-0.9659258262890683,0.0,1.0,12.106,40
130,mexican,15.3,downtown,2.3,2,21.47,scooter,20.0,clear,10,25,10.416666666666666,0,0,0.49999999999999994,-0.8660254037844387,0.0,1.0,10.735,22
21,pizza,17.0,midtown,2.5,3,46.63,bike,167.0,rain,18,52,18.866666666666667,2,0,-1.0,-1.8369701987210297e-16,0.9749279121818236,-0.22252093395631434,15.543333333333335,39
160,salads,5.0,uptown,3.3,4,31.88,bike,691.0,clear,13,8,13.133333333333333,1,0,-0.2588190451025208,-0.9659258262890683,0.7818314824680297,0.6234898018587336,7.97,22
80,chinese,16.1,downtown,2.5,2,19.33,car,365.0,clear,11,39,11.65,3,0,0.258819045102521,-0.9659258262890682,0.43388373911755823,-0.900968867902419,9.665,32
29,salads,9.9,midtown,4.5,5,72.41,scooter,371.0,clear,11,52,11.866666666666667,3,0,0.258819045102521,-0.9659258262890682,0.43388373911755823,-0.900968867902419,14.482,31
35,mexican,11.9,midtown,2.2,4,42.68,bike,1224.0,clear,12,5,12.083333333333334,2,0,1.2246467991473532e-16,-1.0,0.9749279121818236,-0.22252093395631434,10.67,28
139,indian,20.7,midtown,3.0,2,28.56,scooter,579.0,rain,18,33,18.55,6,1,-1.0,-1.8369701987210297e-16,-0.7818314824680299,0.6234898018587334,14.28,36
11,indian,20.4,uptown,2.4,1,8.74,scooter,116.0,cloudy,18,10,18.166666666666668,6,1,-1.0,-1.8369701987210297e-16,-0.7818314824680299,0.6234898018587334,8.74,36
149,thai,15.5,downtown,2.1,3,35.23,bike,1254.0,clear,20,32,20.533333333333335,4,0,-0.8660254037844386,0.5,-0.433883739117558,-0.9009688679024191,11.743333333333332,26
50,salads,8.2,midtown,2.2,4,63.58,bike,32.0,rain,12,32,12.533333333333333,2,0,1.2246467991473532e-16,-1.0,0.9749279121818236,-0.22252093395631434,15.895,24
159,pizza,15.0,uptown,5.5,1,9.51,scooter,180.0,rain,14,37,14.616666666666667,2,0,-0.4999999999999998,-0.8660254037844388,0.9749279121818236,-0.22252093395631434,9.51,29
93,sushi,16.7,downtown,1.1,2,17.4,car,100.0,cloudy,12,57,12.95,6,1,1.2246467991473532e-16,-1.0,-0.7818314824680299,0.6234898018587334,8.7,23
49,indian,14.4,uptown,6.1,2,30.61,scooter,1377.0,cloudy,22,21,22.35,5,1,-0.5000000000000004,0.8660254037844384,-0.9749279121818236,-0.2225209339563146,15.305,41
111,pizza,8.5,downtown,1.5,2,17.73,car,147.0,rain,14,41,14.683333333333334,6,1,-0.4999999999999998,-0.8660254037844388,-0.7818314824680299,0.6234898018587334,8.865,18
16,salads,7.8,uptown,2.9,2,16.89,scooter,48.0,clear,16,50,16.833333333333332,6,1,-0.8660254037844384,-0.5000000000000004,-0.7818314824680299,0.6234898018587334,8.445,19
107,sushi,18.0,suburbs_south,11.0,3,31.37,car,1397.0,clear,13,52,13.866666666666667,6,1,-0.2588190451025208,-0.9659258262890683,-0.7818314824680299,0.6234898018587334,10.456666666666667,53
28,indian,19.5,downtown,3.6,3,45.62,bike,355.0,rain,13,33,13.55,0,0,-0.2588190451025208,-0.9659258262890683,0.0,1.0,15.206666666666665,47
14,burgers,6.4,downtown,1.6,1,11.35,bike,65.0,rain,12,25,12.416666666666666,6,1,1.2246467991473532e-16,-1.0,-0.7818314824680299,0.6234898018587334,11.35,27
71,burgers,14.5,uptown,4.7,3,21.28,scooter,262.0,clear,18,47,18.783333333333335,6,1,-1.0,-1.8369701987210297e-16,-0.7818314824680299,0.6234898018587334,7.093333333333334,43
105,pizza,12.9,midtown,4.2,1,8.0,bike,269.0,rain,11,0,11.0,2,0,0.258819045102521,-0.9659258262890682,0.9749279121818236,-0.22252093395631434,8.0,35
129,pizza,10.9,suburbs_north,2.7,3,29.95,bike,47.0,clear,20,12,20.2,6,1,-0.8660254037844386,0.5,-0.7818314824680299,0.6234898018587334,9.983333333333333,26
134,mexican,10.8,midtown,4.6,2,17.55,bike,329.0,cloudy,19,23,19.383333333333333,1,0,-0.9659258262890684,0.2588190451025203,0.7818314824680297,0.6234898018587336,8.775,33
83,salads,8.7,midtown,4.1,6,92.55,car,449.0,cloudy,13,24,13.4,0,0,-0.2588190451025208,-0.9659258262890683,0.0,1.0,15.424999999999999,27
81,sushi,17.4,downtown,2.5,2,26.82,scooter,30.0,cloudy,19,37,19.616666666666667,5,1,-0.9659258262890684,0.2588190451025203,-0.9749279121818236,-0.2225209339563146,13.41,33
11,indian,20.4,uptown,4.9,4,55.95,car,53.0,clear,15,30,15.5,6,1,-0.7071067811865471,-0.7071067811865479,-0.7818314824680299,0.6234898018587334,13.9875,42
115,thai,13.4,downtown,2.4,2,28.67,scooter,50.0,clear,11,19,11.316666666666666,6,1,0.258819045102521,-0.9659258262890682,-0.7818314824680299,0.6234898018587334,14.335,29
106,pizza,12.3,downtown,2.3,2,14.23,scooter,57.0,clear,20,31,20.516666666666666,2,0,-0.8660254037844386,0.5,0.9749279121818236,-0.22252093395631434,7.115,25
10,pizza,12.9,suburbs_north,8.4,5,39.68,car,629.0,heavy_rain,17,8,17.133333333333333,2,0,-0.9659258262890683,-0.25881904510252063,0.9749279121818236,-0.22252093395631434,7.936,42
140,chinese,17.8,downtown,1.7,6,54.68,car,83.0,clear,22,56,22.933333333333334,5,1,-0.5000000000000004,0.8660254037844384,-0.9749279121818236,-0.2225209339563146,9.113333333333333,30
134,mexican,10.8,midtown,5.0,3,46.13,scooter,491.0,clear,13,3,13.05,6,1,-0.2588190451025208,-0.9659258262890683,-0.7818314824680299,0.6234898018587334,15.376666666666667,33
95,pizza,11.9,suburbs_south,3.3,2,15.84,scooter,157.0,clear,13,28,13.466666666666667,4,0,-0.2588190451025208,-0.9659258262890683,-0.433883739117558,-0.9009688679024191,7.92,31
93,sushi,16.7,downtown,2.4,2,24.35,bike,146.0,clear,13,39,13.65,2,0,-0.2588190451025208,-0.9659258262890683,0.9749279121818236,-0.22252093395631434,12.175,34
72,burgers,12.2,suburbs_south,6.3,2,25.35,car,2683.0,cloudy,21,16,21.266666666666666,5,1,-0.7071067811865477,0.7071067811865474,-0.9749279121818236,-0.2225209339563146,12.675,75
33,sushi,21.1,midtown,2.0,2,27.57,scooter,684.0,cloudy,21,41,21.683333333333334,6,1,-0.7071067811865477,0.7071067811865474,-0.7818314824680299,0.6234898018587334,13.785,34
46,indian,19.4,downtown,3.4,3,42.16,car,27.0,cloudy,20,54,20.9,0,0,-0.8660254037844386,0.5,0.0,1.0,14.053333333333333,39
95,pizza,11.9,suburbs_south,8.8,2,14.96,car,96.0,clear,12,21,12.35,0,0,1.2246467991473532e-16,-1.0,0.0,1.0,7.48,37
37,pizza,17.5,midtown,4.9,3,34.84,scooter,83.0,cloudy,21,48,21.8,1,0,-0.7071067811865477,0.7071067811865474,0.7818314824680297,0.6234898018587336,11.613333333333335,38
100,pizza,12.8,uptown,3.9,3,33.3,scooter,44.0,cloudy,14,20,14.333333333333334,1,0,-0.4999999999999998,-0.8660254037844388,0.7818314824680297,0.6234898018587336,11.1,24
92,thai,7.0,uptown,6.2,7,77.93,car,99.0,clear,21,13,21.216666666666665,2,0,-0.7071067811865477,0.7071067811865474,0.9749279121818236,-0.22252093395631434,11.132857142857144,30
47,mexican,14.1,downtown,2.2,1,14.51,bike,54.0,rain,11,48,11.8,2,0,0.258819045102521,-0.9659258262890682,0.9749279121818236,-0.22252093395631434,14.51,32
7,thai,17.1,midtown,1.5,2,31.54,scooter,42.0,clear,12,39,12.65,6,1,1.2246467991473532e-16,-1.0,-0.7818314824680299,0.6234898018587334,15.77,29
149,thai,15.5,downtown,2.2,2,14.42,scooter,136.0,heavy_rain,19,14,19.233333333333334,4,0,-0.9659258262890684,0.2588190451025203,-0.433883739117558,-0.9009688679024191,7.21,33
94,sushi,20.2,downtown,1.5,1,14.71,bike,248.0,clear,12,23,12.383333333333333,4,0,1.2246467991473532e-16,-1.0,-0.433883739117558,-0.9009688679024191,14.71,34
50,salads,8.2,midtown,3.4,1,10.21,bike,41.0,clear,12,28,12.466666666666667,5,1,1.2246467991473532e-16,-1.0,-0.9749279121818236,-0.2225209339563146,10.21,25
120,pizza,12.2,downtown,1.2,2,18.26,scooter,23.0,clear,12,38,12.633333333333333,1,0,1.2246467991473532e-16,-1.0,0.7818314824680297,0.6234898018587336,9.13,21
75,mexican,13.3,midtown,1.0,2,28.5,bike,887.0,cloudy,18,23,18.383333333333333,6,1,-1.0,-1.8369701987210297e-16,-0.7818314824680299,0.6234898018587334,14.25,31
129,pizza,10.9,suburbs_north,8.6,2,21.98,scooter,382.0,clear,15,45,15.75,1,0,-0.7071067811865471,-0.7071067811865479,0.7818314824680297,0.6234898018587336,10.99,36
2,thai,10.5,downtown,1.1,3,31.65,bike,667.0,clear,13,28,13.466666666666667,6,1,-0.2588190451025208,-0.9659258262890683,-0.7818314824680299,0.6234898018587334,10.549999999999999,20
160,salads,5.0,uptown,4.2,1,12.83,scooter,609.0,clear,14,42,14.7,4,0,-0.4999999999999998,-0.8660254037844388,-0.433883739117558,-0.9009688679024191,12.83,20
56,thai,13.0,downtown,2.2,2,30.22,scooter,509.0,heavy_rain,21,21,21.35,5,1,-0.7071067811865477,0.7071067811865474,-0.9749279121818236,-0.2225209339563146,15.11,29
159,pizza,15.0,uptown,4.0,7,49.2,bike,238.0,heavy_rain,18,41,18.683333333333334,1,0,-1.0,-1.8369701987210297e-16,0.7818314824680297,0.6234898018587336,7.028571428571429,53
68,thai,11.9,uptown,1.5,2,25.32,scooter,352.0,clear,10,44,10.733333333333333,1,0,0.49999999999999994,-0.8660254037844387,0.7818314824680297,0.6234898018587336,12.66,16
144,chinese,7.6,midtown,1.9,1,12.36,car,1007.0,cloudy,19,33,19.55,5,1,-0.9659258262890684,0.2588190451025203,-0.9749279121818236,-0.2225209339563146,12.36,16
159,pizza,15.0,uptown,4.1,3,43.63,car,371.0,clear,19,7,19.116666666666667,0,0,-0.9659258262890684,0.2588190451025203,0.0,1.0,14.543333333333335,29
33,sushi,21.1,midtown,2.9,4,37.86,car,10.0,cloudy,18,28,18.466666666666665,3,0,-1.0,-1.8369701987210297e-16,0.43388373911755823,-0.900968867902419,9.465,34
154,salads,8.5,midtown,3.6,7,61.17,bike,220.0,clear,17,19,17.316666666666666,0,0,-0.9659258262890683,-0.25881904510252063,0.0,1.0,8.73857142857143,28
112,sushi,18.2,downtown,2.1,2,21.91,bike,362.0,cloudy,20,11,20.183333333333334,6,1,-0.8660254037844386,0.5,-0.7818314824680299,0.6234898018587334,10.955,32
139,indian,20.7,midtown,2.0,1,15.14,car,66.0,cloudy,22,41,22.683333333333334,1,0,-0.5000000000000004,0.8660254037844384,0.7818314824680297,0.6234898018587336,15.14,26
77,pizza,11.4,uptown,3.2,3,37.15,scooter,795.0,heavy_rain,18,14,18.233333333333334,5,1,-1.0,-1.8369701987210297e-16,-0.9749279121818236,-0.2225209339563146,12.383333333333333,35
10,pizza,12.9,suburbs_north,10.4,3,28.31,scooter,62.0,clear,11,16,11.266666666666667,5,1,0.258819045102521,-0.9659258262890682,-0.9749279121818236,-0.2225209339563146,9.436666666666666,51
32,thai,16.7,uptown,6.7,2,24.94,scooter,397.0,clear,13,6,13.1,5,1,-0.2588190451025208,-0.9659258262890683,-0.9749279121818236,-0.2225209339563146,12.47,46
147,chinese,17.7,midtown,2.0,3,39.4,bike,127.0,clear,22,30,22.5,2,0,-0.5000000000000004,0.8660254037844384,0.9749279121818236,-0.22252093395631434,13.133333333333333,32
96,thai,15.7,downtown,1.2,2,31.66,car,58.0,clear,19,35,19.583333333333332,0,0,-0.9659258262890684,0.2588190451025203,0.0,1.0,15.83,26
85,pizza,11.8,uptown,2.1,2,24.47,scooter,76.0,clear,12,1,12.016666666666667,0,0,1.2246467991473532e-16,-1.0,0.0,1.0,12.235,22
124,indian,17.6,downtown,1.6,3,38.26,bike,1430.0,cloudy,21,19,21.316666666666666,3,0,-0.7071067811865477,0.7071067811865474,0.43388373911755823,-0.900968867902419,12.753333333333332,29
112,sushi,18.2,downtown,2.3,1,8.34,scooter,157.0,clear,14,9,14.15,6,1,-0.4999999999999998,-0.8660254037844388,-0.7818314824680299,0.6234898018587334,8.34,28
98,salads,11.1,midtown,1.8,5,78.16,bike,42.0,clear,18,2,18.033333333333335,6,1,-1.0,-1.8369701987210297e-16,-0.7818314824680299,0.6234898018587334,15.632,26
11,indian,20.4,uptown,4.2,2,26.51,scooter,147.0,clear,20,9,20.15,0,0,-0.8660254037844386,0.5,0.0,1.0,13.255,37
133,chinese,15.9,suburbs_north,10.2,2,19.77,car,124.0,clear,18,24,18.4,0,0,-1.0,-1.8369701987210297e-16,0.0,1.0,9.885,46
100,pizza,12.8,uptown,4.1,2,20.91,bike,118.0,cloudy,22,29,22.483333333333334,4,0,-0.5000000000000004,0.8660254037844384,-0.433883739117558,-0.9009688679024191,10.455,33
133,chinese,15.9,suburbs_north,5.3,3,45.96,car,17.0,clear,13,9,13.15,6,1,-0.2588190451025208,-0.9659258262890683,-0.7818314824680299,0.6234898018587334,15.32,38
109,burgers,10.0,downtown,1.0,2,19.33,bike,153.0,clear,12,35,12.583333333333334,0,0,1.2246467991473532e-16,-1.0,0.0,1.0,9.665,14
106,pizza,12.3,downtown,1.2,3,44.22,scooter,635.0,cloudy,13,14,13.233333333333333,1,0,-0.2588190451025208,-0.9659258262890683,0.7818314824680297,0.6234898018587336,14.74,23
8,burgers,12.1,uptown,3.9,3,41.77,bike,82.0,rain,17,8,17.133333333333333,2,0,-0.9659258262890683,-0.25881904510252063,0.9749279121818236,-0.22252093395631434,13.923333333333334,33
96,thai,15.7,downtown,1.8,1,15.81,car,172.0,clear,18,48,18.8,1,0,-1.0,-1.8369701987210297e-16,0.7818314824680297,0.6234898018587336,15.81,22
158,indian,12.1,midtown,1.1,6,44.76,scooter,188.0,clear,18,7,18.116666666666667,3,0,-1.0,-1.8369701987210297e-16,0.43388373911755823,-0.900968867902419,7.46,20
97,chinese,16.1,uptown,2.2,4,30.26,scooter,26.0,rain,18,9,18.15,5,1,-1.0,-1.8369701987210297e-16,-0.9749279121818236,-0.2225209339563146,7.565,36
17,thai,9.8,uptown,3.0,4,58.49,bike,74.0,rain,16,44,16.733333333333334,6,1,-0.8660254037844384,-0.5000000000000004,-0.7818314824680299,0.6234898018587334,14.6225,28
37,pizza,17.5,midtown,4.1,1,15.74,car,329.0,cloudy,14,58,14.966666666666667,6,1,-0.4999999999999998,-0.8660254037844388,-0.7818314824680299,0.6234898018587334,15.74,32
98,salads,11.1,midtown,2.7,2,29.29,scooter,127.0,rain,15,25,15.416666666666666,6,1,-0.7071067811865471,-0.7071067811865479,-0.7818314824680299,0.6234898018587334,14.645,30
18,indian,20.8,suburbs_south,3.8,6,91.35,scooter,576.0,cloudy,19,39,19.65,3,0,-0.9659258262890684,0.2588190451025203,0.43388373911755823,-0.900968867902419,15.225,44
99,thai,13.4,midtown,3.2,2,26.39,bike,58.0,heavy_rain,20,30,20.5,0,0,-0.8660254037844386,0.5,0.0,1.0,13.195,38
61,thai,18.0,suburbs_north,8.4,4,51.66,car,44.0,clear,11,40,11.666666666666666,0,0,0.258819045102521,-0.9659258262890682,0.0,1.0,12.915,49
142,indian,20.4,midtown,3.8,5,67.3,car,258.0,clear,13,51,13.85,3,0,-0.2588190451025208,-0.9659258262890683,0.43388373911755823,-0.900968867902419,13.459999999999999,37
112,sushi,18.2,downtown,3.3,3,24.62,bike,19.0,clear,17,48,17.8,3,0,-0.9659258262890683,-0.25881904510252063,0.43388373911755823,-0.900968867902419,8.206666666666667,34
157,burgers,16.3,suburbs_south,5.7,3,36.37,bike,39.0,clear,22,21,22.35,5,1,-0.5000000000000004,0.8660254037844384,-0.9749279121818236,-0.2225209339563146,12.123333333333333,45
68,thai,11.9,uptown,3.9,3,37.28,bike,1989.0,cloudy,12,15,12.25,4,0,1.2246467991473532e-16,-1.0,-0.433883739117558,-0.9009688679024191,12.426666666666668,28
156,salads,12.7,downtown,1.6,4,32.67,bike,2095.0,clear,13,30,13.5,5,1,-0.2588190451025208,-0.9659258262890683,-0.9749279121818236,-0.2225209339563146,8.1675,31
28,indian,19.5,downtown,1.5,1,8.0,car,83.0,clear,19,22,19.366666666666667,3,0,-0.9659258262890684,0.2588190451025203,0.43388373911755823,-0.900968867902419,8.0,23
125,sushi,18.8,uptown,4.7,2,24.61,bike,30.0,heavy_rain,20,56,20.933333333333334,2,0,-0.8660254037844386,0.5,0.9749279121818236,-0.22252093395631434,12.305,59
125,sushi,18.8,uptown,2.3,2,23.53,scooter,27.0,clear,19,25,19.416666666666668,3,0,-0.9659258262890684,0.2588190451025203,0.43388373911755823,-0.900968867902419,11.765,35
145,pizza,12.3,suburbs_south,9.8,1,14.03,car,810.0,clear,13,48,13.8,5,1,-0.2588190451025208,-0.9659258262890683,-0.9749279121818236,-0.2225209339563146,14.03,42
49,indian,14.4,uptown,3.1,6,91.82,scooter,49.0,clear,18,28,18.466666666666665,3,0,-1.0,-1.8369701987210297e-16,0.43388373911755823,-0.900968867902419,15.303333333333333,35
31,sushi,14.7,midtown,4.4,1,14.54,car,244.0,clear,14,5,14.083333333333334,1,0,-0.4999999999999998,-0.8660254037844388,0.7818314824680297,0.6234898018587336,14.54,31
83,salads,8.7,midtown,2.1,1,14.76,bike,255.0,cloudy,13,6,13.1,4,0,-0.2588190451025208,-0.9659258262890683,-0.433883739117558,-0.9009688679024191,14.76,20
84,chinese,11.5,suburbs_south,5.7,5,73.41,scooter,460.0,cloudy,18,37,18.616666666666667,5,1,-1.0,-1.8369701987210297e-16,-0.9749279121818236,-0.2225209339563146,14.681999999999999,33
93,sushi,16.7,downtown,1.8,1,9.34,bike,38.0,clear,15,50,15.833333333333334,2,0,-0.7071067811865471,-0.7071067811865479,0.9749279121818236,-0.22252093395631434,9.34,26
112,sushi,18.2,downtown,2.9,2,29.15,bike,9.0,clear,12,45,12.75,5,1,1.2246467991473532e-16,-1.0,-0.9749279121818236,-0.2225209339563146,14.575,40
23,burgers,11.6,downtown,2.6,4,43.73,bike,51.0,clear,16,8,16.133333333333333,4,0,-0.8660254037844384,-0.5000000000000004,-0.433883739117558,-0.9009688679024191,10.9325,29
102,indian,17.4,uptown,4.4,2,18.44,bike,11.0,rain,10,49,10.816666666666666,6,1,0.49999999999999994,-0.8660254037844387,-0.7818314824680299,0.6234898018587334,9.22,48
37,pizza,17.5,midtown,2.2,2,31.62,scooter,26.0,rain,20,51,20.85,3,0,-0.8660254037844386,0.5,0.43388373911755823,-0.900968867902419,15.81,35
56,thai,13.0,downtown,2.5,2,26.88,bike,125.0,rain,16,30,16.5,4,0,-0.8660254037844384,-0.5000000000000004,-0.433883739117558,-0.9009688679024191,13.44,26
14,burgers,6.4,downtown,1.2,4,48.75,scooter,25.0,clear,22,5,22.083333333333332,5,1,-0.5000000000000004,0.8660254037844384,-0.9749279121818236,-0.2225209339563146,12.1875,13
138,thai,16.2,uptown,4.5,1,13.72,scooter,6.0,heavy_rain,20,41,20.683333333333334,3,0,-0.8660254037844386,0.5,0.43388373911755823,-0.900968867902419,13.72,37
82,salads,9.2,midtown,2.2,1,14.59,scooter,268.0,clear,20,58,20.966666666666665,5,1,-0.8660254037844386,0.5,-0.9749279121818236,-0.2225209339563146,14.59,17
55,salads,5.0,midtown,4.5,3,41.08,car,77.0,clear,19,5,19.083333333333332,1,0,-0.9659258262890684,0.2588190451025203,0.7818314824680297,0.6234898018587336,13.693333333333333,23
42,pizza,16.7,downtown,1.5,3,47.24,scooter,252.0,clear,19,32,19.533333333333335,1,0,-0.9659258262890684,0.2588190451025203,0.7818314824680297,0.6234898018587336,15.746666666666668,28
79,salads,10.0,midtown,3.6,5,39.93,bike,1405.0,cloudy,15,40,15.666666666666666,1,0,-0.7071067811865471,-0.7071067811865479,0.7818314824680297,0.6234898018587336,7.986,32
112,sushi,18.2,downtown,1.0,2,24.07,bike,163.0,rain,11,23,11.383333333333333,3,0,0.258819045102521,-0.9659258262890682,0.43388373911755823,-0.900968867902419,12.035,34
41,thai,19.0,downtown,2.7,2,28.89,car,1507.0,cloudy,10,15,10.25,2,0,0.49999999999999994,-0.8660254037844387,0.9749279121818236,-0.22252093395631434,14.445,30
7,thai,17.1,midtown,3.8,3,27.98,scooter,233.0,clear,17,40,17.666666666666668,6,1,-0.9659258262890683,-0.25881904510252063,-0.7818314824680299,0.6234898018587334,9.326666666666666,39
125,sushi,18.8,uptown,3.2,2,31.79,bike,1058.0,cloudy,13,37,13.616666666666667,5,1,-0.2588190451025208,-0.9659258262890683,-0.9749279121818236,-0.2225209339563146,15.895,36
66,sushi,18.7,midtown,4.2,1,15.96,scooter,103.0,cloudy,13,29,13.483333333333333,2,0,-0.2588190451025208,-0.9659258262890683,0.9749279121818236,-0.22252093395631434,15.96,36
116,sushi,16.4,downtown,1.3,5,77.22,bike,190.0,rain,18,39,18.65,0,0,-1.0,-1.8369701987210297e-16,0.0,1.0,15.443999999999999,32
62,salads,6.7,downtown,1.3,3,43.47,scooter,20.0,clear,10,49,10.816666666666666,5,1,0.49999999999999994,-0.8660254037844387,-0.9749279121818236,-0.2225209339563146,14.49,13
126,pizza,12.0,midtown,3.3,4,29.59,scooter,62.0,heavy_rain,17,25,17.416666666666668,2,0,-0.9659258262890683,-0.25881904510252063,0.9749279121818236,-0.22252093395631434,7.3975,29
100,pizza,12.8,uptown,3.7,4,51.98,scooter,268.0,cloudy,11,16,11.266666666666667,0,0,0.258819045102521,-0.9659258262890682,0.0,1.0,12.995,34
54,salads,9.4,downtown,1.8,2,27.58,bike,103.0,clear,21,48,21.8,1,0,-0.7071067811865477,0.7071067811865474,0.7818314824680297,0.6234898018587336,13.79,79
27,thai,16.7,downtown,2.0,3,23.68,bike,32.0,cloudy,21,28,21.466666666666665,4,0,-0.7071067811865477,0.7071067811865474,-0.433883739117558,-0.9009688679024191,7.8933333333333335,27
86,chinese,11.8,suburbs_south,6.5,5,73.34,scooter,132.0,clear,19,2,19.033333333333335,1,0,-0.9659258262890684,0.2588190451025203,0.7818314824680297,0.6234898018587336,14.668000000000001,34
154,salads,8.5,midtown,3.2,2,21.67,bike,716.0,clear,13,11,13.183333333333334,1,0,-0.2588190451025208,-0.9659258262890683,0.7818314824680297,0.6234898018587336,10.835,24
125,sushi,18.8,uptown,2.1,1,15.29,scooter,405.0,clear,13,20,13.333333333333334,4,0,-0.2588190451025208,-0.9659258262890683,-0.433883739117558,-0.9009688679024191,15.29,27
71,burgers,14.5,uptown,2.6,3,46.77,car,924.0,clear,18,29,18.483333333333334,3,0,-1.0,-1.8369701987210297e-16,0.43388373911755823,-0.900968867902419,15.590000000000002,26
43,chinese,12.4,uptown,2.2,3,21.65,scooter,172.0,cloudy,21,9,21.15,5,1,-0.7071067811865477,0.7071067811865474,-0.9749279121818236,-0.2225209339563146,7.216666666666666,17
33,sushi,21.1,midtown,4.7,2,30.96,car,4952.0,rain,23,12,23.2,5,1,-0.2588190451025215,0.9659258262890681,-0.9749279121818236,-0.2225209339563146,15.48,44
77,pizza,11.4,uptown,3.1,3,27.53,scooter,99.0,clear,18,18,18.3,2,0,-1.0,-1.8369701987210297e-16,0.9749279121818236,-0.22252093395631434,9.176666666666668,25
9,thai,12.6,suburbs_south,12.9,1,8.0,car,202.0,clear,11,39,11.65,3,0,0.258819045102521,-0.9659258262890682,0.43388373911755823,-0.900968867902419,8.0,56
69,salads,8.8,midtown,3.7,7,78.85,scooter,378.0,clear,23,21,23.35,1,0,-0.2588190451025215,0.9659258262890681,0.7818314824680297,0.6234898018587336,11.264285714285714,34
38,pizza,16.9,midtown,3.0,3,45.48,scooter,603.0,clear,20,14,20.233333333333334,4,0,-0.8660254037844386,0.5,-0.433883739117558,-0.9009688679024191,15.159999999999998,29
37,pizza,17.5,midtown,1.4,4,36.34,scooter,34.0,heavy_rain,19,9,19.15,1,0,-0.9659258262890684,0.2588190451025203,0.7818314824680297,0.6234898018587336,9.085,30
134,mexican,10.8,midtown,1.8,2,14.25,scooter,345.0,cloudy,10,24,10.4,6,1,0.49999999999999994,-0.8660254037844387,-0.7818314824680299,0.6234898018587334,7.125,22
74,thai,18.7,downtown,2.2,3,28.05,bike,152.0,clear,13,27,13.45,6,1,-0.2588190451025208,-0.9659258262890683,-0.7818314824680299,0.6234898018587334,9.35,37
35,mexican,11.9,midtown,1.2,4,46.6,scooter,448.0,cloudy,16,43,16.716666666666665,4,0,-0.8660254037844384,-0.5000000000000004,-0.433883739117558,-0.9009688679024191,11.65,19
4,pizza,14.0,suburbs_south,9.9,3,41.9,car,37.0,clear,11,9,11.15,3,0,0.258819045102521,-0.9659258262890682,0.43388373911755823,-0.900968867902419,13.966666666666667,47
40,pizza,18.4,midtown,3.6,2,26.6,bike,41.0,clear,18,34,18.566666666666666,5,1,-1.0,-1.8369701987210297e-16,-0.9749279121818236,-0.2225209339563146,13.3,41
64,mexican,11.6,suburbs_north,8.0,2,22.38,car,1165.0,clear,12,37,12.616666666666667,3,0,1.2246467991473532e-16,-1.0,0.43388373911755823,-0.900968867902419,11.19,35
10,pizza,12.9,suburbs_north,10.6,3,24.0,scooter,155.0,cloudy,13,42,13.7,2,0,-0.2588190451025208,-0.9659258262890683,0.9749279121818236,-0.22252093395631434,8.0,55
123,salads,7.7,uptown,5.3,1,9.37,scooter,152.0,clear,19,51,19.85,1,0,-0.9659258262890684,0.2588190451025203,0.7818314824680297,0.6234898018587336,9.37,29
4,pizza,14.0,suburbs_south,3.5,2,15.09,scooter,2189.0,clear,13,12,13.2,5,1,-0.2588190451025208,-0.9659258262890683,-0.9749279121818236,-0.2225209339563146,7.545,31
98,salads,11.1,midtown,1.3,4,38.15,car,100.0,clear,19,40,19.666666666666668,0,0,-0.9659258262890684,0.2588190451025203,0.0,1.0,9.5375,22
41,thai,19.0,downtown,1.8,5,63.06,car,191.0,clear,10,28,10.466666666666667,0,0,0.49999999999999994,-0.8660254037844387,0.0,1.0,12.612,29
44,indian,21.0,midtown,4.2,2,26.4,bike,147.0,clear,12,16,12.266666666666667,0,0,1.2246467991473532e-16,-1.0,0.0,1.0,13.2,50
92,thai,7.0,uptown,4.2,2,21.29,car,158.0,cloudy,18,34,18.566666666666666,4,0,-1.0,-1.8369701987210297e-16,-0.433883739117558,-0.9009688679024191,10.645,21
132,mexican,13.3,downtown,1.6,2,26.27,bike,619.0,cloudy,19,51,19.85,4,0,-0.9659258262890684,0.2588190451025203,-0.433883739117558,-0.9009688679024191,13.135,30
22,mexican,9.1,suburbs_south,8.4,3,36.81,car,94.0,clear,20,16,20.266666666666666,4,0,-0.8660254037844386,0.5,-0.433883739117558,-0.9009688679024191,12.270000000000001,27
18,indian,20.8,suburbs_south,5.3,2,14.08,bike,155.0,rain,17,52,17.866666666666667,4,0,-0.9659258262890683,-0.25881904510252063,-0.433883739117558,-0.9009688679024191,7.04,49
52,mexican,5.5,uptown,4.8,3,43.3,scooter,364.0,cloudy,20,18,20.3,6,1,-0.8660254037844386,0.5,-0.7818314824680299,0.6234898018587334,14.433333333333332,22
157,burgers,16.3,suburbs_south,2.8,5,48.58,car,355.0,rain,23,57,23.95,4,0,-0.2588190451025215,0.9659258262890681,-0.433883739117558,-0.9009688679024191,9.716,34
85,pizza,11.8,uptown,4.4,3,39.14,bike,18.0,clear,20,57,20.95,4,0,-0.8660254037844386,0.5,-0.433883739117558,-0.9009688679024191,13.046666666666667,40
5,mexican,12.4,uptown,3.6,2,31.83,bike,137.0,cloudy,19,48,19.8,6,1,-0.9659258262890684,0.2588190451025203,-0.7818314824680299,0.6234898018587334,15.915,34
130,mexican,15.3,downtown,1.7,2,16.35,car,115.0,rain,17,51,17.85,1,0,-0.9659258262890683,-0.25881904510252063,0.7818314824680297,0.6234898018587336,8.175,22
94,sushi,20.2,downtown,1.2,2,20.14,scooter,891.0,clear,22,32,22.533333333333335,0,0,-0.5000000000000004,0.8660254037844384,0.0,1.0,10.07,28
147,chinese,17.7,midtown,1.8,2,29.59,bike,53.0,cloudy,20,24,20.4,6,1,-0.8660254037844386,0.5,-0.7818314824680299,0.6234898018587334,14.795,38
75,mexican,13.3,midtown,5.1,8,113.47,bike,48.0,clear,20,26,20.433333333333334,3,0,-0.8660254037844386,0.5,0.43388373911755823,-0.900968867902419,14.18375,43
10,pizza,12.9,suburbs_north,10.9,3,42.24,car,96.0,clear,19,1,19.016666666666666,0,0,-0.9659258262890684,0.2588190451025203,0.0,1.0,14.08,51
41,thai,19.0,downtown,1.1,2,21.16,bike,237.0,clear,10,40,10.666666666666666,1,0,0.49999999999999994,-0.8660254037844387,0.7818314824680297,0.6234898018587336,10.58,22
120,pizza,12.2,downtown,2.9,5,66.14,car,74.0,clear,10,54,10.9,5,1,0.49999999999999994,-0.8660254037844387,-0.9749279121818236,-0.2225209339563146,13.228,30
103,thai,16.4,midtown,1.7,2,15.7,scooter,637.0,clear,16,45,16.75,2,0,-0.8660254037844384,-0.5000000000000004,0.9749279121818236,-0.22252093395631434,7.85,22
54,salads,9.4,downtown,1.5,3,47.66,scooter,479.0,clear,10,37,10.616666666666667,2,0,0.49999999999999994,-0.8660254037844387,0.9749279121818236,-0.22252093395631434,15.886666666666665,15
94,sushi,20.2,downtown,3.3,2,29.58,car,10.0,clear,15,18,15.3,4,0,-0.7071067811865471,-0.7071067811865479,-0.433883739117558,-0.9009688679024191,14.79,30
99,thai,13.4,midtown,3.2,5,46.24,car,50.0,clear,17,58,17.966666666666665,6,1,-0.9659258262890683,-0.25881904510252063,-0.7818314824680299,0.6234898018587334,9.248000000000001,22
8,burgers,12.1,uptown,3.2,2,15.55,car,900.0,clear,19,18,19.3,2,0,-0.9659258262890684,0.2588190451025203,0.9749279121818236,-0.22252093395631434,7.775,23
15,indian,18.1,midtown,2.1,3,31.5,bike,71.0,clear,13,7,13.116666666666667,0,0,-0.2588190451025208,-0.9659258262890683,0.0,1.0,10.5,37
119,indian,16.8,suburbs_south,2.6,1,9.36,car,1375.0,cloudy,13,13,13.216666666666667,0,0,-0.2588190451025208,-0.9659258262890683,0.0,1.0,9.36,31
93,sushi,16.7,downtown,1.6,2,20.14,bike,246.0,clear,14,26,14.433333333333334,6,1,-0.4999999999999998,-0.8660254037844388,-0.7818314824680299,0.6234898018587334,10.07,27
44,indian,21.0,midtown,3.2,4,61.55,bike,144.0,heavy_rain,19,53,19.883333333333333,5,1,-0.9659258262890684,0.2588190451025203,-0.9749279121818236,-0.2225209339563146,15.3875,51
90,sushi,20.7,midtown,1.6,2,24.07,car,77.0,clear,19,38,19.633333333333333,3,0,-0.9659258262890684,0.2588190451025203,0.43388373911755823,-0.900968867902419,12.035,30
69,salads,8.8,midtown,2.1,2,26.74,bike,289.0,clear,18,22,18.366666666666667,3,0,-1.0,-1.8369701987210297e-16,0.43388373911755823,-0.900968867902419,13.37,19
115,thai,13.4,downtown,2.6,4,36.75,car,105.0,cloudy,15,56,15.933333333333334,1,0,-0.7071067811865471,-0.7071067811865479,0.7818314824680297,0.6234898018587336,9.1875,23
132,mexican,13.3,downtown,0.8,2,15.0,bike,310.0,rain,19,2,19.033333333333335,5,1,-0.9659258262890684,0.2588190451025203,-0.9749279121818236,-0.2225209339563146,7.5,20
106,pizza,12.3,downtown,1.3,6,81.76,car,86.0,clear,18,33,18.55,0,0,-1.0,-1.8369701987210297e-16,0.0,1.0,13.626666666666667,17
90,sushi,20.7,midtown,1.9,4,41.69,car,20.0,clear,18,31,18.516666666666666,5,1,-1.0,-1.8369701987210297e-16,-0.9749279121818236,-0.2225209339563146,10.4225,37
93,sushi,16.7,downtown,2.3,2,15.63,car,1894.0,clear,18,56,18.933333333333334,0,0,-1.0,-1.8369701987210297e-16,0.0,1.0,7.815,30
115,thai,13.4,downtown,1.8,6,43.76,scooter,54.0,clear,21,9,21.15,5,1,-0.7071067811865477,0.7071067811865474,-0.9749279121818236,-0.2225209339563146,7.293333333333333,25
156,salads,12.7,downtown,0.7,3,36.51,scooter,44.0,clear,10,42,10.7,4,0,0.49999999999999994,-0.8660254037844387,-0.433883739117558,-0.9009688679024191,12.17,18
58,indian,21.6,uptown,6.1,1,9.04,car,122.0,clear,11,43,11.716666666666667,1,0,0.258819045102521,-0.9659258262890682,0.7818314824680297,0.6234898018587336,9.04,37
146,thai,14.2,uptown,2.0,3,30.01,scooter,147.0,cloudy,12,24,12.4,1,0,1.2246467991473532e-16,-1.0,0.7818314824680297,0.6234898018587336,10.003333333333334,27
130,mexican,15.3,downtown,3.4,1,11.08,bike,4.0,rain,12,18,12.3,1,0,1.2246467991473532e-16,-1.0,0.7818314824680297,0.6234898018587336,11.08,38
122,indian,20.0,midtown,3.2,2,21.65,bike,132.0,clear,11,44,11.733333333333333,1,0,0.258819045102521,-0.9659258262890682,0.7818314824680297,0.6234898018587336,10.825,34
77,pizza,11.4,uptown,2.1,4,58.0,bike,42.0,clear,16,32,16.533333333333335,1,0,-0.8660254037844384,-0.5000000000000004,0.7818314824680297,0.6234898018587336,14.5,24
42,pizza,16.7,downtown,3.1,3,45.21,bike,391.0,clear,13,23,13.383333333333333,3,0,-0.2588190451025208,-0.9659258262890683,0.43388373911755823,-0.900968867902419,15.07,34
25,mexican,14.5,midtown,2.0,4,31.43,scooter,158.0,cloudy,14,56,14.933333333333334,2,0,-0.4999999999999998,-0.8660254037844388,0.9749279121818236,-0.22252093395631434,7.8575,15
15,indian,18.1,midtown,4.1,2,24.19,scooter,108.0,clear,13,9,13.15,3,0,-0.2588190451025208,-0.9659258262890683,0.43388373911755823,-0.900968867902419,12.095,35
114,chinese,12.4,suburbs_south,11.5,2,16.9,scooter,1177.0,clear,18,53,18.883333333333333,3,0,-1.0,-1.8369701987210297e-16,0.43388373911755823,-0.900968867902419,8.45,49
157,burgers,16.3,suburbs_south,2.7,8,62.03,bike,73.0,rain,11,53,11.883333333333333,0,0,0.258819045102521,-0.9659258262890682,0.0,1.0,7.75375,49
21,pizza,17.0,midtown,2.6,1,9.69,bike,595.0,clear,19,40,19.666666666666668,1,0,-0.9659258262890684,0.2588190451025203,0.7818314824680297,0.6234898018587336,9.69,29
36,burgers,11.8,downtown,3.4,5,73.68,scooter,342.0,clear,12,58,12.966666666666667,4,0,1.2246467991473532e-16,-1.0,-0.433883739117558,-0.9009688679024191,14.736,33
70,thai,14.2,suburbs_north,3.1,4,56.03,scooter,71.0,cloudy,17,28,17.466666666666665,0,0,-0.9659258262890683,-0.25881904510252063,0.0,1.0,14.0075,22
98,salads,11.1,midtown,2.0,8,86.84,scooter,69.0,clear,16,27,16.45,4,0,-0.8660254037844384,-0.5000000000000004,-0.433883739117558,-0.9009688679024191,10.855,26
30,salads,5.0,suburbs_south,2.9,2,21.19,scooter,145.0,clear,12,9,12.15,4,0,1.2246467991473532e-16,-1.0,-0.433883739117558,-0.9009688679024191,10.595,23
140,chinese,17.8,downtown,2.1,4,49.56,bike,56.0,clear,12,28,12.466666666666667,0,0,1.2246467991473532e-16,-1.0,0.0,1.0,12.39,36
11,indian,20.4,uptown,2.6,2,22.88,car,198.0,rain,17,33,17.55,3,0,-0.9659258262890683,-0.25881904510252063,0.43388373911755823,-0.900968867902419,11.44,32
156,salads,12.7,downtown,1.8,5,78.2,bike,343.0,heavy_rain,16,53,16.883333333333333,3,0,-0.8660254037844384,-0.5000000000000004,0.43388373911755823,-0.900968867902419,15.64,30
39,thai,21.0,downtown,2.9,3,28.4,scooter,362.0,rain,12,25,12.416666666666666,6,1,1.2246467991473532e-16,-1.0,-0.7818314824680299,0.6234898018587334,9.466666666666667,42
68,thai,11.9,uptown,1.9,3,42.37,scooter,57.0,clear,21,20,21.333333333333332,1,0,-0.7071067811865477,0.7071067811865474,0.7818314824680297,0.6234898018587336,14.123333333333333,25
128,chinese,6.8,uptown,3.0,3,47.36,car,119.0,clear,18,5,18.083333333333332,1,0,-1.0,-1.8369701987210297e-16,0.7818314824680297,0.6234898018587336,15.786666666666667,19
37,pizza,17.5,midtown,4.2,3,33.58,bike,647.0,clear,11,41,11.683333333333334,3,0,0.258819045102521,-0.9659258262890682,0.43388373911755823,-0.900968867902419,11.193333333333333,39
18,indian,20.8,suburbs_south,5.8,5,47.66,car,103.0,rain,21,47,21.783333333333335,2,0,-0.7071067811865477,0.7071067811865474,0.9749279121818236,-0.22252093395631434,9.532,51
141,thai,14.1,suburbs_north,3.4,2,21.65,scooter,9.0,clear,23,34,23.566666666666666,3,0,-0.2588190451025215,0.9659258262890681,0.43388373911755823,-0.900968867902419,10.825,27
7,thai,17.1,midtown,1.0,3,38.34,scooter,351.0,cloudy,19,11,19.183333333333334,4,0,-0.9659258262890684,0.2588190451025203,-0.433883739117558,-0.9009688679024191,12.780000000000001,28
94,sushi,20.2,downtown,0.9,5,40.18,scooter,48.0,clear,20,8,20.133333333333333,4,0,-0.8660254037844386,0.5,-0.433883739117558,-0.9009688679024191,8.036,44
88,burgers,8.9,suburbs_south,7.5,2,27.96,scooter,259.0,clear,15,52,15.866666666666667,5,1,-0.7071067811865471,-0.7071067811865479,-0.9749279121818236,-0.2225209339563146,13.98,33
139,indian,20.7,midtown,1.4,4,46.56,bike,174.0,clear,16,21,16.35,4,0,-0.8660254037844384,-0.5000000000000004,-0.433883739117558,-0.9009688679024191,11.64,32
53,thai,11.5,midtown,3.0,1,8.65,bike,62.0,clear,21,38,21.633333333333333,3,0,-0.7071067811865477,0.7071067811865474,0.43388373911755823,-0.900968867902419,8.65,26
96,thai,15.7,downtown,2.4,4,38.48,bike,75.0,rain,18,28,18.466666666666665,2,0,-1.0,-1.8369701987210297e-16,0.9749279121818236,-0.22252093395631434,9.62,38
153,salads,5.0,suburbs_south,9.2,3,31.62,car,110.0,clear,12,43,12.716666666666667,2,0,1.2246467991473532e-16,-1.0,0.9749279121818236,-0.22252093395631434,10.540000000000001,32
99,thai,13.4,midtown,1.6,1,9.21,bike,177.0,heavy_rain,14,59,14.983333333333333,3,0,-0.4999999999999998,-0.8660254037844388,0.43388373911755823,-0.900968867902419,9.21,25
110,thai,12.5,suburbs_north,6.8,2,26.03,scooter,250.0,clear,11,1,11.016666666666667,4,0,0.258819045102521,-0.9659258262890682,-0.433883739117558,-0.9009688679024191,13.015,39
156,salads,12.7,downtown,1.5,3,35.86,car,258.0,rain,10,24,10.4,0,0,0.49999999999999994,-0.8660254037844387,0.0,1.0,11.953333333333333,21
36,burgers,11.8,downtown,2.6,1,9.77,bike,335.0,cloudy,17,3,17.05,0,0,-0.9659258262890683,-0.25881904510252063,0.0,1.0,9.77,23
116,sushi,16.4,downtown,1.9,3,29.49,scooter,384.0,clear,12,43,12.716666666666667,3,0,1.2246467991473532e-16,-1.0,0.43388373911755823,-0.900968867902419,9.83,31
41,thai,19.0,downtown,2.4,5,54.24,bike,192.0,cloudy,20,21,20.35,3,0,-0.8660254037844386,0.5,0.43388373911755823,-0.900968867902419,10.848,37
6,sushi,16.8,midtown,3.3,3,29.18,scooter,9.0,clear,20,18,20.3,3,0,-0.8660254037844386,0.5,0.43388373911755823,-0.900968867902419,9.726666666666667,39
107,sushi,18.0,suburbs_south,9.3,1,10.48,scooter,213.0,cloudy,19,49,19.816666666666666,4,0,-0.9659258262890684,0.2588190451025203,-0.433883739117558,-0.9009688679024191,10.48,52
19,chinese,10.6,downtown,2.9,2,24.25,scooter,122.0,clear,18,40,18.666666666666668,1,0,-1.0,-1.8369701987210297e-16,0.7818314824680297,0.6234898018587336,12.125,25
26,pizza,14.9,midtown,4.1,3,24.24,car,109.0,clear,18,49,18.816666666666666,2,0,-1.0,-1.8369701987210297e-16,0.9749279121818236,-0.22252093395631434,8.08,96
41,thai,19.0,downtown,2.3,1,15.99,car,147.0,clear,18,57,18.95,2,0,-1.0,-1.8369701987210297e-16,0.9749279121818236,-0.22252093395631434,15.99,34
134,mexican,10.8,midtown,2.7,5,60.81,car,147.0,clear,13,31,13.516666666666667,0,0,-0.2588190451025208,-0.9659258262890683,0.0,1.0,12.162,27
25,mexican,14.5,midtown,3.1,4,42.59,bike,5.0,cloudy,12,52,12.866666666666667,1,0,1.2246467991473532e-16,-1.0,0.7818314824680297,0.6234898018587336,10.6475,31
9,thai,12.6,suburbs_south,6.2,1,15.3,car,52.0,cloudy,21,15,21.25,5,1,-0.7071067811865477,0.7071067811865474,-0.9749279121818236,-0.2225209339563146,15.3,36
78,mexican,9.1,downtown,2.0,3,47.03,bike,51.0,rain,21,55,21.916666666666668,5,1,-0.7071067811865477,0.7071067811865474,-0.9749279121818236,-0.2225209339563146,15.676666666666668,25
114,chinese,12.4,suburbs_south,6.8,4,31.68,car,192.0,clear,10,31,10.516666666666667,0,0,0.49999999999999994,-0.8660254037844387,0.0,1.0,7.92,36
114,chinese,12.4,suburbs_south,2.2,3,31.41,bike,153.0,clear,20,53,20.883333333333333,0,0,-0.8660254037844386,0.5,0.0,1.0,10.47,23
53,thai,11.5,midtown,4.4,1,9.86,scooter,100.0,clear,16,49,16.816666666666666,1,0,-0.8660254037844384,-0.5000000000000004,0.7818314824680297,0.6234898018587336,9.86,25
155,indian,14.5,suburbs_south,8.1,8,75.33,car,112.0,clear,23,48,23.8,4,0,-0.2588190451025215,0.9659258262890681,-0.433883739117558,-0.9009688679024191,9.41625,43
20,mexican,9.2,midtown,3.9,4,44.6,scooter,44.0,rain,11,53,11.883333333333333,0,0,0.258819045102521,-0.9659258262890682,0.0,1.0,11.15,37
26,pizza,14.9,midtown,2.7,2,28.94,bike,50.0,heavy_rain,12,26,12.433333333333334,5,1,1.2246467991473532e-16,-1.0,-0.9749279121818236,-0.2225209339563146,14.47,38
94,sushi,20.2,downtown,2.8,2,26.13,scooter,71.0,clear,22,11,22.183333333333334,2,0,-0.5000000000000004,0.8660254037844384,0.9749279121818236,-0.22252093395631434,13.065,27
87,burgers,6.5,downtown,2.7,2,16.95,bike,167.0,cloudy,21,4,21.066666666666666,0,0,-0.7071067811865477,0.7071067811865474,0.0,1.0,8.475,20
90,sushi,20.7,midtown,3.0,2,28.13,scooter,894.0,heavy_rain,16,46,16.766666666666666,0,0,-0.8660254037844384,-0.5000000000000004,0.0,1.0,14.065,33
104,thai,11.5,suburbs_south,4.5,4,57.24,scooter,647.0,clear,21,51,21.85,1,0,-0.7071067811865477,0.7071067811865474,0.7818314824680297,0.6234898018587336,14.31,30
25,mexican,14.5,midtown,2.8,2,19.16,car,416.0,heavy_rain,18,49,18.816666666666666,3,0,-1.0,-1.8369701987210297e-16,0.43388373911755823,-0.900968867902419,9.58,36
108,mexican,10.1,suburbs_south,10.1,2,22.24,scooter,110.0,rain,13,40,13.666666666666666,4,0,-0.2588190451025208,-0.9659258262890683,-0.433883739117558,-0.9009688679024191,11.12,50
136,salads,9.3,downtown,2.9,2,22.86,car,320.0,cloudy,13,55,13.916666666666666,2,0,-0.2588190451025208,-0.9659258262890683,0.9749279121818236,-0.22252093395631434,11.43,29
107,sushi,18.0,suburbs_south,6.4,2,30.21,car,931.0,clear,20,35,20.583333333333332,3,0,-0.8660254037844386,0.5,0.43388373911755823,-0.900968867902419,15.105,40
99,thai,13.4,midtown,1.9,1,14.87,bike,81.0,rain,19,57,19.95,0,0,-0.9659258262890684,0.2588190451025203,0.0,1.0,14.87,32
103,thai,16.4,midtown,1.2,2,25.29,bike,219.0,clear,22,32,22.533333333333335,1,0,-0.5000000000000004,0.8660254037844384,0.7818314824680297,0.6234898018587336,12.645,18
14,burgers,6.4,downtown,2.7,3,28.52,scooter,180.0,clear,13,22,13.366666666666667,6,1,-0.2588190451025208,-0.9659258262890683,-0.7818314824680299,0.6234898018587334,9.506666666666666,21
82,salads,9.2,midtown,2.7,3,45.58,bike,109.0,clear,19,8,19.133333333333333,4,0,-0.9659258262890684,0.2588190451025203,-0.433883739117558,-0.9009688679024191,15.193333333333333,26
149,thai,15.5,downtown,1.9,3,26.6,car,439.0,rain,19,21,19.35,2,0,-0.9659258262890684,0.2588190451025203,0.9749279121818236,-0.22252093395631434,8.866666666666667,31
30,salads,5.0,suburbs_south,6.0,1,8.28,bike,147.0,clear,17,14,17.233333333333334,4,0,-0.9659258262890683,-0.25881904510252063,-0.433883739117558,-0.9009688679024191,8.28,35
153,salads,5.0,suburbs_south,7.2,2,17.41,scooter,62.0,clear,12,7,12.116666666666667,4,0,1.2246467991473532e-16,-1.0,-0.433883739117558,-0.9009688679024191,8.705,28
96,thai,15.7,downtown,0.9,3,47.73,car,26.0,cloudy,16,33,16.55,5,1,-0.8660254037844384,-0.5000000000000004,-0.9749279121818236,-0.2225209339563146,15.909999999999998,21
119,indian,16.8,suburbs_south,3.6,3,29.26,car,23.0,clear,20,27,20.45,6,1,-0.8660254037844386,0.5,-0.7818314824680299,0.6234898018587334,9.753333333333334,36
135,sushi,20.5,downtown,2.0,1,10.62,bike,87.0,rain,20,5,20.083333333333332,1,0,-0.8660254037844386,0.5,0.7818314824680297,0.6234898018587336,10.62,44
44,indian,21.0,midtown,1.9,1,8.0,scooter,402.0,cloudy,14,16,14.266666666666667,1,0,-0.4999999999999998,-0.8660254037844388,0.7818314824680297,0.6234898018587336,8.0,14
2,thai,10.5,downtown,2.2,2,28.77,scooter,220.0,cloudy,19,38,19.633333333333333,5,1,-0.9659258262890684,0.2588190451025203,-0.9749279121818236,-0.2225209339563146,14.385,25
106,pizza,12.3,downtown,3.8,4,59.73,bike,24.0,clear,20,27,20.45,0,0,-0.8660254037844386,0.5,0.0,1.0,14.9325,37
128,chinese,6.8,uptown,4.5,2,16.58,scooter,1027.0,clear,18,6,18.1,0,0,-1.0,-1.8369701987210297e-16,0.0,1.0,8.29,25
59,pizza,11.7,suburbs_south,11.2,4,62.86,car,465.0,clear,18,9,18.15,6,1,-1.0,-1.8369701987210297e-16,-0.7818314824680299,0.6234898018587334,15.715,45
155,indian,14.5,suburbs_south,9.1,3,44.24,car,3252.0,cloudy,14,27,14.45,4,0,-0.4999999999999998,-0.8660254037844388,-0.433883739117558,-0.9009688679024191,14.746666666666668,43
158,indian,12.1,midtown,3.2,1,10.34,bike,74.0,clear,18,19,18.316666666666666,5,1,-1.0,-1.8369701987210297e-16,-0.9749279121818236,-0.2225209339563146,10.34,28
29,salads,9.9,midtown,4.1,5,40.46,bike,29.0,cloudy,12,51,12.85,0,0,1.2246467991473532e-16,-1.0,0.0,1.0,8.092,33
130,mexican,15.3,downtown,1.1,3,36.32,scooter,42.0,rain,20,36,20.6,3,0,-0.8660254037844386,0.5,0.43388373911755823,-0.900968867902419,12.106666666666667,25
21,pizza,17.0,midtown,5.0,2,29.21,bike,10.0,clear,10,2,10.033333333333333,6,1,0.49999999999999994,-0.8660254037844387,-0.7818314824680299,0.6234898018587334,14.605,44
43,chinese,12.4,uptown,4.1,2,25.34,scooter,147.0,rain,12,50,12.833333333333334,3,0,1.2246467991473532e-16,-1.0,0.43388373911755823,-0.900968867902419,12.67,32
72,burgers,12.2,suburbs_south,9.0,4,45.51,car,454.0,rain,13,5,13.083333333333334,0,0,-0.2588190451025208,-0.9659258262890683,0.0,1.0,11.3775,48
36,burgers,11.8,downtown,2.7,4,34.08,bike,56.0,clear,14,9,14.15,3,0,-0.4999999999999998,-0.8660254037844388,0.43388373911755823,-0.900968867902419,8.52,24
111,pizza,8.5,downtown,1.9,3,45.29,scooter,109.0,cloudy,12,16,12.266666666666667,3,0,1.2246467991473532e-16,-1.0,0.43388373911755823,-0.900968867902419,15.096666666666666,21
68,thai,11.9,uptown,2.5,2,28.97,bike,168.0,clear,20,17,20.283333333333335,6,1,-0.8660254037844386,0.5,-0.7818314824680299,0.6234898018587334,14.485,26
48,mexican,8.8,midtown,3.5,4,38.67,bike,147.0,heavy_rain,13,0,13.0,6,1,-0.2588190451025208,-0.9659258262890683,-0.7818314824680299,0.6234898018587334,9.6675,34
73,pizza,10.6,midtown,1.5,4,58.73,bike,652.0,clear,12,34,12.566666666666666,5,1,1.2246467991473532e-16,-1.0,-0.9749279121818236,-0.2225209339563146,14.6825,19
7,thai,17.1,midtown,3.1,2,21.36,car,518.0,clear,21,0,21.0,3,0,-0.7071067811865477,0.7071067811865474,0.43388373911755823,-0.900968867902419,10.68,23
98,salads,11.1,midtown,1.7,4,50.45,car,404.0,heavy_rain,11,59,11.983333333333333,6,1,0.258819045102521,-0.9659258262890682,-0.7818314824680299,0.6234898018587334,12.6125,23
42,pizza,16.7,downtown,1.8,7,93.38,bike,690.0,cloudy,17,10,17.166666666666668,4,0,-0.9659258262890683,-0.25881904510252063,-0.433883739117558,-0.9009688679024191,13.34,33
22,mexican,9.1,suburbs_south,4.6,3,30.41,bike,345.0,clear,20,48,20.8,4,0,-0.8660254037844386,0.5,-0.433883739117558,-0.9009688679024191,10.136666666666667,27
68,thai,11.9,uptown,4.3,4,43.28,scooter,131.0,clear,23,28,23.466666666666665,4,0,-0.2588190451025215,0.9659258262890681,-0.433883739117558,-0.9009688679024191,10.82,36
133,chinese,15.9,suburbs_north,10.2,1,10.81,scooter,228.0,cloudy,19,27,19.45,5,1,-0.9659258262890684,0.2588190451025203,-0.9749279121818236,-0.2225209339563146,10.81,57
131,indian,22.1,downtown,1.6,3,41.02,scooter,87.0,cloudy,19,27,19.45,3,0,-0.9659258262890684,0.2588190451025203,0.43388373911755823,-0.900968867902419,13.673333333333334,31
108,mexican,10.1,suburbs_south,2.6,4,32.58,bike,103.0,rain,19,34,19.566666666666666,0,0,-0.9659258262890684,0.2588190451025203,0.0,1.0,8.145,30
156,salads,12.7,downtown,2.3,1,15.78,bike,362.0,cloudy,11,8,11.133333333333333,5,1,0.258819045102521,-0.9659258262890682,-0.9749279121818236,-0.2225209339563146,15.78,29
80,chinese,16.1,downtown,1.2,3,40.5,bike,1424.0,clear,20,10,20.166666666666668,4,0,-0.8660254037844386,0.5,-0.433883739117558,-0.9009688679024191,13.5,26
104,thai,11.5,suburbs_south,4.0,5,79.24,bike,205.0,rain,21,22,21.366666666666667,4,0,-0.7071067811865477,0.7071067811865474,-0.433883739117558,-0.9009688679024191,15.847999999999999,34
100,pizza,12.8,uptown,4.4,5,45.98,bike,112.0,clear,23,56,23.933333333333334,2,0,-0.2588190451025215,0.9659258262890681,0.9749279121818236,-0.22252093395631434,9.196,42
10,pizza,12.9,suburbs_north,3.3,2,28.23,scooter,1063.0,cloudy,22,37,22.616666666666667,6,1,-0.5000000000000004,0.8660254037844384,-0.7818314824680299,0.6234898018587334,14.115,30
158,indian,12.1,midtown,4.5,5,74.4,bike,245.0,rain,11,54,11.9,2,0,0.258819045102521,-0.9659258262890682,0.9749279121818236,-0.22252093395631434,14.88,45
99,thai,13.4,midtown,2.2,4,29.63,car,44.0,clear,19,22,19.366666666666667,4,0,-0.9659258262890684,0.2588190451025203,-0.433883739117558,-0.9009688679024191,7.4075,30
154,salads,8.5,midtown,3.3,3,38.29,scooter,94.0,cloudy,20,39,20.65,2,0,-0.8660254037844386,0.5,0.9749279121818236,-0.22252093395631434,12.763333333333334,23
62,salads,6.7,downtown,1.0,3,42.48,bike,124.0,rain,21,17,21.283333333333335,0,0,-0.7071067811865477,0.7071067811865474,0.0,1.0,14.159999999999998,16
46,indian,19.4,downtown,1.7,6,80.81,car,356.0,cloudy,11,35,11.583333333333334,6,1,0.258819045102521,-0.9659258262890682,-0.7818314824680299,0.6234898018587334,13.468333333333334,37
138,thai,16.2,uptown,2.3,2,14.61,bike,91.0,clear,12,1,12.016666666666667,3,0,1.2246467991473532e-16,-1.0,0.43388373911755823,-0.900968867902419,7.305,33
10,pizza,12.9,suburbs_north,8.7,7,86.76,car,45.0,cloudy,19,24,19.4,6,1,-0.9659258262890684,0.2588190451025203,-0.7818314824680299,0.6234898018587334,12.394285714285715,46
41,thai,19.0,downtown,2.1,3,24.71,bike,18.0,clear,21,7,21.116666666666667,1,0,-0.7071067811865477,0.7071067811865474,0.7818314824680297,0.6234898018587336,8.236666666666666,29
58,indian,21.6,uptown,2.7,1,10.55,car,106.0,clear,14,5,14.083333333333334,6,1,-0.4999999999999998,-0.8660254037844388,-0.7818314824680299,0.6234898018587334,10.55,31
134,mexican,10.8,midtown,3.1,2,17.72,scooter,74.0,clear,19,21,19.35,6,1,-0.9659258262890684,0.2588190451025203,-0.7818314824680299,0.6234898018587334,8.86,19
124,indian,17.6,downtown,1.7,1,13.7,bike,13.0,clear,19,18,19.3,4,0,-0.9659258262890684,0.2588190451025203,-0.433883739117558,-0.9009688679024191,13.7,26
113,mexican,13.2,midtown,2.8,4,51.7,scooter,44.0,clear,13,4,13.066666666666666,0,0,-0.2588190451025208,-0.9659258262890683,0.0,1.0,12.925,30
155,indian,14.5,suburbs_south,8.7,3,47.77,car,99.0,clear,17,39,17.65,6,1,-0.9659258262890683,-0.25881904510252063,-0.7818314824680299,0.6234898018587334,15.923333333333334,44
105,pizza,12.9,midtown,2.3,6,86.67,car,1402.0,cloudy,20,42,20.7,1,0,-0.8660254037844386,0.5,0.7818314824680297,0.6234898018587336,14.445,27
86,chinese,11.8,suburbs_south,3.2,3,22.78,scooter,433.0,cloudy,11,12,11.2,2,0,0.258819045102521,-0.9659258262890682,0.9749279121818236,-0.22252093395631434,7.593333333333334,25
153,salads,5.0,suburbs_south,10.9,2,24.93,scooter,914.0,clear,12,31,12.516666666666667,6,1,1.2246467991473532e-16,-1.0,-0.7818314824680299,0.6234898018587334,12.465,42
57,sushi,15.1,midtown,3.0,3,40.91,bike,541.0,clear,13,38,13.633333333333333,6,1,-0.2588190451025208,-0.9659258262890683,-0.7818314824680299,0.6234898018587334,13.636666666666665,38
74,thai,18.7,downtown,2.3,2,16.25,car,638.0,clear,13,4,13.066666666666666,4,0,-0.2588190451025208,-0.9659258262890683,-0.433883739117558,-0.9009688679024191,8.125,34
139,indian,20.7,midtown,1.9,3,43.51,car,589.0,cloudy,11,36,11.6,0,0,0.258819045102521,-0.9659258262890682,0.0,1.0,14.503333333333332,30
96,thai,15.7,downtown,2.0,2,14.59,scooter,69.0,cloudy,11,25,11.416666666666666,2,0,0.258819045102521,-0.9659258262890682,0.9749279121818236,-0.22252093395631434,7.295,29
117,pizza,16.2,suburbs_south,9.4,1,14.4,scooter,114.0,clear,14,2,14.033333333333333,0,0,-0.4999999999999998,-0.8660254037844388,0.0,1.0,14.4,42
109,burgers,10.0,downtown,1.7,4,56.1,bike,2761.0,cloudy,20,26,20.433333333333334,4,0,-0.8660254037844386,0.5,-0.433883739117558,-0.9009688679024191,14.025,26
56,thai,13.0,downtown,2.0,2,22.87,car,78.0,rain,19,16,19.266666666666666,2,0,-0.9659258262890684,0.2588190451025203,0.9749279121818236,-0.22252093395631434,11.435,30
49,indian,14.4,uptown,2.9,2,24.37,bike,489.0,cloudy,11,11,11.183333333333334,3,0,0.258819045102521,-0.9659258262890682,0.43388373911755823,-0.900968867902419,12.185,33
8,burgers,12.1,uptown,4.1,1,10.59,bike,68.0,clear,20,51,20.85,5,1,-0.8660254037844386,0.5,-0.9749279121818236,-0.2225209339563146,10.59,34
19,chinese,10.6,downtown,2.2,1,8.29,car,486.0,clear,12,9,12.15,2,0,1.2246467991473532e-16,-1.0,0.9749279121818236,-0.22252093395631434,8.29,26
158,indian,12.1,midtown,4.0,3,28.62,car,272.0,clear,15,47,15.783333333333333,3,0,-0.7071067811865471,-0.7071067811865479,0.43388373911755823,-0.900968867902419,9.540000000000001,23
94,sushi,20.2,downtown,1.2,2,22.35,car,278.0,cloudy,22,53,22.883333333333333,3,0,-0.5000000000000004,0.8660254037844384,0.43388373911755823,-0.900968867902419,11.175,29
91,salads,10.1,suburbs_south,9.9,3,39.11,car,115.0,clear,21,17,21.283333333333335,6,1,-0.7071067811865477,0.7071067811865474,-0.7818314824680299,0.6234898018587334,13.036666666666667,39
155,indian,14.5,suburbs_south,8.1,1,12.51,car,147.0,clear,13,16,13.266666666666667,0,0,-0.2588190451025208,-0.9659258262890683,0.0,1.0,12.51,34
23,burgers,11.6,downtown,0.9,4,49.96,scooter,363.0,cloudy,13,3,13.05,1,0,-0.2588190451025208,-0.9659258262890683,0.7818314824680297,0.6234898018587336,12.49,23
153,salads,5.0,suburbs_south,6.3,1,15.82,car,1033.0,clear,18,14,18.233333333333334,6,1,-1.0,-1.8369701987210297e-16,-0.7818314824680299,0.6234898018587334,15.82,20
79,salads,10.0,midtown,1.5,1,14.3,scooter,836.0,clear,20,7,20.116666666666667,5,1,-0.8660254037844386,0.5,-0.9749279121818236,-0.2225209339563146,14.3,18
9,thai,12.6,suburbs_south,3.6,4,55.41,scooter,156.0,cloudy,18,9,18.15,1,0,-1.0,-1.8369701987210297e-16,0.7818314824680297,0.6234898018587336,13.8525,32
60,chinese,10.4,suburbs_north,7.1,1,8.64,scooter,486.0,clear,13,47,13.783333333333333,2,0,-0.2588190451025208,-0.9659258262890683,0.9749279121818236,-0.22252093395631434,8.64,34
91,salads,10.1,suburbs_south,5.3,1,10.6,car,337.0,clear,21,2,21.033333333333335,0,0,-0.7071067811865477,0.7071067811865474,0.0,1.0,10.6,23
115,thai,13.4,downtown,0.9,3,41.99,car,390.0,cloudy,17,33,17.55,6,1,-0.9659258262890683,-0.25881904510252063,-0.7818314824680299,0.6234898018587334,13.996666666666668,27
56,thai,13.0,downtown,2.8,4,51.84,scooter,98.0,clear,20,16,20.266666666666666,5,1,-0.8660254037844386,0.5,-0.9749279121818236,-0.2225209339563146,12.96,29
142,indian,20.4,midtown,1.9,3,39.6,scooter,1104.0,cloudy,12,19,12.316666666666666,1,0,1.2246467991473532e-16,-1.0,0.7818314824680297,0.6234898018587336,13.200000000000001,33
100,pizza,12.8,uptown,2.9,4,51.56,scooter,237.0,cloudy,13,54,13.9,2,0,-0.2588190451025208,-0.9659258262890683,0.9749279121818236,-0.22252093395631434,12.89,34
137,thai,13.3,suburbs_north,10.3,3,33.05,scooter,151.0,clear,13,21,13.35,3,0,-0.2588190451025208,-0.9659258262890683,0.43388373911755823,-0.900968867902419,11.016666666666666,48
65,thai,16.7,uptown,2.5,3,47.77,bike,1961.0,clear,18,24,18.4,3,0,-1.0,-1.8369701987210297e-16,0.43388373911755823,-0.900968867902419,15.923333333333334,37
86,chinese,11.8,suburbs_south,4.2,1,9.27,car,215.0,clear,21,14,21.233333333333334,5,1,-0.7071067811865477,0.7071067811865474,-0.9749279121818236,-0.2225209339563146,9.27,29
40,pizza,18.4,midtown,3.3,4,49.67,bike,23.0,clear,20,2,20.033333333333335,5,1,-0.8660254037844386,0.5,-0.9749279121818236,-0.2225209339563146,12.4175,40
1,mexican,12.7,downtown,1.0,2,17.61,car,122.0,rain,20,44,20.733333333333334,5,1,-0.8660254037844386,0.5,-0.9749279121818236,-0.2225209339563146,8.805,22
69,salads,8.8,midtown,2.0,1,14.7,car,65.0,clear,12,8,12.133333333333333,6,1,1.2246467991473532e-16,-1.0,-0.7818314824680299,0.6234898018587334,14.7,21
134,mexican,10.8,midtown,1.4,1,11.35,scooter,5.0,cloudy,18,24,18.4,1,0,-1.0,-1.8369701987210297e-16,0.7818314824680297,0.6234898018587336,11.35,16
41,thai,19.0,downtown,3.2,3,44.23,scooter,153.0,clear,12,13,12.216666666666667,3,0,1.2246467991473532e-16,-1.0,0.43388373911755823,-0.900968867902419,14.743333333333332,37
95,pizza,11.9,suburbs_south,6.4,4,30.7,scooter,384.0,clear,12,5,12.083333333333334,5,1,1.2246467991473532e-16,-1.0,-0.9749279121818236,-0.2225209339563146,7.675,41
102,indian,17.4,uptown,2.1,5,47.72,scooter,147.0,rain,17,59,17.983333333333334,5,1,-0.9659258262890683,-0.25881904510252063,-0.9749279121818236,-0.2225209339563146,9.544,32
123,salads,7.7,uptown,3.6,3,38.28,scooter,83.0,cloudy,17,56,17.933333333333334,5,1,-0.9659258262890683,-0.25881904510252063,-0.9749279121818236,-0.2225209339563146,12.76,20
107,sushi,18.0,suburbs_south,3.0,2,27.65,car,95.0,clear,21,43,21.716666666666665,5,1,-0.7071067811865477,0.7071067811865474,-0.9749279121818236,-0.2225209339563146,13.825,30
61,thai,18.0,suburbs_north,10.1,3,47.59,car,75.0,rain,16,48,16.8,5,1,-0.8660254037844384,-0.5000000000000004,-0.9749279121818236,-0.2225209339563146,15.863333333333335,56
130,mexican,15.3,downtown,2.0,3,29.45,car,14.0,rain,11,7,11.116666666666667,2,0,0.258819045102521,-0.9659258262890682,0.9749279121818236,-0.22252093395631434,9.816666666666666,32
42,pizza,16.7,downtown,2.7,3,26.38,scooter,79.0,clear,19,54,19.9,6,1,-0.9659258262890684,0.2588190451025203,-0.7818314824680299,0.6234898018587334,8.793333333333333,35
88,burgers,8.9,suburbs_south,7.3,2,25.46,scooter,387.0,clear,11,44,11.733333333333333,3,0,0.258819045102521,-0.9659258262890682,0.43388373911755823,-0.900968867902419,12.73,35
150,mexican,14.6,downtown,0.8,2,18.5,car,405.0,clear,19,40,19.666666666666668,3,0,-0.9659258262890684,0.2588190451025203,0.43388373911755823,-0.900968867902419,9.25,22
132,mexican,13.3,downtown,1.1,1,12.04,scooter,889.0,clear,15,3,15.05,6,1,-0.7071067811865471,-0.7071067811865479,-0.7818314824680299,0.6234898018587334,12.04,14
95,pizza,11.9,suburbs_south,9.9,1,10.85,scooter,230.0,cloudy,20,45,20.75,4,0,-0.8660254037844386,0.5,-0.433883739117558,-0.9009688679024191,10.85,40
121,indian,13.9,suburbs_north,7.9,1,11.12,car,308.0,clear,13,12,13.2,0,0,-0.2588190451025208,-0.9659258262890683,0.0,1.0,11.12,46
67,chinese,17.8,uptown,4.3,2,23.17,scooter,33.0,cloudy,13,37,13.616666666666667,5,1,-0.2588190451025208,-0.9659258262890683,-0.9749279121818236,-0.2225209339563146,11.585,41
140,chinese,17.8,downtown,1.9,4,42.01,bike,331.0,rain,19,10,19.166666666666668,0,0,-0.9659258262890684,0.2588190451025203,0.0,1.0,10.5025,42
5,mexican,12.4,uptown,3.6,4,54.0,car,47.0,cloudy,18,52,18.866666666666667,4,0,-1.0,-1.8369701987210297e-16,-0.433883739117558,-0.9009688679024191,13.5,31
142,indian,20.4,midtown,3.0,5,36.57,scooter,37.0,clear,18,20,18.333333333333332,2,0,-1.0,-1.8369701987210297e-16,0.9749279121818236,-0.22252093395631434,7.314,44
29,salads,9.9,midtown,5.0,1,9.23,bike,98.0,rain,15,55,15.916666666666666,3,0,-0.7071067811865471,-0.7071067811865479,0.43388373911755823,-0.900968867902419,9.23,40
116,sushi,16.4,downtown,0.9,1,11.77,scooter,83.0,clear,21,53,21.883333333333333,3,0,-0.7071067811865477,0.7071067811865474,0.43388373911755823,-0.900968867902419,11.77,80
38,pizza,16.9,midtown,2.7,3,45.49,bike,109.0,clear,18,52,18.866666666666667,1,0,-1.0,-1.8369701987210297e-16,0.7818314824680297,0.6234898018587336,15.163333333333334,38
60,chinese,10.4,suburbs_north,8.2,2,20.93,car,16.0,clear,18,34,18.566666666666666,6,1,-1.0,-1.8369701987210297e-16,-0.7818314824680299,0.6234898018587334,10.465,113
59,pizza,11.7,suburbs_south,9.1,1,8.24,car,25.0,rain,12,40,12.666666666666666,3,0,1.2246467991473532e-16,-1.0,0.43388373911755823,-0.900968867902419,8.24,44
57,sushi,15.1,midtown,4.0,4,57.91,scooter,404.0,clear,12,21,12.35,1,0,1.2246467991473532e-16,-1.0,0.7818314824680297,0.6234898018587336,14.4775,33
118,thai,15.5,downtown,2.5,4,45.53,bike,16.0,clear,18,56,18.933333333333334,5,1,-1.0,-1.8369701987210297e-16,-0.9749279121818236,-0.2225209339563146,11.3825,37
15,indian,18.1,midtown,2.3,2,27.59,bike,141.0,clear,20,21,20.35,6,1,-0.8660254037844386,0.5,-0.7818314824680299,0.6234898018587334,13.795,35
43,chinese,12.4,uptown,5.3,4,45.72,car,174.0,clear,22,4,22.066666666666666,6,1,-0.5000000000000004,0.8660254037844384,-0.7818314824680299,0.6234898018587334,11.43,30
2,thai,10.5,downtown,1.0,2,20.0,scooter,272.0,cloudy,19,39,19.65,5,1,-0.9659258262890684,0.2588190451025203,-0.9749279121818236,-0.2225209339563146,10.0,19
23,burgers,11.6,downtown,1.8,3,43.87,scooter,27.0,cloudy,20,36,20.6,0,0,-0.8660254037844386,0.5,0.0,1.0,14.623333333333333,22
77,pizza,11.4,uptown,4.2,2,22.11,bike,169.0,rain,18,18,18.3,0,0,-1.0,-1.8369701987210297e-16,0.0,1.0,11.055,40
158,indian,12.1,midtown,4.4,2,25.94,scooter,128.0,rain,22,39,22.65,1,0,-0.5000000000000004,0.8660254037844384,0.7818314824680297,0.6234898018587336,12.97,25
27,thai,16.7,downtown,2.4,5,67.59,scooter,39.0,clear,19,45,19.75,4,0,-0.9659258262890684,0.2588190451025203,-0.433883739117558,-0.9009688679024191,13.518,34
125,sushi,18.8,uptown,3.7,1,8.0,scooter,208.0,cloudy,15,37,15.616666666666667,1,0,-0.7071067811865471,-0.7071067811865479,0.7818314824680297,0.6234898018587336,8.0,34
71,burgers,14.5,uptown,4.0,2,27.36,scooter,74.0,clear,18,17,18.283333333333335,5,1,-1.0,-1.8369701987210297e-16,-0.9749279121818236,-0.2225209339563146,13.68,42
99,thai,13.4,midtown,3.4,2,22.4,scooter,161.0,clear,19,22,19.366666666666667,4,0,-0.9659258262890684,0.2588190451025203,-0.433883739117558,-0.9009688679024191,11.2,32
40,pizza,18.4,midtown,3.6,3,42.15,bike,247.0,clear,16,9,16.15,2,0,-0.8660254037844384,-0.5000000000000004,0.9749279121818236,-0.22252093395631434,14.049999999999999,42
35,mexican,11.9,midtown,1.1,3,34.18,scooter,98.0,rain,13,33,13.55,5,1,-0.2588190451025208,-0.9659258262890683,-0.9749279121818236,-0.2225209339563146,11.393333333333333,32
7,thai,17.1,midtown,3.7,2,24.22,scooter,738.0,clear,11,55,11.916666666666666,4,0,0.258819045102521,-0.9659258262890682,-0.433883739117558,-0.9009688679024191,12.11,32
117,pizza,16.2,suburbs_south,2.0,2,18.58,scooter,172.0,clear,12,28,12.466666666666667,0,0,1.2246467991473532e-16,-1.0,0.0,1.0,9.29,29
136,salads,9.3,downtown,2.2,2,15.36,car,5.0,cloudy,11,4,11.066666666666666,4,0,0.258819045102521,-0.9659258262890682,-0.433883739117558,-0.9009688679024191,7.68,21
78,mexican,9.1,downtown,2.7,4,51.12,bike,182.0,clear,11,18,11.3,6,1,0.258819045102521,-0.9659258262890682,-0.7818314824680299,0.6234898018587334,12.78,24
159,pizza,15.0,uptown,2.1,3,44.33,scooter,431.0,rain,18,45,18.75,5,1,-1.0,-1.8369701987210297e-16,-0.9749279121818236,-0.2225209339563146,14.776666666666666,30
102,indian,17.4,uptown,1.5,6,84.78,car,31.0,clear,21,24,21.4,5,1,-0.7071067811865477,0.7071067811865474,-0.9749279121818236,-0.2225209339563146,14.13,26
66,sushi,18.7,midtown,1.4,4,42.89,car,3129.0,clear,13,32,13.533333333333333,1,0,-0.2588190451025208,-0.9659258262890683,0.7818314824680297,0.6234898018587336,10.7225,30
14,burgers,6.4,downtown,2.2,2,15.37,scooter,356.0,cloudy,22,20,22.333333333333332,3,0,-0.5000000000000004,0.8660254037844384,0.43388373911755823,-0.900968867902419,7.685,15
97,chinese,16.1,uptown,4.3,1,13.29,scooter,317.0,clear,20,25,20.416666666666668,6,1,-0.8660254037844386,0.5,-0.7818314824680299,0.6234898018587334,13.29,35
146,thai,14.2,uptown,3.2,1,8.0,bike,175.0,clear,23,56,23.933333333333334,2,0,-0.2588190451025215,0.9659258262890681,0.9749279121818236,-0.22252093395631434,8.0,32
93,sushi,16.7,downtown,1.6,3,37.47,bike,254.0,clear,21,45,21.75,2,0,-0.7071067811865477,0.7071067811865474,0.9749279121818236,-0.22252093395631434,12.49,23
45,indian,15.4,midtown,1.2,2,20.11,bike,74.0,clear,18,52,18.866666666666667,6,1,-1.0,-1.8369701987210297e-16,-0.7818314824680299,0.6234898018587334,10.055,33
3,pizza,20.9,suburbs_north,3.5,4,53.79,car,652.0,clear,13,51,13.85,2,0,-0.2588190451025208,-0.9659258262890683,0.9749279121818236,-0.22252093395631434,13.4475,38
20,mexican,9.2,midtown,1.6,3,31.46,car,144.0,cloudy,12,21,12.35,4,0,1.2246467991473532e-16,-1.0,-0.433883739117558,-0.9009688679024191,10.486666666666666,13
64,mexican,11.6,suburbs_north,8.3,4,62.76,car,126.0,cloudy,12,42,12.7,1,0,1.2246467991473532e-16,-1.0,0.7818314824680297,0.6234898018587336,15.69,37
91,salads,10.1,suburbs_south,10.5,5,39.42,car,205.0,cloudy,11,44,11.733333333333333,5,1,0.258819045102521,-0.9659258262890682,-0.9749279121818236,-0.2225209339563146,7.884,42
160,salads,5.0,uptown,4.6,3,24.92,car,1273.0,rain,13,16,13.266666666666667,3,0,-0.2588190451025208,-0.9659258262890683,0.43388373911755823,-0.900968867902419,8.306666666666667,23
70,thai,14.2,suburbs_north,6.3,3,36.23,car,168.0,clear,17,39,17.65,1,0,-0.9659258262890683,-0.25881904510252063,0.7818314824680297,0.6234898018587336,12.076666666666666,35
70,thai,14.2,suburbs_north,2.2,2,21.11,car,210.0,rain,19,23,19.383333333333333,0,0,-0.9659258262890684,0.2588190451025203,0.0,1.0,10.555,31
134,mexican,10.8,midtown,4.2,3,39.21,car,93.0,cloudy,17,47,17.783333333333335,1,0,-0.9659258262890683,-0.25881904510252063,0.7818314824680297,0.6234898018587336,13.07,23
109,burgers,10.0,downtown,2.7,6,65.84,bike,33.0,rain,18,0,18.0,6,1,-1.0,-1.8369701987210297e-16,-0.7818314824680299,0.6234898018587334,10.973333333333334,32
8,burgers,12.1,uptown,3.7,8,82.27,bike,144.0,cloudy,13,41,13.683333333333334,4,0,-0.2588190451025208,-0.9659258262890683,-0.433883739117558,-0.9009688679024191,10.28375,41
41,thai,19.0,downtown,2.9,2,18.82,car,107.0,clear,18,49,18.816666666666666,1,0,-1.0,-1.8369701987210297e-16,0.7818314824680297,0.6234898018587336,9.41,38
81,sushi,17.4,downtown,3.0,2,22.21,scooter,3977.0,cloudy,20,21,20.35,1,0,-0.8660254037844386,0.5,0.7818314824680297,0.6234898018587336,11.105,32
37,pizza,17.5,midtown,2.6,3,34.72,bike,31.0,clear,12,34,12.566666666666666,5,1,1.2246467991473532e-16,-1.0,-0.9749279121818236,-0.2225209339563146,11.573333333333332,37
38,pizza,16.9,midtown,1.2,4,33.34,car,59.0,clear,17,38,17.633333333333333,6,1,-0.9659258262890683,-0.25881904510252063,-0.7818314824680299,0.6234898018587334,8.335,30
122,indian,20.0,midtown,1.6,4,29.71,scooter,78.0,rain,14,58,14.966666666666667,6,1,-0.4999999999999998,-0.8660254037844388,-0.7818314824680299,0.6234898018587334,7.4275,33
74,thai,18.7,downtown,1.3,5,51.4,bike,735.0,clear,12,22,12.366666666666667,2,0,1.2246467991473532e-16,-1.0,0.9749279121818236,-0.22252093395631434,10.28,30
90,sushi,20.7,midtown,3.5,4,45.56,scooter,169.0,cloudy,14,33,14.55,1,0,-0.4999999999999998,-0.8660254037844388,0.7818314824680297,0.6234898018587336,11.39,36
110,thai,12.5,suburbs_north,3.6,5,47.83,scooter,612.0,clear,13,30,13.5,4,0,-0.2588190451025208,-0.9659258262890683,-0.433883739117558,-0.9009688679024191,9.565999999999999,34
83,salads,8.7,midtown,3.7,1,8.0,bike,238.0,clear,20,52,20.866666666666667,0,0,-0.8660254037844386,0.5,0.0,1.0,8.0,31
44,indian,21.0,midtown,3.3,1,8.37,bike,138.0,rain,17,7,17.116666666666667,1,0,-0.9659258262890683,-0.25881904510252063,0.7818314824680297,0.6234898018587336,8.37,37
152,indian,18.0,suburbs_north,6.1,3,36.85,scooter,825.0,cloudy,17,35,17.583333333333332,3,0,-0.9659258262890683,-0.25881904510252063,0.43388373911755823,-0.900968867902419,12.283333333333333,34
10,pizza,12.9,suburbs_north,8.4,6,87.67,scooter,147.0,clear,17,36,17.6,1,0,-0.9659258262890683,-0.25881904510252063,0.7818314824680297,0.6234898018587336,14.611666666666666,45
142,indian,20.4,midtown,4.5,2,27.73,scooter,7.0,clear,20,53,20.883333333333333,2,0,-0.8660254037844386,0.5,0.9749279121818236,-0.22252093395631434,13.865,45
89,sushi,22.3,suburbs_north,2.1,3,22.74,scooter,364.0,clear,15,43,15.716666666666667,0,0,-0.7071067811865471,-0.7071067811865479,0.0,1.0,7.579999999999999,36
131,indian,22.1,downtown,3.4,1,8.66,bike,20.0,clear,17,30,17.5,3,0,-0.9659258262890683,-0.25881904510252063,0.43388373911755823,-0.900968867902419,8.66,38
157,burgers,16.3,suburbs_south,10.0,2,16.76,car,46.0,clear,12,24,12.4,3,0,1.2246467991473532e-16,-1.0,0.43388373911755823,-0.900968867902419,8.38,39
3,pizza,20.9,suburbs_north,4.3,6,77.07,scooter,479.0,cloudy,12,30,12.5,0,0,1.2246467991473532e-16,-1.0,0.0,1.0,12.844999999999999,46
3,pizza,20.9,suburbs_north,7.6,1,14.24,car,15.0,rain,19,56,19.933333333333334,3,0,-0.9659258262890684,0.2588190451025203,0.43388373911755823,-0.900968867902419,14.24,50
69,salads,8.8,midtown,2.7,3,31.68,scooter,290.0,cloudy,19,16,19.266666666666666,1,0,-0.9659258262890684,0.2588190451025203,0.7818314824680297,0.6234898018587336,10.56,23
58,indian,21.6,uptown,3.7,2,27.88,scooter,231.0,clear,17,4,17.066666666666666,0,0,-0.9659258262890683,-0.25881904510252063,0.0,1.0,13.94,31
32,thai,16.7,uptown,2.5,7,58.53,bike,202.0,cloudy,14,41,14.683333333333334,5,1,-0.4999999999999998,-0.8660254037844388,-0.9749279121818236,-0.2225209339563146,8.361428571428572,33
17,thai,9.8,uptown,2.4,8,107.64,bike,21.0,clear,22,17,22.283333333333335,6,1,-0.5000000000000004,0.8660254037844384,-0.7818314824680299,0.6234898018587334,13.455,24
17,thai,9.8,uptown,2.2,3,35.38,car,187.0,rain,12,52,12.866666666666667,4,0,1.2246467991473532e-16,-1.0,-0.433883739117558,-0.9009688679024191,11.793333333333335,23
56,thai,13.0,downtown,1.1,4,29.33,scooter,138.0,rain,12,13,12.216666666666667,5,1,1.2246467991473532e-16,-1.0,-0.9749279121818236,-0.2225209339563146,7.3325,25
73,pizza,10.6,midtown,3.4,2,17.08,bike,735.0,clear,15,11,15.183333333333334,1,0,-0.7071067811865471,-0.7071067811865479,0.7818314824680297,0.6234898018587336,8.54,29
63,pizza,12.6,downtown,2.4,6,44.98,car,216.0,cloudy,18,36,18.6,4,0,-1.0,-1.8369701987210297e-16,-0.433883739117558,-0.9009688679024191,7.496666666666666,32
101,thai,11.8,suburbs_north,2.1,2,31.11,scooter,128.0,clear,16,18,16.3,6,1,-0.8660254037844384,-0.5000000000000004,-0.7818314824680299,0.6234898018587334,15.555,25
40,pizza,18.4,midtown,3.4,1,14.85,scooter,25.0,clear,20,2,20.033333333333335,5,1,-0.8660254037844386,0.5,-0.9749279121818236,-0.2225209339563146,14.85,36
66,sushi,18.7,midtown,1.4,2,27.3,car,790.0,clear,23,8,23.133333333333333,0,0,-0.2588190451025215,0.9659258262890681,0.0,1.0,13.65,30
146,thai,14.2,uptown,3.3,4,54.1,scooter,107.0,clear,13,30,13.5,0,0,-0.2588190451025208,-0.9659258262890683,0.0,1.0,13.525,33
38,pizza,16.9,midtown,3.3,1,9.51,bike,9.0,clear,19,8,19.133333333333333,5,1,-0.9659258262890684,0.2588190451025203,-0.9749279121818236,-0.2225209339563146,9.51,37
38,pizza,16.9,midtown,4.2,5,55.48,car,154.0,clear,11,54,11.9,0,0,0.258819045102521,-0.9659258262890682,0.0,1.0,11.096,37
2,thai,10.5,downtown,3.1,5,52.93,scooter,276.0,cloudy,10,49,10.816666666666666,3,0,0.49999999999999994,-0.8660254037844387,0.43388373911755823,-0.900968867902419,10.586,25
147,chinese,17.7,midtown,4.4,3,31.36,scooter,69.0,cloudy,19,44,19.733333333333334,3,0,-0.9659258262890684,0.2588190451025203,0.43388373911755823,-0.900968867902419,10.453333333333333,37
23,burgers,11.6,downtown,2.7,3,30.07,bike,24.0,clear,12,55,12.916666666666666,5,1,1.2246467991473532e-16,-1.0,-0.9749279121818236,-0.2225209339563146,10.023333333333333,33
37,pizza,17.5,midtown,3.6,3,33.62,scooter,497.0,clear,12,28,12.466666666666667,5,1,1.2246467991473532e-16,-1.0,-0.9749279121818236,-0.2225209339563146,11.206666666666665,36
142,indian,20.4,midtown,3.5,5,46.81,bike,485.0,clear,17,39,17.65,4,0,-0.9659258262890683,-0.25881904510252063,-0.433883739117558,-0.9009688679024191,9.362,41
63,pizza,12.6,downtown,2.3,7,68.25,car,246.0,clear,20,22,20.366666666666667,0,0,-0.8660254037844386,0.5,0.0,1.0,9.75,27
76,mexican,10.0,uptown,2.1,4,32.85,car,106.0,cloudy,17,16,17.266666666666666,0,0,-0.9659258262890683,-0.25881904510252063,0.0,1.0,8.2125,18
155,indian,14.5,suburbs_south,10.9,1,13.89,car,35.0,cloudy,20,36,20.6,1,0,-0.8660254037844386,0.5,0.7818314824680297,0.6234898018587336,13.89,49
148,indian,16.9,suburbs_north,6.2,3,39.26,scooter,206.0,rain,20,9,20.15,4,0,-0.8660254037844386,0.5,-0.433883739117558,-0.9009688679024191,13.086666666666666,51
101,thai,11.8,suburbs_north,8.4,4,60.67,car,210.0,cloudy,18,25,18.416666666666668,0,0,-1.0,-1.8369701987210297e-16,0.0,1.0,15.1675,33
58,indian,21.6,uptown,3.8,3,35.98,car,61.0,clear,17,33,17.55,4,0,-0.9659258262890683,-0.25881904510252063,-0.433883739117558,-0.9009688679024191,11.993333333333332,38
129,pizza,10.9,suburbs_north,5.0,4,54.02,car,34.0,clear,19,58,19.966666666666665,4,0,-0.9659258262890684,0.2588190451025203,-0.433883739117558,-0.9009688679024191,13.505,28
9,thai,12.6,suburbs_south,10.4,8,63.5,scooter,617.0,clear,11,9,11.15,6,1,0.258819045102521,-0.9659258262890682,-0.7818314824680299,0.6234898018587334,7.9375,55
30,salads,5.0,suburbs_south,6.8,2,23.27,car,20.0,clear,13,37,13.616666666666667,2,0,-0.2588190451025208,-0.9659258262890683,0.9749279121818236,-0.22252093395631434,11.635,28
86,chinese,11.8,suburbs_south,4.4,3,30.19,bike,222.0,rain,17,15,17.25,5,1,-0.9659258262890683,-0.25881904510252063,-0.9749279121818236,-0.2225209339563146,10.063333333333334,45
27,thai,16.7,downtown,1.8,2,24.31,scooter,76.0,clear,18,1,18.016666666666666,6,1,-1.0,-1.8369701987210297e-16,-0.7818314824680299,0.6234898018587334,12.155,22
59,pizza,11.7,suburbs_south,7.7,3,41.61,car,230.0,clear,19,42,19.7,2,0,-0.9659258262890684,0.2588190451025203,0.9749279121818236,-0.22252093395631434,13.87,36
99,thai,13.4,midtown,3.2,2,17.2,scooter,4606.0,clear,11,40,11.666666666666666,1,0,0.258819045102521,-0.9659258262890682,0.7818314824680297,0.6234898018587336,8.6,29
150,mexican,14.6,downtown,2.1,3,32.3,bike,147.0,heavy_rain,11,8,11.133333333333333,3,0,0.258819045102521,-0.9659258262890682,0.43388373911755823,-0.900968867902419,10.766666666666666,35
53,thai,11.5,midtown,3.5,6,75.23,bike,633.0,clear,12,13,12.216666666666667,3,0,1.2246467991473532e-16,-1.0,0.43388373911755823,-0.900968867902419,12.538333333333334,31
50,salads,8.2,midtown,1.4,2,15.59,scooter,56.0,clear,11,6,11.1,2,0,0.258819045102521,-0.9659258262890682,0.9749279121818236,-0.22252093395631434,7.795,21
110,thai,12.5,suburbs_north,5.5,2,26.87,scooter,765.0,clear,19,41,19.683333333333334,0,0,-0.9659258262890684,0.2588190451025203,0.0,1.0,13.435,34
39,thai,21.0,downtown,1.7,1,8.0,bike,470.0,clear,12,40,12.666666666666666,5,1,1.2246467991473532e-16,-1.0,-0.9749279121818236,-0.2225209339563146,8.0,39
115,thai,13.4,downtown,3.0,2,29.57,scooter,560.0,clear,19,50,19.833333333333332,1,0,-0.9659258262890684,0.2588190451025203,0.7818314824680297,0.6234898018587336,14.785,27
62,salads,6.7,downtown,3.6,3,32.28,scooter,5614.0,cloudy,11,50,11.833333333333334,2,0,0.258819045102521,-0.9659258262890682,0.9749279121818236,-0.22252093395631434,10.76,19
56,thai,13.0,downtown,3.4,1,8.5,bike,27.0,heavy_rain,16,2,16.033333333333335,3,0,-0.8660254037844384,-0.5000000000000004,0.43388373911755823,-0.900968867902419,8.5,41
99,thai,13.4,midtown,4.0,1,9.16,car,734.0,clear,21,19,21.316666666666666,6,1,-0.7071067811865477,0.7071067811865474,-0.7818314824680299,0.6234898018587334,9.16,28
94,sushi,20.2,downtown,1.4,1,10.89,scooter,43.0,clear,13,4,13.066666666666666,2,0,-0.2588190451025208,-0.9659258262890683,0.9749279121818236,-0.22252093395631434,10.89,33
35,mexican,11.9,midtown,2.3,2,18.65,scooter,50.0,clear,20,20,20.333333333333332,6,1,-0.8660254037844386,0.5,-0.7818314824680299,0.6234898018587334,9.325,23
8,burgers,12.1,uptown,2.1,2,29.83,bike,304.0,rain,17,24,17.4,0,0,-0.9659258262890683,-0.25881904510252063,0.0,1.0,14.915,25
94,sushi,20.2,downtown,1.0,2,26.5,bike,13.0,cloudy,16,25,16.416666666666668,3,0,-0.8660254037844384,-0.5000000000000004,0.43388373911755823,-0.900968867902419,13.25,28
154,salads,8.5,midtown,3.3,1,10.24,scooter,376.0,clear,13,13,13.216666666666667,3,0,-0.2588190451025208,-0.9659258262890683,0.43388373911755823,-0.900968867902419,10.24,26
51,indian,17.0,downtown,1.0,6,77.24,bike,17.0,cloudy,13,49,13.816666666666666,1,0,-0.2588190451025208,-0.9659258262890683,0.7818314824680297,0.6234898018587336,12.873333333333333,33
141,thai,14.1,suburbs_north,10.0,1,13.44,car,7.0,clear,11,55,11.916666666666666,1,0,0.258819045102521,-0.9659258262890682,0.7818314824680297,0.6234898018587336,13.44,50
23,burgers,11.6,downtown,1.0,7,64.85,car,140.0,clear,18,30,18.5,2,0,-1.0,-1.8369701987210297e-16,0.9749279121818236,-0.22252093395631434,9.264285714285714,27
83,salads,8.7,midtown,3.2,1,10.18,scooter,28.0,cloudy,20,23,20.383333333333333,3,0,-0.8660254037844386,0.5,0.43388373911755823,-0.900968867902419,10.18,16
3,pizza,20.9,suburbs_north,10.8,4,49.58,car,73.0,rain,21,22,21.366666666666667,6,1,-0.7071067811865477,0.7071067811865474,-0.7818314824680299,0.6234898018587334,12.395,62
113,mexican,13.2,midtown,4.3,4,29.53,bike,88.0,cloudy,19,31,19.516666666666666,2,0,-0.9659258262890684,0.2588190451025203,0.9749279121818236,-0.22252093395631434,7.3825,38
139,indian,20.7,midtown,2.0,8,88.7,car,821.0,clear,20,36,20.6,3,0,-0.8660254037844386,0.5,0.43388373911755823,-0.900968867902419,11.0875,40
4,pizza,14.0,suburbs_south,4.1,4,51.39,car,36.0,rain,19,19,19.316666666666666,0,0,-0.9659258262890684,0.2588190451025203,0.0,1.0,12.8475,33
17,thai,9.8,uptown,3.0,7,49.88,scooter,32.0,clear,13,24,13.4,1,0,-0.2588190451025208,-0.9659258262890683,0.7818314824680297,0.6234898018587336,7.125714285714286,23
33,sushi,21.1,midtown,3.4,2,31.75,scooter,38.0,clear,14,14,14.233333333333333,1,0,-0.4999999999999998,-0.8660254037844388,0.7818314824680297,0.6234898018587336,15.875,35
63,pizza,12.6,downtown,1.7,2,29.25,bike,176.0,clear,19,41,19.683333333333334,2,0,-0.9659258262890684,0.2588190451025203,0.9749279121818236,-0.22252093395631434,14.625,25
115,thai,13.4,downtown,1.9,1,15.63,scooter,19.0,clear,21,45,21.75,5,1,-0.7071067811865477,0.7071067811865474,-0.9749279121818236,-0.2225209339563146,15.63,18
104,thai,11.5,suburbs_south,4.3,4,60.77,scooter,34.0,clear,22,29,22.483333333333334,0,0,-0.5000000000000004,0.8660254037844384,0.0,1.0,15.1925,33
156,salads,12.7,downtown,2.4,1,8.0,car,91.0,clear,12,31,12.516666666666667,2,0,1.2246467991473532e-16,-1.0,0.9749279121818236,-0.22252093395631434,8.0,28
130,mexican,15.3,downtown,1.8,1,12.23,car,26.0,clear,23,41,23.683333333333334,3,0,-0.2588190451025215,0.9659258262890681,0.43388373911755823,-0.900968867902419,12.23,25
56,thai,13.0,downtown,1.0,2,15.42,scooter,7.0,cloudy,16,3,16.05,2,0,-0.8660254037844384,-0.5000000000000004,0.9749279121818236,-0.22252093395631434,7.71,21
76,mexican,10.0,uptown,5.1,5,54.72,bike,57.0,clear,12,33,12.55,0,0,1.2246467991473532e-16,-1.0,0.0,1.0,10.943999999999999,38
91,salads,10.1,suburbs_south,3.4,1,8.0,car,336.0,clear,11,50,11.833333333333334,6,1,0.258819045102521,-0.9659258262890682,-0.7818314824680299,0.6234898018587334,8.0,26
136,salads,9.3,downtown,2.8,3,21.34,car,348.0,clear,13,18,13.3,2,0,-0.2588190451025208,-0.9659258262890683,0.9749279121818236,-0.22252093395631434,7.113333333333333,27
71,burgers,14.5,uptown,1.7,1,9.54,car,29.0,cloudy,11,13,11.216666666666667,4,0,0.258819045102521,-0.9659258262890682,-0.433883739117558,-0.9009688679024191,9.54,24
12,thai,12.8,midtown,3.0,6,69.37,bike,377.0,cloudy,12,1,12.016666666666667,2,0,1.2246467991473532e-16,-1.0,0.9749279121818236,-0.22252093395631434,11.561666666666667,34
96,thai,15.7,downtown,1.9,1,8.31,scooter,147.0,cloudy,12,9,12.15,0,0,1.2246467991473532e-16,-1.0,0.0,1.0,8.31,24
1,mexican,12.7,downtown,1.9,2,25.49,scooter,121.0,clear,15,48,15.8,0,0,-0.7071067811865471,-0.7071067811865479,0.0,1.0,12.745,24
37,pizza,17.5,midtown,1.7,2,30.15,car,131.0,clear,16,33,16.55,5,1,-0.8660254037844384,-0.5000000000000004,-0.9749279121818236,-0.2225209339563146,15.075,25
93,sushi,16.7,downtown,1.1,7,62.23,scooter,202.0,cloudy,18,33,18.55,5,1,-1.0,-1.8369701987210297e-16,-0.9749279121818236,-0.2225209339563146,8.889999999999999,32
119,indian,16.8,suburbs_south,8.0,4,40.47,scooter,153.0,clear,15,30,15.5,0,0,-0.7071067811865471,-0.7071067811865479,0.0,1.0,10.1175,48
143,chinese,12.4,uptown,1.7,1,10.3,scooter,8.0,clear,10,17,10.283333333333333,5,1,0.49999999999999994,-0.8660254037844387,-0.9749279121818236,-0.2225209339563146,10.3,18
153,salads,5.0,suburbs_south,4.8,1,14.09,scooter,34.0,clear,19,19,19.316666666666666,6,1,-0.9659258262890684,0.2588190451025203,-0.7818314824680299,0.6234898018587334,14.09,25
121,indian,13.9,suburbs_north,2.9,5,63.55,scooter,231.0,cloudy,18,43,18.716666666666665,0,0,-1.0,-1.8369701987210297e-16,0.0,1.0,12.709999999999999,30
52,mexican,5.5,uptown,4.6,4,53.43,scooter,184.0,cloudy,18,52,18.866666666666667,3,0,-1.0,-1.8369701987210297e-16,0.43388373911755823,-0.900968867902419,13.3575,18
52,mexican,5.5,uptown,3.8,3,40.47,bike,17.0,rain,17,44,17.733333333333334,0,0,-0.9659258262890683,-0.25881904510252063,0.0,1.0,13.49,30
67,chinese,17.8,uptown,1.9,2,25.46,bike,761.0,clear,17,24,17.4,2,0,-0.9659258262890683,-0.25881904510252063,0.9749279121818236,-0.22252093395631434,12.73,28
66,sushi,18.7,midtown,2.3,4,36.98,car,446.0,cloudy,11,46,11.766666666666667,2,0,0.258819045102521,-0.9659258262890682,0.9749279121818236,-0.22252093395631434,9.245,29
76,mexican,10.0,uptown,3.4,3,24.62,bike,68.0,rain,11,51,11.85,4,0,0.258819045102521,-0.9659258262890682,-0.433883739117558,-0.9009688679024191,8.206666666666667,36
49,indian,14.4,uptown,4.6,3,37.04,scooter,105.0,clear,17,23,17.383333333333333,5,1,-0.9659258262890683,-0.25881904510252063,-0.9749279121818236,-0.2225209339563146,12.346666666666666,39
4,pizza,14.0,suburbs_south,9.8,1,15.26,car,52.0,rain,18,12,18.2,6,1,-1.0,-1.8369701987210297e-16,-0.7818314824680299,0.6234898018587334,15.26,47
37,pizza,17.5,midtown,3.5,4,36.42,car,62.0,heavy_rain,21,3,21.05,1,0,-0.7071067811865477,0.7071067811865474,0.7818314824680297,0.6234898018587336,9.105,35
134,mexican,10.8,midtown,4.3,3,45.61,bike,110.0,clear,22,48,22.8,3,0,-0.5000000000000004,0.8660254037844384,0.43388373911755823,-0.900968867902419,15.203333333333333,30
45,indian,15.4,midtown,3.6,1,8.0,car,159.0,clear,11,49,11.816666666666666,3,0,0.258819045102521,-0.9659258262890682,0.43388373911755823,-0.900968867902419,8.0,36
128,chinese,6.8,uptown,5.1,2,20.63,scooter,147.0,clear,20,31,20.516666666666666,3,0,-0.8660254037844386,0.5,0.43388373911755823,-0.900968867902419,10.315,23
144,chinese,7.6,midtown,2.8,2,23.59,scooter,84.0,cloudy,18,49,18.816666666666666,2,0,-1.0,-1.8369701987210297e-16,0.9749279121818236,-0.22252093395631434,11.795,23
96,thai,15.7,downtown,2.7,1,10.91,bike,124.0,clear,19,25,19.416666666666668,2,0,-0.9659258262890684,0.2588190451025203,0.9749279121818236,-0.22252093395631434,10.91,33
106,pizza,12.3,downtown,3.4,2,22.98,scooter,202.0,clear,18,52,18.866666666666667,6,1,-1.0,-1.8369701987210297e-16,-0.7818314824680299,0.6234898018587334,11.49,29
94,sushi,20.2,downtown,2.3,1,14.9,bike,43.0,rain,13,57,13.95,3,0,-0.2588190451025208,-0.9659258262890683,0.43388373911755823,-0.900968867902419,14.9,40
52,mexican,5.5,uptown,1.4,5,51.56,car,210.0,clear,21,58,21.966666666666665,4,0,-0.7071067811865477,0.7071067811865474,-0.433883739117558,-0.9009688679024191,10.312000000000001,11
77,pizza,11.4,uptown,4.0,7,64.35,bike,199.0,clear,11,1,11.016666666666667,5,1,0.258819045102521,-0.9659258262890682,-0.9749279121818236,-0.2225209339563146,9.192857142857141,35
49,indian,14.4,uptown,4.6,2,20.27,scooter,89.0,clear,17,40,17.666666666666668,5,1,-0.9659258262890683,-0.25881904510252063,-0.9749279121818236,-0.2225209339563146,10.135,34
62,salads,6.7,downtown,2.7,1,14.92,bike,42.0,clear,11,9,11.15,5,1,0.258819045102521,-0.9659258262890682,-0.9749279121818236,-0.2225209339563146,14.92,26
70,thai,14.2,suburbs_north,8.0,3,25.44,car,50.0,clear,12,41,12.683333333333334,4,0,1.2246467991473532e-16,-1.0,-0.433883739117558,-0.9009688679024191,8.48,43
152,indian,18.0,suburbs_north,3.2,8,56.53,bike,431.0,clear,12,8,12.133333333333333,4,0,1.2246467991473532e-16,-1.0,-0.433883739117558,-0.9009688679024191,7.06625,44
84,chinese,11.5,suburbs_south,5.2,3,46.14,scooter,55.0,clear,14,19,14.316666666666666,0,0,-0.4999999999999998,-0.8660254037844388,0.0,1.0,15.38,33
131,indian,22.1,downtown,2.4,6,69.06,bike,96.0,rain,18,35,18.583333333333332,0,0,-1.0,-1.8369701987210297e-16,0.0,1.0,11.51,43
8,burgers,12.1,uptown,5.6,4,56.39,scooter,119.0,clear,13,13,13.216666666666667,1,0,-0.2588190451025208,-0.9659258262890683,0.7818314824680297,0.6234898018587336,14.0975,43
113,mexican,13.2,midtown,3.9,3,26.19,scooter,2151.0,clear,14,29,14.483333333333333,5,1,-0.4999999999999998,-0.8660254037844388,-0.9749279121818236,-0.2225209339563146,8.73,27
15,indian,18.1,midtown,4.1,1,8.0,bike,282.0,rain,19,17,19.283333333333335,4,0,-0.9659258262890684,0.2588190451025203,-0.433883739117558,-0.9009688679024191,8.0,46
78,mexican,9.1,downtown,2.6,2,17.76,scooter,42.0,clear,19,43,19.716666666666665,4,0,-0.9659258262890684,0.2588190451025203,-0.433883739117558,-0.9009688679024191,8.88,21
85,pizza,11.8,uptown,3.9,3,25.9,bike,257.0,clear,14,10,14.166666666666666,0,0,-0.4999999999999998,-0.8660254037844388,0.0,1.0,8.633333333333333,34
130,mexican,15.3,downtown,1.1,1,8.0,scooter,5.0,cloudy,13,28,13.466666666666667,6,1,-0.2588190451025208,-0.9659258262890683,-0.7818314824680299,0.6234898018587334,8.0,28
141,thai,14.1,suburbs_north,3.3,2,15.98,scooter,20.0,clear,20,6,20.1,1,0,-0.8660254037844386,0.5,0.7818314824680297,0.6234898018587336,7.99,27
37,pizza,17.5,midtown,2.8,2,16.32,scooter,203.0,heavy_rain,12,33,12.55,3,0,1.2246467991473532e-16,-1.0,0.43388373911755823,-0.900968867902419,8.16,38
149,thai,15.5,downtown,0.8,2,27.33,bike,926.0,clear,13,24,13.4,5,1,-0.2588190451025208,-0.9659258262890683,-0.9749279121818236,-0.2225209339563146,13.665,28
124,indian,17.6,downtown,3.2,8,80.56,scooter,155.0,clear,19,2,19.033333333333335,0,0,-0.9659258262890684,0.2588190451025203,0.0,1.0,10.07,41
59,pizza,11.7,suburbs_south,8.7,4,58.57,scooter,22.0,clear,19,24,19.4,2,0,-0.9659258262890684,0.2588190451025203,0.9749279121818236,-0.22252093395631434,14.6425,45
71,burgers,14.5,uptown,3.1,3,22.26,bike,329.0,clear,17,24,17.4,4,0,-0.9659258262890683,-0.25881904510252063,-0.433883739117558,-0.9009688679024191,7.420000000000001,33
110,thai,12.5,suburbs_north,4.4,6,78.04,bike,18.0,clear,23,45,23.75,0,0,-0.2588190451025215,0.9659258262890681,0.0,1.0,13.006666666666668,36
140,chinese,17.8,downtown,2.5,2,22.12,scooter,44.0,clear,13,3,13.05,5,1,-0.2588190451025208,-0.9659258262890683,-0.9749279121818236,-0.2225209339563146,11.06,30
154,salads,8.5,midtown,2.6,1,10.2,scooter,140.0,clear,20,53,20.883333333333333,4,0,-0.8660254037844386,0.5,-0.433883739117558,-0.9009688679024191,10.2,20
68,thai,11.9,uptown,2.9,4,33.75,car,350.0,cloudy,17,2,17.033333333333335,2,0,-0.9659258262890683,-0.25881904510252063,0.9749279121818236,-0.22252093395631434,8.4375,21
119,indian,16.8,suburbs_south,11.1,8,77.97,car,108.0,cloudy,21,35,21.583333333333332,2,0,-0.7071067811865477,0.7071067811865474,0.9749279121818236,-0.22252093395631434,9.74625,57
138,thai,16.2,uptown,3.6,3,40.33,scooter,49.0,clear,13,4,13.066666666666666,2,0,-0.2588190451025208,-0.9659258262890683,0.9749279121818236,-0.22252093395631434,13.443333333333333,40
140,chinese,17.8,downtown,2.3,3,21.47,bike,76.0,clear,17,36,17.6,5,1,-0.9659258262890683,-0.25881904510252063,-0.9749279121818236,-0.2225209339563146,7.156666666666666,30
144,chinese,7.6,midtown,3.4,2,23.31,bike,130.0,rain,20,8,20.133333333333333,5,1,-0.8660254037844386,0.5,-0.9749279121818236,-0.2225209339563146,11.655,29
82,salads,9.2,midtown,3.5,1,9.25,scooter,41.0,clear,20,33,20.55,1,0,-0.8660254037844386,0.5,0.7818314824680297,0.6234898018587336,9.25,26
136,salads,9.3,downtown,1.6,4,28.78,scooter,72.0,clear,20,29,20.483333333333334,5,1,-0.8660254037844386,0.5,-0.9749279121818236,-0.2225209339563146,7.195,25
147,chinese,17.7,midtown,3.1,3,24.14,bike,45.0,clear,12,23,12.383333333333333,4,0,1.2246467991473532e-16,-1.0,-0.433883739117558,-0.9009688679024191,8.046666666666667,44
62,salads,6.7,downtown,2.2,3,27.11,scooter,234.0,clear,12,31,12.516666666666667,1,0,1.2246467991473532e-16,-1.0,0.7818314824680297,0.6234898018587336,9.036666666666667,17
99,thai,13.4,midtown,4.8,2,27.55,scooter,117.0,clear,20,57,20.95,0,0,-0.8660254037844386,0.5,0.0,1.0,13.775,28
84,chinese,11.5,suburbs_south,6.5,4,48.37,car,1028.0,clear,18,34,18.566666666666666,5,1,-1.0,-1.8369701987210297e-16,-0.9749279121818236,-0.2225209339563146,12.0925,33
158,indian,12.1,midtown,1.4,4,42.83,scooter,124.0,clear,12,18,12.3,0,0,1.2246467991473532e-16,-1.0,0.0,1.0,10.7075,22
108,mexican,10.1,suburbs_south,10.7,2,16.27,car,84.0,clear,19,21,19.35,1,0,-0.9659258262890684,0.2588190451025203,0.7818314824680297,0.6234898018587336,8.135,43
120,pizza,12.2,downtown,1.4,3,47.41,scooter,19.0,rain,20,10,20.166666666666668,1,0,-0.8660254037844386,0.5,0.7818314824680297,0.6234898018587336,15.803333333333333,21
54,salads,9.4,downtown,1.1,2,21.25,bike,124.0,clear,12,15,12.25,4,0,1.2246467991473532e-16,-1.0,-0.433883739117558,-0.9009688679024191,10.625,21
61,thai,18.0,suburbs_north,7.5,6,70.72,scooter,262.0,clear,12,8,12.133333333333333,1,0,1.2246467991473532e-16,-1.0,0.7818314824680297,0.6234898018587336,11.786666666666667,46
28,indian,19.5,downtown,1.0,3,43.13,scooter,32.0,clear,19,47,19.783333333333335,0,0,-0.9659258262890684,0.2588190451025203,0.0,1.0,14.376666666666667,33
141,thai,14.1,suburbs_north,7.9,6,50.6,car,699.0,clear,17,19,17.316666666666666,1,0,-0.9659258262890683,-0.25881904510252063,0.7818314824680297,0.6234898018587336,8.433333333333334,32
104,thai,11.5,suburbs_south,10.2,1,8.6,car,38.0,cloudy,17,51,17.85,2,0,-0.9659258262890683,-0.25881904510252063,0.9749279121818236,-0.22252093395631434,8.6,39
65,thai,16.7,uptown,4.4,4,55.34,bike,54.0,clear,14,6,14.1,4,0,-0.4999999999999998,-0.8660254037844388,-0.433883739117558,-0.9009688679024191,13.835,39
104,thai,11.5,suburbs_south,4.1,4,44.57,car,290.0,clear,11,40,11.666666666666666,1,0,0.258819045102521,-0.9659258262890682,0.7818314824680297,0.6234898018587336,11.1425,24
1,mexican,12.7,downtown,1.4,1,15.07,scooter,57.0,clear,16,40,16.666666666666668,0,0,-0.8660254037844384,-0.5000000000000004,0.0,1.0,15.07,19
4,pizza,14.0,suburbs_south,2.3,7,111.66,bike,122.0,clear,12,35,12.583333333333334,6,1,1.2246467991473532e-16,-1.0,-0.7818314824680299,0.6234898018587334,15.95142857142857,34
93,sushi,16.7,downtown,1.0,2,15.36,bike,33.0,cloudy,17,18,17.3,4,0,-0.9659258262890683,-0.25881904510252063,-0.433883739117558,-0.9009688679024191,7.68,28
157,burgers,16.3,suburbs_south,8.9,1,13.04,car,36.0,clear,18,5,18.083333333333332,5,1,-1.0,-1.8369701987210297e-16,-0.9749279121818236,-0.2225209339563146,13.04,54
2,thai,10.5,downtown,1.8,4,30.6,bike,195.0,clear,19,27,19.45,0,0,-0.9659258262890684,0.2588190451025203,0.0,1.0,7.65,20
46,indian,19.4,downtown,1.7,3,30.14,scooter,839.0,clear,21,16,21.266666666666666,3,0,-0.7071067811865477,0.7071067811865474,0.43388373911755823,-0.900968867902419,10.046666666666667,26
38,pizza,16.9,midtown,3.0,3,25.31,bike,44.0,cloudy,16,6,16.1,6,1,-0.8660254037844384,-0.5000000000000004,-0.7818314824680299,0.6234898018587334,8.436666666666666,32
80,chinese,16.1,downtown,1.8,1,13.82,car,280.0,cloudy,14,59,14.983333333333333,5,1,-0.4999999999999998,-0.8660254037844388,-0.9749279121818236,-0.2225209339563146,13.82,21
97,chinese,16.1,uptown,3.9,1,14.91,car,409.0,clear,16,33,16.55,6,1,-0.8660254037844384,-0.5000000000000004,-0.7818314824680299,0.6234898018587334,14.91,26
134,mexican,10.8,midtown,2.3,2,24.91,bike,496.0,cloudy,22,35,22.583333333333332,2,0,-0.5000000000000004,0.8660254037844384,0.9749279121818236,-0.22252093395631434,12.455,22
80,chinese,16.1,downtown,2.0,3,25.08,scooter,81.0,clear,10,46,10.766666666666667,2,0,0.49999999999999994,-0.8660254037844387,0.9749279121818236,-0.22252093395631434,8.36,26
25,mexican,14.5,midtown,4.0,3,28.68,bike,249.0,clear,17,51,17.85,4,0,-0.9659258262890683,-0.25881904510252063,-0.433883739117558,-0.9009688679024191,9.56,31
52,mexican,5.5,uptown,5.4,3,47.38,bike,147.0,rain,18,53,18.883333333333333,6,1,-1.0,-1.8369701987210297e-16,-0.7818314824680299,0.6234898018587334,15.793333333333335,34
158,indian,12.1,midtown,1.3,1,9.35,scooter,306.0,cloudy,11,5,11.083333333333334,1,0,0.258819045102521,-0.9659258262890682,0.7818314824680297,0.6234898018587336,9.35,23
30,salads,5.0,suburbs_south,4.7,2,23.57,scooter,177.0,cloudy,20,41,20.683333333333334,4,0,-0.8660254037844386,0.5,-0.433883739117558,-0.9009688679024191,11.785,27
47,mexican,14.1,downtown,2.3,2,25.01,scooter,99.0,clear,19,53,19.883333333333333,3,0,-0.9659258262890684,0.2588190451025203,0.43388373911755823,-0.900968867902419,12.505,28
49,indian,14.4,uptown,6.3,4,36.5,car,110.0,clear,19,32,19.533333333333335,6,1,-0.9659258262890684,0.2588190451025203,-0.7818314824680299,0.6234898018587334,9.125,40
14,burgers,6.4,downtown,2.8,2,24.45,scooter,434.0,rain,21,44,21.733333333333334,5,1,-0.7071067811865477,0.7071067811865474,-0.9749279121818236,-0.2225209339563146,12.225,15
141,thai,14.1,suburbs_north,8.4,2,31.99,car,419.0,clear,20,54,20.9,2,0,-0.8660254037844386,0.5,0.9749279121818236,-0.22252093395631434,15.995,37
135,sushi,20.5,downtown,2.4,4,35.22,bike,275.0,rain,13,38,13.633333333333333,3,0,-0.2588190451025208,-0.9659258262890683,0.43388373911755823,-0.900968867902419,8.805,50
17,thai,9.8,uptown,1.7,2,28.15,scooter,1994.0,cloudy,12,47,12.783333333333333,0,0,1.2246467991473532e-16,-1.0,0.0,1.0,14.075,17
116,sushi,16.4,downtown,2.5,3,45.35,car,22.0,clear,13,3,13.05,4,0,-0.2588190451025208,-0.9659258262890683,-0.433883739117558,-0.9009688679024191,15.116666666666667,36
46,indian,19.4,downtown,1.1,4,37.65,scooter,22.0,cloudy,22,27,22.45,3,0,-0.5000000000000004,0.8660254037844384,0.43388373911755823,-0.900968867902419,9.4125,29
57,sushi,15.1,midtown,1.2,4,58.83,car,78.0,clear,17,37,17.616666666666667,6,1,-0.9659258262890683,-0.25881904510252063,-0.7818314824680299,0.6234898018587334,14.7075,25
37,pizza,17.5,midtown,2.9,2,29.21,bike,27.0,rain,15,8,15.133333333333333,1,0,-0.7071067811865471,-0.7071067811865479,0.7818314824680297,0.6234898018587336,14.605,38
137,thai,13.3,suburbs_north,10.2,1,11.68,car,496.0,cloudy,17,16,17.266666666666666,3,0,-0.9659258262890683,-0.25881904510252063,0.43388373911755823,-0.900968867902419,11.68,37
37,pizza,17.5,midtown,2.5,8,112.92,bike,209.0,clear,19,40,19.666666666666668,3,0,-0.9659258262890684,0.2588190451025203,0.43388373911755823,-0.900968867902419,14.115,40
128,chinese,6.8,uptown,2.9,6,59.93,scooter,253.0,cloudy,21,1,21.016666666666666,1,0,-0.7071067811865477,0.7071067811865474,0.7818314824680297,0.6234898018587336,9.988333333333333,16
71,burgers,14.5,uptown,2.0,5,40.92,bike,145.0,clear,13,27,13.45,3,0,-0.2588190451025208,-0.9659258262890683,0.43388373911755823,-0.900968867902419,8.184000000000001,29
69,salads,8.8,midtown,2.9,2,21.76,bike,143.0,clear,22,47,22.783333333333335,3,0,-0.5000000000000004,0.8660254037844384,0.43388373911755823,-0.900968867902419,10.88,30
118,thai,15.5,downtown,1.1,3,35.05,bike,114.0,clear,17,51,17.85,5,1,-0.9659258262890683,-0.25881904510252063,-0.9749279121818236,-0.2225209339563146,11.683333333333332,26
157,burgers,16.3,suburbs_south,6.7,2,15.03,car,846.0,clear,16,35,16.583333333333332,0,0,-0.8660254037844384,-0.5000000000000004,0.0,1.0,7.515,31
40,pizza,18.4,midtown,4.2,3,28.11,car,7.0,clear,17,24,17.4,0,0,-0.9659258262890683,-0.25881904510252063,0.0,1.0,9.37,37
78,mexican,9.1,downtown,2.7,1,8.64,bike,262.0,clear,12,49,12.816666666666666,2,0,1.2246467991473532e-16,-1.0,0.9749279121818236,-0.22252093395631434,8.64,24
131,indian,22.1,downtown,3.1,2,28.48,car,350.0,clear,17,54,17.9,5,1,-0.9659258262890683,-0.25881904510252063,-0.9749279121818236,-0.2225209339563146,14.24,35
46,indian,19.4,downtown,1.7,2,31.32,scooter,667.0,rain,22,37,22.616666666666667,2,0,-0.5000000000000004,0.8660254037844384,0.9749279121818236,-0.22252093395631434,15.66,25
17,thai,9.8,uptown,2.5,4,41.82,car,103.0,clear,20,14,20.233333333333334,1,0,-0.8660254037844386,0.5,0.7818314824680297,0.6234898018587336,10.455,22
152,indian,18.0,suburbs_north,6.1,4,29.53,car,387.0,clear,13,49,13.816666666666666,4,0,-0.2588190451025208,-0.9659258262890683,-0.433883739117558,-0.9009688679024191,7.3825,47
131,indian,22.1,downtown,1.3,2,26.48,scooter,84.0,clear,11,49,11.816666666666666,3,0,0.258819045102521,-0.9659258262890682,0.43388373911755823,-0.900968867902419,13.24,29
97,chinese,16.1,uptown,4.7,4,43.64,bike,119.0,clear,12,37,12.616666666666667,2,0,1.2246467991473532e-16,-1.0,0.9749279121818236,-0.22252093395631434,10.91,44
31,sushi,14.7,midtown,4.4,1,12.3,scooter,532.0,rain,21,58,21.966666666666665,2,0,-0.7071067811865477,0.7071067811865474,0.9749279121818236,-0.22252093395631434,12.3,28
147,chinese,17.7,midtown,1.9,1,9.15,scooter,102.0,clear,18,53,18.883333333333333,4,0,-1.0,-1.8369701987210297e-16,-0.433883739117558,-0.9009688679024191,9.15,29
1,mexican,12.7,downtown,1.8,1,14.1,bike,76.0,heavy_rain,17,52,17.866666666666667,5,1,-0.9659258262890683,-0.25881904510252063,-0.9749279121818236,-0.2225209339563146,14.1,32
70,thai,14.2,suburbs_north,6.6,4,33.8,car,206.0,cloudy,22,31,22.516666666666666,2,0,-0.5000000000000004,0.8660254037844384,0.9749279121818236,-0.22252093395631434,8.45,36
138,thai,16.2,uptown,2.8,2,21.81,bike,99.0,cloudy,15,1,15.016666666666667,6,1,-0.7071067811865471,-0.7071067811865479,-0.7818314824680299,0.6234898018587334,10.905,34
101,thai,11.8,suburbs_north,7.9,1,9.88,car,211.0,rain,17,22,17.366666666666667,3,0,-0.9659258262890683,-0.25881904510252063,0.43388373911755823,-0.900968867902419,9.88,34
120,pizza,12.2,downtown,1.0,3,33.39,bike,197.0,clear,19,48,19.8,3,0,-0.9659258262890684,0.2588190451025203,0.43388373911755823,-0.900968867902419,11.13,23
45,indian,15.4,midtown,2.5,3,36.65,car,202.0,clear,17,47,17.783333333333335,1,0,-0.9659258262890683,-0.25881904510252063,0.7818314824680297,0.6234898018587336,12.216666666666667,20
47,mexican,14.1,downtown,1.0,3,37.62,scooter,233.0,cloudy,19,39,19.65,3,0,-0.9659258262890684,0.2588190451025203,0.43388373911755823,-0.900968867902419,12.54,19
115,thai,13.4,downtown,1.9,2,26.39,car,131.0,cloudy,18,46,18.766666666666666,0,0,-1.0,-1.8369701987210297e-16,0.0,1.0,13.195,34
130,mexican,15.3,downtown,2.6,2,23.09,bike,287.0,heavy_rain,15,48,15.8,2,0,-0.7071067811865471,-0.7071067811865479,0.9749279121818236,-0.22252093395631434,11.545,33
75,mexican,13.3,midtown,2.5,3,40.4,car,71.0,clear,13,14,13.233333333333333,3,0,-0.2588190451025208,-0.9659258262890683,0.43388373911755823,-0.900968867902419,13.466666666666667,29
106,pizza,12.3,downtown,2.2,3,41.93,scooter,331.0,heavy_rain,18,25,18.416666666666668,1,0,-1.0,-1.8369701987210297e-16,0.7818314824680297,0.6234898018587336,13.976666666666667,24
80,chinese,16.1,downtown,2.7,1,8.58,bike,199.0,clear,13,8,13.133333333333333,5,1,-0.2588190451025208,-0.9659258262890683,-0.9749279121818236,-0.2225209339563146,8.58,29
77,pizza,11.4,uptown,5.2,3,33.02,scooter,265.0,cloudy,19,29,19.483333333333334,2,0,-0.9659258262890684,0.2588190451025203,0.9749279121818236,-0.22252093395631434,11.006666666666668,30
45,indian,15.4,midtown,2.6,2,30.58,scooter,231.0,cloudy,20,11,20.183333333333334,4,0,-0.8660254037844386,0.5,-0.433883739117558,-0.9009688679024191,15.29,29
86,chinese,11.8,suburbs_south,5.0,2,15.55,scooter,384.0,clear,12,43,12.716666666666667,5,1,1.2246467991473532e-16,-1.0,-0.9749279121818236,-0.2225209339563146,7.775,29
51,indian,17.0,downtown,2.7,3,23.26,scooter,147.0,clear,10,8,10.133333333333333,4,0,0.49999999999999994,-0.8660254037844387,-0.433883739117558,-0.9009688679024191,7.753333333333334,24
153,salads,5.0,suburbs_south,4.6,1,8.0,scooter,460.0,clear,18,9,18.15,2,0,-1.0,-1.8369701987210297e-16,0.9749279121818236,-0.22252093395631434,8.0,22
95,pizza,11.9,suburbs_south,11.3,2,25.8,scooter,119.0,rain,18,31,18.516666666666666,6,1,-1.0,-1.8369701987210297e-16,-0.7818314824680299,0.6234898018587334,12.9,63
3,pizza,20.9,suburbs_north,4.0,5,50.72,scooter,156.0,cloudy,12,36,12.6,1,0,1.2246467991473532e-16,-1.0,0.7818314824680297,0.6234898018587336,10.144,47
49,indian,14.4,uptown,3.5,6,67.82,car,307.0,rain,13,48,13.8,3,0,-0.2588190451025208,-0.9659258262890683,0.43388373911755823,-0.900968867902419,11.303333333333333,30
111,pizza,8.5,downtown,3.5,3,38.7,scooter,82.0,clear,17,39,17.65,6,1,-0.9659258262890683,-0.25881904510252063,-0.7818314824680299,0.6234898018587334,12.9,20
13,indian,15.1,downtown,0.9,2,14.07,car,47.0,clear,23,13,23.216666666666665,6,1,-0.2588190451025215,0.9659258262890681,-0.7818314824680299,0.6234898018587334,7.035,23
23,burgers,11.6,downtown,1.4,2,29.46,scooter,117.0,rain,10,1,10.016666666666667,3,0,0.49999999999999994,-0.8660254037844387,0.43388373911755823,-0.900968867902419,14.73,17
125,sushi,18.8,uptown,5.0,3,47.99,bike,478.0,clear,18,37,18.616666666666667,5,1,-1.0,-1.8369701987210297e-16,-0.9749279121818236,-0.2225209339563146,15.996666666666668,49
96,thai,15.7,downtown,1.0,3,29.63,bike,76.0,clear,12,59,12.983333333333333,6,1,1.2246467991473532e-16,-1.0,-0.7818314824680299,0.6234898018587334,9.876666666666667,30
159,pizza,15.0,uptown,1.7,1,14.83,scooter,52.0,cloudy,20,10,20.166666666666668,0,0,-0.8660254037844386,0.5,0.0,1.0,14.83,20
39,thai,21.0,downtown,1.3,1,8.0,scooter,376.0,clear,12,58,12.966666666666667,5,1,1.2246467991473532e-16,-1.0,-0.9749279121818236,-0.2225209339563146,8.0,31
29,salads,9.9,midtown,3.3,6,44.13,car,240.0,cloudy,15,57,15.95,5,1,-0.7071067811865471,-0.7071067811865479,-0.9749279121818236,-0.2225209339563146,7.355,26
14,burgers,6.4,downtown,2.8,5,70.35,car,176.0,clear,21,27,21.45,3,0,-0.7071067811865477,0.7071067811865474,0.43388373911755823,-0.900968867902419,14.069999999999999,21
120,pizza,12.2,downtown,2.3,1,10.51,bike,113.0,clear,11,24,11.4,4,0,0.258819045102521,-0.9659258262890682,-0.433883739117558,-0.9009688679024191,10.51,30
100,pizza,12.8,uptown,1.2,4,50.6,bike,28.0,rain,18,26,18.433333333333334,6,1,-1.0,-1.8369701987210297e-16,-0.7818314824680299,0.6234898018587334,12.65,31
12,thai,12.8,midtown,3.7,2,18.91,car,103.0,clear,13,36,13.6,6,1,-0.2588190451025208,-0.9659258262890683,-0.7818314824680299,0.6234898018587334,9.455,32
78,mexican,9.1,downtown,2.8,1,10.49,scooter,25.0,clear,16,2,16.033333333333335,3,0,-0.8660254037844384,-0.5000000000000004,0.43388373911755823,-0.900968867902419,10.49,12
71,burgers,14.5,uptown,5.1,3,26.98,scooter,491.0,clear,12,37,12.616666666666667,1,0,1.2246467991473532e-16,-1.0,0.7818314824680297,0.6234898018587336,8.993333333333334,38
97,chinese,16.1,uptown,3.0,1,10.42,scooter,142.0,clear,13,8,13.133333333333333,2,0,-0.2588190451025208,-0.9659258262890683,0.9749279121818236,-0.22252093395631434,10.42,36
123,salads,7.7,uptown,5.3,2,26.68,bike,149.0,rain,19,3,19.05,4,0,-0.9659258262890684,0.2588190451025203,-0.433883739117558,-0.9009688679024191,13.34,39
120,pizza,12.2,downtown,1.7,3,26.05,car,568.0,clear,13,27,13.45,6,1,-0.2588190451025208,-0.9659258262890683,-0.7818314824680299,0.6234898018587334,8.683333333333334,25
75,mexican,13.3,midtown,3.6,3,30.51,scooter,94.0,clear,17,54,17.9,0,0,-0.9659258262890683,-0.25881904510252063,0.0,1.0,10.17,27
11,indian,20.4,uptown,5.4,4,51.46,car,167.0,rain,11,59,11.983333333333333,2,0,0.258819045102521,-0.9659258262890682,0.9749279121818236,-0.22252093395631434,12.865,48
45,indian,15.4,midtown,2.2,4,59.3,bike,28.0,clear,16,54,16.9,0,0,-0.8660254037844384,-0.5000000000000004,0.0,1.0,14.825,32
76,mexican,10.0,uptown,1.9,2,15.36,scooter,70.0,clear,13,12,13.2,1,0,-0.2588190451025208,-0.9659258262890683,0.7818314824680297,0.6234898018587336,7.68,20
72,burgers,12.2,suburbs_south,11.6,3,39.56,scooter,109.0,clear,20,38,20.633333333333333,2,0,-0.8660254037844386,0.5,0.9749279121818236,-0.22252093395631434,13.186666666666667,59
23,burgers,11.6,downtown,2.7,3,28.44,car,16.0,clear,11,53,11.883333333333333,4,0,0.258819045102521,-0.9659258262890682,-0.433883739117558,-0.9009688679024191,9.48,29
69,salads,8.8,midtown,4.3,1,8.0,car,5269.0,clear,16,54,16.9,4,0,-0.8660254037844384,-0.5000000000000004,-0.433883739117558,-0.9009688679024191,8.0,20
96,thai,15.7,downtown,1.9,5,57.44,bike,145.0,cloudy,12,14,12.233333333333333,3,0,1.2246467991473532e-16,-1.0,0.43388373911755823,-0.900968867902419,11.488,32
53,thai,11.5,midtown,1.4,6,52.96,car,41.0,clear,19,36,19.6,3,0,-0.9659258262890684,0.2588190451025203,0.43388373911755823,-0.900968867902419,8.826666666666666,25
9,thai,12.6,suburbs_south,13.2,1,13.77,scooter,532.0,clear,22,49,22.816666666666666,1,0,-0.5000000000000004,0.8660254037844384,0.7818314824680297,0.6234898018587336,13.77,53
70,thai,14.2,suburbs_north,9.3,5,40.01,car,152.0,clear,19,23,19.383333333333333,3,0,-0.9659258262890684,0.2588190451025203,0.43388373911755823,-0.900968867902419,8.001999999999999,46
139,indian,20.7,midtown,3.5,7,92.45,car,25.0,clear,14,31,14.516666666666667,6,1,-0.4999999999999998,-0.8660254037844388,-0.7818314824680299,0.6234898018587334,13.207142857142857,35
112,sushi,18.2,downtown,1.0,4,38.11,scooter,481.0,clear,21,45,21.75,3,0,-0.7071067811865477,0.7071067811865474,0.43388373911755823,-0.900968867902419,9.5275,21
48,mexican,8.8,midtown,2.2,2,21.02,scooter,463.0,clear,14,43,14.716666666666667,2,0,-0.4999999999999998,-0.8660254037844388,0.9749279121818236,-0.22252093395631434,10.51,24
129,pizza,10.9,suburbs_north,7.5,2,16.39,scooter,108.0,cloudy,20,55,20.916666666666668,5,1,-0.8660254037844386,0.5,-0.9749279121818236,-0.2225209339563146,8.195,41
17,thai,9.8,uptown,3.3,2,15.67,scooter,213.0,cloudy,13,5,13.083333333333334,2,0,-0.2588190451025208,-0.9659258262890683,0.9749279121818236,-0.22252093395631434,7.835,25
18,indian,20.8,suburbs_south,4.9,1,14.69,scooter,436.0,clear,19,41,19.683333333333334,5,1,-0.9659258262890684,0.2588190451025203,-0.9749279121818236,-0.2225209339563146,14.69,43
67,chinese,17.8,uptown,1.8,3,44.47,scooter,45.0,clear,14,19,14.316666666666666,0,0,-0.4999999999999998,-0.8660254037844388,0.0,1.0,14.823333333333332,31
53,thai,11.5,midtown,3.0,6,71.9,scooter,212.0,clear,23,12,23.2,5,1,-0.2588190451025215,0.9659258262890681,-0.9749279121818236,-0.2225209339563146,11.983333333333334,30
142,indian,20.4,midtown,4.3,1,14.96,scooter,78.0,clear,16,22,16.366666666666667,0,0,-0.8660254037844384,-0.5000000000000004,0.0,1.0,14.96,38
123,salads,7.7,uptown,3.1,4,31.3,bike,637.0,rain,17,26,17.433333333333334,3,0,-0.9659258262890683,-0.25881904510252063,0.43388373911755823,-0.900968867902419,7.825,24
47,mexican,14.1,downtown,0.9,1,13.79,scooter,147.0,clear,21,7,21.116666666666667,4,0,-0.7071067811865477,0.7071067811865474,-0.433883739117558,-0.9009688679024191,13.79,19
91,salads,10.1,suburbs_south,7.5,1,14.11,car,51.0,clear,18,31,18.516666666666666,1,0,-1.0,-1.8369701987210297e-16,0.7818314824680297,0.6234898018587336,14.11,34
106,pizza,12.3,downtown,3.8,2,14.95,scooter,33.0,clear,13,6,13.1,1,0,-0.2588190451025208,-0.9659258262890683,0.7818314824680297,0.6234898018587336,7.475,33
91,salads,10.1,suburbs_south,7.2,5,38.27,car,59.0,rain,13,34,13.566666666666666,5,1,-0.2588190451025208,-0.9659258262890683,-0.9749279121818236,-0.2225209339563146,7.654000000000001,82
88,burgers,8.9,suburbs_south,6.8,2,17.78,car,399.0,clear,19,50,19.833333333333332,1,0,-0.9659258262890684,0.2588190451025203,0.7818314824680297,0.6234898018587336,8.89,28
127,indian,15.6,downtown,1.6,3,38.16,scooter,137.0,cloudy,11,4,11.066666666666666,5,1,0.258819045102521,-0.9659258262890682,-0.9749279121818236,-0.2225209339563146,12.719999999999999,26
112,sushi,18.2,downtown,2.4,2,23.22,bike,624.0,rain,12,17,12.283333333333333,6,1,1.2246467991473532e-16,-1.0,-0.7818314824680299,0.6234898018587334,11.61,40
155,indian,14.5,suburbs_south,6.2,8,83.91,scooter,198.0,rain,18,8,18.133333333333333,5,1,-1.0,-1.8369701987210297e-16,-0.9749279121818236,-0.2225209339563146,10.48875,51
42,pizza,16.7,downtown,3.0,3,44.76,scooter,357.0,clear,20,30,20.5,6,1,-0.8660254037844386,0.5,-0.7818314824680299,0.6234898018587334,14.92,35
146,thai,14.2,uptown,2.0,5,70.96,bike,401.0,clear,12,41,12.683333333333334,4,0,1.2246467991473532e-16,-1.0,-0.433883739117558,-0.9009688679024191,14.191999999999998,32
44,indian,21.0,midtown,3.2,2,25.82,car,132.0,cloudy,18,39,18.65,1,0,-1.0,-1.8369701987210297e-16,0.7818314824680297,0.6234898018587336,12.91,40
30,salads,5.0,suburbs_south,8.1,3,47.05,scooter,57.0,clear,12,41,12.683333333333334,4,0,1.2246467991473532e-16,-1.0,-0.433883739117558,-0.9009688679024191,15.683333333333332,34
68,thai,11.9,uptown,5.3,3,21.55,scooter,73.0,cloudy,12,5,12.083333333333334,6,1,1.2246467991473532e-16,-1.0,-0.7818314824680299,0.6234898018587334,7.183333333333334,39
101,thai,11.8,suburbs_north,2.3,3,35.75,car,118.0,cloudy,10,33,10.55,3,0,0.49999999999999994,-0.8660254037844387,0.43388373911755823,-0.900968867902419,11.916666666666666,22
63,pizza,12.6,downtown,1.1,3,44.12,scooter,96.0,cloudy,10,6,10.1,5,1,0.49999999999999994,-0.8660254037844387,-0.9749279121818236,-0.2225209339563146,14.706666666666665,26
77,pizza,11.4,uptown,2.2,3,30.85,bike,270.0,cloudy,15,13,15.216666666666667,2,0,-0.7071067811865471,-0.7071067811865479,0.9749279121818236,-0.22252093395631434,10.283333333333333,22
19,chinese,10.6,downtown,2.4,2,19.77,bike,1210.0,rain,12,39,12.65,6,1,1.2246467991473532e-16,-1.0,-0.7818314824680299,0.6234898018587334,9.885,30
116,sushi,16.4,downtown,0.6,1,8.58,scooter,147.0,clear,20,23,20.383333333333333,1,0,-0.8660254037844386,0.5,0.7818314824680297,0.6234898018587336,8.58,28
121,indian,13.9,suburbs_north,3.2,2,31.06,scooter,23.0,cloudy,12,37,12.616666666666667,0,0,1.2246467991473532e-16,-1.0,0.0,1.0,15.53,21
52,mexican,5.5,uptown,5.6,3,27.75,car,329.0,heavy_rain,21,18,21.3,4,0,-0.7071067811865477,0.7071067811865474,-0.433883739117558,-0.9009688679024191,9.25,28
52,mexican,5.5,uptown,2.8,2,21.59,scooter,70.0,heavy_rain,12,40,12.666666666666666,3,0,1.2246467991473532e-16,-1.0,0.43388373911755823,-0.900968867902419,10.795,29
151,chinese,11.8,downtown,1.0,3,37.43,scooter,2289.0,rain,12,29,12.483333333333333,6,1,1.2246467991473532e-16,-1.0,-0.7818314824680299,0.6234898018587334,12.476666666666667,24
68,thai,11.9,uptown,1.2,1,9.95,car,32.0,clear,20,59,20.983333333333334,3,0,-0.8660254037844386,0.5,0.43388373911755823,-0.900968867902419,9.95,20
149,thai,15.5,downtown,2.3,4,35.92,bike,534.0,clear,22,19,22.316666666666666,0,0,-0.5000000000000004,0.8660254037844384,0.0,1.0,8.98,27
128,chinese,6.8,uptown,5.8,5,61.11,scooter,208.0,cloudy,18,14,18.233333333333334,3,0,-1.0,-1.8369701987210297e-16,0.43388373911755823,-0.900968867902419,12.222,27
29,salads,9.9,midtown,3.1,2,23.49,scooter,36.0,clear,17,46,17.766666666666666,0,0,-0.9659258262890683,-0.25881904510252063,0.0,1.0,11.745,17
49,indian,14.4,uptown,3.3,2,30.66,bike,417.0,clear,12,20,12.333333333333334,6,1,1.2246467991473532e-16,-1.0,-0.7818314824680299,0.6234898018587334,15.33,34
108,mexican,10.1,suburbs_south,6.0,5,62.57,car,1207.0,rain,16,11,16.183333333333334,1,0,-0.8660254037844384,-0.5000000000000004,0.7818314824680297,0.6234898018587336,12.514,32
55,salads,5.0,midtown,1.1,1,10.18,scooter,25.0,clear,17,18,17.3,1,0,-0.9659258262890683,-0.25881904510252063,0.7818314824680297,0.6234898018587336,10.18,14
144,chinese,7.6,midtown,1.0,8,63.74,car,79.0,cloudy,18,4,18.066666666666666,6,1,-1.0,-1.8369701987210297e-16,-0.7818314824680299,0.6234898018587334,7.9675,23
108,mexican,10.1,suburbs_south,6.1,3,29.96,car,278.0,cloudy,19,49,19.816666666666666,6,1,-0.9659258262890684,0.2588190451025203,-0.7818314824680299,0.6234898018587334,9.986666666666666,36
91,salads,10.1,suburbs_south,8.3,3,30.41,scooter,1053.0,rain,12,47,12.783333333333333,6,1,1.2246467991473532e-16,-1.0,-0.7818314824680299,0.6234898018587334,10.136666666666667,37
155,indian,14.5,suburbs_south,10.8,6,62.84,scooter,147.0,cloudy,17,45,17.75,0,0,-0.9659258262890683,-0.25881904510252063,0.0,1.0,10.473333333333334,50
5,mexican,12.4,uptown,3.7,4,33.37,bike,11.0,cloudy,19,28,19.466666666666665,5,1,-0.9659258262890684,0.2588190451025203,-0.9749279121818236,-0.2225209339563146,8.3425,39
130,mexican,15.3,downtown,1.4,4,54.18,bike,161.0,clear,16,16,16.266666666666666,4,0,-0.8660254037844384,-0.5000000000000004,-0.433883739117558,-0.9009688679024191,13.545,25
135,sushi,20.5,downtown,3.1,2,14.09,bike,76.0,clear,17,58,17.966666666666665,5,1,-0.9659258262890683,-0.25881904510252063,-0.9749279121818236,-0.2225209339563146,7.045,38
92,thai,7.0,uptown,3.1,3,25.3,bike,104.0,clear,10,3,10.05,5,1,0.49999999999999994,-0.8660254037844387,-0.9749279121818236,-0.2225209339563146,8.433333333333334,27
120,pizza,12.2,downtown,0.9,6,93.69,bike,148.0,rain,17,18,17.3,6,1,-0.9659258262890683,-0.25881904510252063,-0.7818314824680299,0.6234898018587334,15.615,23
122,indian,20.0,midtown,1.8,2,14.89,car,30.0,cloudy,19,32,19.533333333333335,3,0,-0.9659258262890684,0.2588190451025203,0.43388373911755823,-0.900968867902419,7.445,31
39,thai,21.0,downtown,2.1,2,24.56,scooter,364.0,heavy_rain,20,0,20.0,3,0,-0.8660254037844386,0.5,0.43388373911755823,-0.900968867902419,12.28,34
124,indian,17.6,downtown,0.9,1,12.83,bike,191.0,cloudy,20,47,20.783333333333335,1,0,-0.8660254037844386,0.5,0.7818314824680297,0.6234898018587336,12.83,29
38,pizza,16.9,midtown,1.0,3,37.42,car,137.0,clear,20,33,20.55,2,0,-0.8660254037844386,0.5,0.9749279121818236,-0.22252093395631434,12.473333333333334,33
26,pizza,14.9,midtown,3.9,2,20.48,scooter,222.0,clear,20,50,20.833333333333332,1,0,-0.8660254037844386,0.5,0.7818314824680297,0.6234898018587336,10.24,31
74,thai,18.7,downtown,3.0,1,8.56,scooter,473.0,clear,17,48,17.8,0,0,-0.9659258262890683,-0.25881904510252063,0.0,1.0,8.56,24
83,salads,8.7,midtown,2.9,8,120.5,scooter,147.0,heavy_rain,14,43,14.716666666666667,3,0,-0.4999999999999998,-0.8660254037844388,0.43388373911755823,-0.900968867902419,15.0625,33
110,thai,12.5,suburbs_north,3.2,2,26.49,scooter,504.0,clear,13,17,13.283333333333333,6,1,-0.2588190451025208,-0.9659258262890683,-0.7818314824680299,0.6234898018587334,13.245,27
1,mexican,12.7,downtown,1.7,2,19.9,car,147.0,clear,18,41,18.683333333333334,4,0,-1.0,-1.8369701987210297e-16,-0.433883739117558,-0.9009688679024191,9.95,24
122,indian,20.0,midtown,4.5,4,38.12,car,313.0,clear,12,54,12.9,4,0,1.2246467991473532e-16,-1.0,-0.433883739117558,-0.9009688679024191,9.53,38
36,burgers,11.8,downtown,1.1,1,9.67,car,91.0,cloudy,19,13,19.216666666666665,2,0,-0.9659258262890684,0.2588190451025203,0.9749279121818236,-0.22252093395631434,9.67,25
21,pizza,17.0,midtown,2.8,6,67.56,car,25.0,clear,15,22,15.366666666666667,1,0,-0.7071067811865471,-0.7071067811865479,0.7818314824680297,0.6234898018587336,11.26,33
32,thai,16.7,uptown,1.1,3,28.36,car,75.0,clear,18,2,18.033333333333335,1,0,-1.0,-1.8369701987210297e-16,0.7818314824680297,0.6234898018587336,9.453333333333333,27
104,thai,11.5,suburbs_south,3.6,3,35.75,scooter,155.0,cloudy,13,1,13.016666666666667,3,0,-0.2588190451025208,-0.9659258262890683,0.43388373911755823,-0.900968867902419,11.916666666666666,28
92,thai,7.0,uptown,2.6,1,15.9,bike,120.0,clear,19,37,19.616666666666667,5,1,-0.9659258262890684,0.2588190451025203,-0.9749279121818236,-0.2225209339563146,15.9,20
42,pizza,16.7,downtown,1.0,2,31.27,scooter,92.0,clear,18,16,18.266666666666666,3,0,-1.0,-1.8369701987210297e-16,0.43388373911755823,-0.900968867902419,15.635,26
19,chinese,10.6,downtown,2.3,3,23.62,bike,130.0,clear,21,31,21.516666666666666,1,0,-0.7071067811865477,0.7071067811865474,0.7818314824680297,0.6234898018587336,7.873333333333334,22
44,indian,21.0,midtown,3.2,1,14.58,scooter,135.0,clear,14,48,14.8,1,0,-0.4999999999999998,-0.8660254037844388,0.7818314824680297,0.6234898018587336,14.58,34
15,indian,18.1,midtown,3.3,1,14.62,bike,180.0,clear,17,55,17.916666666666668,2,0,-0.9659258262890683,-0.25881904510252063,0.9749279121818236,-0.22252093395631434,14.62,36
120,pizza,12.2,downtown,2.8,3,32.36,bike,16.0,cloudy,22,37,22.616666666666667,0,0,-0.5000000000000004,0.8660254037844384,0.0,1.0,10.786666666666667,31
35,mexican,11.9,midtown,2.4,3,36.66,bike,3.0,clear,15,5,15.083333333333334,2,0,-0.7071067811865471,-0.7071067811865479,0.9749279121818236,-0.22252093395631434,12.219999999999999,25
90,sushi,20.7,midtown,1.7,1,10.78,bike,62.0,clear,22,57,22.95,5,1,-0.5000000000000004,0.8660254037844384,-0.9749279121818236,-0.2225209339563146,10.78,33
113,mexican,13.2,midtown,1.2,3,47.1,scooter,134.0,cloudy,18,55,18.916666666666668,6,1,-1.0,-1.8369701987210297e-16,-0.7818314824680299,0.6234898018587334,15.700000000000001,26
32,thai,16.7,uptown,1.9,2,17.22,scooter,27.0,clear,17,28,17.466666666666665,0,0,-0.9659258262890683,-0.25881904510252063,0.0,1.0,8.61,25
75,mexican,13.3,midtown,1.8,2,29.65,car,211.0,cloudy,19,50,19.833333333333332,3,0,-0.9659258262890684,0.2588190451025203,0.43388373911755823,-0.900968867902419,14.825,27
103,thai,16.4,midtown,2.8,2,18.93,car,902.0,clear,11,48,11.8,3,0,0.258819045102521,-0.9659258262890682,0.43388373911755823,-0.900968867902419,9.465,27
60,chinese,10.4,suburbs_north,7.8,1,8.25,car,49.0,cloudy,13,28,13.466666666666667,1,0,-0.2588190451025208,-0.9659258262890683,0.7818314824680297,0.6234898018587336,8.25,36
54,salads,9.4,downtown,1.9,4,61.19,scooter,59.0,clear,11,56,11.933333333333334,2,0,0.258819045102521,-0.9659258262890682,0.9749279121818236,-0.22252093395631434,15.2975,24
138,thai,16.2,uptown,2.6,5,42.52,scooter,906.0,clear,19,42,19.7,5,1,-0.9659258262890684,0.2588190451025203,-0.9749279121818236,-0.2225209339563146,8.504000000000001,33
160,salads,5.0,uptown,1.8,2,18.7,scooter,230.0,heavy_rain,17,29,17.483333333333334,0,0,-0.9659258262890683,-0.25881904510252063,0.0,1.0,9.35,11
66,sushi,18.7,midtown,1.6,1,8.58,scooter,50.0,clear,19,2,19.033333333333335,5,1,-0.9659258262890684,0.2588190451025203,-0.9749279121818236,-0.2225209339563146,8.58,24
158,indian,12.1,midtown,4.0,6,79.9,car,117.0,cloudy,13,11,13.183333333333334,5,1,-0.2588190451025208,-0.9659258262890683,-0.9749279121818236,-0.2225209339563146,13.316666666666668,31
108,mexican,10.1,suburbs_south,5.1,3,39.79,scooter,315.0,clear,18,22,18.366666666666667,2,0,-1.0,-1.8369701987210297e-16,0.9749279121818236,-0.22252093395631434,13.263333333333334,30
49,indian,14.4,uptown,2.8,7,81.5,car,91.0,clear,21,30,21.5,0,0,-0.7071067811865477,0.7071067811865474,0.0,1.0,11.642857142857142,28
86,chinese,11.8,suburbs_south,7.7,3,21.36,scooter,56.0,clear,20,53,20.883333333333333,0,0,-0.8660254037844386,0.5,0.0,1.0,7.12,36
99,thai,13.4,midtown,2.6,2,30.13,scooter,196.0,clear,18,43,18.716666666666665,2,0,-1.0,-1.8369701987210297e-16,0.9749279121818236,-0.22252093395631434,15.065,29
103,thai,16.4,midtown,1.8,2,23.66,bike,185.0,rain,12,6,12.1,0,0,1.2246467991473532e-16,-1.0,0.0,1.0,11.83,35
125,sushi,18.8,uptown,1.2,5,68.49,scooter,152.0,clear,15,52,15.866666666666667,6,1,-0.7071067811865471,-0.7071067811865479,-0.7818314824680299,0.6234898018587334,13.697999999999999,30
75,mexican,13.3,midtown,2.1,3,33.6,scooter,186.0,rain,19,19,19.316666666666666,6,1,-0.9659258262890684,0.2588190451025203,-0.7818314824680299,0.6234898018587334,11.200000000000001,28
78,mexican,9.1,downtown,1.6,3,42.91,bike,2881.0,rain,19,53,19.883333333333333,5,1,-0.9659258262890684,0.2588190451025203,-0.9749279121818236,-0.2225209339563146,14.303333333333333,15
12,thai,12.8,midtown,1.6,1,12.11,scooter,17.0,clear,13,43,13.716666666666667,2,0,-0.2588190451025208,-0.9659258262890683,0.9749279121818236,-0.22252093395631434,12.11,33
127,indian,15.6,downtown,1.6,5,74.17,bike,137.0,clear,19,39,19.65,6,1,-0.9659258262890684,0.2588190451025203,-0.7818314824680299,0.6234898018587334,14.834,37
55,salads,5.0,midtown,3.8,2,27.05,car,1477.0,clear,18,14,18.233333333333334,0,0,-1.0,-1.8369701987210297e-16,0.0,1.0,13.525,16
15,indian,18.1,midtown,1.7,6,46.43,car,1022.0,cloudy,19,51,19.85,2,0,-0.9659258262890684,0.2588190451025203,0.9749279121818236,-0.22252093395631434,7.738333333333333,34
110,thai,12.5,suburbs_north,7.1,1,9.41,car,83.0,cloudy,15,57,15.95,3,0,-0.7071067811865471,-0.7071067811865479,0.43388373911755823,-0.900968867902419,9.41,30
153,salads,5.0,suburbs_south,7.4,2,28.73,scooter,845.0,clear,20,49,20.816666666666666,0,0,-0.8660254037844386,0.5,0.0,1.0,14.365,27
27,thai,16.7,downtown,1.0,2,31.07,bike,169.0,clear,17,5,17.083333333333332,2,0,-0.9659258262890683,-0.25881904510252063,0.9749279121818236,-0.22252093395631434,15.535,18
11,indian,20.4,uptown,2.1,2,26.73,bike,147.0,clear,17,2,17.033333333333335,1,0,-0.9659258262890683,-0.25881904510252063,0.7818314824680297,0.6234898018587336,13.365,39
5,mexican,12.4,uptown,5.3,1,8.36,bike,1255.0,clear,11,6,11.1,5,1,0.258819045102521,-0.9659258262890682,-0.9749279121818236,-0.2225209339563146,8.36,36
36,burgers,11.8,downtown,0.7,2,28.68,scooter,190.0,clear,20,9,20.15,1,0,-0.8660254037844386,0.5,0.7818314824680297,0.6234898018587336,14.34,21
22,mexican,9.1,suburbs_south,5.7,1,10.18,car,101.0,clear,18,7,18.116666666666667,5,1,-1.0,-1.8369701987210297e-16,-0.9749279121818236,-0.2225209339563146,10.18,27
102,indian,17.4,uptown,1.9,2,20.22,car,323.0,clear,14,1,14.016666666666667,2,0,-0.4999999999999998,-0.8660254037844388,0.9749279121818236,-0.22252093395631434,10.11,23
3,pizza,20.9,suburbs_north,6.7,2,22.21,car,54.0,clear,13,23,13.383333333333333,5,1,-0.2588190451025208,-0.9659258262890683,-0.9749279121818236,-0.2225209339563146,11.105,45
139,indian,20.7,midtown,1.9,5,35.46,scooter,147.0,clear,15,3,15.05,2,0,-0.7071067811865471,-0.7071067811865479,0.9749279121818236,-0.22252093395631434,7.0920000000000005,34
125,sushi,18.8,uptown,5.1,4,30.65,bike,53.0,clear,11,32,11.533333333333333,3,0,0.258819045102521,-0.9659258262890682,0.43388373911755823,-0.900968867902419,7.6625,54
39,thai,21.0,downtown,0.9,2,24.85,bike,138.0,cloudy,19,21,19.35,4,0,-0.9659258262890684,0.2588190451025203,-0.433883739117558,-0.9009688679024191,12.425,32
53,thai,11.5,midtown,2.3,2,18.4,bike,79.0,heavy_rain,11,46,11.766666666666667,4,0,0.258819045102521,-0.9659258262890682,-0.433883739117558,-0.9009688679024191,9.2,30
16,salads,7.8,uptown,3.3,1,8.07,bike,905.0,cloudy,17,26,17.433333333333334,3,0,-0.9659258262890683,-0.25881904510252063,0.43388373911755823,-0.900968867902419,8.07,25
133,chinese,15.9,suburbs_north,5.0,3,39.9,scooter,537.0,clear,11,17,11.283333333333333,6,1,0.258819045102521,-0.9659258262890682,-0.7818314824680299,0.6234898018587334,13.299999999999999,39
6,sushi,16.8,midtown,1.3,1,12.41,bike,1476.0,rain,17,6,17.1,6,1,-0.9659258262890683,-0.25881904510252063,-0.7818314824680299,0.6234898018587334,12.41,28
49,indian,14.4,uptown,1.4,2,16.7,scooter,288.0,cloudy,18,42,18.7,6,1,-1.0,-1.8369701987210297e-16,-0.7818314824680299,0.6234898018587334,8.35,25
43,chinese,12.4,uptown,4.9,3,21.54,scooter,181.0,clear,14,31,14.516666666666667,5,1,-0.4999999999999998,-0.8660254037844388,-0.9749279121818236,-0.2225209339563146,7.18,34
144,chinese,7.6,midtown,1.4,2,18.47,car,992.0,clear,19,51,19.85,2,0,-0.9659258262890684,0.2588190451025203,0.9749279121818236,-0.22252093395631434,9.235,14
66,sushi,18.7,midtown,2.9,4,45.6,scooter,21.0,clear,12,30,12.5,2,0,1.2246467991473532e-16,-1.0,0.9749279121818236,-0.22252093395631434,11.4,41
125,sushi,18.8,uptown,3.1,2,14.92,scooter,424.0,clear,17,30,17.5,0,0,-0.9659258262890683,-0.25881904510252063,0.0,1.0,7.46,32
153,salads,5.0,suburbs_south,3.4,2,17.17,car,16.0,clear,10,15,10.25,3,0,0.49999999999999994,-0.8660254037844387,0.43388373911755823,-0.900968867902419,8.585,15
96,thai,15.7,downtown,2.2,1,11.54,bike,18.0,clear,20,39,20.65,2,0,-0.8660254037844386,0.5,0.9749279121818236,-0.22252093395631434,11.54,33
30,salads,5.0,suburbs_south,9.7,1,12.0,scooter,90.0,cloudy,11,35,11.583333333333334,3,0,0.258819045102521,-0.9659258262890682,0.43388373911755823,-0.900968867902419,12.0,39
84,chinese,11.5,suburbs_south,7.7,1,9.0,car,47.0,clear,20,57,20.95,3,0,-0.8660254037844386,0.5,0.43388373911755823,-0.900968867902419,9.0,36
107,sushi,18.0,suburbs_south,6.5,3,34.19,scooter,48.0,cloudy,20,28,20.466666666666665,0,0,-0.8660254037844386,0.5,0.0,1.0,11.396666666666667,43
84,chinese,11.5,suburbs_south,6.2,1,8.62,scooter,411.0,cloudy,12,30,12.5,6,1,1.2246467991473532e-16,-1.0,-0.7818314824680299,0.6234898018587334,8.62,35
90,sushi,20.7,midtown,2.7,2,16.07,bike,925.0,rain,17,52,17.866666666666667,1,0,-0.9659258262890683,-0.25881904510252063,0.7818314824680297,0.6234898018587336,8.035,39
131,indian,22.1,downtown,3.8,5,79.42,scooter,2101.0,clear,21,43,21.716666666666665,3,0,-0.7071067811865477,0.7071067811865474,0.43388373911755823,-0.900968867902419,15.884,31
65,thai,16.7,uptown,5.8,2,24.6,car,302.0,cloudy,20,39,20.65,4,0,-0.8660254037844386,0.5,-0.433883739117558,-0.9009688679024191,12.3,36
129,pizza,10.9,suburbs_north,6.2,5,54.45,scooter,6.0,clear,18,22,18.366666666666667,6,1,-1.0,-1.8369701987210297e-16,-0.7818314824680299,0.6234898018587334,10.89,43
90,sushi,20.7,midtown,3.8,3,32.49,bike,72.0,clear,22,31,22.516666666666666,4,0,-0.5000000000000004,0.8660254037844384,-0.433883739117558,-0.9009688679024191,10.83,34
60,chinese,10.4,suburbs_north,9.8,3,28.87,car,486.0,clear,16,32,16.533333333333335,1,0,-0.8660254037844384,-0.5000000000000004,0.7818314824680297,0.6234898018587336,9.623333333333333,34
5,mexican,12.4,uptown,6.4,1,10.77,car,657.0,cloudy,13,51,13.85,2,0,-0.2588190451025208,-0.9659258262890683,0.9749279121818236,-0.22252093395631434,10.77,40
7,thai,17.1,midtown,4.6,1,13.76,bike,647.0,clear,11,26,11.433333333333334,4,0,0.258819045102521,-0.9659258262890682,-0.433883739117558,-0.9009688679024191,13.76,43
16,salads,7.8,uptown,3.3,2,16.82,scooter,1005.0,clear,19,27,19.45,4,0,-0.9659258262890684,0.2588190451025203,-0.433883739117558,-0.9009688679024191,8.41,18
24,pizza,15.8,uptown,4.6,4,51.0,bike,1175.0,clear,13,9,13.15,5,1,-0.2588190451025208,-0.9659258262890683,-0.9749279121818236,-0.2225209339563146,12.75,45
143,chinese,12.4,uptown,5.1,5,61.68,scooter,298.0,clear,18,19,18.316666666666666,5,1,-1.0,-1.8369701987210297e-16,-0.9749279121818236,-0.2225209339563146,12.336,36
117,pizza,16.2,suburbs_south,6.0,2,15.76,bike,95.0,clear,12,26,12.433333333333334,3,0,1.2246467991473532e-16,-1.0,0.43388373911755823,-0.900968867902419,7.88,45
129,pizza,10.9,suburbs_north,3.8,4,35.76,bike,222.0,clear,21,1,21.016666666666666,1,0,-0.7071067811865477,0.7071067811865474,0.7818314824680297,0.6234898018587336,8.94,32
105,pizza,12.9,midtown,3.1,2,21.85,bike,15.0,clear,11,55,11.916666666666666,0,0,0.258819045102521,-0.9659258262890682,0.0,1.0,10.925,33
82,salads,9.2,midtown,1.8,2,26.53,scooter,24.0,rain,18,7,18.116666666666667,4,0,-1.0,-1.8369701987210297e-16,-0.433883739117558,-0.9009688679024191,13.265,23
48,mexican,8.8,midtown,2.0,2,19.62,scooter,39.0,rain,19,40,19.666666666666668,3,0,-0.9659258262890684,0.2588190451025203,0.43388373911755823,-0.900968867902419,9.81,18
81,sushi,17.4,downtown,0.9,1,8.3,scooter,133.0,clear,14,54,14.9,6,1,-0.4999999999999998,-0.8660254037844388,-0.7818314824680299,0.6234898018587334,8.3,23
112,sushi,18.2,downtown,3.5,3,21.86,bike,68.0,clear,19,7,19.116666666666667,0,0,-0.9659258262890684,0.2588190451025203,0.0,1.0,7.286666666666666,40
93,sushi,16.7,downtown,2.4,2,30.66,car,231.0,clear,21,20,21.333333333333332,2,0,-0.7071067811865477,0.7071067811865474,0.9749279121818236,-0.22252093395631434,15.33,32
66,sushi,18.7,midtown,3.4,5,60.71,scooter,2109.0,rain,11,31,11.516666666666667,6,1,0.258819045102521,-0.9659258262890682,-0.7818314824680299,0.6234898018587334,12.142,33
128,chinese,6.8,uptown,1.8,4,54.29,bike,55.0,cloudy,11,33,11.55,3,0,0.258819045102521,-0.9659258262890682,0.43388373911755823,-0.900968867902419,13.5725,16
76,mexican,10.0,uptown,1.5,2,17.59,bike,92.0,rain,17,34,17.566666666666666,3,0,-0.9659258262890683,-0.25881904510252063,0.43388373911755823,-0.900968867902419,8.795,20
136,salads,9.3,downtown,0.9,2,31.6,car,115.0,clear,13,33,13.55,6,1,-0.2588190451025208,-0.9659258262890683,-0.7818314824680299,0.6234898018587334,15.8,21
130,mexican,15.3,downtown,2.4,3,23.95,car,369.0,rain,12,43,12.716666666666667,6,1,1.2246467991473532e-16,-1.0,-0.7818314824680299,0.6234898018587334,7.983333333333333,32
27,thai,16.7,downtown,1.1,1,11.96,bike,155.0,cloudy,14,3,14.05,0,0,-0.4999999999999998,-0.8660254037844388,0.0,1.0,11.96,22
42,pizza,16.7,downtown,2.2,2,31.99,car,136.0,rain,19,24,19.4,6,1,-0.9659258262890684,0.2588190451025203,-0.7818314824680299,0.6234898018587334,15.995,31
106,pizza,12.3,downtown,3.5,4,38.82,car,210.0,rain,21,13,21.216666666666665,0,0,-0.7071067811865477,0.7071067811865474,0.0,1.0,9.705,24
78,mexican,9.1,downtown,2.1,2,26.14,scooter,270.0,rain,21,47,21.783333333333335,3,0,-0.7071067811865477,0.7071067811865474,0.43388373911755823,-0.900968867902419,13.07,22
148,indian,16.9,suburbs_north,6.3,2,17.35,car,134.0,clear,13,51,13.85,3,0,-0.2588190451025208,-0.9659258262890683,0.43388373911755823,-0.900968867902419,8.675,43
107,sushi,18.0,suburbs_south,7.7,4,43.56,car,390.0,clear,18,36,18.6,3,0,-1.0,-1.8369701987210297e-16,0.43388373911755823,-0.900968867902419,10.89,46
119,indian,16.8,suburbs_south,3.0,2,23.13,bike,90.0,rain,19,43,19.716666666666665,4,0,-0.9659258262890684,0.2588190451025203,-0.433883739117558,-0.9009688679024191,11.565,40
68,thai,11.9,uptown,3.7,5,60.89,bike,599.0,clear,18,21,18.35,5,1,-1.0,-1.8369701987210297e-16,-0.9749279121818236,-0.2225209339563146,12.178,34
74,thai,18.7,downtown,3.8,2,28.98,car,18.0,cloudy,17,40,17.666666666666668,6,1,-0.9659258262890683,-0.25881904510252063,-0.7818314824680299,0.6234898018587334,14.49,32
92,thai,7.0,uptown,3.0,7,83.67,bike,271.0,heavy_rain,20,58,20.966666666666665,6,1,-0.8660254037844386,0.5,-0.7818314824680299,0.6234898018587334,11.952857142857143,32
105,pizza,12.9,midtown,2.2,3,36.25,bike,434.0,cloudy,19,45,19.75,3,0,-0.9659258262890684,0.2588190451025203,0.43388373911755823,-0.900968867902419,12.083333333333334,27
65,thai,16.7,uptown,5.5,4,62.66,scooter,90.0,cloudy,12,9,12.15,4,0,1.2246467991473532e-16,-1.0,-0.433883739117558,-0.9009688679024191,15.665,35
2,thai,10.5,downtown,2.3,2,17.47,car,773.0,rain,16,17,16.283333333333335,6,1,-0.8660254037844384,-0.5000000000000004,-0.7818314824680299,0.6234898018587334,8.735,17
160,salads,5.0,uptown,5.6,2,29.22,bike,186.0,heavy_rain,13,1,13.016666666666667,1,0,-0.2588190451025208,-0.9659258262890683,0.7818314824680297,0.6234898018587336,14.61,48
83,salads,8.7,midtown,1.0,4,51.5,bike,320.0,cloudy,19,17,19.283333333333335,4,0,-0.9659258262890684,0.2588190451025203,-0.433883739117558,-0.9009688679024191,12.875,19
63,pizza,12.6,downtown,1.1,2,23.78,bike,48.0,clear,22,50,22.833333333333332,2,0,-0.5000000000000004,0.8660254037844384,0.9749279121818236,-0.22252093395631434,11.89,24
122,indian,20.0,midtown,1.2,4,47.88,scooter,503.0,heavy_rain,16,52,16.866666666666667,0,0,-0.8660254037844384,-0.5000000000000004,0.0,1.0,11.97,27
47,mexican,14.1,downtown,1.8,2,19.29,scooter,56.0,cloudy,17,57,17.95,0,0,-0.9659258262890683,-0.25881904510252063,0.0,1.0,9.645,23
132,mexican,13.3,downtown,2.1,2,18.49,car,706.0,rain,13,33,13.55,3,0,-0.2588190451025208,-0.9659258262890683,0.43388373911755823,-0.900968867902419,9.245,28
148,indian,16.9,suburbs_north,10.3,3,24.72,scooter,159.0,clear,20,10,20.166666666666668,1,0,-0.8660254037844386,0.5,0.7818314824680297,0.6234898018587336,8.24,57
115,thai,13.4,downtown,2.4,3,33.32,bike,523.0,clear,12,15,12.25,0,0,1.2246467991473532e-16,-1.0,0.0,1.0,11.106666666666667,27
138,thai,16.2,uptown,3.1,2,30.67,car,68.0,rain,21,9,21.15,5,1,-0.7071067811865477,0.7071067811865474,-0.9749279121818236,-0.2225209339563146,15.335,25
100,pizza,12.8,uptown,2.2,6,68.74,car,487.0,cloudy,17,3,17.05,2,0,-0.9659258262890683,-0.25881904510252063,0.9749279121818236,-0.22252093395631434,11.456666666666665,26
51,indian,17.0,downtown,3.8,1,15.74,bike,2132.0,heavy_rain,22,12,22.2,6,1,-0.5000000000000004,0.8660254037844384,-0.7818314824680299,0.6234898018587334,15.74,42
63,pizza,12.6,downtown,2.5,8,71.09,car,128.0,clear,13,34,13.566666666666666,4,0,-0.2588190451025208,-0.9659258262890683,-0.433883739117558,-0.9009688679024191,8.88625,30
137,thai,13.3,suburbs_north,7.1,3,41.66,car,46.0,clear,17,55,17.916666666666668,2,0,-0.9659258262890683,-0.25881904510252063,0.9749279121818236,-0.22252093395631434,13.886666666666665,39
46,indian,19.4,downtown,1.2,1,11.44,scooter,253.0,rain,18,12,18.2,2,0,-1.0,-1.8369701987210297e-16,0.9749279121818236,-0.22252093395631434,11.44,28
5,mexican,12.4,uptown,3.0,1,8.0,bike,22.0,clear,21,54,21.9,5,1,-0.7071067811865477,0.7071067811865474,-0.9749279121818236,-0.2225209339563146,8.0,31
68,thai,11.9,uptown,2.4,5,79.79,car,432.0,cloudy,17,28,17.466666666666665,5,1,-0.9659258262890683,-0.25881904510252063,-0.9749279121818236,-0.2225209339563146,15.958000000000002,22
80,chinese,16.1,downtown,3.2,4,50.71,scooter,183.0,clear,19,23,19.383333333333333,1,0,-0.9659258262890684,0.2588190451025203,0.7818314824680297,0.6234898018587336,12.6775,30
62,salads,6.7,downtown,1.2,2,21.1,scooter,79.0,clear,11,22,11.366666666666667,4,0,0.258819045102521,-0.9659258262890682,-0.433883739117558,-0.9009688679024191,10.55,15
93,sushi,16.7,downtown,1.5,5,75.58,car,20.0,clear,18,19,18.316666666666666,5,1,-1.0,-1.8369701987210297e-16,-0.9749279121818236,-0.2225209339563146,15.116,35
141,thai,14.1,suburbs_north,2.7,3,27.68,car,73.0,clear,17,45,17.75,5,1,-0.9659258262890683,-0.25881904510252063,-0.9749279121818236,-0.2225209339563146,9.226666666666667,23
147,chinese,17.7,midtown,4.9,2,27.85,bike,35.0,heavy_rain,13,27,13.45,0,0,-0.2588190451025208,-0.9659258262890683,0.0,1.0,13.925,59
68,thai,11.9,uptown,5.1,2,31.37,scooter,129.0,clear,20,33,20.55,2,0,-0.8660254037844386,0.5,0.9749279121818236,-0.22252093395631434,15.685,27
114,chinese,12.4,suburbs_south,9.7,3,30.59,car,57.0,clear,19,58,19.966666666666665,5,1,-0.9659258262890684,0.2588190451025203,-0.9749279121818236,-0.2225209339563146,10.196666666666667,39
155,indian,14.5,suburbs_south,8.5,6,59.99,car,667.0,clear,21,50,21.833333333333332,2,0,-0.7071067811865477,0.7071067811865474,0.9749279121818236,-0.22252093395631434,9.998333333333333,42
77,pizza,11.4,uptown,4.4,2,23.5,scooter,107.0,cloudy,20,36,20.6,0,0,-0.8660254037844386,0.5,0.0,1.0,11.75,25
82,salads,9.2,midtown,3.0,5,52.8,car,183.0,rain,17,19,17.316666666666666,5,1,-0.9659258262890683,-0.25881904510252063,-0.9749279121818236,-0.2225209339563146,10.559999999999999,20
56,thai,13.0,downtown,1.7,5,41.36,car,289.0,rain,20,47,20.783333333333335,1,0,-0.8660254037844386,0.5,0.7818314824680297,0.6234898018587336,8.272,31
113,mexican,13.2,midtown,2.2,1,9.9,bike,24.0,heavy_rain,17,22,17.366666666666667,0,0,-0.9659258262890683,-0.25881904510252063,0.0,1.0,9.9,33
2,thai,10.5,downtown,1.8,2,27.02,scooter,77.0,clear,20,49,20.816666666666666,3,0,-0.8660254037844386,0.5,0.43388373911755823,-0.900968867902419,13.51,18
139,indian,20.7,midtown,4.3,3,23.58,scooter,1217.0,cloudy,18,47,18.783333333333335,6,1,-1.0,-1.8369701987210297e-16,-0.7818314824680299,0.6234898018587334,7.859999999999999,41
93,sushi,16.7,downtown,1.4,1,12.31,scooter,433.0,cloudy,21,31,21.516666666666666,3,0,-0.7071067811865477,0.7071067811865474,0.43388373911755823,-0.900968867902419,12.31,21
113,mexican,13.2,midtown,1.3,6,48.6,bike,19.0,rain,21,55,21.916666666666668,1,0,-0.7071067811865477,0.7071067811865474,0.7818314824680297,0.6234898018587336,8.1,33
156,salads,12.7,downtown,2.5,2,14.96,scooter,64.0,cloudy,23,5,23.083333333333332,4,0,-0.2588190451025215,0.9659258262890681,-0.433883739117558,-0.9009688679024191,7.48,20
78,mexican,9.1,downtown,1.8,3,39.21,car,123.0,clear,19,39,19.65,2,0,-0.9659258262890684,0.2588190451025203,0.9749279121818236,-0.22252093395631434,13.07,23
141,thai,14.1,suburbs_north,3.7,4,38.35,scooter,327.0,cloudy,17,56,17.933333333333334,6,1,-0.9659258262890683,-0.25881904510252063,-0.7818314824680299,0.6234898018587334,9.5875,32
9,thai,12.6,suburbs_south,5.8,5,70.06,scooter,248.0,clear,18,25,18.416666666666668,0,0,-1.0,-1.8369701987210297e-16,0.0,1.0,14.012,39
128,chinese,6.8,uptown,1.3,3,37.11,scooter,253.0,clear,20,20,20.333333333333332,0,0,-0.8660254037844386,0.5,0.0,1.0,12.37,19
10,pizza,12.9,suburbs_north,10.1,2,18.96,car,4087.0,cloudy,14,9,14.15,2,0,-0.4999999999999998,-0.8660254037844388,0.9749279121818236,-0.22252093395631434,9.48,41
43,chinese,12.4,uptown,3.3,2,20.45,bike,313.0,clear,17,44,17.733333333333334,6,1,-0.9659258262890683,-0.25881904510252063,-0.7818314824680299,0.6234898018587334,10.225,29
109,burgers,10.0,downtown,2.4,2,18.96,car,75.0,clear,17,33,17.55,3,0,-0.9659258262890683,-0.25881904510252063,0.43388373911755823,-0.900968867902419,9.48,17
91,salads,10.1,suburbs_south,6.6,1,13.04,scooter,269.0,clear,23,42,23.7,6,1,-0.2588190451025215,0.9659258262890681,-0.7818314824680299,0.6234898018587334,13.04,30
139,indian,20.7,midtown,2.8,3,23.69,bike,80.0,cloudy,13,33,13.55,2,0,-0.2588190451025208,-0.9659258262890683,0.9749279121818236,-0.22252093395631434,7.896666666666667,43
89,sushi,22.3,suburbs_north,2.1,1,15.84,car,61.0,clear,16,17,16.283333333333335,4,0,-0.8660254037844384,-0.5000000000000004,-0.433883739117558,-0.9009688679024191,15.84,32
131,indian,22.1,downtown,1.0,3,21.71,scooter,72.0,rain,15,50,15.833333333333334,1,0,-0.7071067811865471,-0.7071067811865479,0.7818314824680297,0.6234898018587336,7.236666666666667,30
37,pizza,17.5,midtown,1.1,5,63.03,bike,428.0,clear,19,2,19.033333333333335,4,0,-0.9659258262890684,0.2588190451025203,-0.433883739117558,-0.9009688679024191,12.606,32
92,thai,7.0,uptown,2.4,1,10.03,scooter,53.0,heavy_rain,13,58,13.966666666666667,4,0,-0.2588190451025208,-0.9659258262890683,-0.433883739117558,-0.9009688679024191,10.03,23
32,thai,16.7,uptown,2.0,2,22.98,car,4606.0,clear,13,41,13.683333333333334,1,0,-0.2588190451025208,-0.9659258262890683,0.7818314824680297,0.6234898018587336,11.49,27
154,salads,8.5,midtown,1.3,2,20.37,scooter,722.0,clear,20,35,20.583333333333332,2,0,-0.8660254037844386,0.5,0.9749279121818236,-0.22252093395631434,10.185,20
68,thai,11.9,uptown,3.9,1,10.67,scooter,40.0,rain,19,55,19.916666666666668,6,1,-0.9659258262890684,0.2588190451025203,-0.7818314824680299,0.6234898018587334,10.67,30
109,burgers,10.0,downtown,2.4,2,17.46,car,111.0,clear,10,43,10.716666666666667,0,0,0.49999999999999994,-0.8660254037844387,0.0,1.0,8.73,23
84,chinese,11.5,suburbs_south,6.5,2,29.74,scooter,896.0,cloudy,18,28,18.466666666666665,3,0,-1.0,-1.8369701987210297e-16,0.43388373911755823,-0.900968867902419,14.87,37
1,mexican,12.7,downtown,1.6,1,8.98,bike,350.0,cloudy,16,57,16.95,4,0,-0.8660254037844384,-0.5000000000000004,-0.433883739117558,-0.9009688679024191,8.98,18
103,thai,16.4,midtown,2.2,4,63.33,car,538.0,clear,21,4,21.066666666666666,5,1,-0.7071067811865477,0.7071067811865474,-0.9749279121818236,-0.2225209339563146,15.8325,25
56,thai,13.0,downtown,1.5,5,70.33,car,8.0,clear,20,4,20.066666666666666,2,0,-0.8660254037844386,0.5,0.9749279121818236,-0.22252093395631434,14.065999999999999,30
29,salads,9.9,midtown,1.7,5,71.93,bike,129.0,cloudy,18,21,18.35,0,0,-1.0,-1.8369701987210297e-16,0.0,1.0,14.386000000000001,21
134,mexican,10.8,midtown,3.0,5,76.25,scooter,96.0,cloudy,22,36,22.6,4,0,-0.5000000000000004,0.8660254037844384,-0.433883739117558,-0.9009688679024191,15.25,27
30,salads,5.0,suburbs_south,7.0,1,9.16,car,18.0,cloudy,11,23,11.383333333333333,1,0,0.258819045102521,-0.9659258262890682,0.7818314824680297,0.6234898018587336,9.16,26
65,thai,16.7,uptown,1.8,3,46.35,scooter,1070.0,clear,15,25,15.416666666666666,4,0,-0.7071067811865471,-0.7071067811865479,-0.433883739117558,-0.9009688679024191,15.450000000000001,28
95,pizza,11.9,suburbs_south,9.2,1,9.18,car,50.0,clear,11,44,11.733333333333333,5,1,0.258819045102521,-0.9659258262890682,-0.9749279121818236,-0.2225209339563146,9.18,45
26,pizza,14.9,midtown,2.0,5,46.05,car,358.0,cloudy,17,54,17.9,5,1,-0.9659258262890683,-0.25881904510252063,-0.9749279121818236,-0.2225209339563146,9.209999999999999,19
98,salads,11.1,midtown,5.0,2,29.19,scooter,124.0,heavy_rain,20,9,20.15,2,0,-0.8660254037844386,0.5,0.9749279121818236,-0.22252093395631434,14.595,32
2,thai,10.5,downtown,2.1,2,20.57,bike,30.0,clear,19,4,19.066666666666666,0,0,-0.9659258262890684,0.2588190451025203,0.0,1.0,10.285,24
135,sushi,20.5,downtown,2.3,4,45.84,bike,83.0,clear,19,12,19.2,5,1,-0.9659258262890684,0.2588190451025203,-0.9749279121818236,-0.2225209339563146,11.46,45
15,indian,18.1,midtown,3.7,2,31.18,bike,85.0,cloudy,20,4,20.066666666666666,5,1,-0.8660254037844386,0.5,-0.9749279121818236,-0.2225209339563146,15.59,39
49,indian,14.4,uptown,5.3,8,68.27,scooter,36.0,clear,23,42,23.7,5,1,-0.2588190451025215,0.9659258262890681,-0.9749279121818236,-0.2225209339563146,8.53375,37
90,sushi,20.7,midtown,1.2,7,68.93,scooter,82.0,clear,21,1,21.016666666666666,1,0,-0.7071067811865477,0.7071067811865474,0.7818314824680297,0.6234898018587336,9.847142857142858,32
111,pizza,8.5,downtown,1.8,4,55.41,car,617.0,clear,20,54,20.9,1,0,-0.8660254037844386,0.5,0.7818314824680297,0.6234898018587336,13.8525,21
95,pizza,11.9,suburbs_south,8.4,3,22.11,car,43.0,rain,18,14,18.233333333333334,6,1,-1.0,-1.8369701987210297e-16,-0.7818314824680299,0.6234898018587334,7.37,47
104,thai,11.5,suburbs_south,10.3,4,32.87,car,706.0,clear,14,38,14.633333333333333,4,0,-0.4999999999999998,-0.8660254037844388,-0.433883739117558,-0.9009688679024191,8.2175,40
131,indian,22.1,downtown,2.3,1,9.14,bike,211.0,clear,19,42,19.7,6,1,-0.9659258262890684,0.2588190451025203,-0.7818314824680299,0.6234898018587334,9.14,40
8,burgers,12.1,uptown,4.2,8,126.9,bike,270.0,clear,11,34,11.566666666666666,0,0,0.258819045102521,-0.9659258262890682,0.0,1.0,15.8625,43
21,pizza,17.0,midtown,2.0,6,80.45,bike,117.0,clear,19,55,19.916666666666668,3,0,-0.9659258262890684,0.2588190451025203,0.43388373911755823,-0.900968867902419,13.408333333333333,41
77,pizza,11.4,uptown,3.7,3,44.46,scooter,978.0,heavy_rain,18,23,18.383333333333333,6,1,-1.0,-1.8369701987210297e-16,-0.7818314824680299,0.6234898018587334,14.82,36
137,thai,13.3,suburbs_north,10.4,2,14.92,scooter,37.0,rain,22,46,22.766666666666666,2,0,-0.5000000000000004,0.8660254037844384,0.9749279121818236,-0.22252093395631434,7.46,54
145,pizza,12.3,suburbs_south,3.7,3,30.52,scooter,36.0,cloudy,14,49,14.816666666666666,5,1,-0.4999999999999998,-0.8660254037844388,-0.9749279121818236,-0.2225209339563146,10.173333333333334,36
35,mexican,11.9,midtown,1.9,2,25.66,bike,528.0,rain,14,59,14.983333333333333,6,1,-0.4999999999999998,-0.8660254037844388,-0.7818314824680299,0.6234898018587334,12.83,23
87,burgers,6.5,downtown,2.6,3,41.06,bike,91.0,clear,19,0,19.0,4,0,-0.9659258262890684,0.2588190451025203,-0.433883739117558,-0.9009688679024191,13.686666666666667,15
134,mexican,10.8,midtown,3.9,3,40.12,car,87.0,clear,12,43,12.716666666666667,5,1,1.2246467991473532e-16,-1.0,-0.9749279121818236,-0.2225209339563146,13.373333333333333,27
44,indian,21.0,midtown,1.0,3,30.52,scooter,1862.0,rain,23,46,23.766666666666666,0,0,-0.2588190451025215,0.9659258262890681,0.0,1.0,10.173333333333334,31
24,pizza,15.8,uptown,4.3,2,17.66,bike,3.0,cloudy,19,24,19.4,4,0,-0.9659258262890684,0.2588190451025203,-0.433883739117558,-0.9009688679024191,8.83,43
31,sushi,14.7,midtown,1.8,1,12.67,scooter,115.0,clear,12,45,12.75,6,1,1.2246467991473532e-16,-1.0,-0.7818314824680299,0.6234898018587334,12.67,26
105,pizza,12.9,midtown,3.0,1,15.62,bike,104.0,cloudy,10,30,10.5,1,0,0.49999999999999994,-0.8660254037844387,0.7818314824680297,0.6234898018587336,15.62,23
143,chinese,12.4,uptown,3.5,3,46.68,car,655.0,cloudy,11,48,11.8,4,0,0.258819045102521,-0.9659258262890682,-0.433883739117558,-0.9009688679024191,15.56,25
49,indian,14.4,uptown,2.2,4,45.64,scooter,1885.0,clear,12,31,12.516666666666667,1,0,1.2246467991473532e-16,-1.0,0.7818314824680297,0.6234898018587336,11.41,31
79,salads,10.0,midtown,1.8,4,35.32,scooter,56.0,clear,12,52,12.866666666666667,4,0,1.2246467991473532e-16,-1.0,-0.433883739117558,-0.9009688679024191,8.83,24
138,thai,16.2,uptown,2.5,1,10.23,scooter,53.0,cloudy,10,14,10.233333333333333,0,0,0.49999999999999994,-0.8660254037844387,0.0,1.0,10.23,30
131,indian,22.1,downtown,1.9,5,46.87,scooter,65.0,clear,20,40,20.666666666666668,3,0,-0.8660254037844386,0.5,0.43388373911755823,-0.900968867902419,9.373999999999999,42
33,sushi,21.1,midtown,1.5,5,78.86,bike,133.0,clear,21,13,21.216666666666665,5,1,-0.7071067811865477,0.7071067811865474,-0.9749279121818236,-0.2225209339563146,15.772,33
42,pizza,16.7,downtown,3.8,2,19.67,car,79.0,cloudy,17,20,17.333333333333332,4,0,-0.9659258262890683,-0.25881904510252063,-0.433883739117558,-0.9009688679024191,9.835,26
55,salads,5.0,midtown,1.3,1,12.18,bike,64.0,clear,12,17,12.283333333333333,4,0,1.2246467991473532e-16,-1.0,-0.433883739117558,-0.9009688679024191,12.18,20
24,pizza,15.8,uptown,5.6,1,9.86,bike,135.0,clear,11,12,11.2,3,0,0.258819045102521,-0.9659258262890682,0.43388373911755823,-0.900968867902419,9.86,40
69,salads,8.8,midtown,2.9,2,14.53,scooter,102.0,cloudy,19,10,19.166666666666668,5,1,-0.9659258262890684,0.2588190451025203,-0.9749279121818236,-0.2225209339563146,7.265,19
93,sushi,16.7,downtown,1.7,1,13.92,car,42.0,cloudy,11,40,11.666666666666666,0,0,0.258819045102521,-0.9659258262890682,0.0,1.0,13.92,27
68,thai,11.9,uptown,1.5,6,66.55,car,180.0,rain,21,27,21.45,5,1,-0.7071067811865477,0.7071067811865474,-0.9749279121818236,-0.2225209339563146,11.091666666666667,24
84,chinese,11.5,suburbs_south,4.6,4,28.82,bike,33.0,clear,11,3,11.05,4,0,0.258819045102521,-0.9659258262890682,-0.433883739117558,-0.9009688679024191,7.205,39
56,thai,13.0,downtown,1.0,1,11.99,bike,144.0,heavy_rain,14,50,14.833333333333334,3,0,-0.4999999999999998,-0.8660254037844388,0.43388373911755823,-0.900968867902419,11.99,21
78,mexican,9.1,downtown,2.7,1,8.14,car,92.0,heavy_rain,19,2,19.033333333333335,3,0,-0.9659258262890684,0.2588190451025203,0.43388373911755823,-0.900968867902419,8.14,28
48,mexican,8.8,midtown,1.1,2,26.58,scooter,34.0,heavy_rain,19,56,19.933333333333334,0,0,-0.9659258262890684,0.2588190451025203,0.0,1.0,13.29,17
136,salads,9.3,downtown,1.6,2,21.81,car,32.0,clear,18,34,18.566666666666666,1,0,-1.0,-1.8369701987210297e-16,0.7818314824680297,0.6234898018587336,10.905,21
5,mexican,12.4,uptown,3.7,3,28.07,bike,178.0,clear,11,48,11.8,0,0,0.258819045102521,-0.9659258262890682,0.0,1.0,9.356666666666667,36
54,salads,9.4,downtown,1.3,5,75.96,car,14.0,cloudy,18,11,18.183333333333334,5,1,-1.0,-1.8369701987210297e-16,-0.9749279121818236,-0.2225209339563146,15.191999999999998,21
158,indian,12.1,midtown,3.7,3,37.09,bike,741.0,cloudy,21,46,21.766666666666666,6,1,-0.7071067811865477,0.7071067811865474,-0.7818314824680299,0.6234898018587334,12.363333333333335,31
2,thai,10.5,downtown,1.1,4,32.16,bike,10.0,clear,19,8,19.133333333333333,4,0,-0.9659258262890684,0.2588190451025203,-0.433883739117558,-0.9009688679024191,8.04,24
85,pizza,11.8,uptown,6.3,2,25.46,car,223.0,heavy_rain,12,40,12.666666666666666,4,0,1.2246467991473532e-16,-1.0,-0.433883739117558,-0.9009688679024191,12.73,42
96,thai,15.7,downtown,1.3,1,13.76,scooter,64.0,cloudy,15,23,15.383333333333333,3,0,-0.7071067811865471,-0.7071067811865479,0.43388373911755823,-0.900968867902419,13.76,21
56,thai,13.0,downtown,1.8,3,29.61,bike,963.0,clear,12,16,12.266666666666667,6,1,1.2246467991473532e-16,-1.0,-0.7818314824680299,0.6234898018587334,9.87,25
75,mexican,13.3,midtown,2.2,5,75.5,scooter,15.0,clear,20,1,20.016666666666666,3,0,-0.8660254037844386,0.5,0.43388373911755823,-0.900968867902419,15.1,34
34,mexican,12.2,midtown,4.0,2,22.73,bike,315.0,cloudy,18,43,18.716666666666665,1,0,-1.0,-1.8369701987210297e-16,0.7818314824680297,0.6234898018587336,11.365,33
17,thai,9.8,uptown,1.9,3,34.49,car,101.0,clear,18,54,18.9,3,0,-1.0,-1.8369701987210297e-16,0.43388373911755823,-0.900968867902419,11.496666666666668,19
122,indian,20.0,midtown,3.6,3,43.6,bike,128.0,rain,12,28,12.466666666666667,4,0,1.2246467991473532e-16,-1.0,-0.433883739117558,-0.9009688679024191,14.533333333333333,51
147,chinese,17.7,midtown,3.6,8,94.7,car,18.0,clear,22,33,22.55,5,1,-0.5000000000000004,0.8660254037844384,-0.9749279121818236,-0.2225209339563146,11.8375,42
87,burgers,6.5,downtown,0.7,5,47.39,scooter,780.0,clear,19,42,19.7,1,0,-0.9659258262890684,0.2588190451025203,0.7818314824680297,0.6234898018587336,9.478,14
56,thai,13.0,downtown,1.9,2,28.49,bike,310.0,clear,18,35,18.583333333333332,4,0,-1.0,-1.8369701987210297e-16,-0.433883739117558,-0.9009688679024191,14.245,28
144,chinese,7.6,midtown,4.3,3,26.63,car,1005.0,clear,20,53,20.883333333333333,5,1,-0.8660254037844386,0.5,-0.9749279121818236,-0.2225209339563146,8.876666666666667,25
155,indian,14.5,suburbs_south,8.9,3,34.81,car,292.0,clear,13,44,13.733333333333333,2,0,-0.2588190451025208,-0.9659258262890683,0.9749279121818236,-0.22252093395631434,11.603333333333333,44
94,sushi,20.2,downtown,0.9,2,30.12,bike,402.0,cloudy,19,14,19.233333333333334,4,0,-0.9659258262890684,0.2588190451025203,-0.433883739117558,-0.9009688679024191,15.06,33
44,indian,21.0,midtown,1.8,1,8.6,scooter,147.0,cloudy,13,30,13.5,6,1,-0.2588190451025208,-0.9659258262890683,-0.7818314824680299,0.6234898018587334,8.6,33
62,salads,6.7,downtown,1.7,2,30.28,car,29.0,clear,20,51,20.85,4,0,-0.8660254037844386,0.5,-0.433883739117558,-0.9009688679024191,15.14,12
83,salads,8.7,midtown,3.6,1,8.0,bike,39.0,rain,20,51,20.85,4,0,-0.8660254037844386,0.5,-0.433883739117558,-0.9009688679024191,8.0,35
24,pizza,15.8,uptown,1.9,5,41.93,scooter,276.0,heavy_rain,11,16,11.266666666666667,1,0,0.258819045102521,-0.9659258262890682,0.7818314824680297,0.6234898018587336,8.386,28
70,thai,14.2,suburbs_north,6.8,3,45.3,scooter,110.0,cloudy,21,41,21.683333333333334,5,1,-0.7071067811865477,0.7071067811865474,-0.9749279121818236,-0.2225209339563146,15.1,42
22,mexican,9.1,suburbs_south,3.5,4,50.72,scooter,116.0,clear,19,36,19.6,1,0,-0.9659258262890684,0.2588190451025203,0.7818314824680297,0.6234898018587336,12.68,26
66,sushi,18.7,midtown,2.7,1,14.53,bike,11.0,cloudy,14,20,14.333333333333334,3,0,-0.4999999999999998,-0.8660254037844388,0.43388373911755823,-0.900968867902419,14.53,30
85,pizza,11.8,uptown,5.9,2,27.05,car,53.0,clear,12,38,12.633333333333333,5,1,1.2246467991473532e-16,-1.0,-0.9749279121818236,-0.2225209339563146,13.525,34
77,pizza,11.4,uptown,4.8,5,79.99,bike,252.0,clear,12,49,12.816666666666666,6,1,1.2246467991473532e-16,-1.0,-0.7818314824680299,0.6234898018587334,15.998,37
96,thai,15.7,downtown,2.6,3,37.44,bike,195.0,heavy_rain,13,28,13.466666666666667,1,0,-0.2588190451025208,-0.9659258262890683,0.7818314824680297,0.6234898018587336,12.479999999999999,39
8,burgers,12.1,uptown,3.5,4,56.86,scooter,160.0,rain,18,33,18.55,4,0,-1.0,-1.8369701987210297e-16,-0.433883739117558,-0.9009688679024191,14.215,34
93,sushi,16.7,downtown,2.2,1,13.25,bike,29.0,clear,19,45,19.75,4,0,-0.9659258262890684,0.2588190451025203,-0.433883739117558,-0.9009688679024191,13.25,33
37,pizza,17.5,midtown,3.5,1,8.0,car,1098.0,clear,20,46,20.766666666666666,3,0,-0.8660254037844386,0.5,0.43388373911755823,-0.900968867902419,8.0,28
39,thai,21.0,downtown,1.4,4,57.77,scooter,153.0,cloudy,13,30,13.5,6,1,-0.2588190451025208,-0.9659258262890683,-0.7818314824680299,0.6234898018587334,14.4425,34
88,burgers,8.9,suburbs_south,5.5,4,40.23,car,147.0,clear,18,0,18.0,6,1,-1.0,-1.8369701987210297e-16,-0.7818314824680299,0.6234898018587334,10.0575,32
40,pizza,18.4,midtown,2.0,1,8.14,scooter,272.0,cloudy,19,11,19.183333333333334,1,0,-0.9659258262890684,0.2588190451025203,0.7818314824680297,0.6234898018587336,8.14,26
37,pizza,17.5,midtown,2.0,2,28.26,scooter,147.0,clear,18,36,18.6,0,0,-1.0,-1.8369701987210297e-16,0.0,1.0,14.13,31
24,pizza,15.8,uptown,1.7,3,26.47,scooter,1174.0,clear,12,29,12.483333333333333,3,0,1.2246467991473532e-16,-1.0,0.43388373911755823,-0.900968867902419,8.823333333333332,20
53,thai,11.5,midtown,3.8,6,56.87,scooter,154.0,clear,19,1,19.016666666666666,4,0,-0.9659258262890684,0.2588190451025203,-0.433883739117558,-0.9009688679024191,9.478333333333333,33
8,burgers,12.1,uptown,6.1,3,25.41,car,666.0,clear,16,0,16.0,2,0,-0.8660254037844384,-0.5000000000000004,0.9749279121818236,-0.22252093395631434,8.47,31
28,indian,19.5,downtown,2.3,5,79.91,car,689.0,clear,19,22,19.366666666666667,2,0,-0.9659258262890684,0.2588190451025203,0.9749279121818236,-0.22252093395631434,15.982,34
147,chinese,17.7,midtown,2.6,4,40.12,bike,207.0,clear,15,35,15.583333333333334,3,0,-0.7071067811865471,-0.7071067811865479,0.43388373911755823,-0.900968867902419,10.03,33
65,thai,16.7,uptown,2.0,3,26.42,bike,1241.0,rain,12,5,12.083333333333334,2,0,1.2246467991473532e-16,-1.0,0.9749279121818236,-0.22252093395631434,8.806666666666667,33
12,thai,12.8,midtown,4.0,3,31.57,bike,141.0,cloudy,12,14,12.233333333333333,5,1,1.2246467991473532e-16,-1.0,-0.9749279121818236,-0.2225209339563146,10.523333333333333,39
128,chinese,6.8,uptown,2.3,6,63.92,car,189.0,clear,12,57,12.95,4,0,1.2246467991473532e-16,-1.0,-0.433883739117558,-0.9009688679024191,10.653333333333334,12
50,salads,8.2,midtown,3.6,2,20.75,car,97.0,clear,17,20,17.333333333333332,4,0,-0.9659258262890683,-0.25881904510252063,-0.433883739117558,-0.9009688679024191,10.375,18
146,thai,14.2,uptown,3.3,4,41.52,scooter,207.0,clear,13,22,13.366666666666667,1,0,-0.2588190451025208,-0.9659258262890683,0.7818314824680297,0.6234898018587336,10.38,29
75,mexican,13.3,midtown,3.1,3,36.96,scooter,280.0,clear,18,39,18.65,6,1,-1.0,-1.8369701987210297e-16,-0.7818314824680299,0.6234898018587334,12.32,25
134,mexican,10.8,midtown,2.8,3,24.61,scooter,214.0,rain,19,10,19.166666666666668,1,0,-0.9659258262890684,0.2588190451025203,0.7818314824680297,0.6234898018587336,8.203333333333333,24
62,salads,6.7,downtown,1.4,2,16.04,bike,239.0,clear,12,10,12.166666666666666,2,0,1.2246467991473532e-16,-1.0,0.9749279121818236,-0.22252093395631434,8.02,19
101,thai,11.8,suburbs_north,11.8,4,55.03,car,104.0,rain,19,51,19.85,1,0,-0.9659258262890684,0.2588190451025203,0.7818314824680297,0.6234898018587336,13.7575,54
39,thai,21.0,downtown,2.1,1,15.52,scooter,154.0,clear,16,54,16.9,6,1,-0.8660254037844384,-0.5000000000000004,-0.7818314824680299,0.6234898018587334,15.52,35
89,sushi,22.3,suburbs_north,7.4,5,42.22,scooter,59.0,heavy_rain,12,42,12.7,5,1,1.2246467991473532e-16,-1.0,-0.9749279121818236,-0.2225209339563146,8.443999999999999,65
56,thai,13.0,downtown,1.3,3,26.24,bike,936.0,rain,21,25,21.416666666666668,6,1,-0.7071067811865477,0.7071067811865474,-0.7818314824680299,0.6234898018587334,8.746666666666666,120
141,thai,14.1,suburbs_north,8.6,1,8.96,scooter,341.0,clear,18,40,18.666666666666668,2,0,-1.0,-1.8369701987210297e-16,0.9749279121818236,-0.22252093395631434,8.96,42
16,salads,7.8,uptown,5.0,3,32.79,bike,34.0,clear,17,51,17.85,0,0,-0.9659258262890683,-0.25881904510252063,0.0,1.0,10.93,29
28,indian,19.5,downtown,2.0,4,52.64,car,64.0,clear,17,57,17.95,5,1,-0.9659258262890683,-0.25881904510252063,-0.9749279121818236,-0.2225209339563146,13.16,29
150,mexican,14.6,downtown,1.1,3,21.17,car,66.0,cloudy,19,20,19.333333333333332,4,0,-0.9659258262890684,0.2588190451025203,-0.433883739117558,-0.9009688679024191,7.0566666666666675,28
53,thai,11.5,midtown,4.4,3,27.35,scooter,33.0,clear,13,15,13.25,5,1,-0.2588190451025208,-0.9659258262890683,-0.9749279121818236,-0.2225209339563146,9.116666666666667,29
105,pizza,12.9,midtown,1.5,4,43.16,car,168.0,clear,16,56,16.933333333333334,2,0,-0.8660254037844384,-0.5000000000000004,0.9749279121818236,-0.22252093395631434,10.79,28
39,thai,21.0,downtown,1.1,1,8.0,car,147.0,rain,12,44,12.733333333333333,1,0,1.2246467991473532e-16,-1.0,0.7818314824680297,0.6234898018587336,8.0,33
17,thai,9.8,uptown,3.4,3,46.93,bike,346.0,cloudy,12,44,12.733333333333333,3,0,1.2246467991473532e-16,-1.0,0.43388373911755823,-0.900968867902419,15.643333333333333,29
112,sushi,18.2,downtown,2.1,3,37.64,scooter,40.0,clear,19,30,19.5,5,1,-0.9659258262890684,0.2588190451025203,-0.9749279121818236,-0.2225209339563146,12.546666666666667,36
90,sushi,20.7,midtown,1.4,1,8.0,car,573.0,clear,18,16,18.266666666666666,1,0,-1.0,-1.8369701987210297e-16,0.7818314824680297,0.6234898018587336,8.0,25
138,thai,16.2,uptown,1.6,4,38.03,scooter,35.0,clear,13,3,13.05,2,0,-0.2588190451025208,-0.9659258262890683,0.9749279121818236,-0.22252093395631434,9.5075,30
8,burgers,12.1,uptown,1.9,1,13.26,bike,587.0,clear,18,37,18.616666666666667,2,0,-1.0,-1.8369701987210297e-16,0.9749279121818236,-0.22252093395631434,13.26,22
22,mexican,9.1,suburbs_south,7.0,2,24.71,scooter,442.0,clear,18,39,18.65,5,1,-1.0,-1.8369701987210297e-16,-0.9749279121818236,-0.2225209339563146,12.355,34
46,indian,19.4,downtown,2.8,1,10.58,scooter,3776.0,cloudy,14,8,14.133333333333333,2,0,-0.4999999999999998,-0.8660254037844388,0.9749279121818236,-0.22252093395631434,10.58,29
32,thai,16.7,uptown,3.8,2,30.43,car,108.0,clear,18,12,18.2,0,0,-1.0,-1.8369701987210297e-16,0.0,1.0,15.215,36
106,pizza,12.3,downtown,1.2,1,11.64,bike,359.0,clear,18,50,18.833333333333332,5,1,-1.0,-1.8369701987210297e-16,-0.9749279121818236,-0.2225209339563146,11.64,16
111,pizza,8.5,downtown,2.6,2,23.07,bike,39.0,cloudy,10,15,10.25,0,0,0.49999999999999994,-0.8660254037844387,0.0,1.0,11.535,19
53,thai,11.5,midtown,2.3,3,23.03,car,62.0,clear,12,31,12.516666666666667,5,1,1.2246467991473532e-16,-1.0,-0.9749279121818236,-0.2225209339563146,7.676666666666667,35
29,salads,9.9,midtown,2.5,3,31.44,scooter,63.0,clear,15,53,15.883333333333333,1,0,-0.7071067811865471,-0.7071067811865479,0.7818314824680297,0.6234898018587336,10.48,22
24,pizza,15.8,uptown,4.5,2,20.41,scooter,55.0,cloudy,20,35,20.583333333333332,4,0,-0.8660254037844386,0.5,-0.433883739117558,-0.9009688679024191,10.205,36
138,thai,16.2,uptown,1.8,3,43.77,car,491.0,clear,17,14,17.233333333333334,0,0,-0.9659258262890683,-0.25881904510252063,0.0,1.0,14.590000000000002,23
81,sushi,17.4,downtown,2.3,5,59.77,bike,236.0,clear,18,37,18.616666666666667,6,1,-1.0,-1.8369701987210297e-16,-0.7818314824680299,0.6234898018587334,11.954,36
118,thai,15.5,downtown,2.5,2,27.9,bike,563.0,clear,15,27,15.45,4,0,-0.7071067811865471,-0.7071067811865479,-0.433883739117558,-0.9009688679024191,13.95,28
105,pizza,12.9,midtown,1.9,3,26.47,car,641.0,cloudy,13,53,13.883333333333333,6,1,-0.2588190451025208,-0.9659258262890683,-0.7818314824680299,0.6234898018587334,8.823333333333332,24
71,burgers,14.5,uptown,4.5,6,54.46,scooter,152.0,cloudy,17,49,17.816666666666666,6,1,-0.9659258262890683,-0.25881904510252063,-0.7818314824680299,0.6234898018587334,9.076666666666666,38
138,thai,16.2,uptown,4.6,1,13.12,scooter,147.0,cloudy,22,7,22.116666666666667,1,0,-0.5000000000000004,0.8660254037844384,0.7818314824680297,0.6234898018587336,13.12,33
89,sushi,22.3,suburbs_north,2.3,3,28.94,car,187.0,clear,18,28,18.466666666666665,2,0,-1.0,-1.8369701987210297e-16,0.9749279121818236,-0.22252093395631434,9.646666666666667,38
27,thai,16.7,downtown,2.4,1,15.92,car,14.0,clear,11,55,11.916666666666666,6,1,0.258819045102521,-0.9659258262890682,-0.7818314824680299,0.6234898018587334,15.92,36
56,thai,13.0,downtown,1.9,5,35.54,scooter,73.0,clear,16,15,16.25,4,0,-0.8660254037844384,-0.5000000000000004,-0.433883739117558,-0.9009688679024191,7.108,17
21,pizza,17.0,midtown,2.6,2,31.45,bike,245.0,clear,19,33,19.55,4,0,-0.9659258262890684,0.2588190451025203,-0.433883739117558,-0.9009688679024191,15.725,35
120,pizza,12.2,downtown,2.4,4,43.51,bike,78.0,clear,17,29,17.483333333333334,5,1,-0.9659258262890683,-0.25881904510252063,-0.9749279121818236,-0.2225209339563146,10.8775,23
119,indian,16.8,suburbs_south,2.5,3,30.5,scooter,121.0,heavy_rain,12,50,12.833333333333334,0,0,1.2246467991473532e-16,-1.0,0.0,1.0,10.166666666666666,42
49,indian,14.4,uptown,3.8,2,24.07,bike,325.0,heavy_rain,12,14,12.233333333333333,1,0,1.2246467991473532e-16,-1.0,0.7818314824680297,0.6234898018587336,12.035,45
58,indian,21.6,uptown,1.7,2,22.72,bike,176.0,cloudy,12,24,12.4,2,0,1.2246467991473532e-16,-1.0,0.9749279121818236,-0.22252093395631434,11.36,36
60,chinese,10.4,suburbs_north,5.5,2,25.43,car,281.0,cloudy,18,48,18.8,4,0,-1.0,-1.8369701987210297e-16,-0.433883739117558,-0.9009688679024191,12.715,23
55,salads,5.0,midtown,1.9,4,48.12,bike,275.0,cloudy,18,29,18.483333333333334,6,1,-1.0,-1.8369701987210297e-16,-0.7818314824680299,0.6234898018587334,12.03,20
120,pizza,12.2,downtown,0.7,3,23.48,scooter,1065.0,rain,16,37,16.616666666666667,4,0,-0.8660254037844384,-0.5000000000000004,-0.433883739117558,-0.9009688679024191,7.826666666666667,11
147,chinese,17.7,midtown,1.1,2,17.45,bike,245.0,clear,11,5,11.083333333333334,6,1,0.258819045102521,-0.9659258262890682,-0.7818314824680299,0.6234898018587334,8.725,31
80,chinese,16.1,downtown,0.8,2,16.96,bike,75.0,clear,19,43,19.716666666666665,0,0,-0.9659258262890684,0.2588190451025203,0.0,1.0,8.48,25
45,indian,15.4,midtown,2.2,1,9.65,bike,778.0,clear,19,44,19.733333333333334,6,1,-0.9659258262890684,0.2588190451025203,-0.7818314824680299,0.6234898018587334,9.65,32
84,chinese,11.5,suburbs_south,6.1,3,44.87,scooter,352.0,cloudy,19,2,19.033333333333335,0,0,-0.9659258262890684,0.2588190451025203,0.0,1.0,14.956666666666665,41
114,chinese,12.4,suburbs_south,10.9,2,26.98,scooter,301.0,cloudy,19,21,19.35,1,0,-0.9659258262890684,0.2588190451025203,0.7818314824680297,0.6234898018587336,13.49,50
159,pizza,15.0,uptown,3.0,2,20.36,bike,1055.0,clear,18,20,18.333333333333332,0,0,-1.0,-1.8369701987210297e-16,0.0,1.0,10.18,33
134,mexican,10.8,midtown,4.4,2,29.02,scooter,35.0,cloudy,11,42,11.7,3,0,0.258819045102521,-0.9659258262890682,0.43388373911755823,-0.900968867902419,14.51,28
58,indian,21.6,uptown,3.9,3,21.47,bike,63.0,clear,19,46,19.766666666666666,6,1,-0.9659258262890684,0.2588190451025203,-0.7818314824680299,0.6234898018587334,7.156666666666666,44
80,chinese,16.1,downtown,3.1,5,77.67,scooter,149.0,clear,15,12,15.2,2,0,-0.7071067811865471,-0.7071067811865479,0.9749279121818236,-0.22252093395631434,15.534,32
81,sushi,17.4,downtown,1.8,2,15.49,car,45.0,rain,20,16,20.266666666666666,2,0,-0.8660254037844386,0.5,0.9749279121818236,-0.22252093395631434,7.745,36
27,thai,16.7,downtown,2.4,1,14.46,scooter,4663.0,heavy_rain,19,55,19.916666666666668,4,0,-0.9659258262890684,0.2588190451025203,-0.433883739117558,-0.9009688679024191,14.46,29
72,burgers,12.2,suburbs_south,11.5,3,31.89,car,114.0,cloudy,13,3,13.05,1,0,-0.2588190451025208,-0.9659258262890683,0.7818314824680297,0.6234898018587336,10.63,49
136,salads,9.3,downtown,2.1,2,21.73,scooter,64.0,clear,10,9,10.15,3,0,0.49999999999999994,-0.8660254037844387,0.43388373911755823,-0.900968867902419,10.865,19
52,mexican,5.5,uptown,6.1,1,14.32,car,62.0,clear,23,52,23.866666666666667,6,1,-0.2588190451025215,0.9659258262890681,-0.7818314824680299,0.6234898018587334,14.32,23
59,pizza,11.7,suburbs_south,2.6,3,27.38,scooter,276.0,clear,11,15,11.25,5,1,0.258819045102521,-0.9659258262890682,-0.9749279121818236,-0.2225209339563146,9.126666666666667,31
141,thai,14.1,suburbs_north,6.4,8,85.71,car,60.0,clear,18,20,18.333333333333332,4,0,-1.0,-1.8369701987210297e-16,-0.433883739117558,-0.9009688679024191,10.71375,43
50,salads,8.2,midtown,1.2,1,9.37,car,48.0,clear,20,13,20.216666666666665,3,0,-0.8660254037844386,0.5,0.43388373911755823,-0.900968867902419,9.37,15
140,chinese,17.8,downtown,2.1,1,11.85,scooter,128.0,cloudy,19,11,19.183333333333334,5,1,-0.9659258262890684,0.2588190451025203,-0.9749279121818236,-0.2225209339563146,11.85,34
30,salads,5.0,suburbs_south,9.7,1,13.71,car,36.0,rain,17,45,17.75,6,1,-0.9659258262890683,-0.25881904510252063,-0.7818314824680299,0.6234898018587334,13.71,28
137,thai,13.3,suburbs_north,6.6,2,18.37,scooter,81.0,rain,13,22,13.366666666666667,0,0,-0.2588190451025208,-0.9659258262890683,0.0,1.0,9.185,43
147,chinese,17.7,midtown,2.0,4,36.9,bike,345.0,rain,22,37,22.616666666666667,6,1,-0.5000000000000004,0.8660254037844384,-0.7818314824680299,0.6234898018587334,9.225,34
69,salads,8.8,midtown,1.5,1,13.53,bike,976.0,cloudy,21,45,21.75,4,0,-0.7071067811865477,0.7071067811865474,-0.433883739117558,-0.9009688679024191,13.53,16
85,pizza,11.8,uptown,4.2,1,9.45,car,783.0,cloudy,12,47,12.783333333333333,0,0,1.2246467991473532e-16,-1.0,0.0,1.0,9.45,27
112,sushi,18.2,downtown,3.4,5,71.58,scooter,162.0,clear,11,24,11.4,1,0,0.258819045102521,-0.9659258262890682,0.7818314824680297,0.6234898018587336,14.315999999999999,37
45,indian,15.4,midtown,2.8,2,15.29,car,139.0,clear,11,33,11.55,3,0,0.258819045102521,-0.9659258262890682,0.43388373911755823,-0.900968867902419,7.645,29
50,salads,8.2,midtown,1.1,4,28.68,scooter,336.0,clear,12,36,12.6,6,1,1.2246467991473532e-16,-1.0,-0.7818314824680299,0.6234898018587334,7.17,17
140,chinese,17.8,downtown,2.7,3,44.17,car,57.0,clear,19,0,19.0,5,1,-0.9659258262890684,0.2588190451025203,-0.9749279121818236,-0.2225209339563146,14.723333333333334,40
25,mexican,14.5,midtown,2.1,2,21.76,scooter,1959.0,clear,21,22,21.366666666666667,0,0,-0.7071067811865477,0.7071067811865474,0.0,1.0,10.88,23
40,pizza,18.4,midtown,1.6,2,16.26,car,20.0,heavy_rain,10,24,10.4,6,1,0.49999999999999994,-0.8660254037844387,-0.7818314824680299,0.6234898018587334,8.13,31
113,mexican,13.2,midtown,1.0,4,46.48,scooter,433.0,clear,11,49,11.816666666666666,4,0,0.258819045102521,-0.9659258262890682,-0.433883739117558,-0.9009688679024191,11.62,22
82,salads,9.2,midtown,4.0,7,108.77,scooter,95.0,clear,16,28,16.466666666666665,4,0,-0.8660254037844384,-0.5000000000000004,-0.433883739117558,-0.9009688679024191,15.538571428571428,28
123,salads,7.7,uptown,3.2,2,25.6,scooter,88.0,cloudy,18,2,18.033333333333335,1,0,-1.0,-1.8369701987210297e-16,0.7818314824680297,0.6234898018587336,12.8,23
114,chinese,12.4,suburbs_south,4.6,3,23.2,scooter,63.0,clear,17,27,17.45,0,0,-0.9659258262890683,-0.25881904510252063,0.0,1.0,7.733333333333333,30
57,sushi,15.1,midtown,2.9,1,12.68,scooter,103.0,clear,18,15,18.25,5,1,-1.0,-1.8369701987210297e-16,-0.9749279121818236,-0.2225209339563146,12.68,27
24,pizza,15.8,uptown,6.3,4,34.78,car,199.0,rain,22,28,22.466666666666665,5,1,-0.5000000000000004,0.8660254037844384,-0.9749279121818236,-0.2225209339563146,8.695,43
103,thai,16.4,midtown,3.7,2,20.2,car,128.0,cloudy,14,13,14.216666666666667,3,0,-0.4999999999999998,-0.8660254037844388,0.43388373911755823,-0.900968867902419,10.1,28
69,salads,8.8,midtown,3.4,2,29.33,car,830.0,clear,17,32,17.533333333333335,1,0,-0.9659258262890683,-0.25881904510252063,0.7818314824680297,0.6234898018587336,14.665,20
92,thai,7.0,uptown,1.7,1,12.47,bike,118.0,clear,20,40,20.666666666666668,0,0,-0.8660254037844386,0.5,0.0,1.0,12.47,19
2,thai,10.5,downtown,2.8,2,26.82,scooter,619.0,cloudy,10,43,10.716666666666667,2,0,0.49999999999999994,-0.8660254037844387,0.9749279121818236,-0.22252093395631434,13.41,21
50,salads,8.2,midtown,3.0,6,57.83,scooter,21.0,cloudy,19,50,19.833333333333332,4,0,-0.9659258262890684,0.2588190451025203,-0.433883739117558,-0.9009688679024191,9.638333333333334,30
135,sushi,20.5,downtown,0.8,2,24.74,car,230.0,clear,19,0,19.0,4,0,-0.9659258262890684,0.2588190451025203,-0.433883739117558,-0.9009688679024191,12.37,31
16,salads,7.8,uptown,4.2,3,45.55,scooter,170.0,rain,10,21,10.35,1,0,0.49999999999999994,-0.8660254037844387,0.7818314824680297,0.6234898018587336,15.183333333333332,20
108,mexican,10.1,suburbs_south,10.2,4,49.96,scooter,46.0,clear,20,39,20.65,0,0,-0.8660254037844386,0.5,0.0,1.0,12.49,46
108,mexican,10.1,suburbs_south,8.0,5,65.83,car,113.0,clear,17,8,17.133333333333333,0,0,-0.9659258262890683,-0.25881904510252063,0.0,1.0,13.166,35
79,salads,10.0,midtown,2.8,1,11.95,car,113.0,clear,20,59,20.983333333333334,0,0,-0.8660254037844386,0.5,0.0,1.0,11.95,17
37,pizza,17.5,midtown,1.7,8,58.59,car,295.0,rain,11,4,11.066666666666666,6,1,0.258819045102521,-0.9659258262890682,-0.7818314824680299,0.6234898018587334,7.32375,38
33,sushi,21.1,midtown,4.6,1,13.42,bike,1502.0,rain,20,52,20.866666666666667,1,0,-0.8660254037844386,0.5,0.7818314824680297,0.6234898018587336,13.42,53
25,mexican,14.5,midtown,4.8,1,13.55,bike,189.0,clear,12,40,12.666666666666666,5,1,1.2246467991473532e-16,-1.0,-0.9749279121818236,-0.2225209339563146,13.55,35
58,indian,21.6,uptown,3.0,4,57.42,bike,147.0,heavy_rain,12,39,12.65,1,0,1.2246467991473532e-16,-1.0,0.7818314824680297,0.6234898018587336,14.355,53
145,pizza,12.3,suburbs_south,5.3,3,29.63,scooter,85.0,cloudy,20,48,20.8,0,0,-0.8660254037844386,0.5,0.0,1.0,9.876666666666667,34
1,mexican,12.7,downtown,2.6,3,35.49,bike,163.0,rain,19,50,19.833333333333332,3,0,-0.9659258262890684,0.2588190451025203,0.43388373911755823,-0.900968867902419,11.83,43
126,pizza,12.0,midtown,3.9,4,46.05,bike,62.0,clear,21,19,21.316666666666666,2,0,-0.7071067811865477,0.7071067811865474,0.9749279121818236,-0.22252093395631434,11.5125,33
102,indian,17.4,uptown,2.7,3,30.65,scooter,121.0,clear,19,47,19.783333333333335,1,0,-0.9659258262890684,0.2588190451025203,0.7818314824680297,0.6234898018587336,10.216666666666667,35
120,pizza,12.2,downtown,1.3,2,29.31,car,795.0,clear,12,16,12.266666666666667,3,0,1.2246467991473532e-16,-1.0,0.43388373911755823,-0.900968867902419,14.655,26
96,thai,15.7,downtown,1.3,5,78.09,scooter,67.0,cloudy,22,23,22.383333333333333,2,0,-0.5000000000000004,0.8660254037844384,0.9749279121818236,-0.22252093395631434,15.618,29
57,sushi,15.1,midtown,3.6,7,66.91,bike,147.0,clear,18,10,18.166666666666668,4,0,-1.0,-1.8369701987210297e-16,-0.433883739117558,-0.9009688679024191,9.558571428571428,39
89,sushi,22.3,suburbs_north,4.7,3,30.45,scooter,292.0,clear,12,14,12.233333333333333,0,0,1.2246467991473532e-16,-1.0,0.0,1.0,10.15,47
155,indian,14.5,suburbs_south,10.4,6,47.86,scooter,1429.0,cloudy,13,36,13.6,5,1,-0.2588190451025208,-0.9659258262890683,-0.9749279121818236,-0.2225209339563146,7.976666666666667,51
143,chinese,12.4,uptown,2.0,2,23.02,scooter,147.0,clear,14,30,14.5,0,0,-0.4999999999999998,-0.8660254037844388,0.0,1.0,11.51,21
159,pizza,15.0,uptown,3.7,1,8.15,bike,190.0,clear,11,22,11.366666666666667,6,1,0.258819045102521,-0.9659258262890682,-0.7818314824680299,0.6234898018587334,8.15,35
134,mexican,10.8,midtown,2.5,6,87.82,car,72.0,cloudy,14,13,14.216666666666667,5,1,-0.4999999999999998,-0.8660254037844388,-0.9749279121818236,-0.2225209339563146,14.636666666666665,24
65,thai,16.7,uptown,2.8,4,53.51,bike,358.0,clear,12,43,12.716666666666667,3,0,1.2246467991473532e-16,-1.0,0.43388373911755823,-0.900968867902419,13.3775,37
144,chinese,7.6,midtown,2.9,1,14.14,bike,31.0,clear,12,19,12.316666666666666,0,0,1.2246467991473532e-16,-1.0,0.0,1.0,14.14,24
45,indian,15.4,midtown,0.9,1,13.6,car,667.0,clear,21,59,21.983333333333334,0,0,-0.7071067811865477,0.7071067811865474,0.0,1.0,13.6,20
106,pizza,12.3,downtown,2.1,1,15.86,scooter,81.0,heavy_rain,20,31,20.516666666666666,2,0,-0.8660254037844386,0.5,0.9749279121818236,-0.22252093395631434,15.86,27
6,sushi,16.8,midtown,1.2,1,13.74,bike,147.0,clear,10,36,10.6,1,0,0.49999999999999994,-0.8660254037844387,0.7818314824680297,0.6234898018587336,13.74,23
133,chinese,15.9,suburbs_north,2.5,3,29.3,car,109.0,clear,20,31,20.516666666666666,2,0,-0.8660254037844386,0.5,0.9749279121818236,-0.22252093395631434,9.766666666666667,23
67,chinese,17.8,uptown,4.0,3,45.8,car,8.0,cloudy,12,28,12.466666666666667,6,1,1.2246467991473532e-16,-1.0,-0.7818314824680299,0.6234898018587334,15.266666666666666,32
104,thai,11.5,suburbs_south,12.4,2,25.22,scooter,24.0,clear,12,41,12.683333333333334,4,0,1.2246467991473532e-16,-1.0,-0.433883739117558,-0.9009688679024191,12.61,55
152,indian,18.0,suburbs_north,6.9,1,15.35,car,133.0,clear,11,48,11.8,3,0,0.258819045102521,-0.9659258262890682,0.43388373911755823,-0.900968867902419,15.35,44
80,chinese,16.1,downtown,2.5,1,14.44,scooter,406.0,clear,12,24,12.4,3,0,1.2246467991473532e-16,-1.0,0.43388373911755823,-0.900968867902419,14.44,29
72,burgers,12.2,suburbs_south,10.4,5,69.73,car,283.0,cloudy,13,0,13.0,2,0,-0.2588190451025208,-0.9659258262890683,0.9749279121818236,-0.22252093395631434,13.946000000000002,48
35,mexican,11.9,midtown,3.0,4,30.14,car,871.0,clear,12,17,12.283333333333333,3,0,1.2246467991473532e-16,-1.0,0.43388373911755823,-0.900968867902419,7.535,21
125,sushi,18.8,uptown,4.2,7,94.38,car,15.0,clear,10,11,10.183333333333334,5,1,0.49999999999999994,-0.8660254037844387,-0.9749279121818236,-0.2225209339563146,13.482857142857142,34
106,pizza,12.3,downtown,3.1,4,36.55,car,118.0,clear,21,57,21.95,3,0,-0.7071067811865477,0.7071067811865474,0.43388373911755823,-0.900968867902419,9.1375,25
65,thai,16.7,uptown,5.2,1,10.32,scooter,810.0,clear,18,24,18.4,5,1,-1.0,-1.8369701987210297e-16,-0.9749279121818236,-0.2225209339563146,10.32,39
87,burgers,6.5,downtown,2.7,1,12.88,bike,147.0,clear,13,12,13.2,1,0,-0.2588190451025208,-0.9659258262890683,0.7818314824680297,0.6234898018587336,12.88,27
143,chinese,12.4,uptown,2.1,2,22.63,scooter,227.0,clear,17,3,17.05,2,0,-0.9659258262890683,-0.25881904510252063,0.9749279121818236,-0.22252093395631434,11.315,30
43,chinese,12.4,uptown,2.9,2,15.07,scooter,679.0,clear,18,12,18.2,5,1,-1.0,-1.8369701987210297e-16,-0.9749279121818236,-0.2225209339563146,7.535,29
16,salads,7.8,uptown,1.5,2,30.76,car,121.0,clear,12,19,12.316666666666666,6,1,1.2246467991473532e-16,-1.0,-0.7818314824680299,0.6234898018587334,15.38,18
149,thai,15.5,downtown,0.8,1,13.62,bike,2715.0,clear,19,14,19.233333333333334,3,0,-0.9659258262890684,0.2588190451025203,0.43388373911755823,-0.900968867902419,13.62,22
32,thai,16.7,uptown,2.3,1,15.21,bike,336.0,clear,17,0,17.0,3,0,-0.9659258262890683,-0.25881904510252063,0.43388373911755823,-0.900968867902419,15.21,28
147,chinese,17.7,midtown,3.9,1,11.41,scooter,147.0,heavy_rain,10,48,10.8,4,0,0.49999999999999994,-0.8660254037844387,-0.433883739117558,-0.9009688679024191,11.41,36
1,mexican,12.7,downtown,0.9,3,24.73,scooter,72.0,clear,13,10,13.166666666666666,6,1,-0.2588190451025208,-0.9659258262890683,-0.7818314824680299,0.6234898018587334,8.243333333333334,31
97,chinese,16.1,uptown,1.3,7,70.12,bike,34.0,clear,13,8,13.133333333333333,6,1,-0.2588190451025208,-0.9659258262890683,-0.7818314824680299,0.6234898018587334,10.017142857142858,31
14,burgers,6.4,downtown,1.5,2,14.74,car,22.0,rain,16,9,16.15,3,0,-0.8660254037844384,-0.5000000000000004,0.43388373911755823,-0.900968867902419,7.37,13
122,indian,20.0,midtown,2.5,1,10.72,car,333.0,heavy_rain,15,10,15.166666666666666,1,0,-0.7071067811865471,-0.7071067811865479,0.7818314824680297,0.6234898018587336,10.72,25
144,chinese,7.6,midtown,2.0,6,72.17,car,410.0,cloudy,19,16,19.266666666666666,0,0,-0.9659258262890684,0.2588190451025203,0.0,1.0,12.028333333333334,23
18,indian,20.8,suburbs_south,6.9,1,13.45,scooter,14.0,clear,20,28,20.466666666666665,2,0,-0.8660254037844386,0.5,0.9749279121818236,-0.22252093395631434,13.45,52
65,thai,16.7,uptown,2.2,3,37.9,bike,257.0,clear,18,31,18.516666666666666,6,1,-1.0,-1.8369701987210297e-16,-0.7818314824680299,0.6234898018587334,12.633333333333333,37
152,indian,18.0,suburbs_north,2.1,2,24.06,bike,123.0,clear,20,52,20.866666666666667,3,0,-0.8660254037844386,0.5,0.43388373911755823,-0.900968867902419,12.03,30
44,indian,21.0,midtown,1.7,4,42.11,car,626.0,rain,10,15,10.25,3,0,0.49999999999999994,-0.8660254037844387,0.43388373911755823,-0.900968867902419,10.5275,96
4,pizza,14.0,suburbs_south,3.9,2,26.1,scooter,507.0,cloudy,20,30,20.5,0,0,-0.8660254037844386,0.5,0.0,1.0,13.05,27
69,salads,8.8,midtown,3.8,5,62.51,scooter,158.0,rain,18,59,18.983333333333334,3,0,-1.0,-1.8369701987210297e-16,0.43388373911755823,-0.900968867902419,12.501999999999999,25
64,mexican,11.6,suburbs_north,8.3,4,29.03,scooter,32.0,cloudy,12,32,12.533333333333333,1,0,1.2246467991473532e-16,-1.0,0.7818314824680297,0.6234898018587336,7.2575,48
98,salads,11.1,midtown,2.4,6,83.97,bike,51.0,clear,17,38,17.633333333333333,5,1,-0.9659258262890683,-0.25881904510252063,-0.9749279121818236,-0.2225209339563146,13.995,30
69,salads,8.8,midtown,1.2,1,10.35,scooter,147.0,rain,11,28,11.466666666666667,1,0,0.258819045102521,-0.9659258262890682,0.7818314824680297,0.6234898018587336,10.35,15
93,sushi,16.7,downtown,2.5,6,78.37,car,330.0,clear,13,6,13.1,4,0,-0.2588190451025208,-0.9659258262890683,-0.433883739117558,-0.9009688679024191,13.061666666666667,40
37,pizza,17.5,midtown,2.3,1,11.74,bike,147.0,rain,13,9,13.15,1,0,-0.2588190451025208,-0.9659258262890683,0.7818314824680297,0.6234898018587336,11.74,35
49,indian,14.4,uptown,4.1,3,28.58,scooter,896.0,clear,21,40,21.666666666666668,1,0,-0.7071067811865477,0.7071067811865474,0.7818314824680297,0.6234898018587336,9.526666666666666,26
148,indian,16.9,suburbs_north,10.8,4,33.05,scooter,74.0,clear,13,54,13.9,6,1,-0.2588190451025208,-0.9659258262890683,-0.7818314824680299,0.6234898018587334,8.2625,53
138,thai,16.2,uptown,2.8,2,27.32,bike,135.0,clear,19,12,19.2,3,0,-0.9659258262890684,0.2588190451025203,0.43388373911755823,-0.900968867902419,13.66,34
15,indian,18.1,midtown,2.8,2,22.56,scooter,65.0,clear,13,56,13.933333333333334,4,0,-0.2588190451025208,-0.9659258262890683,-0.433883739117558,-0.9009688679024191,11.28,32
49,indian,14.4,uptown,6.3,5,44.5,car,147.0,clear,12,23,12.383333333333333,1,0,1.2246467991473532e-16,-1.0,0.7818314824680297,0.6234898018587336,8.9,41
18,indian,20.8,suburbs_south,7.9,6,86.74,car,54.0,clear,22,53,22.883333333333333,4,0,-0.5000000000000004,0.8660254037844384,-0.433883739117558,-0.9009688679024191,14.456666666666665,49
149,thai,15.5,downtown,2.8,2,27.11,car,1067.0,clear,18,20,18.333333333333332,3,0,-1.0,-1.8369701987210297e-16,0.43388373911755823,-0.900968867902419,13.555,28
16,salads,7.8,uptown,1.7,3,46.67,bike,198.0,rain,12,50,12.833333333333334,3,0,1.2246467991473532e-16,-1.0,0.43388373911755823,-0.900968867902419,15.556666666666667,22
12,thai,12.8,midtown,2.8,2,17.9,bike,1509.0,rain,19,49,19.816666666666666,3,0,-0.9659258262890684,0.2588190451025203,0.43388373911755823,-0.900968867902419,8.95,32
160,salads,5.0,uptown,3.0,1,8.0,bike,25.0,clear,21,50,21.833333333333332,3,0,-0.7071067811865477,0.7071067811865474,0.43388373911755823,-0.900968867902419,8.0,22
19,chinese,10.6,downtown,1.2,1,10.48,car,163.0,cloudy,19,40,19.666666666666668,3,0,-0.9659258262890684,0.2588190451025203,0.43388373911755823,-0.900968867902419,10.48,25
12,thai,12.8,midtown,2.7,3,28.63,bike,94.0,clear,19,55,19.916666666666668,6,1,-0.9659258262890684,0.2588190451025203,-0.7818314824680299,0.6234898018587334,9.543333333333333,32
104,thai,11.5,suburbs_south,3.9,1,15.59,bike,2273.0,clear,13,5,13.083333333333334,5,1,-0.2588190451025208,-0.9659258262890683,-0.9749279121818236,-0.2225209339563146,15.59,31
19,chinese,10.6,downtown,1.8,3,44.79,scooter,147.0,clear,23,43,23.716666666666665,5,1,-0.2588190451025215,0.9659258262890681,-0.9749279121818236,-0.2225209339563146,14.93,18
94,sushi,20.2,downtown,2.6,3,33.13,scooter,40.0,clear,13,42,13.7,5,1,-0.2588190451025208,-0.9659258262890683,-0.9749279121818236,-0.2225209339563146,11.043333333333335,38
146,thai,14.2,uptown,4.1,2,22.75,scooter,61.0,cloudy,12,38,12.633333333333333,0,0,1.2246467991473532e-16,-1.0,0.0,1.0,11.375,36
5,mexican,12.4,uptown,4.7,2,28.27,scooter,147.0,clear,19,26,19.433333333333334,5,1,-0.9659258262890684,0.2588190451025203,-0.9749279121818236,-0.2225209339563146,14.135,33
108,mexican,10.1,suburbs_south,3.8,2,14.03,scooter,811.0,clear,17,9,17.15,4,0,-0.9659258262890683,-0.25881904510252063,-0.433883739117558,-0.9009688679024191,7.015,24
44,indian,21.0,midtown,2.9,6,50.84,scooter,65.0,heavy_rain,17,21,17.35,0,0,-0.9659258262890683,-0.25881904510252063,0.0,1.0,8.473333333333334,36
122,indian,20.0,midtown,1.5,2,17.57,car,88.0,clear,18,6,18.1,4,0,-1.0,-1.8369701987210297e-16,-0.433883739117558,-0.9009688679024191,8.785,31
82,salads,9.2,midtown,1.6,3,37.28,bike,130.0,clear,19,21,19.35,4,0,-0.9659258262890684,0.2588190451025203,-0.433883739117558,-0.9009688679024191,12.426666666666668,23
91,salads,10.1,suburbs_south,9.3,2,29.75,car,325.0,cloudy,18,13,18.216666666666665,6,1,-1.0,-1.8369701987210297e-16,-0.7818314824680299,0.6234898018587334,14.875,37
97,chinese,16.1,uptown,4.6,2,23.61,scooter,120.0,cloudy,18,41,18.683333333333334,2,0,-1.0,-1.8369701987210297e-16,0.9749279121818236,-0.22252093395631434,11.805,38
109,burgers,10.0,downtown,1.2,3,43.53,bike,289.0,cloudy,22,23,22.383333333333333,3,0,-0.5000000000000004,0.8660254037844384,0.43388373911755823,-0.900968867902419,14.51,21
8,burgers,12.1,uptown,1.4,6,45.42,bike,147.0,rain,21,42,21.7,3,0,-0.7071067811865477,0.7071067811865474,0.43388373911755823,-0.900968867902419,7.57,21
84,chinese,11.5,suburbs_south,3.5,1,10.78,car,50.0,clear,18,51,18.85,4,0,-1.0,-1.8369701987210297e-16,-0.433883739117558,-0.9009688679024191,10.78,22
108,mexican,10.1,suburbs_south,10.4,5,55.66,scooter,62.0,clear,23,9,23.15,3,0,-0.2588190451025215,0.9659258262890681,0.43388373911755823,-0.900968867902419,11.132,42
26,pizza,14.9,midtown,2.8,4,57.78,scooter,33.0,clear,13,19,13.316666666666666,5,1,-0.2588190451025208,-0.9659258262890683,-0.9749279121818236,-0.2225209339563146,14.445,34
80,chinese,16.1,downtown,2.2,2,14.22,car,219.0,clear,13,33,13.55,3,0,-0.2588190451025208,-0.9659258262890683,0.43388373911755823,-0.900968867902419,7.11,26
23,burgers,11.6,downtown,2.3,3,33.16,scooter,156.0,heavy_rain,20,49,20.816666666666666,3,0,-0.8660254037844386,0.5,0.43388373911755823,-0.900968867902419,11.053333333333333,29
154,salads,8.5,midtown,0.9,1,10.63,bike,346.0,clear,16,48,16.8,5,1,-0.8660254037844384,-0.5000000000000004,-0.9749279121818236,-0.2225209339563146,10.63,14
137,thai,13.3,suburbs_north,3.8,2,24.31,scooter,147.0,cloudy,16,0,16.0,6,1,-0.8660254037844384,-0.5000000000000004,-0.7818314824680299,0.6234898018587334,12.155,31
142,indian,20.4,midtown,3.1,1,15.88,scooter,763.0,cloudy,18,2,18.033333333333335,5,1,-1.0,-1.8369701987210297e-16,-0.9749279121818236,-0.2225209339563146,15.88,39
22,mexican,9.1,suburbs_south,8.9,5,46.0,car,59.0,clear,17,1,17.016666666666666,5,1,-0.9659258262890683,-0.25881904510252063,-0.9749279121818236,-0.2225209339563146,9.2,36
1,mexican,12.7,downtown,2.9,8,97.63,bike,31.0,clear,10,32,10.533333333333333,0,0,0.49999999999999994,-0.8660254037844387,0.0,1.0,12.20375,29
6,sushi,16.8,midtown,4.2,3,36.66,scooter,137.0,clear,12,47,12.783333333333333,3,0,1.2246467991473532e-16,-1.0,0.43388373911755823,-0.900968867902419,12.219999999999999,39
137,thai,13.3,suburbs_north,9.2,2,17.36,scooter,124.0,clear,20,12,20.2,0,0,-0.8660254037844386,0.5,0.0,1.0,8.68,50
133,chinese,15.9,suburbs_north,5.1,5,65.53,bike,241.0,clear,19,46,19.766666666666666,6,1,-0.9659258262890684,0.2588190451025203,-0.7818314824680299,0.6234898018587334,13.106,49
44,indian,21.0,midtown,4.4,1,9.07,scooter,30.0,clear,15,43,15.716666666666667,3,0,-0.7071067811865471,-0.7071067811865479,0.43388373911755823,-0.900968867902419,9.07,35
93,sushi,16.7,downtown,1.0,4,50.04,scooter,102.0,clear,12,6,12.1,5,1,1.2246467991473532e-16,-1.0,-0.9749279121818236,-0.2225209339563146,12.51,32
10,pizza,12.9,suburbs_north,8.6,2,18.55,car,571.0,clear,13,25,13.416666666666666,3,0,-0.2588190451025208,-0.9659258262890683,0.43388373911755823,-0.900968867902419,9.275,43
53,thai,11.5,midtown,3.0,2,18.95,car,147.0,cloudy,18,2,18.033333333333335,6,1,-1.0,-1.8369701987210297e-16,-0.7818314824680299,0.6234898018587334,9.475,28
76,mexican,10.0,uptown,4.8,3,33.27,scooter,148.0,rain,17,38,17.633333333333333,5,1,-0.9659258262890683,-0.25881904510252063,-0.9749279121818236,-0.2225209339563146,11.090000000000002,35
147,chinese,17.7,midtown,2.6,2,29.61,scooter,109.0,cloudy,19,49,19.816666666666666,3,0,-0.9659258262890684,0.2588190451025203,0.43388373911755823,-0.900968867902419,14.805,37
30,salads,5.0,suburbs_south,13.3,3,28.08,car,49.0,clear,18,16,18.266666666666666,4,0,-1.0,-1.8369701987210297e-16,-0.433883739117558,-0.9009688679024191,9.36,38
129,pizza,10.9,suburbs_north,5.6,4,36.38,car,111.0,clear,10,16,10.266666666666667,0,0,0.49999999999999994,-0.8660254037844387,0.0,1.0,9.095,29
100,pizza,12.8,uptown,1.2,1,9.23,scooter,574.0,clear,21,37,21.616666666666667,1,0,-0.7071067811865477,0.7071067811865474,0.7818314824680297,0.6234898018587336,9.23,17
159,pizza,15.0,uptown,2.6,2,21.82,bike,305.0,cloudy,12,9,12.15,2,0,1.2246467991473532e-16,-1.0,0.9749279121818236,-0.22252093395631434,10.91,30
40,pizza,18.4,midtown,4.1,2,30.14,scooter,311.0,cloudy,19,56,19.933333333333334,5,1,-0.9659258262890684,0.2588190451025203,-0.9749279121818236,-0.2225209339563146,15.07,41
118,thai,15.5,downtown,0.9,3,23.21,bike,17.0,rain,20,43,20.716666666666665,0,0,-0.8660254037844386,0.5,0.0,1.0,7.736666666666667,26
123,salads,7.7,uptown,4.6,1,8.56,scooter,39.0,cloudy,13,3,13.05,0,0,-0.2588190451025208,-0.9659258262890683,0.0,1.0,8.56,29
6,sushi,16.8,midtown,1.6,1,8.68,car,278.0,clear,17,46,17.766666666666666,6,1,-0.9659258262890683,-0.25881904510252063,-0.7818314824680299,0.6234898018587334,8.68,27
151,chinese,11.8,downtown,2.3,3,24.13,bike,10.0,cloudy,10,9,10.15,1,0,0.49999999999999994,-0.8660254037844387,0.7818314824680297,0.6234898018587336,8.043333333333333,22
121,indian,13.9,suburbs_north,3.8,3,47.62,bike,69.0,cloudy,12,17,12.283333333333333,6,1,1.2246467991473532e-16,-1.0,-0.7818314824680299,0.6234898018587334,15.873333333333333,38
157,burgers,16.3,suburbs_south,9.7,4,54.92,car,429.0,clear,11,23,11.383333333333333,0,0,0.258819045102521,-0.9659258262890682,0.0,1.0,13.73,45
9,thai,12.6,suburbs_south,2.8,7,95.75,bike,100.0,clear,20,38,20.633333333333333,5,1,-0.8660254037844386,0.5,-0.9749279121818236,-0.2225209339563146,13.678571428571429,29
51,indian,17.0,downtown,1.9,2,23.39,bike,38.0,cloudy,17,49,17.816666666666666,6,1,-0.9659258262890683,-0.25881904510252063,-0.7818314824680299,0.6234898018587334,11.695,33
11,indian,20.4,uptown,3.5,2,18.45,car,139.0,cloudy,18,53,18.883333333333333,6,1,-1.0,-1.8369701987210297e-16,-0.7818314824680299,0.6234898018587334,9.225,37
76,mexican,10.0,uptown,2.1,1,14.18,bike,240.0,cloudy,11,14,11.233333333333333,4,0,0.258819045102521,-0.9659258262890682,-0.433883739117558,-0.9009688679024191,14.18,27
96,thai,15.7,downtown,1.1,2,22.05,bike,25.0,clear,18,37,18.616666666666667,6,1,-1.0,-1.8369701987210297e-16,-0.7818314824680299,0.6234898018587334,11.025,29
124,indian,17.6,downtown,2.7,3,31.82,bike,141.0,cloudy,17,12,17.2,1,0,-0.9659258262890683,-0.25881904510252063,0.7818314824680297,0.6234898018587336,10.606666666666667,33
97,chinese,16.1,uptown,4.0,1,11.54,scooter,289.0,cloudy,17,3,17.05,5,1,-0.9659258262890683,-0.25881904510252063,-0.9749279121818236,-0.2225209339563146,11.54,28
123,salads,7.7,uptown,3.7,2,14.46,bike,33.0,clear,16,8,16.133333333333333,2,0,-0.8660254037844384,-0.5000000000000004,0.9749279121818236,-0.22252093395631434,7.23,23
14,burgers,6.4,downtown,1.9,2,20.13,car,54.0,clear,16,31,16.516666666666666,5,1,-0.8660254037844384,-0.5000000000000004,-0.9749279121818236,-0.2225209339563146,10.065,20
107,sushi,18.0,suburbs_south,3.2,1,12.87,car,147.0,clear,17,5,17.083333333333332,1,0,-0.9659258262890683,-0.25881904510252063,0.7818314824680297,0.6234898018587336,12.87,24
61,thai,18.0,suburbs_north,7.8,1,9.83,scooter,124.0,heavy_rain,17,25,17.416666666666668,5,1,-0.9659258262890683,-0.25881904510252063,-0.9749279121818236,-0.2225209339563146,9.83,53
138,thai,16.2,uptown,2.6,1,10.1,bike,563.0,clear,13,10,13.166666666666666,5,1,-0.2588190451025208,-0.9659258262890683,-0.9749279121818236,-0.2225209339563146,10.1,36
102,indian,17.4,uptown,1.4,2,23.76,scooter,268.0,clear,12,58,12.966666666666667,3,0,1.2246467991473532e-16,-1.0,0.43388373911755823,-0.900968867902419,11.88,31
133,chinese,15.9,suburbs_north,11.3,2,27.14,car,139.0,clear,20,52,20.866666666666667,0,0,-0.8660254037844386,0.5,0.0,1.0,13.57,46
19,chinese,10.6,downtown,3.0,1,12.87,car,1204.0,clear,22,37,22.616666666666667,3,0,-0.5000000000000004,0.8660254037844384,0.43388373911755823,-0.900968867902419,12.87,23
85,pizza,11.8,uptown,3.9,2,27.0,scooter,1332.0,clear,20,42,20.7,2,0,-0.8660254037844386,0.5,0.9749279121818236,-0.22252093395631434,13.5,22
36,burgers,11.8,downtown,2.0,2,27.19,car,313.0,clear,11,12,11.2,4,0,0.258819045102521,-0.9659258262890682,-0.433883739117558,-0.9009688679024191,13.595,20
75,mexican,13.3,midtown,5.2,3,37.51,bike,208.0,cloudy,20,37,20.616666666666667,5,1,-0.8660254037844386,0.5,-0.9749279121818236,-0.2225209339563146,12.503333333333332,47
62,salads,6.7,downtown,1.5,2,25.6,car,41.0,clear,20,35,20.583333333333332,2,0,-0.8660254037844386,0.5,0.9749279121818236,-0.22252093395631434,12.8,16
11,indian,20.4,uptown,3.2,3,42.74,bike,219.0,clear,12,14,12.233333333333333,0,0,1.2246467991473532e-16,-1.0,0.0,1.0,14.246666666666668,45
16,salads,7.8,uptown,4.2,7,74.4,scooter,93.0,rain,20,32,20.533333333333335,0,0,-0.8660254037844386,0.5,0.0,1.0,10.62857142857143,25
102,indian,17.4,uptown,3.0,1,15.77,bike,196.0,clear,13,16,13.266666666666667,5,1,-0.2588190451025208,-0.9659258262890683,-0.9749279121818236,-0.2225209339563146,15.77,41
37,pizza,17.5,midtown,2.3,2,20.92,scooter,663.0,clear,11,56,11.933333333333334,1,0,0.258819045102521,-0.9659258262890682,0.7818314824680297,0.6234898018587336,10.46,29
143,chinese,12.4,uptown,2.3,2,15.6,car,245.0,clear,17,57,17.95,5,1,-0.9659258262890683,-0.25881904510252063,-0.9749279121818236,-0.2225209339563146,7.8,23
148,indian,16.9,suburbs_north,5.4,4,29.71,bike,28.0,cloudy,18,10,18.166666666666668,6,1,-1.0,-1.8369701987210297e-16,-0.7818314824680299,0.6234898018587334,7.4275,48
79,salads,10.0,midtown,2.3,2,18.92,scooter,126.0,clear,18,49,18.816666666666666,5,1,-1.0,-1.8369701987210297e-16,-0.9749279121818236,-0.2225209339563146,9.46,19
159,pizza,15.0,uptown,5.4,2,18.72,scooter,154.0,clear,13,16,13.266666666666667,3,0,-0.2588190451025208,-0.9659258262890683,0.43388373911755823,-0.900968867902419,9.36,33
23,burgers,11.6,downtown,1.0,4,48.99,bike,664.0,cloudy,12,57,12.95,5,1,1.2246467991473532e-16,-1.0,-0.9749279121818236,-0.2225209339563146,12.2475,25
69,salads,8.8,midtown,1.8,3,35.3,bike,223.0,clear,19,52,19.866666666666667,5,1,-0.9659258262890684,0.2588190451025203,-0.9749279121818236,-0.2225209339563146,11.766666666666666,24
69,salads,8.8,midtown,2.8,4,29.86,bike,136.0,clear,13,17,13.283333333333333,1,0,-0.2588190451025208,-0.9659258262890683,0.7818314824680297,0.6234898018587336,7.465,20
108,mexican,10.1,suburbs_south,7.9,3,25.03,car,40.0,clear,22,42,22.7,0,0,-0.5000000000000004,0.8660254037844384,0.0,1.0,8.343333333333334,35
75,mexican,13.3,midtown,0.9,4,62.98,scooter,17.0,cloudy,19,37,19.616666666666667,2,0,-0.9659258262890684,0.2588190451025203,0.9749279121818236,-0.22252093395631434,15.745,26
75,mexican,13.3,midtown,2.0,2,20.97,car,12.0,cloudy,20,56,20.933333333333334,5,1,-0.8660254037844386,0.5,-0.9749279121818236,-0.2225209339563146,10.485,24
21,pizza,17.0,midtown,1.9,2,16.9,bike,192.0,clear,13,44,13.733333333333333,4,0,-0.2588190451025208,-0.9659258262890683,-0.433883739117558,-0.9009688679024191,8.45,28
106,pizza,12.3,downtown,2.8,1,9.02,scooter,147.0,clear,19,11,19.183333333333334,3,0,-0.9659258262890684,0.2588190451025203,0.43388373911755823,-0.900968867902419,9.02,28
51,indian,17.0,downtown,1.9,3,46.49,bike,2338.0,clear,19,1,19.016666666666666,1,0,-0.9659258262890684,0.2588190451025203,0.7818314824680297,0.6234898018587336,15.496666666666668,30
139,indian,20.7,midtown,2.2,3,45.24,bike,52.0,rain,23,7,23.116666666666667,5,1,-0.2588190451025215,0.9659258262890681,-0.9749279121818236,-0.2225209339563146,15.08,39
38,pizza,16.9,midtown,3.5,5,50.71,bike,147.0,clear,22,28,22.466666666666665,5,1,-0.5000000000000004,0.8660254037844384,-0.9749279121818236,-0.2225209339563146,10.142,35
89,sushi,22.3,suburbs_north,6.5,2,15.34,car,39.0,clear,20,52,20.866666666666667,4,0,-0.8660254037844386,0.5,-0.433883739117558,-0.9009688679024191,7.67,51
2,thai,10.5,downtown,2.1,3,27.44,scooter,323.0,clear,16,21,16.35,6,1,-0.8660254037844384,-0.5000000000000004,-0.7818314824680299,0.6234898018587334,9.146666666666667,21
102,indian,17.4,uptown,2.4,2,20.13,scooter,78.0,clear,16,40,16.666666666666668,1,0,-0.8660254037844384,-0.5000000000000004,0.7818314824680297,0.6234898018587336,10.065,30
48,mexican,8.8,midtown,2.6,2,16.39,scooter,62.0,clear,20,5,20.083333333333332,1,0,-0.8660254037844386,0.5,0.7818314824680297,0.6234898018587336,8.195,25
139,indian,20.7,midtown,4.7,2,28.51,car,331.0,clear,13,18,13.3,3,0,-0.2588190451025208,-0.9659258262890683,0.43388373911755823,-0.900968867902419,14.255,38
112,sushi,18.2,downtown,1.0,4,58.02,bike,31.0,heavy_rain,18,23,18.383333333333333,5,1,-1.0,-1.8369701987210297e-16,-0.9749279121818236,-0.2225209339563146,14.505,38
135,sushi,20.5,downtown,3.2,3,37.54,car,107.0,cloudy,12,35,12.583333333333334,6,1,1.2246467991473532e-16,-1.0,-0.7818314824680299,0.6234898018587334,12.513333333333334,39
70,thai,14.2,suburbs_north,6.4,4,59.17,car,8.0,rain,20,46,20.766666666666666,5,1,-0.8660254037844386,0.5,-0.9749279121818236,-0.2225209339563146,14.7925,47
121,indian,13.9,suburbs_north,6.8,2,25.51,car,19.0,clear,12,49,12.816666666666666,2,0,1.2246467991473532e-16,-1.0,0.9749279121818236,-0.22252093395631434,12.755,36
158,indian,12.1,midtown,3.0,3,35.7,car,39.0,rain,10,13,10.216666666666667,1,0,0.49999999999999994,-0.8660254037844387,0.7818314824680297,0.6234898018587336,11.9,22
26,pizza,14.9,midtown,1.2,3,28.34,bike,78.0,cloudy,17,59,17.983333333333334,5,1,-0.9659258262890683,-0.25881904510252063,-0.9749279121818236,-0.2225209339563146,9.446666666666667,30
39,thai,21.0,downtown,1.5,3,21.15,scooter,148.0,clear,19,30,19.5,4,0,-0.9659258262890684,0.2588190451025203,-0.433883739117558,-0.9009688679024191,7.05,36
79,salads,10.0,midtown,1.7,2,28.86,scooter,414.0,cloudy,12,42,12.7,5,1,1.2246467991473532e-16,-1.0,-0.9749279121818236,-0.2225209339563146,14.43,15
121,indian,13.9,suburbs_north,6.2,1,9.42,scooter,55.0,clear,11,22,11.366666666666667,1,0,0.258819045102521,-0.9659258262890682,0.7818314824680297,0.6234898018587336,9.42,38
159,pizza,15.0,uptown,3.9,6,77.13,scooter,376.0,clear,11,6,11.1,2,0,0.258819045102521,-0.9659258262890682,0.9749279121818236,-0.22252093395631434,12.854999999999999,36
53,thai,11.5,midtown,3.0,5,40.74,bike,675.0,cloudy,14,8,14.133333333333333,3,0,-0.4999999999999998,-0.8660254037844388,0.43388373911755823,-0.900968867902419,8.148,31
17,thai,9.8,uptown,3.0,3,32.23,bike,247.0,cloudy,17,21,17.35,4,0,-0.9659258262890683,-0.25881904510252063,-0.433883739117558,-0.9009688679024191,10.743333333333332,28
19,chinese,10.6,downtown,1.4,2,24.32,car,7.0,clear,13,19,13.316666666666666,6,1,-0.2588190451025208,-0.9659258262890683,-0.7818314824680299,0.6234898018587334,12.16,21
100,pizza,12.8,uptown,5.2,1,15.16,car,96.0,rain,17,9,17.15,3,0,-0.9659258262890683,-0.25881904510252063,0.43388373911755823,-0.900968867902419,15.16,30
149,thai,15.5,downtown,1.2,4,31.04,bike,147.0,rain,17,57,17.95,1,0,-0.9659258262890683,-0.25881904510252063,0.7818314824680297,0.6234898018587336,7.76,26
3,pizza,20.9,suburbs_north,3.0,1,11.31,car,147.0,rain,21,52,21.866666666666667,3,0,-0.7071067811865477,0.7071067811865474,0.43388373911755823,-0.900968867902419,11.31,27
37,pizza,17.5,midtown,1.0,1,10.7,car,470.0,rain,16,32,16.533333333333335,0,0,-0.8660254037844384,-0.5000000000000004,0.0,1.0,10.7,23
112,sushi,18.2,downtown,1.3,1,9.46,scooter,35.0,rain,18,27,18.45,5,1,-1.0,-1.8369701987210297e-16,-0.9749279121818236,-0.2225209339563146,9.46,35
10,pizza,12.9,suburbs_north,4.1,1,10.43,car,77.0,clear,18,9,18.15,0,0,-1.0,-1.8369701987210297e-16,0.0,1.0,10.43,28
138,thai,16.2,uptown,2.1,3,34.74,bike,173.0,clear,11,3,11.05,5,1,0.258819045102521,-0.9659258262890682,-0.9749279121818236,-0.2225209339563146,11.58,36
52,mexican,5.5,uptown,3.9,1,8.0,bike,85.0,cloudy,12,20,12.333333333333334,0,0,1.2246467991473532e-16,-1.0,0.0,1.0,8.0,28
152,indian,18.0,suburbs_north,4.8,5,51.57,scooter,74.0,cloudy,20,16,20.266666666666666,5,1,-0.8660254037844386,0.5,-0.9749279121818236,-0.2225209339563146,10.314,45
25,mexican,14.5,midtown,3.4,2,17.67,scooter,64.0,clear,19,16,19.266666666666666,0,0,-0.9659258262890684,0.2588190451025203,0.0,1.0,8.835,38
73,pizza,10.6,midtown,1.9,1,8.74,bike,111.0,cloudy,12,56,12.933333333333334,1,0,1.2246467991473532e-16,-1.0,0.7818314824680297,0.6234898018587336,8.74,24
70,thai,14.2,suburbs_north,9.5,8,68.35,car,145.0,clear,18,25,18.416666666666668,1,0,-1.0,-1.8369701987210297e-16,0.7818314824680297,0.6234898018587336,8.54375,46
147,chinese,17.7,midtown,4.6,2,14.01,scooter,1568.0,cloudy,11,53,11.883333333333333,2,0,0.258819045102521,-0.9659258262890682,0.9749279121818236,-0.22252093395631434,7.005,42
70,thai,14.2,suburbs_north,2.1,6,51.92,car,53.0,clear,14,31,14.516666666666667,3,0,-0.4999999999999998,-0.8660254037844388,0.43388373911755823,-0.900968867902419,8.653333333333334,30
28,indian,19.5,downtown,2.0,2,19.95,scooter,469.0,cloudy,13,34,13.566666666666666,3,0,-0.2588190451025208,-0.9659258262890683,0.43388373911755823,-0.900968867902419,9.975,37
146,thai,14.2,uptown,2.3,1,10.75,car,114.0,clear,11,28,11.466666666666667,6,1,0.258819045102521,-0.9659258262890682,-0.7818314824680299,0.6234898018587334,10.75,25
74,thai,18.7,downtown,3.4,6,52.03,car,58.0,clear,23,38,23.633333333333333,5,1,-0.2588190451025215,0.9659258262890681,-0.9749279121818236,-0.2225209339563146,8.671666666666667,34
141,thai,14.1,suburbs_north,2.3,5,76.76,car,63.0,clear,10,46,10.766666666666667,1,0,0.49999999999999994,-0.8660254037844387,0.7818314824680297,0.6234898018587336,15.352,27
55,salads,5.0,midtown,1.3,1,11.11,scooter,265.0,cloudy,10,42,10.7,4,0,0.49999999999999994,-0.8660254037844387,-0.433883739117558,-0.9009688679024191,11.11,15
38,pizza,16.9,midtown,3.5,6,94.04,scooter,348.0,clear,18,10,18.166666666666668,1,0,-1.0,-1.8369701987210297e-16,0.7818314824680297,0.6234898018587336,15.673333333333334,28
68,thai,11.9,uptown,5.2,2,21.91,scooter,169.0,heavy_rain,19,13,19.216666666666665,0,0,-0.9659258262890684,0.2588190451025203,0.0,1.0,10.955,44
54,salads,9.4,downtown,2.2,3,21.65,car,77.0,cloudy,11,49,11.816666666666666,0,0,0.258819045102521,-0.9659258262890682,0.0,1.0,7.216666666666666,27
3,pizza,20.9,suburbs_north,6.2,2,16.66,car,121.0,clear,12,21,12.35,6,1,1.2246467991473532e-16,-1.0,-0.7818314824680299,0.6234898018587334,8.33,47
147,chinese,17.7,midtown,2.1,3,47.76,scooter,6.0,clear,21,3,21.05,1,0,-0.7071067811865477,0.7071067811865474,0.7818314824680297,0.6234898018587336,15.92,28
135,sushi,20.5,downtown,0.9,6,58.95,car,89.0,clear,18,55,18.916666666666668,2,0,-1.0,-1.8369701987210297e-16,0.9749279121818236,-0.22252093395631434,9.825000000000001,36
143,chinese,12.4,uptown,3.2,5,77.43,bike,37.0,cloudy,21,32,21.533333333333335,1,0,-0.7071067811865477,0.7071067811865474,0.7818314824680297,0.6234898018587336,15.486,36
48,mexican,8.8,midtown,1.4,5,70.1,car,154.0,clear,13,10,13.166666666666666,6,1,-0.2588190451025208,-0.9659258262890683,-0.7818314824680299,0.6234898018587334,14.02,21
119,indian,16.8,suburbs_south,8.7,6,48.7,car,56.0,clear,19,9,19.15,3,0,-0.9659258262890684,0.2588190451025203,0.43388373911755823,-0.900968867902419,8.116666666666667,54
133,chinese,15.9,suburbs_north,9.4,1,9.04,car,125.0,clear,19,14,19.233333333333334,3,0,-0.9659258262890684,0.2588190451025203,0.43388373911755823,-0.900968867902419,9.04,43
156,salads,12.7,downtown,1.1,3,23.75,bike,281.0,clear,18,26,18.433333333333334,0,0,-1.0,-1.8369701987210297e-16,0.0,1.0,7.916666666666667,22
132,mexican,13.3,downtown,2.3,3,46.35,scooter,119.0,rain,14,47,14.783333333333333,6,1,-0.4999999999999998,-0.8660254037844388,-0.7818314824680299,0.6234898018587334,15.450000000000001,28
130,mexican,15.3,downtown,2.3,8,71.28,scooter,187.0,clear,20,7,20.116666666666667,2,0,-0.8660254037844386,0.5,0.9749279121818236,-0.22252093395631434,8.91,38
28,indian,19.5,downtown,2.9,5,48.46,scooter,53.0,clear,13,55,13.916666666666666,6,1,-0.2588190451025208,-0.9659258262890683,-0.7818314824680299,0.6234898018587334,9.692,40
37,pizza,17.5,midtown,4.0,5,36.37,car,172.0,clear,20,57,20.95,5,1,-0.8660254037844386,0.5,-0.9749279121818236,-0.2225209339563146,7.273999999999999,36
152,indian,18.0,suburbs_north,11.3,6,76.18,car,73.0,rain,12,27,12.45,4,0,1.2246467991473532e-16,-1.0,-0.433883739117558,-0.9009688679024191,12.696666666666667,62
38,pizza,16.9,midtown,5.0,5,45.23,car,3.0,clear,20,31,20.516666666666666,4,0,-0.8660254037844386,0.5,-0.433883739117558,-0.9009688679024191,9.046,37
148,indian,16.9,suburbs_north,5.9,2,29.49,bike,70.0,clear,13,40,13.666666666666666,2,0,-0.2588190451025208,-0.9659258262890683,0.9749279121818236,-0.22252093395631434,14.745,44
80,chinese,16.1,downtown,0.9,2,26.68,car,52.0,cloudy,19,38,19.633333333333333,3,0,-0.9659258262890684,0.2588190451025203,0.43388373911755823,-0.900968867902419,13.34,28
35,mexican,11.9,midtown,3.4,1,11.58,car,186.0,clear,17,13,17.216666666666665,1,0,-0.9659258262890683,-0.25881904510252063,0.7818314824680297,0.6234898018587336,11.58,27
27,thai,16.7,downtown,2.8,2,28.28,car,375.0,cloudy,18,51,18.85,3,0,-1.0,-1.8369701987210297e-16,0.43388373911755823,-0.900968867902419,14.14,38
48,mexican,8.8,midtown,1.8,2,17.47,scooter,37.0,rain,18,55,18.916666666666668,5,1,-1.0,-1.8369701987210297e-16,-0.9749279121818236,-0.2225209339563146,8.735,21
1,mexican,12.7,downtown,0.7,3,21.41,scooter,106.0,cloudy,12,12,12.2,5,1,1.2246467991473532e-16,-1.0,-0.9749279121818236,-0.2225209339563146,7.136666666666667,26
156,salads,12.7,downtown,1.9,5,70.9,scooter,350.0,rain,12,14,12.233333333333333,0,0,1.2246467991473532e-16,-1.0,0.0,1.0,14.180000000000001,28
87,burgers,6.5,downtown,3.1,2,20.42,scooter,1357.0,clear,20,45,20.75,6,1,-0.8660254037844386,0.5,-0.7818314824680299,0.6234898018587334,10.21,20
158,indian,12.1,midtown,5.4,3,46.45,car,196.0,cloudy,20,2,20.033333333333335,0,0,-0.8660254037844386,0.5,0.0,1.0,15.483333333333334,32
152,indian,18.0,suburbs_north,8.0,2,28.74,car,147.0,cloudy,18,20,18.333333333333332,3,0,-1.0,-1.8369701987210297e-16,0.43388373911755823,-0.900968867902419,14.37,41
154,salads,8.5,midtown,2.5,1,12.92,car,146.0,cloudy,19,22,19.366666666666667,2,0,-0.9659258262890684,0.2588190451025203,0.9749279121818236,-0.22252093395631434,12.92,15
53,thai,11.5,midtown,5.2,5,58.64,scooter,107.0,clear,13,49,13.816666666666666,1,0,-0.2588190451025208,-0.9659258262890683,0.7818314824680297,0.6234898018587336,11.728,33
59,pizza,11.7,suburbs_south,8.6,3,40.74,scooter,2578.0,clear,16,43,16.716666666666665,0,0,-0.8660254037844384,-0.5000000000000004,0.0,1.0,13.58,34
110,thai,12.5,suburbs_north,8.9,8,57.68,car,27.0,cloudy,17,1,17.016666666666666,3,0,-0.9659258262890683,-0.25881904510252063,0.43388373911755823,-0.900968867902419,7.21,38
7,thai,17.1,midtown,3.9,2,28.25,bike,480.0,clear,19,32,19.533333333333335,2,0,-0.9659258262890684,0.2588190451025203,0.9749279121818236,-0.22252093395631434,14.125,37
37,pizza,17.5,midtown,1.0,2,27.96,bike,87.0,clear,12,16,12.266666666666667,3,0,1.2246467991473532e-16,-1.0,0.43388373911755823,-0.900968867902419,13.98,28
33,sushi,21.1,midtown,4.0,2,29.51,bike,8.0,heavy_rain,22,18,22.3,5,1,-0.5000000000000004,0.8660254037844384,-0.9749279121818236,-0.2225209339563146,14.755,50
26,pizza,14.9,midtown,3.5,2,25.73,scooter,103.0,clear,19,52,19.866666666666667,5,1,-0.9659258262890684,0.2588190451025203,-0.9749279121818236,-0.2225209339563146,12.865,31
145,pizza,12.3,suburbs_south,2.4,4,41.13,scooter,704.0,clear,13,20,13.333333333333334,2,0,-0.2588190451025208,-0.9659258262890683,0.9749279121818236,-0.22252093395631434,10.2825,21
146,thai,14.2,uptown,3.6,1,9.93,bike,296.0,clear,11,29,11.483333333333333,4,0,0.258819045102521,-0.9659258262890682,-0.433883739117558,-0.9009688679024191,9.93,33
101,thai,11.8,suburbs_north,7.0,3,38.67,car,173.0,clear,13,58,13.966666666666667,6,1,-0.2588190451025208,-0.9659258262890683,-0.7818314824680299,0.6234898018587334,12.89,36
40,pizza,18.4,midtown,5.2,4,44.63,bike,114.0,clear,23,55,23.916666666666668,5,1,-0.2588190451025215,0.9659258262890681,-0.9749279121818236,-0.2225209339563146,11.1575,45
145,pizza,12.3,suburbs_south,5.6,3,35.39,scooter,199.0,clear,15,15,15.25,6,1,-0.7071067811865471,-0.7071067811865479,-0.7818314824680299,0.6234898018587334,11.796666666666667,28
26,pizza,14.9,midtown,2.0,1,10.26,scooter,64.0,clear,21,30,21.5,5,1,-0.7071067811865477,0.7071067811865474,-0.9749279121818236,-0.2225209339563146,10.26,28
81,sushi,17.4,downtown,2.6,4,55.71,car,1721.0,clear,13,35,13.583333333333334,4,0,-0.2588190451025208,-0.9659258262890683,-0.433883739117558,-0.9009688679024191,13.9275,36
17,thai,9.8,uptown,3.5,2,24.73,scooter,30.0,rain,18,59,18.983333333333334,3,0,-1.0,-1.8369701987210297e-16,0.43388373911755823,-0.900968867902419,12.365,26
34,mexican,12.2,midtown,4.4,3,25.39,bike,29.0,cloudy,21,58,21.966666666666665,2,0,-0.7071067811865477,0.7071067811865474,0.9749279121818236,-0.22252093395631434,8.463333333333333,37
36,burgers,11.8,downtown,1.7,2,28.71,bike,311.0,clear,19,11,19.183333333333334,3,0,-0.9659258262890684,0.2588190451025203,0.43388373911755823,-0.900968867902419,14.355,29
54,salads,9.4,downtown,2.8,3,34.44,bike,147.0,clear,12,36,12.6,1,0,1.2246467991473532e-16,-1.0,0.7818314824680297,0.6234898018587336,11.479999999999999,28
118,thai,15.5,downtown,0.6,2,24.09,car,346.0,heavy_rain,12,37,12.616666666666667,3,0,1.2246467991473532e-16,-1.0,0.43388373911755823,-0.900968867902419,12.045,33
71,burgers,14.5,uptown,4.0,2,23.22,car,316.0,cloudy,13,56,13.933333333333334,1,0,-0.2588190451025208,-0.9659258262890683,0.7818314824680297,0.6234898018587336,11.61,29
12,thai,12.8,midtown,4.4,1,8.0,scooter,338.0,clear,11,50,11.833333333333334,0,0,0.258819045102521,-0.9659258262890682,0.0,1.0,8.0,28
130,mexican,15.3,downtown,1.0,4,61.41,bike,109.0,clear,13,19,13.316666666666666,6,1,-0.2588190451025208,-0.9659258262890683,-0.7818314824680299,0.6234898018587334,15.3525,25
152,indian,18.0,suburbs_north,5.5,2,19.4,bike,147.0,clear,17,15,17.25,1,0,-0.9659258262890683,-0.25881904510252063,0.7818314824680297,0.6234898018587336,9.7,41
132,mexican,13.3,downtown,2.4,1,14.15,bike,99.0,clear,12,34,12.566666666666666,0,0,1.2246467991473532e-16,-1.0,0.0,1.0,14.15,33
65,thai,16.7,uptown,6.3,2,25.35,car,143.0,cloudy,13,20,13.333333333333334,3,0,-0.2588190451025208,-0.9659258262890683,0.43388373911755823,-0.900968867902419,12.675,39
26,pizza,14.9,midtown,4.4,2,16.07,scooter,42.0,cloudy,17,37,17.616666666666667,6,1,-0.9659258262890683,-0.25881904510252063,-0.7818314824680299,0.6234898018587334,8.035,28
48,mexican,8.8,midtown,4.0,2,22.87,scooter,322.0,clear,18,44,18.733333333333334,2,0,-1.0,-1.8369701987210297e-16,0.9749279121818236,-0.22252093395631434,11.435,27
124,indian,17.6,downtown,2.5,5,38.78,car,49.0,clear,20,32,20.533333333333335,1,0,-0.8660254037844386,0.5,0.7818314824680297,0.6234898018587336,7.756,41
147,chinese,17.7,midtown,1.3,3,31.94,bike,299.0,clear,11,4,11.066666666666666,2,0,0.258819045102521,-0.9659258262890682,0.9749279121818236,-0.22252093395631434,10.646666666666667,29
139,indian,20.7,midtown,3.6,1,13.91,car,134.0,clear,17,5,17.083333333333332,5,1,-0.9659258262890683,-0.25881904510252063,-0.9749279121818236,-0.2225209339563146,13.91,36
32,thai,16.7,uptown,1.8,3,33.07,car,194.0,clear,11,58,11.966666666666667,3,0,0.258819045102521,-0.9659258262890682,0.43388373911755823,-0.900968867902419,11.023333333333333,25
100,pizza,12.8,uptown,3.0,3,38.57,scooter,613.0,cloudy,22,32,22.533333333333335,6,1,-0.5000000000000004,0.8660254037844384,-0.7818314824680299,0.6234898018587334,12.856666666666667,23
40,pizza,18.4,midtown,4.7,1,8.0,car,2083.0,clear,19,46,19.766666666666666,6,1,-0.9659258262890684,0.2588190451025203,-0.7818314824680299,0.6234898018587334,8.0,41
28,indian,19.5,downtown,2.5,1,12.77,car,105.0,clear,22,18,22.3,6,1,-0.5000000000000004,0.8660254037844384,-0.7818314824680299,0.6234898018587334,12.77,29
112,sushi,18.2,downtown,3.5,1,12.63,scooter,89.0,rain,14,19,14.316666666666666,6,1,-0.4999999999999998,-0.8660254037844388,-0.7818314824680299,0.6234898018587334,12.63,31
114,chinese,12.4,suburbs_south,3.8,5,76.54,bike,347.0,clear,17,11,17.183333333333334,4,0,-0.9659258262890683,-0.25881904510252063,-0.433883739117558,-0.9009688679024191,15.308000000000002,32
32,thai,16.7,uptown,2.0,3,37.21,bike,18.0,clear,13,59,13.983333333333333,4,0,-0.2588190451025208,-0.9659258262890683,-0.433883739117558,-0.9009688679024191,12.403333333333334,30
50,salads,8.2,midtown,3.8,6,72.01,car,37.0,clear,19,8,19.133333333333333,6,1,-0.9659258262890684,0.2588190451025203,-0.7818314824680299,0.6234898018587334,12.001666666666667,27
105,pizza,12.9,midtown,1.1,1,14.8,car,147.0,clear,18,39,18.65,3,0,-1.0,-1.8369701987210297e-16,0.43388373911755823,-0.900968867902419,14.8,23
136,salads,9.3,downtown,2.1,5,51.45,bike,47.0,clear,13,7,13.116666666666667,0,0,-0.2588190451025208,-0.9659258262890683,0.0,1.0,10.290000000000001,22
49,indian,14.4,uptown,5.8,2,28.06,scooter,469.0,heavy_rain,22,15,22.25,1,0,-0.5000000000000004,0.8660254037844384,0.7818314824680297,0.6234898018587336,14.03,36
26,pizza,14.9,midtown,3.4,2,27.81,bike,356.0,clear,18,5,18.083333333333332,2,0,-1.0,-1.8369701987210297e-16,0.9749279121818236,-0.22252093395631434,13.905,40
36,burgers,11.8,downtown,1.3,2,24.84,bike,5.0,clear,18,49,18.816666666666666,3,0,-1.0,-1.8369701987210297e-16,0.43388373911755823,-0.900968867902419,12.42,27
65,thai,16.7,uptown,5.4,2,29.41,bike,147.0,cloudy,17,56,17.933333333333334,6,1,-0.9659258262890683,-0.25881904510252063,-0.7818314824680299,0.6234898018587334,14.705,43
128,chinese,6.8,uptown,3.2,2,28.47,bike,214.0,rain,12,11,12.183333333333334,3,0,1.2246467991473532e-16,-1.0,0.43388373911755823,-0.900968867902419,14.235,24
109,burgers,10.0,downtown,1.6,2,29.54,scooter,303.0,clear,18,16,18.266666666666666,0,0,-1.0,-1.8369701987210297e-16,0.0,1.0,14.77,18
135,sushi,20.5,downtown,1.8,2,30.11,scooter,84.0,clear,18,11,18.183333333333334,4,0,-1.0,-1.8369701987210297e-16,-0.433883739117558,-0.9009688679024191,15.055,35
153,salads,5.0,suburbs_south,6.2,2,27.04,car,242.0,clear,18,6,18.1,4,0,-1.0,-1.8369701987210297e-16,-0.433883739117558,-0.9009688679024191,13.52,26
10,pizza,12.9,suburbs_north,10.0,2,14.17,car,37.0,heavy_rain,17,26,17.433333333333334,6,1,-0.9659258262890683,-0.25881904510252063,-0.7818314824680299,0.6234898018587334,7.085,57
99,thai,13.4,midtown,4.8,4,60.82,bike,93.0,clear,18,11,18.183333333333334,1,0,-1.0,-1.8369701987210297e-16,0.7818314824680297,0.6234898018587336,15.205,38
94,sushi,20.2,downtown,0.8,3,39.4,bike,270.0,rain,10,10,10.166666666666666,3,0,0.49999999999999994,-0.8660254037844387,0.43388373911755823,-0.900968867902419,13.133333333333333,26
62,salads,6.7,downtown,2.5,5,59.63,scooter,58.0,cloudy,10,14,10.233333333333333,6,1,0.49999999999999994,-0.8660254037844387,-0.7818314824680299,0.6234898018587334,11.926,20
67,chinese,17.8,uptown,3.3,7,81.88,scooter,97.0,clear,11,34,11.566666666666666,1,0,0.258819045102521,-0.9659258262890682,0.7818314824680297,0.6234898018587336,11.697142857142856,40
68,thai,11.9,uptown,5.8,2,20.58,scooter,25.0,clear,12,58,12.966666666666667,3,0,1.2246467991473532e-16,-1.0,0.43388373911755823,-0.900968867902419,10.29,41
116,sushi,16.4,downtown,1.7,3,23.55,bike,51.0,clear,16,50,16.833333333333332,0,0,-0.8660254037844384,-0.5000000000000004,0.0,1.0,7.8500000000000005,23
148,indian,16.9,suburbs_north,2.7,2,20.82,bike,2488.0,heavy_rain,16,47,16.783333333333335,6,1,-0.8660254037844384,-0.5000000000000004,-0.7818314824680299,0.6234898018587334,10.41,38
99,thai,13.4,midtown,1.9,4,54.09,scooter,945.0,cloudy,15,15,15.25,2,0,-0.7071067811865471,-0.7071067811865479,0.9749279121818236,-0.22252093395631434,13.5225,28
88,burgers,8.9,suburbs_south,5.5,5,56.3,bike,125.0,clear,12,14,12.233333333333333,0,0,1.2246467991473532e-16,-1.0,0.0,1.0,11.26,39
88,burgers,8.9,suburbs_south,4.3,2,27.43,car,137.0,heavy_rain,17,46,17.766666666666666,5,1,-0.9659258262890683,-0.25881904510252063,-0.9749279121818236,-0.2225209339563146,13.715,31
74,thai,18.7,downtown,1.3,2,22.08,scooter,15.0,clear,13,51,13.85,1,0,-0.2588190451025208,-0.9659258262890683,0.7818314824680297,0.6234898018587336,11.04,30
121,indian,13.9,suburbs_north,5.3,1,9.38,scooter,147.0,clear,15,21,15.35,0,0,-0.7071067811865471,-0.7071067811865479,0.0,1.0,9.38,31
9,thai,12.6,suburbs_south,8.1,4,42.95,car,96.0,cloudy,20,11,20.183333333333334,2,0,-0.8660254037844386,0.5,0.9749279121818236,-0.22252093395631434,10.7375,43
147,chinese,17.7,midtown,2.6,4,30.83,bike,49.0,cloudy,16,35,16.583333333333332,5,1,-0.8660254037844384,-0.5000000000000004,-0.9749279121818236,-0.2225209339563146,7.7075,34
127,indian,15.6,downtown,2.6,4,45.57,bike,141.0,clear,12,51,12.85,0,0,1.2246467991473532e-16,-1.0,0.0,1.0,11.3925,37
6,sushi,16.8,midtown,1.7,3,26.14,scooter,44.0,cloudy,21,43,21.716666666666665,6,1,-0.7071067811865477,0.7071067811865474,-0.7818314824680299,0.6234898018587334,8.713333333333333,32
10,pizza,12.9,suburbs_north,3.1,3,42.96,scooter,508.0,clear,12,36,12.6,5,1,1.2246467991473532e-16,-1.0,-0.9749279121818236,-0.2225209339563146,14.32,32
16,salads,7.8,uptown,3.9,2,27.68,scooter,1334.0,clear,21,46,21.766666666666666,1,0,-0.7071067811865477,0.7071067811865474,0.7818314824680297,0.6234898018587336,13.84,15
80,chinese,16.1,downtown,3.2,3,27.46,bike,22.0,cloudy,21,4,21.066666666666666,0,0,-0.7071067811865477,0.7071067811865474,0.0,1.0,9.153333333333334,30
92,thai,7.0,uptown,2.2,3,47.08,bike,316.0,clear,19,35,19.583333333333332,6,1,-0.9659258262890684,0.2588190451025203,-0.7818314824680299,0.6234898018587334,15.693333333333333,19
117,pizza,16.2,suburbs_south,5.9,2,26.55,car,816.0,clear,14,38,14.633333333333333,2,0,-0.4999999999999998,-0.8660254037844388,0.9749279121818236,-0.22252093395631434,13.275,37
74,thai,18.7,downtown,2.7,8,73.46,bike,188.0,cloudy,17,15,17.25,6,1,-0.9659258262890683,-0.25881904510252063,-0.7818314824680299,0.6234898018587334,9.1825,38
129,pizza,10.9,suburbs_north,5.3,3,21.79,bike,12.0,cloudy,12,8,12.133333333333333,2,0,1.2246467991473532e-16,-1.0,0.9749279121818236,-0.22252093395631434,7.263333333333333,43
86,chinese,11.8,suburbs_south,11.7,2,25.19,car,163.0,clear,18,29,18.483333333333334,3,0,-1.0,-1.8369701987210297e-16,0.43388373911755823,-0.900968867902419,12.595,41
11,indian,20.4,uptown,2.3,1,11.1,scooter,196.0,cloudy,22,21,22.35,3,0,-0.5000000000000004,0.8660254037844384,0.43388373911755823,-0.900968867902419,11.1,33
44,indian,21.0,midtown,2.9,2,14.92,bike,62.0,cloudy,19,3,19.05,2,0,-0.9659258262890684,0.2588190451025203,0.9749279121818236,-0.22252093395631434,7.46,43
69,salads,8.8,midtown,4.6,3,35.57,bike,329.0,cloudy,19,8,19.133333333333333,5,1,-0.9659258262890684,0.2588190451025203,-0.9749279121818236,-0.2225209339563146,11.856666666666667,37
10,pizza,12.9,suburbs_north,2.8,2,24.83,bike,82.0,clear,13,50,13.833333333333334,3,0,-0.2588190451025208,-0.9659258262890683,0.43388373911755823,-0.900968867902419,12.415,34
23,burgers,11.6,downtown,2.6,4,43.76,car,294.0,heavy_rain,18,44,18.733333333333334,4,0,-1.0,-1.8369701987210297e-16,-0.433883739117558,-0.9009688679024191,10.94,29
39,thai,21.0,downtown,1.0,1,12.67,scooter,160.0,clear,17,13,17.216666666666665,0,0,-0.9659258262890683,-0.25881904510252063,0.0,1.0,12.67,24
80,chinese,16.1,downtown,3.0,3,23.89,scooter,70.0,cloudy,16,51,16.85,1,0,-0.8660254037844384,-0.5000000000000004,0.7818314824680297,0.6234898018587336,7.963333333333334,27
90,sushi,20.7,midtown,3.8,8,85.53,scooter,15.0,clear,18,23,18.383333333333333,5,1,-1.0,-1.8369701987210297e-16,-0.9749279121818236,-0.2225209339563146,10.69125,51
134,mexican,10.8,midtown,4.0,3,25.38,car,636.0,cloudy,10,5,10.083333333333334,0,0,0.49999999999999994,-0.8660254037844387,0.0,1.0,8.459999999999999,26
47,mexican,14.1,downtown,3.1,4,43.35,bike,85.0,rain,19,25,19.416666666666668,0,0,-0.9659258262890684,0.2588190451025203,0.0,1.0,10.8375,45
90,sushi,20.7,midtown,3.2,2,31.03,car,149.0,clear,12,53,12.883333333333333,1,0,1.2246467991473532e-16,-1.0,0.7818314824680297,0.6234898018587336,15.515,33
28,indian,19.5,downtown,2.3,7,91.44,scooter,127.0,cloudy,18,23,18.383333333333333,5,1,-1.0,-1.8369701987210297e-16,-0.9749279121818236,-0.2225209339563146,13.062857142857142,44
127,indian,15.6,downtown,2.3,3,39.43,scooter,86.0,heavy_rain,13,3,13.05,0,0,-0.2588190451025208,-0.9659258262890683,0.0,1.0,13.143333333333333,35
75,mexican,13.3,midtown,4.7,2,24.49,car,503.0,cloudy,15,53,15.883333333333333,2,0,-0.7071067811865471,-0.7071067811865479,0.9749279121818236,-0.22252093395631434,12.245,25
51,indian,17.0,downtown,1.6,1,15.09,bike,127.0,cloudy,14,21,14.35,4,0,-0.4999999999999998,-0.8660254037844388,-0.433883739117558,-0.9009688679024191,15.09,25
78,mexican,9.1,downtown,2.9,1,10.0,scooter,44.0,cloudy,20,50,20.833333333333332,6,1,-0.8660254037844386,0.5,-0.7818314824680299,0.6234898018587334,10.0,25
19,chinese,10.6,downtown,3.0,5,48.64,scooter,1828.0,clear,22,2,22.033333333333335,4,0,-0.5000000000000004,0.8660254037844384,-0.433883739117558,-0.9009688679024191,9.728,18
73,pizza,10.6,midtown,4.0,4,61.83,bike,365.0,cloudy,19,58,19.966666666666665,0,0,-0.9659258262890684,0.2588190451025203,0.0,1.0,15.4575,35
140,chinese,17.8,downtown,1.8,2,19.97,car,259.0,clear,20,1,20.016666666666666,5,1,-0.8660254037844386,0.5,-0.9749279121818236,-0.2225209339563146,9.985,34
131,indian,22.1,downtown,0.9,4,30.13,car,127.0,clear,22,6,22.1,5,1,-0.5000000000000004,0.8660254037844384,-0.9749279121818236,-0.2225209339563146,7.5325,30
159,pizza,15.0,uptown,2.5,1,14.01,bike,180.0,cloudy,18,45,18.75,5,1,-1.0,-1.8369701987210297e-16,-0.9749279121818236,-0.2225209339563146,14.01,27
141,thai,14.1,suburbs_north,6.2,5,55.59,car,1997.0,heavy_rain,12,39,12.65,5,1,1.2246467991473532e-16,-1.0,-0.9749279121818236,-0.2225209339563146,11.118,45
114,chinese,12.4,suburbs_south,10.1,4,30.88,car,60.0,cloudy,12,14,12.233333333333333,0,0,1.2246467991473532e-16,-1.0,0.0,1.0,7.72,43
130,mexican,15.3,downtown,2.8,4,55.47,scooter,224.0,cloudy,22,25,22.416666666666668,2,0,-0.5000000000000004,0.8660254037844384,0.9749279121818236,-0.22252093395631434,13.8675,26
108,mexican,10.1,suburbs_south,9.8,6,56.61,scooter,50.0,heavy_rain,20,30,20.5,2,0,-0.8660254037844386,0.5,0.9749279121818236,-0.22252093395631434,9.435,63
45,indian,15.4,midtown,4.7,2,27.77,car,27.0,cloudy,18,7,18.116666666666667,6,1,-1.0,-1.8369701987210297e-16,-0.7818314824680299,0.6234898018587334,13.885,32
4,pizza,14.0,suburbs_south,8.3,3,37.42,car,50.0,clear,12,55,12.916666666666666,2,0,1.2246467991473532e-16,-1.0,0.9749279121818236,-0.22252093395631434,12.473333333333334,47
14,burgers,6.4,downtown,2.3,3,31.83,scooter,21.0,clear,12,51,12.85,3,0,1.2246467991473532e-16,-1.0,0.43388373911755823,-0.900968867902419,10.61,21
70,thai,14.2,suburbs_north,5.0,2,30.88,car,116.0,cloudy,17,20,17.333333333333332,3,0,-0.9659258262890683,-0.25881904510252063,0.43388373911755823,-0.900968867902419,15.44,27
103,thai,16.4,midtown,3.7,2,19.78,scooter,68.0,clear,13,56,13.933333333333334,0,0,-0.2588190451025208,-0.9659258262890683,0.0,1.0,9.89,34
101,thai,11.8,suburbs_north,3.2,2,20.56,car,258.0,clear,12,8,12.133333333333333,2,0,1.2246467991473532e-16,-1.0,0.9749279121818236,-0.22252093395631434,10.28,25
108,mexican,10.1,suburbs_south,7.2,2,14.2,car,108.0,clear,21,36,21.6,4,0,-0.7071067811865477,0.7071067811865474,-0.433883739117558,-0.9009688679024191,7.1,32
43,chinese,12.4,uptown,3.1,4,61.46,car,783.0,clear,17,28,17.466666666666665,1,0,-0.9659258262890683,-0.25881904510252063,0.7818314824680297,0.6234898018587336,15.365,24
125,sushi,18.8,uptown,2.7,2,21.78,car,31.0,clear,10,35,10.583333333333334,6,1,0.49999999999999994,-0.8660254037844387,-0.7818314824680299,0.6234898018587334,10.89,29
72,burgers,12.2,suburbs_south,5.4,2,18.75,scooter,617.0,clear,23,30,23.5,5,1,-0.2588190451025215,0.9659258262890681,-0.9749279121818236,-0.2225209339563146,9.375,35
144,chinese,7.6,midtown,3.6,2,24.61,scooter,131.0,heavy_rain,21,22,21.366666666666667,2,0,-0.7071067811865477,0.7071067811865474,0.9749279121818236,-0.22252093395631434,12.305,26
52,mexican,5.5,uptown,2.7,1,14.49,bike,380.0,cloudy,21,18,21.3,1,0,-0.7071067811865477,0.7071067811865474,0.7818314824680297,0.6234898018587336,14.49,21
112,sushi,18.2,downtown,1.1,8,108.41,bike,159.0,clear,22,44,22.733333333333334,6,1,-0.5000000000000004,0.8660254037844384,-0.7818314824680299,0.6234898018587334,13.55125,35
21,pizza,17.0,midtown,2.4,7,55.99,bike,17.0,rain,11,59,11.983333333333333,4,0,0.258819045102521,-0.9659258262890682,-0.433883739117558,-0.9009688679024191,7.998571428571429,42
158,indian,12.1,midtown,3.8,1,8.0,car,644.0,clear,12,4,12.066666666666666,1,0,1.2246467991473532e-16,-1.0,0.7818314824680297,0.6234898018587336,8.0,84
100,pizza,12.8,uptown,4.0,2,15.67,bike,72.0,clear,19,14,19.233333333333334,1,0,-0.9659258262890684,0.2588190451025203,0.7818314824680297,0.6234898018587336,7.835,36
94,sushi,20.2,downtown,3.0,2,18.93,scooter,344.0,clear,20,5,20.083333333333332,4,0,-0.8660254037844386,0.5,-0.433883739117558,-0.9009688679024191,9.465,35
63,pizza,12.6,downtown,1.8,1,8.38,car,32.0,clear,17,38,17.633333333333333,6,1,-0.9659258262890683,-0.25881904510252063,-0.7818314824680299,0.6234898018587334,8.38,18
45,indian,15.4,midtown,1.2,1,14.55,bike,109.0,rain,21,45,21.75,0,0,-0.7071067811865477,0.7071067811865474,0.0,1.0,14.55,29
38,pizza,16.9,midtown,2.3,1,14.23,scooter,78.0,cloudy,18,23,18.383333333333333,2,0,-1.0,-1.8369701987210297e-16,0.9749279121818236,-0.22252093395631434,14.23,30
15,indian,18.1,midtown,2.8,2,31.96,bike,245.0,cloudy,19,50,19.833333333333332,5,1,-0.9659258262890684,0.2588190451025203,-0.9749279121818236,-0.2225209339563146,15.98,37
156,salads,12.7,downtown,2.5,2,27.52,scooter,41.0,clear,12,47,12.783333333333333,3,0,1.2246467991473532e-16,-1.0,0.43388373911755823,-0.900968867902419,13.76,25
79,salads,10.0,midtown,1.7,3,35.77,bike,103.0,cloudy,18,35,18.583333333333332,5,1,-1.0,-1.8369701987210297e-16,-0.9749279121818236,-0.2225209339563146,11.923333333333334,27
118,thai,15.5,downtown,0.8,3,32.36,car,364.0,clear,17,49,17.816666666666666,5,1,-0.9659258262890683,-0.25881904510252063,-0.9749279121818236,-0.2225209339563146,10.786666666666667,20
127,indian,15.6,downtown,3.6,1,10.39,bike,131.0,cloudy,12,5,12.083333333333334,1,0,1.2246467991473532e-16,-1.0,0.7818314824680297,0.6234898018587336,10.39,39
35,mexican,11.9,midtown,3.0,1,12.22,bike,142.0,clear,21,20,21.333333333333332,6,1,-0.7071067811865477,0.7071067811865474,-0.7818314824680299,0.6234898018587334,12.22,29
147,chinese,17.7,midtown,2.7,4,44.82,scooter,387.0,clear,17,48,17.8,0,0,-0.9659258262890683,-0.25881904510252063,0.0,1.0,11.205,26
105,pizza,12.9,midtown,2.6,1,13.38,scooter,404.0,cloudy,20,21,20.35,6,1,-0.8660254037844386,0.5,-0.7818314824680299,0.6234898018587334,13.38,24
56,thai,13.0,downtown,3.1,2,15.77,bike,69.0,heavy_rain,19,0,19.0,2,0,-0.9659258262890684,0.2588190451025203,0.9749279121818236,-0.22252093395631434,7.885,45
24,pizza,15.8,uptown,2.6,2,30.2,bike,65.0,clear,10,42,10.7,2,0,0.49999999999999994,-0.8660254037844387,0.9749279121818236,-0.22252093395631434,15.1,33
129,pizza,10.9,suburbs_north,7.0,3,21.17,scooter,120.0,cloudy,19,28,19.466666666666665,2,0,-0.9659258262890684,0.2588190451025203,0.9749279121818236,-0.22252093395631434,7.0566666666666675,41
62,salads,6.7,downtown,1.0,3,45.82,bike,866.0,heavy_rain,23,10,23.166666666666668,2,0,-0.2588190451025215,0.9659258262890681,0.9749279121818236,-0.22252093395631434,15.273333333333333,17
70,thai,14.2,suburbs_north,7.0,2,16.57,car,105.0,clear,14,56,14.933333333333334,4,0,-0.4999999999999998,-0.8660254037844388,-0.433883739117558,-0.9009688679024191,8.285,41
133,chinese,15.9,suburbs_north,4.1,2,17.31,scooter,86.0,clear,16,46,16.766666666666666,4,0,-0.8660254037844384,-0.5000000000000004,-0.433883739117558,-0.9009688679024191,8.655,30
127,indian,15.6,downtown,3.8,2,20.8,scooter,28.0,heavy_rain,13,33,13.55,6,1,-0.2588190451025208,-0.9659258262890683,-0.7818314824680299,0.6234898018587334,10.4,41
117,pizza,16.2,suburbs_south,3.0,5,38.32,scooter,94.0,clear,11,45,11.75,1,0,0.258819045102521,-0.9659258262890682,0.7818314824680297,0.6234898018587336,7.664,29
152,indian,18.0,suburbs_north,7.8,2,18.88,scooter,50.0,cloudy,11,26,11.433333333333334,3,0,0.258819045102521,-0.9659258262890682,0.43388373911755823,-0.900968867902419,9.44,44
159,pizza,15.0,uptown,4.9,2,27.57,scooter,56.0,clear,12,25,12.416666666666666,5,1,1.2246467991473532e-16,-1.0,-0.9749279121818236,-0.2225209339563146,13.785,40
102,indian,17.4,uptown,1.6,4,35.01,scooter,55.0,cloudy,19,42,19.7,3,0,-0.9659258262890684,0.2588190451025203,0.43388373911755823,-0.900968867902419,8.7525,32
126,pizza,12.0,midtown,4.7,3,28.83,car,177.0,clear,18,16,18.266666666666666,0,0,-1.0,-1.8369701987210297e-16,0.0,1.0,9.61,27
31,sushi,14.7,midtown,3.6,2,27.47,scooter,351.0,clear,19,53,19.883333333333333,0,0,-0.9659258262890684,0.2588190451025203,0.0,1.0,13.735,32
18,indian,20.8,suburbs_south,8.5,3,35.21,car,95.0,rain,20,22,20.366666666666667,5,1,-0.8660254037844386,0.5,-0.9749279121818236,-0.2225209339563146,11.736666666666666,61
151,chinese,11.8,downtown,2.8,2,14.74,scooter,33.0,clear,13,31,13.516666666666667,5,1,-0.2588190451025208,-0.9659258262890683,-0.9749279121818236,-0.2225209339563146,7.37,29
83,salads,8.7,midtown,4.4,5,76.74,scooter,302.0,clear,12,14,12.233333333333333,1,0,1.2246467991473532e-16,-1.0,0.7818314824680297,0.6234898018587336,15.347999999999999,26
81,sushi,17.4,downtown,2.2,2,22.51,scooter,20.0,clear,19,8,19.133333333333333,6,1,-0.9659258262890684,0.2588190451025203,-0.7818314824680299,0.6234898018587334,11.255,30
143,chinese,12.4,uptown,1.5,3,28.33,car,194.0,clear,19,41,19.683333333333334,3,0,-0.9659258262890684,0.2588190451025203,0.43388373911755823,-0.900968867902419,9.443333333333333,19
126,pizza,12.0,midtown,3.3,3,43.41,scooter,1109.0,clear,16,31,16.516666666666666,3,0,-0.8660254037844384,-0.5000000000000004,0.43388373911755823,-0.900968867902419,14.469999999999999,23
25,mexican,14.5,midtown,1.8,2,21.47,scooter,831.0,clear,19,22,19.366666666666667,2,0,-0.9659258262890684,0.2588190451025203,0.9749279121818236,-0.22252093395631434,10.735,25
160,salads,5.0,uptown,1.4,3,34.07,bike,666.0,clear,18,9,18.15,3,0,-1.0,-1.8369701987210297e-16,0.43388373911755823,-0.900968867902419,11.356666666666667,101
136,salads,9.3,downtown,2.6,2,24.67,scooter,104.0,cloudy,16,6,16.1,2,0,-0.8660254037844384,-0.5000000000000004,0.9749279121818236,-0.22252093395631434,12.335,20
23,burgers,11.6,downtown,2.1,1,11.05,scooter,28.0,clear,18,49,18.816666666666666,2,0,-1.0,-1.8369701987210297e-16,0.9749279121818236,-0.22252093395631434,11.05,23
38,pizza,16.9,midtown,2.9,1,11.16,bike,370.0,clear,20,58,20.966666666666665,1,0,-0.8660254037844386,0.5,0.7818314824680297,0.6234898018587336,11.16,37
117,pizza,16.2,suburbs_south,5.3,2,26.42,bike,45.0,cloudy,21,24,21.4,5,1,-0.7071067811865477,0.7071067811865474,-0.9749279121818236,-0.2225209339563146,13.21,42
115,thai,13.4,downtown,1.7,2,24.98,car,418.0,cloudy,22,10,22.166666666666668,0,0,-0.5000000000000004,0.8660254037844384,0.0,1.0,12.49,22
99,thai,13.4,midtown,3.2,3,22.85,scooter,132.0,clear,20,4,20.066666666666666,6,1,-0.8660254037844386,0.5,-0.7818314824680299,0.6234898018587334,7.616666666666667,33
114,chinese,12.4,suburbs_south,9.1,5,68.99,car,91.0,rain,19,52,19.866666666666667,6,1,-0.9659258262890684,0.2588190451025203,-0.7818314824680299,0.6234898018587334,13.797999999999998,52
74,thai,18.7,downtown,2.5,3,23.8,car,16.0,clear,17,37,17.616666666666667,1,0,-0.9659258262890683,-0.25881904510252063,0.7818314824680297,0.6234898018587336,7.933333333333334,29
146,thai,14.2,uptown,1.5,2,30.39,car,313.0,clear,14,36,14.6,2,0,-0.4999999999999998,-0.8660254037844388,0.9749279121818236,-0.22252093395631434,15.195,21
108,mexican,10.1,suburbs_south,3.2,4,49.42,scooter,50.0,cloudy,12,5,12.083333333333334,3,0,1.2246467991473532e-16,-1.0,0.43388373911755823,-0.900968867902419,12.355,27
57,sushi,15.1,midtown,2.5,2,31.94,scooter,138.0,cloudy,12,22,12.366666666666667,6,1,1.2246467991473532e-16,-1.0,-0.7818314824680299,0.6234898018587334,15.97,35
47,mexican,14.1,downtown,1.2,4,30.99,car,162.0,cloudy,17,52,17.866666666666667,3,0,-0.9659258262890683,-0.25881904510252063,0.43388373911755823,-0.900968867902419,7.7475,20
144,chinese,7.6,midtown,3.0,3,46.2,bike,183.0,clear,17,13,17.216666666666665,3,0,-0.9659258262890683,-0.25881904510252063,0.43388373911755823,-0.900968867902419,15.4,25
30,salads,5.0,suburbs_south,7.7,6,45.74,scooter,270.0,clear,18,4,18.066666666666666,6,1,-1.0,-1.8369701987210297e-16,-0.7818314824680299,0.6234898018587334,7.623333333333334,32
139,indian,20.7,midtown,1.5,2,31.05,scooter,529.0,cloudy,11,36,11.6,5,1,0.258819045102521,-0.9659258262890682,-0.9749279121818236,-0.2225209339563146,15.525,34
3,pizza,20.9,suburbs_north,2.5,8,126.02,scooter,17.0,clear,11,32,11.533333333333333,5,1,0.258819045102521,-0.9659258262890682,-0.9749279121818236,-0.2225209339563146,15.7525,55
143,chinese,12.4,uptown,1.1,2,17.13,bike,143.0,cloudy,13,38,13.633333333333333,0,0,-0.2588190451025208,-0.9659258262890683,0.0,1.0,8.565,27
59,pizza,11.7,suburbs_south,5.7,5,39.52,scooter,72.0,cloudy,18,56,18.933333333333334,6,1,-1.0,-1.8369701987210297e-16,-0.7818314824680299,0.6234898018587334,7.904000000000001,34
13,indian,15.1,downtown,2.2,2,16.33,car,147.0,rain,13,50,13.833333333333334,5,1,-0.2588190451025208,-0.9659258262890683,-0.9749279121818236,-0.2225209339563146,8.165,34
145,pizza,12.3,suburbs_south,4.2,2,25.67,bike,1689.0,rain,19,29,19.483333333333334,6,1,-0.9659258262890684,0.2588190451025203,-0.7818314824680299,0.6234898018587334,12.835,42
85,pizza,11.8,uptown,2.4,1,13.28,scooter,173.0,cloudy,16,2,16.033333333333335,4,0,-0.8660254037844384,-0.5000000000000004,-0.433883739117558,-0.9009688679024191,13.28,23
155,indian,14.5,suburbs_south,4.4,4,51.69,car,227.0,cloudy,11,13,11.216666666666667,0,0,0.258819045102521,-0.9659258262890682,0.0,1.0,12.9225,32
98,salads,11.1,midtown,1.4,1,13.24,bike,139.0,cloudy,22,41,22.683333333333334,4,0,-0.5000000000000004,0.8660254037844384,-0.433883739117558,-0.9009688679024191,13.24,19
79,salads,10.0,midtown,1.3,3,21.29,scooter,77.0,rain,17,45,17.75,6,1,-0.9659258262890683,-0.25881904510252063,-0.7818314824680299,0.6234898018587334,7.096666666666667,15
86,chinese,11.8,suburbs_south,5.4,6,64.58,car,92.0,cloudy,22,39,22.65,4,0,-0.5000000000000004,0.8660254037844384,-0.433883739117558,-0.9009688679024191,10.763333333333334,28
95,pizza,11.9,suburbs_south,4.5,2,23.56,bike,2082.0,heavy_rain,20,25,20.416666666666668,1,0,-0.8660254037844386,0.5,0.7818314824680297,0.6234898018587336,11.78,40
56,thai,13.0,downtown,0.9,1,10.11,scooter,42.0,cloudy,22,10,22.166666666666668,3,0,-0.5000000000000004,0.8660254037844384,0.43388373911755823,-0.900968867902419,10.11,24
154,salads,8.5,midtown,1.6,2,15.47,car,82.0,clear,12,19,12.316666666666666,5,1,1.2246467991473532e-16,-1.0,-0.9749279121818236,-0.2225209339563146,7.735,24
78,mexican,9.1,downtown,2.0,2,27.5,scooter,276.0,cloudy,18,7,18.116666666666667,2,0,-1.0,-1.8369701987210297e-16,0.9749279121818236,-0.22252093395631434,13.75,17
111,pizza,8.5,downtown,1.0,1,15.7,car,74.0,cloudy,21,44,21.733333333333334,4,0,-0.7071067811865477,0.7071067811865474,-0.433883739117558,-0.9009688679024191,15.7,13
69,salads,8.8,midtown,4.2,1,8.0,scooter,59.0,cloudy,19,16,19.266666666666666,5,1,-0.9659258262890684,0.2588190451025203,-0.9749279121818236,-0.2225209339563146,8.0,25
109,burgers,10.0,downtown,2.3,1,11.68,car,31.0,rain,20,8,20.133333333333333,3,0,-0.8660254037844386,0.5,0.43388373911755823,-0.900968867902419,11.68,28
45,indian,15.4,midtown,3.4,2,25.76,scooter,117.0,cloudy,13,46,13.766666666666667,4,0,-0.2588190451025208,-0.9659258262890683,-0.433883739117558,-0.9009688679024191,12.88,31
13,indian,15.1,downtown,2.2,4,50.4,bike,487.0,rain,18,20,18.333333333333332,5,1,-1.0,-1.8369701987210297e-16,-0.9749279121818236,-0.2225209339563146,12.6,35
24,pizza,15.8,uptown,4.2,5,62.38,car,147.0,clear,18,56,18.933333333333334,5,1,-1.0,-1.8369701987210297e-16,-0.9749279121818236,-0.2225209339563146,12.476,38
160,salads,5.0,uptown,4.2,4,62.56,bike,17.0,clear,20,55,20.916666666666668,4,0,-0.8660254037844386,0.5,-0.433883739117558,-0.9009688679024191,15.64,26
17,thai,9.8,uptown,3.5,2,20.67,car,450.0,clear,12,20,12.333333333333334,6,1,1.2246467991473532e-16,-1.0,-0.7818314824680299,0.6234898018587334,10.335,22
24,pizza,15.8,uptown,1.6,4,40.14,scooter,189.0,heavy_rain,14,6,14.1,3,0,-0.4999999999999998,-0.8660254037844388,0.43388373911755823,-0.900968867902419,10.035,28
155,indian,14.5,suburbs_south,8.3,3,22.83,car,2265.0,clear,20,53,20.883333333333333,6,1,-0.8660254037844386,0.5,-0.7818314824680299,0.6234898018587334,7.609999999999999,42
12,thai,12.8,midtown,2.3,2,24.03,car,147.0,clear,15,10,15.166666666666666,5,1,-0.7071067811865471,-0.7071067811865479,-0.9749279121818236,-0.2225209339563146,12.015,23
7,thai,17.1,midtown,3.3,5,70.05,bike,47.0,clear,21,44,21.733333333333334,4,0,-0.7071067811865477,0.7071067811865474,-0.433883739117558,-0.9009688679024191,14.01,38
122,indian,20.0,midtown,1.7,1,13.02,scooter,83.0,cloudy,17,58,17.966666666666665,3,0,-0.9659258262890683,-0.25881904510252063,0.43388373911755823,-0.900968867902419,13.02,24
143,chinese,12.4,uptown,1.5,2,23.47,scooter,111.0,cloudy,19,0,19.0,1,0,-0.9659258262890684,0.2588190451025203,0.7818314824680297,0.6234898018587336,11.735,26
157,burgers,16.3,suburbs_south,4.6,2,25.93,bike,44.0,clear,17,56,17.933333333333334,5,1,-0.9659258262890683,-0.25881904510252063,-0.9749279121818236,-0.2225209339563146,12.965,35
24,pizza,15.8,uptown,4.4,1,9.49,car,65.0,rain,12,13,12.216666666666667,6,1,1.2246467991473532e-16,-1.0,-0.7818314824680299,0.6234898018587334,9.49,33
24,pizza,15.8,uptown,4.9,3,32.31,scooter,62.0,cloudy,12,53,12.883333333333333,3,0,1.2246467991473532e-16,-1.0,0.43388373911755823,-0.900968867902419,10.770000000000001,41
96,thai,15.7,downtown,1.8,2,20.46,bike,181.0,clear,17,20,17.333333333333332,2,0,-0.9659258262890683,-0.25881904510252063,0.9749279121818236,-0.22252093395631434,10.23,30
107,sushi,18.0,suburbs_south,4.0,2,27.46,scooter,4.0,clear,19,16,19.266666666666666,0,0,-0.9659258262890684,0.2588190451025203,0.0,1.0,13.73,41
87,burgers,6.5,downtown,2.7,1,14.34,bike,57.0,clear,12,8,12.133333333333333,3,0,1.2246467991473532e-16,-1.0,0.43388373911755823,-0.900968867902419,14.34,22
156,salads,12.7,downtown,1.0,5,77.39,bike,287.0,clear,21,42,21.7,4,0,-0.7071067811865477,0.7071067811865474,-0.433883739117558,-0.9009688679024191,15.478,24
4,pizza,14.0,suburbs_south,9.1,1,13.29,scooter,105.0,clear,13,22,13.366666666666667,1,0,-0.2588190451025208,-0.9659258262890683,0.7818314824680297,0.6234898018587336,13.29,49
5,mexican,12.4,uptown,2.7,5,75.49,scooter,472.0,clear,17,51,17.85,5,1,-0.9659258262890683,-0.25881904510252063,-0.9749279121818236,-0.2225209339563146,15.097999999999999,27
158,indian,12.1,midtown,3.3,4,36.84,scooter,51.0,clear,19,34,19.566666666666666,2,0,-0.9659258262890684,0.2588190451025203,0.9749279121818236,-0.22252093395631434,9.21,28
120,pizza,12.2,downtown,2.2,1,10.86,bike,133.0,clear,19,24,19.4,1,0,-0.9659258262890684,0.2588190451025203,0.7818314824680297,0.6234898018587336,10.86,30
122,indian,20.0,midtown,4.6,2,25.06,car,15.0,clear,17,25,17.416666666666668,5,1,-0.9659258262890683,-0.25881904510252063,-0.9749279121818236,-0.2225209339563146,12.53,36
86,chinese,11.8,suburbs_south,10.0,6,87.7,scooter,60.0,cloudy,20,14,20.233333333333334,1,0,-0.8660254037844386,0.5,0.7818314824680297,0.6234898018587336,14.616666666666667,52
79,salads,10.0,midtown,3.6,5,75.02,scooter,445.0,heavy_rain,22,51,22.85,1,0,-0.5000000000000004,0.8660254037844384,0.7818314824680297,0.6234898018587336,15.004,30
140,chinese,17.8,downtown,2.6,3,26.61,scooter,309.0,clear,10,37,10.616666666666667,6,1,0.49999999999999994,-0.8660254037844387,-0.7818314824680299,0.6234898018587334,8.87,29
30,salads,5.0,suburbs_south,4.8,2,14.71,scooter,69.0,clear,12,33,12.55,5,1,1.2246467991473532e-16,-1.0,-0.9749279121818236,-0.2225209339563146,7.355,23
152,indian,18.0,suburbs_north,3.6,3,36.03,bike,75.0,clear,20,56,20.933333333333334,0,0,-0.8660254037844386,0.5,0.0,1.0,12.01,44
37,pizza,17.5,midtown,4.6,4,46.52,bike,3728.0,clear,13,13,13.216666666666667,1,0,-0.2588190451025208,-0.9659258262890683,0.7818314824680297,0.6234898018587336,11.63,44
66,sushi,18.7,midtown,2.0,3,38.44,scooter,216.0,clear,17,55,17.916666666666668,2,0,-0.9659258262890683,-0.25881904510252063,0.9749279121818236,-0.22252093395631434,12.813333333333333,25
106,pizza,12.3,downtown,3.3,3,34.22,bike,188.0,clear,19,3,19.05,6,1,-0.9659258262890684,0.2588190451025203,-0.7818314824680299,0.6234898018587334,11.406666666666666,37
19,chinese,10.6,downtown,1.2,3,25.84,scooter,924.0,cloudy,19,53,19.883333333333333,1,0,-0.9659258262890684,0.2588190451025203,0.7818314824680297,0.6234898018587336,8.613333333333333,25
78,mexican,9.1,downtown,0.8,3,35.8,scooter,134.0,clear,10,0,10.0,4,0,0.49999999999999994,-0.8660254037844387,-0.433883739117558,-0.9009688679024191,11.933333333333332,11
20,mexican,9.2,midtown,3.8,1,12.34,bike,23.0,cloudy,16,41,16.683333333333334,3,0,-0.8660254037844384,-0.5000000000000004,0.43388373911755823,-0.900968867902419,12.34,28
73,pizza,10.6,midtown,2.6,4,33.3,car,159.0,rain,14,54,14.9,3,0,-0.4999999999999998,-0.8660254037844388,0.43388373911755823,-0.900968867902419,8.325,23
95,pizza,11.9,suburbs_south,12.8,1,13.3,car,22.0,clear,13,3,13.05,0,0,-0.2588190451025208,-0.9659258262890683,0.0,1.0,13.3,53
84,chinese,11.5,suburbs_south,6.3,5,44.75,car,230.0,clear,12,17,12.283333333333333,0,0,1.2246467991473532e-16,-1.0,0.0,1.0,8.95,36
146,thai,14.2,uptown,4.1,1,11.53,scooter,147.0,clear,19,59,19.983333333333334,3,0,-0.9659258262890684,0.2588190451025203,0.43388373911755823,-0.900968867902419,11.53,27
148,indian,16.9,suburbs_north,8.8,2,19.78,car,34.0,clear,12,20,12.333333333333334,6,1,1.2246467991473532e-16,-1.0,-0.7818314824680299,0.6234898018587334,9.89,48
38,pizza,16.9,midtown,1.3,2,16.05,bike,65.0,clear,17,7,17.116666666666667,0,0,-0.9659258262890683,-0.25881904510252063,0.0,1.0,8.025,22
64,mexican,11.6,suburbs_north,4.9,5,39.43,scooter,486.0,clear,11,58,11.966666666666667,1,0,0.258819045102521,-0.9659258262890682,0.7818314824680297,0.6234898018587336,7.886,36
153,salads,5.0,suburbs_south,4.9,2,16.12,car,84.0,clear,21,13,21.216666666666665,1,0,-0.7071067811865477,0.7071067811865474,0.7818314824680297,0.6234898018587336,8.06,21
137,thai,13.3,suburbs_north,7.9,3,42.96,scooter,639.0,cloudy,10,38,10.633333333333333,5,1,0.49999999999999994,-0.8660254037844387,-0.9749279121818236,-0.2225209339563146,14.32,40
20,mexican,9.2,midtown,3.2,5,49.16,scooter,147.0,clear,19,58,19.966666666666665,6,1,-0.9659258262890684,0.2588190451025203,-0.7818314824680299,0.6234898018587334,9.831999999999999,25
121,indian,13.9,suburbs_north,3.7,4,34.81,scooter,147.0,clear,23,39,23.65,4,0,-0.2588190451025215,0.9659258262890681,-0.433883739117558,-0.9009688679024191,8.7025,29
11,indian,20.4,uptown,3.9,2,21.44,scooter,8.0,rain,18,11,18.183333333333334,0,0,-1.0,-1.8369701987210297e-16,0.0,1.0,10.72,48
19,chinese,10.6,downtown,1.4,2,20.47,scooter,3677.0,rain,12,6,12.1,3,0,1.2246467991473532e-16,-1.0,0.43388373911755823,-0.900968867902419,10.235,22
147,chinese,17.7,midtown,2.5,4,31.96,scooter,342.0,clear,10,36,10.6,5,1,0.49999999999999994,-0.8660254037844387,-0.9749279121818236,-0.2225209339563146,7.99,32
115,thai,13.4,downtown,1.8,2,25.54,scooter,167.0,clear,17,9,17.15,3,0,-0.9659258262890683,-0.25881904510252063,0.43388373911755823,-0.900968867902419,12.77,23
125,sushi,18.8,uptown,4.4,3,33.64,scooter,3506.0,clear,18,16,18.266666666666666,1,0,-1.0,-1.8369701987210297e-16,0.7818314824680297,0.6234898018587336,11.213333333333333,38
3,pizza,20.9,suburbs_north,8.4,1,9.14,car,499.0,clear,13,20,13.333333333333334,4,0,-0.2588190451025208,-0.9659258262890683,-0.433883739117558,-0.9009688679024191,9.14,44
81,sushi,17.4,downtown,1.2,3,27.9,car,638.0,cloudy,19,41,19.683333333333334,3,0,-0.9659258262890684,0.2588190451025203,0.43388373911755823,-0.900968867902419,9.299999999999999,28
46,indian,19.4,downtown,2.0,2,28.11,bike,51.0,clear,17,36,17.6,5,1,-0.9659258262890683,-0.25881904510252063,-0.9749279121818236,-0.2225209339563146,14.055,37
109,burgers,10.0,downtown,1.0,2,29.3,bike,436.0,cloudy,16,29,16.483333333333334,3,0,-0.8660254037844384,-0.5000000000000004,0.43388373911755823,-0.900968867902419,14.65,20
60,chinese,10.4,suburbs_north,8.5,3,27.68,car,172.0,cloudy,19,41,19.683333333333334,0,0,-0.9659258262890684,0.2588190451025203,0.0,1.0,9.226666666666667,36
44,indian,21.0,midtown,4.1,2,31.14,car,39.0,clear,17,49,17.816666666666666,6,1,-0.9659258262890683,-0.25881904510252063,-0.7818314824680299,0.6234898018587334,15.57,34
86,chinese,11.8,suburbs_south,9.0,4,55.98,car,147.0,rain,17,34,17.566666666666666,5,1,-0.9659258262890683,-0.25881904510252063,-0.9749279121818236,-0.2225209339563146,13.995,43
142,indian,20.4,midtown,4.4,1,8.66,scooter,8.0,rain,21,38,21.633333333333333,5,1,-0.7071067811865477,0.7071067811865474,-0.9749279121818236,-0.2225209339563146,8.66,45
114,chinese,12.4,suburbs_south,8.2,2,21.28,car,18.0,cloudy,13,37,13.616666666666667,6,1,-0.2588190451025208,-0.9659258262890683,-0.7818314824680299,0.6234898018587334,10.64,40
74,thai,18.7,downtown,3.8,3,40.52,scooter,51.0,clear,18,1,18.016666666666666,6,1,-1.0,-1.8369701987210297e-16,-0.7818314824680299,0.6234898018587334,13.506666666666668,36
70,thai,14.2,suburbs_north,5.7,1,9.3,car,139.0,cloudy,23,54,23.9,5,1,-0.2588190451025215,0.9659258262890681,-0.9749279121818236,-0.2225209339563146,9.3,36
147,chinese,17.7,midtown,2.3,2,27.27,scooter,1065.0,clear,13,18,13.3,6,1,-0.2588190451025208,-0.9659258262890683,-0.7818314824680299,0.6234898018587334,13.635,37
40,pizza,18.4,midtown,2.8,3,42.25,scooter,133.0,clear,19,13,19.216666666666665,3,0,-0.9659258262890684,0.2588190451025203,0.43388373911755823,-0.900968867902419,14.083333333333334,34
15,indian,18.1,midtown,3.6,2,29.75,bike,703.0,clear,22,30,22.5,5,1,-0.5000000000000004,0.8660254037844384,-0.9749279121818236,-0.2225209339563146,14.875,32
50,salads,8.2,midtown,5.1,1,13.84,bike,37.0,heavy_rain,12,0,12.0,3,0,1.2246467991473532e-16,-1.0,0.43388373911755823,-0.900968867902419,13.84,49
134,mexican,10.8,midtown,1.9,2,14.64,bike,261.0,cloudy,18,13,18.216666666666665,4,0,-1.0,-1.8369701987210297e-16,-0.433883739117558,-0.9009688679024191,7.32,17
116,sushi,16.4,downtown,1.1,1,14.87,bike,281.0,clear,17,53,17.883333333333333,6,1,-0.9659258262890683,-0.25881904510252063,-0.7818314824680299,0.6234898018587334,14.87,21
90,sushi,20.7,midtown,2.2,1,10.26,scooter,254.0,clear,18,27,18.45,3,0,-1.0,-1.8369701987210297e-16,0.43388373911755823,-0.900968867902419,10.26,33
117,pizza,16.2,suburbs_south,6.3,6,51.68,car,34.0,clear,16,10,16.166666666666668,4,0,-0.8660254037844384,-0.5000000000000004,-0.433883739117558,-0.9009688679024191,8.613333333333333,37
38,pizza,16.9,midtown,5.4,1,8.0,scooter,155.0,rain,17,23,17.383333333333333,6,1,-0.9659258262890683,-0.25881904510252063,-0.7818314824680299,0.6234898018587334,8.0,36
110,thai,12.5,suburbs_north,6.0,2,26.8,car,161.0,clear,19,41,19.683333333333334,6,1,-0.9659258262890684,0.2588190451025203,-0.7818314824680299,0.6234898018587334,13.4,29
74,thai,18.7,downtown,3.0,3,41.37,bike,138.0,clear,12,58,12.966666666666667,6,1,1.2246467991473532e-16,-1.0,-0.7818314824680299,0.6234898018587334,13.79,41
39,thai,21.0,downtown,2.4,5,51.42,car,621.0,clear,19,8,19.133333333333333,3,0,-0.9659258262890684,0.2588190451025203,0.43388373911755823,-0.900968867902419,10.284,42
28,indian,19.5,downtown,2.4,3,35.08,bike,321.0,rain,21,51,21.85,1,0,-0.7071067811865477,0.7071067811865474,0.7818314824680297,0.6234898018587336,11.693333333333333,36
37,pizza,17.5,midtown,3.5,1,8.01,car,1074.0,cloudy,19,5,19.083333333333332,4,0,-0.9659258262890684,0.2588190451025203,-0.433883739117558,-0.9009688679024191,8.01,29
155,indian,14.5,suburbs_south,7.2,2,14.24,car,57.0,clear,20,54,20.9,4,0,-0.8660254037844386,0.5,-0.433883739117558,-0.9009688679024191,7.12,34
51,indian,17.0,downtown,3.4,2,15.6,bike,354.0,clear,18,14,18.233333333333334,2,0,-1.0,-1.8369701987210297e-16,0.9749279121818236,-0.22252093395631434,7.8,39
104,thai,11.5,suburbs_south,12.6,5,42.67,car,46.0,clear,19,29,19.483333333333334,4,0,-0.9659258262890684,0.2588190451025203,-0.433883739117558,-0.9009688679024191,8.534,48
88,burgers,8.9,suburbs_south,7.7,3,30.17,car,32.0,cloudy,12,42,12.7,4,0,1.2246467991473532e-16,-1.0,-0.433883739117558,-0.9009688679024191,10.056666666666667,43
100,pizza,12.8,uptown,4.6,2,22.2,bike,1207.0,clear,20,26,20.433333333333334,6,1,-0.8660254037844386,0.5,-0.7818314824680299,0.6234898018587334,11.1,39
75,mexican,13.3,midtown,1.6,2,31.12,scooter,4240.0,cloudy,16,19,16.316666666666666,6,1,-0.8660254037844384,-0.5000000000000004,-0.7818314824680299,0.6234898018587334,15.56,18
106,pizza,12.3,downtown,1.0,5,47.89,scooter,243.0,cloudy,10,52,10.866666666666667,2,0,0.49999999999999994,-0.8660254037844387,0.9749279121818236,-0.22252093395631434,9.578,20
82,salads,9.2,midtown,2.4,4,55.19,bike,147.0,clear,13,52,13.866666666666667,2,0,-0.2588190451025208,-0.9659258262890683,0.9749279121818236,-0.22252093395631434,13.7975,31
46,indian,19.4,downtown,1.6,2,29.39,car,178.0,cloudy,11,38,11.633333333333333,4,0,0.258819045102521,-0.9659258262890682,-0.433883739117558,-0.9009688679024191,14.695,35
133,chinese,15.9,suburbs_north,4.8,2,25.21,scooter,579.0,cloudy,18,9,18.15,3,0,-1.0,-1.8369701987210297e-16,0.43388373911755823,-0.900968867902419,12.605,33
147,chinese,17.7,midtown,2.7,3,45.1,bike,29.0,rain,20,34,20.566666666666666,3,0,-0.8660254037844386,0.5,0.43388373911755823,-0.900968867902419,15.033333333333333,45
155,indian,14.5,suburbs_south,6.6,1,12.42,car,7090.0,clear,17,52,17.866666666666667,0,0,-0.9659258262890683,-0.25881904510252063,0.0,1.0,12.42,29
85,pizza,11.8,uptown,6.6,2,14.8,scooter,222.0,clear,23,2,23.033333333333335,3,0,-0.2588190451025215,0.9659258262890681,0.43388373911755823,-0.900968867902419,7.4,31
20,mexican,9.2,midtown,1.3,4,37.37,bike,39.0,clear,12,27,12.45,4,0,1.2246467991473532e-16,-1.0,-0.433883739117558,-0.9009688679024191,9.3425,16
128,chinese,6.8,uptown,4.2,4,31.97,scooter,388.0,rain,11,21,11.35,2,0,0.258819045102521,-0.9659258262890682,0.9749279121818236,-0.22252093395631434,7.9925,30
84,chinese,11.5,suburbs_south,4.8,2,15.76,scooter,99.0,clear,17,36,17.6,0,0,-0.9659258262890683,-0.25881904510252063,0.0,1.0,7.88,33
42,pizza,16.7,downtown,3.3,6,63.66,car,113.0,clear,15,20,15.333333333333334,0,0,-0.7071067811865471,-0.7071067811865479,0.0,1.0,10.61,35
10,pizza,12.9,suburbs_north,7.5,3,23.35,scooter,147.0,cloudy,17,17,17.283333333333335,1,0,-0.9659258262890683,-0.25881904510252063,0.7818314824680297,0.6234898018587336,7.783333333333334,43
63,pizza,12.6,downtown,1.2,5,55.09,car,229.0,clear,13,0,13.0,1,0,-0.2588190451025208,-0.9659258262890683,0.7818314824680297,0.6234898018587336,11.018,28
66,sushi,18.7,midtown,3.5,1,12.75,scooter,413.0,clear,18,25,18.416666666666668,1,0,-1.0,-1.8369701987210297e-16,0.7818314824680297,0.6234898018587336,12.75,36
141,thai,14.1,suburbs_north,9.9,2,21.61,car,236.0,clear,13,26,13.433333333333334,0,0,-0.2588190451025208,-0.9659258262890683,0.0,1.0,10.805,45
116,sushi,16.4,downtown,1.0,1,8.0,scooter,259.0,clear,20,59,20.983333333333334,2,0,-0.8660254037844386,0.5,0.9749279121818236,-0.22252093395631434,8.0,26
30,salads,5.0,suburbs_south,2.1,5,71.3,car,794.0,clear,20,5,20.083333333333332,5,1,-0.8660254037844386,0.5,-0.9749279121818236,-0.2225209339563146,14.26,12
126,pizza,12.0,midtown,2.3,4,51.62,car,5.0,clear,10,39,10.65,2,0,0.49999999999999994,-0.8660254037844387,0.9749279121818236,-0.22252093395631434,12.905,16
74,thai,18.7,downtown,2.6,2,21.06,scooter,236.0,heavy_rain,19,52,19.866666666666667,1,0,-0.9659258262890684,0.2588190451025203,0.7818314824680297,0.6234898018587336,10.53,46
79,salads,10.0,midtown,4.2,2,22.19,bike,216.0,clear,18,6,18.1,5,1,-1.0,-1.8369701987210297e-16,-0.9749279121818236,-0.2225209339563146,11.095,34
1,mexican,12.7,downtown,1.5,3,44.34,car,261.0,cloudy,15,27,15.45,3,0,-0.7071067811865471,-0.7071067811865479,0.43388373911755823,-0.900968867902419,14.780000000000001,22
80,chinese,16.1,downtown,1.1,3,34.07,bike,61.0,cloudy,18,45,18.75,0,0,-1.0,-1.8369701987210297e-16,0.0,1.0,11.356666666666667,24
73,pizza,10.6,midtown,1.7,3,25.84,scooter,147.0,clear,18,45,18.75,6,1,-1.0,-1.8369701987210297e-16,-0.7818314824680299,0.6234898018587334,8.613333333333333,23
70,thai,14.2,suburbs_north,3.5,1,8.0,bike,172.0,clear,12,49,12.816666666666666,3,0,1.2246467991473532e-16,-1.0,0.43388373911755823,-0.900968867902419,8.0,32
80,chinese,16.1,downtown,2.0,1,10.7,bike,109.0,clear,20,22,20.366666666666667,5,1,-0.8660254037844386,0.5,-0.9749279121818236,-0.2225209339563146,10.7,37
79,salads,10.0,midtown,5.0,5,47.85,bike,3679.0,cloudy,11,38,11.633333333333333,0,0,0.258819045102521,-0.9659258262890682,0.0,1.0,9.57,36
44,indian,21.0,midtown,2.8,1,8.89,scooter,381.0,rain,21,17,21.283333333333335,2,0,-0.7071067811865477,0.7071067811865474,0.9749279121818236,-0.22252093395631434,8.89,39
117,pizza,16.2,suburbs_south,9.9,7,97.03,car,51.0,clear,18,37,18.616666666666667,2,0,-1.0,-1.8369701987210297e-16,0.9749279121818236,-0.22252093395631434,13.861428571428572,53
54,salads,9.4,downtown,1.3,4,41.22,scooter,21.0,clear,18,9,18.15,6,1,-1.0,-1.8369701987210297e-16,-0.7818314824680299,0.6234898018587334,10.305,22
81,sushi,17.4,downtown,2.7,1,8.43,bike,411.0,clear,19,53,19.883333333333333,0,0,-0.9659258262890684,0.2588190451025203,0.0,1.0,8.43,32
32,thai,16.7,uptown,5.0,3,28.63,scooter,336.0,clear,14,35,14.583333333333334,5,1,-0.4999999999999998,-0.8660254037844388,-0.9749279121818236,-0.2225209339563146,9.543333333333333,42
64,mexican,11.6,suburbs_north,7.0,4,33.83,car,17.0,cloudy,10,29,10.483333333333333,6,1,0.49999999999999994,-0.8660254037844387,-0.7818314824680299,0.6234898018587334,8.4575,39
139,indian,20.7,midtown,1.7,1,14.9,scooter,70.0,clear,22,34,22.566666666666666,1,0,-0.5000000000000004,0.8660254037844384,0.7818314824680297,0.6234898018587336,14.9,29
17,thai,9.8,uptown,4.1,3,23.94,scooter,39.0,clear,20,48,20.8,2,0,-0.8660254037844386,0.5,0.9749279121818236,-0.22252093395631434,7.98,33
63,pizza,12.6,downtown,1.1,2,25.27,scooter,39.0,clear,14,54,14.9,6,1,-0.4999999999999998,-0.8660254037844388,-0.7818314824680299,0.6234898018587334,12.635,22
60,chinese,10.4,suburbs_north,6.7,4,37.05,car,3371.0,cloudy,20,52,20.866666666666667,2,0,-0.8660254037844386,0.5,0.9749279121818236,-0.22252093395631434,9.2625,30
88,burgers,8.9,suburbs_south,12.7,5,45.49,car,677.0,clear,19,36,19.6,1,0,-0.9659258262890684,0.2588190451025203,0.7818314824680297,0.6234898018587336,9.098,43
159,pizza,15.0,uptown,2.4,2,29.54,bike,787.0,clear,13,1,13.016666666666667,4,0,-0.2588190451025208,-0.9659258262890683,-0.433883739117558,-0.9009688679024191,14.77,25
1,mexican,12.7,downtown,3.5,7,106.05,bike,416.0,clear,12,4,12.066666666666666,5,1,1.2246467991473532e-16,-1.0,-0.9749279121818236,-0.2225209339563146,15.15,37
130,mexican,15.3,downtown,1.0,5,73.24,bike,100.0,clear,12,20,12.333333333333334,3,0,1.2246467991473532e-16,-1.0,0.43388373911755823,-0.900968867902419,14.648,34
72,burgers,12.2,suburbs_south,10.6,2,14.2,scooter,347.0,clear,13,51,13.85,2,0,-0.2588190451025208,-0.9659258262890683,0.9749279121818236,-0.22252093395631434,7.1,50
153,salads,5.0,suburbs_south,8.0,3,26.91,car,676.0,cloudy,13,24,13.4,0,0,-0.2588190451025208,-0.9659258262890683,0.0,1.0,8.97,29
131,indian,22.1,downtown,2.3,1,10.9,bike,436.0,cloudy,16,59,16.983333333333334,1,0,-0.8660254037844384,-0.5000000000000004,0.7818314824680297,0.6234898018587336,10.9,31
48,mexican,8.8,midtown,2.8,1,13.84,car,37.0,clear,12,44,12.733333333333333,1,0,1.2246467991473532e-16,-1.0,0.7818314824680297,0.6234898018587336,13.84,24
148,indian,16.9,suburbs_north,6.0,1,14.22,scooter,98.0,cloudy,18,14,18.233333333333334,1,0,-1.0,-1.8369701987210297e-16,0.7818314824680297,0.6234898018587336,14.22,39
137,thai,13.3,suburbs_north,4.1,2,21.75,car,62.0,clear,14,16,14.266666666666667,5,1,-0.4999999999999998,-0.8660254037844388,-0.9749279121818236,-0.2225209339563146,10.875,29
117,pizza,16.2,suburbs_south,2.6,1,8.68,bike,79.0,cloudy,20,29,20.483333333333334,0,0,-0.8660254037844386,0.5,0.0,1.0,8.68,28
46,indian,19.4,downtown,3.4,2,16.74,scooter,360.0,clear,14,28,14.466666666666667,2,0,-0.4999999999999998,-0.8660254037844388,0.9749279121818236,-0.22252093395631434,8.37,31
113,mexican,13.2,midtown,2.9,2,27.98,bike,154.0,cloudy,22,27,22.45,1,0,-0.5000000000000004,0.8660254037844384,0.7818314824680297,0.6234898018587336,13.99,31
74,thai,18.7,downtown,1.6,2,24.02,bike,947.0,clear,12,24,12.4,2,0,1.2246467991473532e-16,-1.0,0.9749279121818236,-0.22252093395631434,12.01,32
87,burgers,6.5,downtown,2.4,2,22.12,scooter,131.0,clear,11,34,11.566666666666666,3,0,0.258819045102521,-0.9659258262890682,0.43388373911755823,-0.900968867902419,11.06,14
117,pizza,16.2,suburbs_south,1.9,2,30.06,bike,214.0,clear,19,12,19.2,6,1,-0.9659258262890684,0.2588190451025203,-0.7818314824680299,0.6234898018587334,15.03,35
9,thai,12.6,suburbs_south,10.8,3,47.25,car,243.0,cloudy,21,40,21.666666666666668,5,1,-0.7071067811865477,0.7071067811865474,-0.9749279121818236,-0.2225209339563146,15.75,41
9,thai,12.6,suburbs_south,3.4,3,40.72,bike,2084.0,clear,15,38,15.633333333333333,6,1,-0.7071067811865471,-0.7071067811865479,-0.7818314824680299,0.6234898018587334,13.573333333333332,27
31,sushi,14.7,midtown,1.7,1,13.09,scooter,66.0,clear,11,25,11.416666666666666,5,1,0.258819045102521,-0.9659258262890682,-0.9749279121818236,-0.2225209339563146,13.09,30
67,chinese,17.8,uptown,4.4,1,8.11,scooter,293.0,clear,19,13,19.216666666666665,6,1,-0.9659258262890684,0.2588190451025203,-0.7818314824680299,0.6234898018587334,8.11,34
12,thai,12.8,midtown,3.2,3,30.81,car,178.0,cloudy,14,53,14.883333333333333,6,1,-0.4999999999999998,-0.8660254037844388,-0.7818314824680299,0.6234898018587334,10.27,22
25,mexican,14.5,midtown,3.5,1,15.09,bike,204.0,clear,22,17,22.283333333333335,2,0,-0.5000000000000004,0.8660254037844384,0.9749279121818236,-0.22252093395631434,15.09,33
80,chinese,16.1,downtown,3.0,8,125.81,scooter,99.0,clear,11,54,11.9,1,0,0.258819045102521,-0.9659258262890682,0.7818314824680297,0.6234898018587336,15.72625,36
36,burgers,11.8,downtown,2.3,2,26.56,car,358.0,cloudy,13,14,13.233333333333333,0,0,-0.2588190451025208,-0.9659258262890683,0.0,1.0,13.28,29
123,salads,7.7,uptown,5.4,1,8.8,car,200.0,clear,13,33,13.55,2,0,-0.2588190451025208,-0.9659258262890683,0.9749279121818236,-0.22252093395631434,8.8,26
132,mexican,13.3,downtown,2.8,2,17.13,scooter,332.0,cloudy,18,10,18.166666666666668,5,1,-1.0,-1.8369701987210297e-16,-0.9749279121818236,-0.2225209339563146,8.565,22
143,chinese,12.4,uptown,4.2,2,24.59,bike,95.0,rain,10,24,10.4,4,0,0.49999999999999994,-0.8660254037844387,-0.433883739117558,-0.9009688679024191,12.295,35
93,sushi,16.7,downtown,1.7,2,22.46,scooter,195.0,rain,16,57,16.95,0,0,-0.8660254037844384,-0.5000000000000004,0.0,1.0,11.23,21
147,chinese,17.7,midtown,2.8,3,23.08,scooter,3158.0,cloudy,19,45,19.75,5,1,-0.9659258262890684,0.2588190451025203,-0.9749279121818236,-0.2225209339563146,7.6933333333333325,36
121,indian,13.9,suburbs_north,7.8,2,15.02,car,80.0,cloudy,17,5,17.083333333333332,3,0,-0.9659258262890683,-0.25881904510252063,0.43388373911755823,-0.900968867902419,7.51,35
147,chinese,17.7,midtown,2.1,2,14.79,scooter,630.0,clear,11,44,11.733333333333333,6,1,0.258819045102521,-0.9659258262890682,-0.7818314824680299,0.6234898018587334,7.395,29
84,chinese,11.5,suburbs_south,6.3,3,36.61,car,68.0,clear,11,20,11.333333333333334,5,1,0.258819045102521,-0.9659258262890682,-0.9749279121818236,-0.2225209339563146,12.203333333333333,36
10,pizza,12.9,suburbs_north,10.0,1,11.08,car,63.0,cloudy,18,7,18.116666666666667,1,0,-1.0,-1.8369701987210297e-16,0.7818314824680297,0.6234898018587336,11.08,43
52,mexican,5.5,uptown,4.0,1,10.16,car,336.0,clear,20,53,20.883333333333333,4,0,-0.8660254037844386,0.5,-0.433883739117558,-0.9009688679024191,10.16,22
157,burgers,16.3,suburbs_south,10.4,5,36.16,scooter,53.0,clear,15,54,15.9,5,1,-0.7071067811865471,-0.7071067811865479,-0.9749279121818236,-0.2225209339563146,7.231999999999999,54
148,indian,16.9,suburbs_north,11.5,3,23.4,car,37.0,clear,16,23,16.383333333333333,6,1,-0.8660254037844384,-0.5000000000000004,-0.7818314824680299,0.6234898018587334,7.8,49
50,salads,8.2,midtown,2.8,4,63.08,scooter,115.0,clear,11,57,11.95,3,0,0.258819045102521,-0.9659258262890682,0.43388373911755823,-0.900968867902419,15.77,20
65,thai,16.7,uptown,1.6,3,35.49,scooter,828.0,clear,17,38,17.633333333333333,6,1,-0.9659258262890683,-0.25881904510252063,-0.7818314824680299,0.6234898018587334,11.83,23
3,pizza,20.9,suburbs_north,6.9,5,76.3,car,29.0,cloudy,17,22,17.366666666666667,2,0,-0.9659258262890683,-0.25881904510252063,0.9749279121818236,-0.22252093395631434,15.26,43
132,mexican,13.3,downtown,1.0,1,13.62,scooter,188.0,cloudy,21,35,21.583333333333332,3,0,-0.7071067811865477,0.7071067811865474,0.43388373911755823,-0.900968867902419,13.62,19
71,burgers,14.5,uptown,2.9,2,17.03,scooter,76.0,cloudy,19,43,19.716666666666665,6,1,-0.9659258262890684,0.2588190451025203,-0.7818314824680299,0.6234898018587334,8.515,34
68,thai,11.9,uptown,3.1,2,30.21,car,41.0,clear,13,39,13.65,0,0,-0.2588190451025208,-0.9659258262890683,0.0,1.0,15.105,29
101,thai,11.8,suburbs_north,5.4,3,44.71,scooter,142.0,clear,16,3,16.05,6,1,-0.8660254037844384,-0.5000000000000004,-0.7818314824680299,0.6234898018587334,14.903333333333334,26
121,indian,13.9,suburbs_north,7.6,2,28.13,scooter,360.0,clear,14,33,14.55,4,0,-0.4999999999999998,-0.8660254037844388,-0.433883739117558,-0.9009688679024191,14.065,45
39,thai,21.0,downtown,2.2,2,30.83,scooter,803.0,cloudy,16,21,16.35,5,1,-0.8660254037844384,-0.5000000000000004,-0.9749279121818236,-0.2225209339563146,15.415,30
16,salads,7.8,uptown,4.7,5,48.05,bike,337.0,clear,14,59,14.983333333333333,4,0,-0.4999999999999998,-0.8660254037844388,-0.433883739117558,-0.9009688679024191,9.61,32
70,thai,14.2,suburbs_north,3.4,2,28.28,bike,117.0,rain,18,0,18.0,4,0,-1.0,-1.8369701987210297e-16,-0.433883739117558,-0.9009688679024191,14.14,35
56,thai,13.0,downtown,1.9,4,40.47,scooter,266.0,clear,12,1,12.016666666666667,2,0,1.2246467991473532e-16,-1.0,0.9749279121818236,-0.22252093395631434,10.1175,31
158,indian,12.1,midtown,3.1,2,30.0,bike,12.0,cloudy,17,31,17.516666666666666,6,1,-0.9659258262890683,-0.25881904510252063,-0.7818314824680299,0.6234898018587334,15.0,32
38,pizza,16.9,midtown,3.4,2,28.12,scooter,382.0,rain,11,28,11.466666666666667,6,1,0.258819045102521,-0.9659258262890682,-0.7818314824680299,0.6234898018587334,14.06,96
132,mexican,13.3,downtown,2.6,2,16.82,car,905.0,clear,10,44,10.733333333333333,4,0,0.49999999999999994,-0.8660254037844387,-0.433883739117558,-0.9009688679024191,8.41,25
22,mexican,9.1,suburbs_south,6.1,6,85.93,scooter,21.0,cloudy,19,0,19.0,0,0,-0.9659258262890684,0.2588190451025203,0.0,1.0,14.321666666666667,32
147,chinese,17.7,midtown,4.9,2,23.29,bike,62.0,clear,19,28,19.466666666666665,0,0,-0.9659258262890684,0.2588190451025203,0.0,1.0,11.645,46
133,chinese,15.9,suburbs_north,10.8,5,58.93,scooter,27.0,cloudy,19,32,19.533333333333335,1,0,-0.9659258262890684,0.2588190451025203,0.7818314824680297,0.6234898018587336,11.786,69
21,pizza,17.0,midtown,2.3,3,27.15,car,134.0,clear,21,32,21.533333333333335,2,0,-0.7071067811865477,0.7071067811865474,0.9749279121818236,-0.22252093395631434,9.049999999999999,28
63,pizza,12.6,downtown,1.6,5,79.32,car,10.0,cloudy,13,9,13.15,3,0,-0.2588190451025208,-0.9659258262890683,0.43388373911755823,-0.900968867902419,15.863999999999999,33
153,salads,5.0,suburbs_south,3.8,2,27.87,car,333.0,rain,20,53,20.883333333333333,3,0,-0.8660254037844386,0.5,0.43388373911755823,-0.900968867902419,13.935,20
20,mexican,9.2,midtown,2.1,2,15.65,bike,1728.0,clear,19,28,19.466666666666665,3,0,-0.9659258262890684,0.2588190451025203,0.43388373911755823,-0.900968867902419,7.825,20
86,chinese,11.8,suburbs_south,6.2,2,14.36,car,997.0,clear,18,17,18.283333333333335,6,1,-1.0,-1.8369701987210297e-16,-0.7818314824680299,0.6234898018587334,7.18,26
101,thai,11.8,suburbs_north,5.6,1,8.21,bike,64.0,rain,12,4,12.066666666666666,0,0,1.2246467991473532e-16,-1.0,0.0,1.0,8.21,47
77,pizza,11.4,uptown,3.6,6,69.13,scooter,120.0,cloudy,19,45,19.75,3,0,-0.9659258262890684,0.2588190451025203,0.43388373911755823,-0.900968867902419,11.521666666666667,37
105,pizza,12.9,midtown,2.5,2,26.54,bike,469.0,clear,22,10,22.166666666666668,3,0,-0.5000000000000004,0.8660254037844384,0.43388373911755823,-0.900968867902419,13.27,21
115,thai,13.4,downtown,1.6,3,42.74,scooter,217.0,heavy_rain,19,39,19.65,5,1,-0.9659258262890684,0.2588190451025203,-0.9749279121818236,-0.2225209339563146,14.246666666666668,30
131,indian,22.1,downtown,2.7,2,16.52,scooter,39.0,clear,20,52,20.866666666666667,1,0,-0.8660254037844386,0.5,0.7818314824680297,0.6234898018587336,8.26,41
143,chinese,12.4,uptown,1.3,1,15.75,bike,383.0,clear,15,22,15.366666666666667,4,0,-0.7071067811865471,-0.7071067811865479,-0.433883739117558,-0.9009688679024191,15.75,16
125,sushi,18.8,uptown,5.6,1,11.41,scooter,197.0,cloudy,11,54,11.9,0,0,0.258819045102521,-0.9659258262890682,0.0,1.0,11.41,45
131,indian,22.1,downtown,2.9,5,37.51,car,39.0,clear,20,27,20.45,2,0,-0.8660254037844386,0.5,0.9749279121818236,-0.22252093395631434,7.502,46
71,burgers,14.5,uptown,2.7,3,22.76,bike,195.0,cloudy,18,22,18.366666666666667,0,0,-1.0,-1.8369701987210297e-16,0.0,1.0,7.586666666666667,34
60,chinese,10.4,suburbs_north,4.1,2,25.63,car,1000.0,cloudy,19,46,19.766666666666666,2,0,-0.9659258262890684,0.2588190451025203,0.9749279121818236,-0.22252093395631434,12.815,27
7,thai,17.1,midtown,3.4,3,41.03,scooter,48.0,cloudy,19,33,19.55,1,0,-0.9659258262890684,0.2588190451025203,0.7818314824680297,0.6234898018587336,13.676666666666668,37
63,pizza,12.6,downtown,1.7,1,13.93,scooter,77.0,clear,17,33,17.55,1,0,-0.9659258262890683,-0.25881904510252063,0.7818314824680297,0.6234898018587336,13.93,19
47,mexican,14.1,downtown,1.0,3,24.54,car,40.0,clear,21,16,21.266666666666666,3,0,-0.7071067811865477,0.7071067811865474,0.43388373911755823,-0.900968867902419,8.18,24
68,thai,11.9,uptown,4.7,2,22.56,scooter,84.0,cloudy,21,17,21.283333333333335,1,0,-0.7071067811865477,0.7071067811865474,0.7818314824680297,0.6234898018587336,11.28,25
132,mexican,13.3,downtown,2.6,1,15.05,car,66.0,cloudy,13,28,13.466666666666667,5,1,-0.2588190451025208,-0.9659258262890683,-0.9749279121818236,-0.2225209339563146,15.05,33
39,thai,21.0,downtown,2.7,4,50.9,scooter,122.0,clear,20,4,20.066666666666666,4,0,-0.8660254037844386,0.5,-0.433883739117558,-0.9009688679024191,12.725,41
105,pizza,12.9,midtown,3.5,4,36.0,scooter,119.0,rain,13,38,13.633333333333333,4,0,-0.2588190451025208,-0.9659258262890683,-0.433883739117558,-0.9009688679024191,9.0,32
46,indian,19.4,downtown,2.4,1,11.87,scooter,336.0,rain,17,23,17.383333333333333,5,1,-0.9659258262890683,-0.25881904510252063,-0.9749279121818236,-0.2225209339563146,11.87,32
45,indian,15.4,midtown,2.2,5,69.22,car,327.0,clear,20,32,20.533333333333335,0,0,-0.8660254037844386,0.5,0.0,1.0,13.844,38
19,chinese,10.6,downtown,2.6,2,26.34,bike,78.0,clear,15,29,15.483333333333333,5,1,-0.7071067811865471,-0.7071067811865479,-0.9749279121818236,-0.2225209339563146,13.17,32
145,pizza,12.3,suburbs_south,2.7,2,29.05,scooter,11.0,cloudy,15,58,15.966666666666667,0,0,-0.7071067811865471,-0.7071067811865479,0.0,1.0,14.525,19
129,pizza,10.9,suburbs_north,10.0,6,49.77,car,111.0,clear,11,56,11.933333333333334,1,0,0.258819045102521,-0.9659258262890682,0.7818314824680297,0.6234898018587336,8.295,45
121,indian,13.9,suburbs_north,3.3,7,89.61,scooter,157.0,cloudy,15,5,15.083333333333334,5,1,-0.7071067811865471,-0.7071067811865479,-0.9749279121818236,-0.2225209339563146,12.801428571428572,29
140,chinese,17.8,downtown,1.0,2,14.68,car,275.0,clear,13,53,13.883333333333333,3,0,-0.2588190451025208,-0.9659258262890683,0.43388373911755823,-0.900968867902419,7.34,31
45,indian,15.4,midtown,2.8,1,11.85,bike,449.0,clear,21,12,21.2,6,1,-0.7071067811865477,0.7071067811865474,-0.7818314824680299,0.6234898018587334,11.85,23
31,sushi,14.7,midtown,3.4,1,10.99,bike,443.0,clear,15,31,15.516666666666667,1,0,-0.7071067811865471,-0.7071067811865479,0.7818314824680297,0.6234898018587336,10.99,31
136,salads,9.3,downtown,2.9,3,41.28,scooter,81.0,cloudy,15,55,15.916666666666666,1,0,-0.7071067811865471,-0.7071067811865479,0.7818314824680297,0.6234898018587336,13.76,19
155,indian,14.5,suburbs_south,3.8,3,43.43,bike,194.0,clear,20,6,20.1,3,0,-0.8660254037844386,0.5,0.43388373911755823,-0.900968867902419,14.476666666666667,42
9,thai,12.6,suburbs_south,2.6,1,15.09,scooter,221.0,clear,12,47,12.783333333333333,4,0,1.2246467991473532e-16,-1.0,-0.433883739117558,-0.9009688679024191,15.09,22
58,indian,21.6,uptown,5.7,1,9.91,scooter,53.0,clear,22,27,22.45,2,0,-0.5000000000000004,0.8660254037844384,0.9749279121818236,-0.22252093395631434,9.91,37
92,thai,7.0,uptown,1.5,2,21.5,car,328.0,clear,11,57,11.95,6,1,0.258819045102521,-0.9659258262890682,-0.7818314824680299,0.6234898018587334,10.75,16
118,thai,15.5,downtown,1.1,2,30.93,bike,120.0,clear,10,53,10.883333333333333,5,1,0.49999999999999994,-0.8660254037844387,-0.9749279121818236,-0.2225209339563146,15.465,25
4,pizza,14.0,suburbs_south,6.1,7,110.52,car,9.0,clear,20,3,20.05,1,0,-0.8660254037844386,0.5,0.7818314824680297,0.6234898018587336,15.788571428571428,44
132,mexican,13.3,downtown,2.2,4,29.73,car,23.0,cloudy,12,21,12.35,3,0,1.2246467991473532e-16,-1.0,0.43388373911755823,-0.900968867902419,7.4325,33
102,indian,17.4,uptown,4.4,2,27.0,bike,60.0,clear,18,52,18.866666666666667,2,0,-1.0,-1.8369701987210297e-16,0.9749279121818236,-0.22252093395631434,13.5,46
114,chinese,12.4,suburbs_south,7.1,1,8.0,car,124.0,clear,18,30,18.5,6,1,-1.0,-1.8369701987210297e-16,-0.7818314824680299,0.6234898018587334,8.0,39
36,burgers,11.8,downtown,2.8,2,17.74,scooter,22.0,clear,13,46,13.766666666666667,0,0,-0.2588190451025208,-0.9659258262890683,0.0,1.0,8.87,28
74,thai,18.7,downtown,1.4,1,12.84,car,22.0,heavy_rain,19,38,19.633333333333333,4,0,-0.9659258262890684,0.2588190451025203,-0.433883739117558,-0.9009688679024191,12.84,35
50,salads,8.2,midtown,4.0,3,40.44,car,25.0,clear,13,53,13.883333333333333,6,1,-0.2588190451025208,-0.9659258262890683,-0.7818314824680299,0.6234898018587334,13.479999999999999,30
93,sushi,16.7,downtown,1.0,2,17.18,scooter,170.0,clear,14,56,14.933333333333334,3,0,-0.4999999999999998,-0.8660254037844388,0.43388373911755823,-0.900968867902419,8.59,24
24,pizza,15.8,uptown,4.6,1,13.89,scooter,585.0,clear,21,49,21.816666666666666,4,0,-0.7071067811865477,0.7071067811865474,-0.433883739117558,-0.9009688679024191,13.89,30
70,thai,14.2,suburbs_north,7.5,4,46.3,car,166.0,cloudy,10,49,10.816666666666666,6,1,0.49999999999999994,-0.8660254037844387,-0.7818314824680299,0.6234898018587334,11.575,38
11,indian,20.4,uptown,1.8,4,40.54,bike,201.0,clear,12,26,12.433333333333334,6,1,1.2246467991473532e-16,-1.0,-0.7818314824680299,0.6234898018587334,10.135,39
98,salads,11.1,midtown,1.5,3,44.06,car,8.0,clear,18,42,18.7,2,0,-1.0,-1.8369701987210297e-16,0.9749279121818236,-0.22252093395631434,14.686666666666667,18
120,pizza,12.2,downtown,2.8,2,26.32,scooter,70.0,clear,11,54,11.9,0,0,0.258819045102521,-0.9659258262890682,0.0,1.0,13.16,25
68,thai,11.9,uptown,4.0,4,48.42,scooter,28.0,cloudy,11,19,11.316666666666666,6,1,0.258819045102521,-0.9659258262890682,-0.7818314824680299,0.6234898018587334,12.105,33
82,salads,9.2,midtown,3.0,2,31.57,scooter,487.0,clear,11,54,11.9,2,0,0.258819045102521,-0.9659258262890682,0.9749279121818236,-0.22252093395631434,15.785,19
141,thai,14.1,suburbs_north,2.6,4,32.47,bike,81.0,cloudy,21,47,21.783333333333335,2,0,-0.7071067811865477,0.7071067811865474,0.9749279121818236,-0.22252093395631434,8.1175,29
91,salads,10.1,suburbs_south,6.6,7,62.13,car,27.0,cloudy,20,11,20.183333333333334,0,0,-0.8660254037844386,0.5,0.0,1.0,8.875714285714286,33
104,thai,11.5,suburbs_south,6.3,4,56.15,car,483.0,heavy_rain,14,46,14.766666666666667,2,0,-0.4999999999999998,-0.8660254037844388,0.9749279121818236,-0.22252093395631434,14.0375,39
14,burgers,6.4,downtown,1.4,3,29.13,scooter,120.0,clear,18,13,18.216666666666665,3,0,-1.0,-1.8369701987210297e-16,0.43388373911755823,-0.900968867902419,9.709999999999999,10
59,pizza,11.7,suburbs_south,6.8,1,14.56,car,1727.0,clear,17,38,17.633333333333333,3,0,-0.9659258262890683,-0.25881904510252063,0.43388373911755823,-0.900968867902419,14.56,27
47,mexican,14.1,downtown,2.8,2,17.99,bike,485.0,clear,18,5,18.083333333333332,4,0,-1.0,-1.8369701987210297e-16,-0.433883739117558,-0.9009688679024191,8.995,34
57,sushi,15.1,midtown,2.7,3,27.77,scooter,78.0,clear,13,49,13.816666666666666,2,0,-0.2588190451025208,-0.9659258262890683,0.9749279121818236,-0.22252093395631434,9.256666666666666,29
70,thai,14.2,suburbs_north,6.2,2,25.65,car,33.0,rain,17,26,17.433333333333334,1,0,-0.9659258262890683,-0.25881904510252063,0.7818314824680297,0.6234898018587336,12.825,41
59,pizza,11.7,suburbs_south,8.4,2,24.53,car,81.0,clear,23,38,23.633333333333333,3,0,-0.2588190451025215,0.9659258262890681,0.43388373911755823,-0.900968867902419,12.265,37
34,mexican,12.2,midtown,3.7,4,57.71,scooter,761.0,clear,19,14,19.233333333333334,4,0,-0.9659258262890684,0.2588190451025203,-0.433883739117558,-0.9009688679024191,14.4275,29
102,indian,17.4,uptown,3.7,6,90.62,car,1067.0,clear,19,9,19.15,6,1,-0.9659258262890684,0.2588190451025203,-0.7818314824680299,0.6234898018587334,15.103333333333333,37
150,mexican,14.6,downtown,3.5,3,47.66,scooter,76.0,clear,19,49,19.816666666666666,3,0,-0.9659258262890684,0.2588190451025203,0.43388373911755823,-0.900968867902419,15.886666666666665,41
61,thai,18.0,suburbs_north,4.7,1,8.69,scooter,1335.0,cloudy,19,10,19.166666666666668,0,0,-0.9659258262890684,0.2588190451025203,0.0,1.0,8.69,30
153,salads,5.0,suburbs_south,9.2,1,15.34,scooter,24.0,clear,12,21,12.35,4,0,1.2246467991473532e-16,-1.0,-0.433883739117558,-0.9009688679024191,15.34,36
116,sushi,16.4,downtown,1.9,1,8.88,scooter,317.0,clear,19,46,19.766666666666666,5,1,-0.9659258262890684,0.2588190451025203,-0.9749279121818236,-0.2225209339563146,8.88,30
127,indian,15.6,downtown,2.3,3,43.2,bike,77.0,clear,12,53,12.883333333333333,3,0,1.2246467991473532e-16,-1.0,0.43388373911755823,-0.900968867902419,14.4,33
40,pizza,18.4,midtown,3.7,1,12.32,bike,147.0,clear,17,16,17.266666666666666,1,0,-0.9659258262890683,-0.25881904510252063,0.7818314824680297,0.6234898018587336,12.32,33
90,sushi,20.7,midtown,1.7,1,13.52,scooter,821.0,cloudy,16,52,16.866666666666667,1,0,-0.8660254037844384,-0.5000000000000004,0.7818314824680297,0.6234898018587336,13.52,22
11,indian,20.4,uptown,3.2,2,14.02,scooter,365.0,cloudy,12,30,12.5,3,0,1.2246467991473532e-16,-1.0,0.43388373911755823,-0.900968867902419,7.01,36
70,thai,14.2,suburbs_north,3.8,3,43.37,bike,110.0,clear,14,26,14.433333333333334,0,0,-0.4999999999999998,-0.8660254037844388,0.0,1.0,14.456666666666665,30
22,mexican,9.1,suburbs_south,6.7,4,59.11,car,94.0,clear,20,29,20.483333333333334,5,1,-0.8660254037844386,0.5,-0.9749279121818236,-0.2225209339563146,14.7775,34
44,indian,21.0,midtown,4.7,1,13.61,bike,147.0,cloudy,21,24,21.4,6,1,-0.7071067811865477,0.7071067811865474,-0.7818314824680299,0.6234898018587334,13.61,44
51,indian,17.0,downtown,3.3,1,8.0,bike,664.0,cloudy,11,28,11.466666666666667,5,1,0.258819045102521,-0.9659258262890682,-0.9749279121818236,-0.2225209339563146,8.0,34
33,sushi,21.1,midtown,1.0,2,24.84,bike,87.0,rain,14,31,14.516666666666667,5,1,-0.4999999999999998,-0.8660254037844388,-0.9749279121818236,-0.2225209339563146,12.42,29
151,chinese,11.8,downtown,2.7,8,108.24,bike,71.0,clear,17,9,17.15,4,0,-0.9659258262890683,-0.25881904510252063,-0.433883739117558,-0.9009688679024191,13.53,33
52,mexican,5.5,uptown,5.0,3,23.46,scooter,18.0,cloudy,20,31,20.516666666666666,1,0,-0.8660254037844386,0.5,0.7818314824680297,0.6234898018587336,7.82,32
107,sushi,18.0,suburbs_south,12.2,3,32.14,car,870.0,rain,11,53,11.883333333333333,5,1,0.258819045102521,-0.9659258262890682,-0.9749279121818236,-0.2225209339563146,10.713333333333333,63
111,pizza,8.5,downtown,1.1,1,15.62,scooter,21.0,cloudy,22,3,22.05,5,1,-0.5000000000000004,0.8660254037844384,-0.9749279121818236,-0.2225209339563146,15.62,11
66,sushi,18.7,midtown,4.0,2,19.28,bike,15.0,rain,13,3,13.05,5,1,-0.2588190451025208,-0.9659258262890683,-0.9749279121818236,-0.2225209339563146,9.64,56
155,indian,14.5,suburbs_south,7.9,3,33.87,car,586.0,cloudy,18,13,18.216666666666665,2,0,-1.0,-1.8369701987210297e-16,0.9749279121818236,-0.22252093395631434,11.29,42
14,burgers,6.4,downtown,2.0,2,15.65,bike,297.0,rain,18,8,18.133333333333333,1,0,-1.0,-1.8369701987210297e-16,0.7818314824680297,0.6234898018587336,7.825,19
35,mexican,11.9,midtown,4.2,4,28.13,car,71.0,clear,18,3,18.05,1,0,-1.0,-1.8369701987210297e-16,0.7818314824680297,0.6234898018587336,7.0325,34
117,pizza,16.2,suburbs_south,8.9,8,115.15,car,560.0,rain,17,13,17.216666666666665,2,0,-0.9659258262890683,-0.25881904510252063,0.9749279121818236,-0.22252093395631434,14.39375,47
154,salads,8.5,midtown,1.7,1,8.95,car,49.0,rain,14,34,14.566666666666666,3,0,-0.4999999999999998,-0.8660254037844388,0.43388373911755823,-0.900968867902419,8.95,21
4,pizza,14.0,suburbs_south,11.6,2,28.68,scooter,241.0,clear,11,11,11.183333333333334,5,1,0.258819045102521,-0.9659258262890682,-0.9749279121818236,-0.2225209339563146,14.34,59
91,salads,10.1,suburbs_south,9.9,2,28.11,car,28.0,clear,11,3,11.05,4,0,0.258819045102521,-0.9659258262890682,-0.433883739117558,-0.9009688679024191,14.055,43
154,salads,8.5,midtown,1.4,3,41.35,scooter,134.0,rain,22,30,22.5,1,0,-0.5000000000000004,0.8660254037844384,0.7818314824680297,0.6234898018587336,13.783333333333333,22
117,pizza,16.2,suburbs_south,7.0,1,10.83,scooter,147.0,cloudy,18,51,18.85,1,0,-1.0,-1.8369701987210297e-16,0.7818314824680297,0.6234898018587336,10.83,45
154,salads,8.5,midtown,1.7,2,22.09,scooter,11.0,cloudy,12,49,12.816666666666666,5,1,1.2246467991473532e-16,-1.0,-0.9749279121818236,-0.2225209339563146,11.045,17
48,mexican,8.8,midtown,2.0,3,46.21,bike,27.0,cloudy,19,24,19.4,4,0,-0.9659258262890684,0.2588190451025203,-0.433883739117558,-0.9009688679024191,15.403333333333334,26
15,indian,18.1,midtown,1.2,2,23.66,scooter,518.0,clear,18,2,18.033333333333335,3,0,-1.0,-1.8369701987210297e-16,0.43388373911755823,-0.900968867902419,11.83,29
117,pizza,16.2,suburbs_south,4.8,2,20.44,bike,76.0,clear,13,40,13.666666666666666,1,0,-0.2588190451025208,-0.9659258262890683,0.7818314824680297,0.6234898018587336,10.22,42
1,mexican,12.7,downtown,2.2,3,24.34,scooter,612.0,cloudy,20,8,20.133333333333333,1,0,-0.8660254037844386,0.5,0.7818314824680297,0.6234898018587336,8.113333333333333,27
45,indian,15.4,midtown,4.7,1,8.0,car,165.0,rain,18,46,18.766666666666666,5,1,-1.0,-1.8369701987210297e-16,-0.9749279121818236,-0.2225209339563146,8.0,30
8,burgers,12.1,uptown,4.4,2,22.13,bike,263.0,clear,12,4,12.066666666666666,0,0,1.2246467991473532e-16,-1.0,0.0,1.0,11.065,31
113,mexican,13.2,midtown,2.4,2,27.75,scooter,40.0,cloudy,17,9,17.15,0,0,-0.9659258262890683,-0.25881904510252063,0.0,1.0,13.875,24
78,mexican,9.1,downtown,2.7,6,87.97,scooter,26.0,clear,19,57,19.95,2,0,-0.9659258262890684,0.2588190451025203,0.9749279121818236,-0.22252093395631434,14.661666666666667,25
142,indian,20.4,midtown,4.4,6,88.53,bike,336.0,clear,22,42,22.7,4,0,-0.5000000000000004,0.8660254037844384,-0.433883739117558,-0.9009688679024191,14.755,40
58,indian,21.6,uptown,2.8,2,23.35,bike,316.0,rain,13,56,13.933333333333334,6,1,-0.2588190451025208,-0.9659258262890683,-0.7818314824680299,0.6234898018587334,11.675,41
146,thai,14.2,uptown,4.1,1,8.0,scooter,242.0,clear,13,29,13.483333333333333,0,0,-0.2588190451025208,-0.9659258262890683,0.0,1.0,8.0,25
83,salads,8.7,midtown,2.5,7,89.9,bike,53.0,rain,21,8,21.133333333333333,1,0,-0.7071067811865477,0.7071067811865474,0.7818314824680297,0.6234898018587336,12.842857142857143,27
129,pizza,10.9,suburbs_north,2.5,1,14.76,bike,238.0,clear,19,25,19.416666666666668,3,0,-0.9659258262890684,0.2588190451025203,0.43388373911755823,-0.900968867902419,14.76,28
86,chinese,11.8,suburbs_south,6.2,2,21.09,car,313.0,clear,16,24,16.4,2,0,-0.8660254037844384,-0.5000000000000004,0.9749279121818236,-0.22252093395631434,10.545,30
78,mexican,9.1,downtown,3.7,2,31.65,bike,53.0,cloudy,11,59,11.983333333333333,1,0,0.258819045102521,-0.9659258262890682,0.7818314824680297,0.6234898018587336,15.825,28
86,chinese,11.8,suburbs_south,9.5,1,8.0,car,74.0,clear,22,44,22.733333333333334,3,0,-0.5000000000000004,0.8660254037844384,0.43388373911755823,-0.900968867902419,8.0,37
74,thai,18.7,downtown,2.6,4,53.41,bike,19.0,cloudy,18,19,18.316666666666666,1,0,-1.0,-1.8369701987210297e-16,0.7818314824680297,0.6234898018587336,13.3525,43
5,mexican,12.4,uptown,3.7,1,10.68,scooter,696.0,clear,17,40,17.666666666666668,3,0,-0.9659258262890683,-0.25881904510252063,0.43388373911755823,-0.900968867902419,10.68,30
107,sushi,18.0,suburbs_south,6.1,3,30.97,car,467.0,cloudy,17,5,17.083333333333332,3,0,-0.9659258262890683,-0.25881904510252063,0.43388373911755823,-0.900968867902419,10.323333333333332,35
127,indian,15.6,downtown,1.5,2,18.49,bike,31.0,rain,14,13,14.216666666666667,0,0,-0.4999999999999998,-0.8660254037844388,0.0,1.0,9.245,26
42,pizza,16.7,downtown,1.4,3,28.02,scooter,328.0,clear,19,52,19.866666666666667,5,1,-0.9659258262890684,0.2588190451025203,-0.9749279121818236,-0.2225209339563146,9.34,28
136,salads,9.3,downtown,1.3,5,38.06,car,707.0,heavy_rain,12,21,12.35,6,1,1.2246467991473532e-16,-1.0,-0.7818314824680299,0.6234898018587334,7.612,27
22,mexican,9.1,suburbs_south,2.4,2,19.02,bike,277.0,clear,14,51,14.85,1,0,-0.4999999999999998,-0.8660254037844388,0.7818314824680297,0.6234898018587336,9.51,20
95,pizza,11.9,suburbs_south,9.7,1,10.08,car,30.0,clear,18,43,18.716666666666665,6,1,-1.0,-1.8369701987210297e-16,-0.7818314824680299,0.6234898018587334,10.08,42
115,thai,13.4,downtown,2.8,3,33.62,car,437.0,heavy_rain,12,52,12.866666666666667,1,0,1.2246467991473532e-16,-1.0,0.7818314824680297,0.6234898018587336,11.206666666666665,37
79,salads,10.0,midtown,2.6,3,32.26,bike,19.0,clear,11,58,11.966666666666667,4,0,0.258819045102521,-0.9659258262890682,-0.433883739117558,-0.9009688679024191,10.753333333333332,27
33,sushi,21.1,midtown,2.8,5,49.74,bike,209.0,clear,20,22,20.366666666666667,4,0,-0.8660254037844386,0.5,-0.433883739117558,-0.9009688679024191,9.948,43
50,salads,8.2,midtown,3.3,1,12.69,bike,147.0,clear,16,53,16.883333333333333,4,0,-0.8660254037844384,-0.5000000000000004,-0.433883739117558,-0.9009688679024191,12.69,22
66,sushi,18.7,midtown,3.1,2,28.56,scooter,212.0,rain,10,55,10.916666666666666,6,1,0.49999999999999994,-0.8660254037844387,-0.7818314824680299,0.6234898018587334,14.28,27
73,pizza,10.6,midtown,2.1,5,48.87,bike,14.0,clear,14,45,14.75,2,0,-0.4999999999999998,-0.8660254037844388,0.9749279121818236,-0.22252093395631434,9.774,15
57,sushi,15.1,midtown,2.0,1,8.0,bike,169.0,rain,17,17,17.283333333333335,5,1,-0.9659258262890683,-0.25881904510252063,-0.9749279121818236,-0.2225209339563146,8.0,33
159,pizza,15.0,uptown,2.4,1,9.78,scooter,3223.0,cloudy,13,28,13.466666666666667,4,0,-0.2588190451025208,-0.9659258262890683,-0.433883739117558,-0.9009688679024191,9.78,20
117,pizza,16.2,suburbs_south,5.7,2,26.17,scooter,224.0,clear,14,14,14.233333333333333,3,0,-0.4999999999999998,-0.8660254037844388,0.43388373911755823,-0.900968867902419,13.085,36
89,sushi,22.3,suburbs_north,4.0,4,54.24,bike,75.0,clear,11,41,11.683333333333334,3,0,0.258819045102521,-0.9659258262890682,0.43388373911755823,-0.900968867902419,13.56,51
150,mexican,14.6,downtown,2.6,2,14.09,scooter,232.0,cloudy,12,52,12.866666666666667,6,1,1.2246467991473532e-16,-1.0,-0.7818314824680299,0.6234898018587334,7.045,23
56,thai,13.0,downtown,1.5,3,24.79,car,147.0,cloudy,11,39,11.65,0,0,0.258819045102521,-0.9659258262890682,0.0,1.0,8.263333333333334,34
6,sushi,16.8,midtown,1.9,2,14.55,bike,66.0,clear,18,20,18.333333333333332,4,0,-1.0,-1.8369701987210297e-16,-0.433883739117558,-0.9009688679024191,7.275,28
20,mexican,9.2,midtown,1.8,7,56.53,scooter,571.0,clear,17,40,17.666666666666668,5,1,-0.9659258262890683,-0.25881904510252063,-0.9749279121818236,-0.2225209339563146,8.075714285714286,20
61,thai,18.0,suburbs_north,6.9,5,77.51,car,92.0,clear,18,1,18.016666666666666,5,1,-1.0,-1.8369701987210297e-16,-0.9749279121818236,-0.2225209339563146,15.502,54
61,thai,18.0,suburbs_north,2.0,3,41.59,scooter,21.0,clear,12,16,12.266666666666667,0,0,1.2246467991473532e-16,-1.0,0.0,1.0,13.863333333333335,29
27,thai,16.7,downtown,2.4,5,43.09,bike,54.0,clear,12,55,12.916666666666666,2,0,1.2246467991473532e-16,-1.0,0.9749279121818236,-0.22252093395631434,8.618,42
104,thai,11.5,suburbs_south,5.9,3,39.92,bike,1343.0,clear,18,3,18.05,0,0,-1.0,-1.8369701987210297e-16,0.0,1.0,13.306666666666667,41
83,salads,8.7,midtown,4.9,4,48.35,car,210.0,clear,22,32,22.533333333333335,5,1,-0.5000000000000004,0.8660254037844384,-0.9749279121818236,-0.2225209339563146,12.0875,22
105,pizza,12.9,midtown,2.3,1,9.27,bike,174.0,clear,11,54,11.9,6,1,0.258819045102521,-0.9659258262890682,-0.7818314824680299,0.6234898018587334,9.27,32
105,pizza,12.9,midtown,1.7,2,29.52,scooter,515.0,clear,21,11,21.183333333333334,6,1,-0.7071067811865477,0.7071067811865474,-0.7818314824680299,0.6234898018587334,14.76,15
103,thai,16.4,midtown,4.2,1,13.33,car,51.0,clear,18,22,18.366666666666667,1,0,-1.0,-1.8369701987210297e-16,0.7818314824680297,0.6234898018587336,13.33,32
77,pizza,11.4,uptown,4.7,1,15.21,bike,464.0,rain,14,53,14.883333333333333,3,0,-0.4999999999999998,-0.8660254037844388,0.43388373911755823,-0.900968867902419,15.21,40
1,mexican,12.7,downtown,2.0,3,29.87,bike,37.0,clear,23,56,23.933333333333334,0,0,-0.2588190451025215,0.9659258262890681,0.0,1.0,9.956666666666667,25
142,indian,20.4,midtown,2.7,4,46.83,car,402.0,clear,18,35,18.583333333333332,3,0,-1.0,-1.8369701987210297e-16,0.43388373911755823,-0.900968867902419,11.7075,43
9,thai,12.6,suburbs_south,6.9,2,18.63,car,464.0,clear,11,1,11.016666666666667,1,0,0.258819045102521,-0.9659258262890682,0.7818314824680297,0.6234898018587336,9.315,36
123,salads,7.7,uptown,4.3,2,16.47,car,64.0,cloudy,22,27,22.45,1,0,-0.5000000000000004,0.8660254037844384,0.7818314824680297,0.6234898018587336,8.235,22
98,salads,11.1,midtown,1.4,1,10.63,bike,302.0,cloudy,18,14,18.233333333333334,3,0,-1.0,-1.8369701987210297e-16,0.43388373911755823,-0.900968867902419,10.63,25
84,chinese,11.5,suburbs_south,6.4,1,8.0,car,174.0,rain,18,58,18.966666666666665,0,0,-1.0,-1.8369701987210297e-16,0.0,1.0,8.0,36
62,salads,6.7,downtown,0.7,1,10.63,scooter,1621.0,clear,21,52,21.866666666666667,4,0,-0.7071067811865477,0.7071067811865474,-0.433883739117558,-0.9009688679024191,10.63,12
98,salads,11.1,midtown,4.0,4,60.09,car,34.0,clear,19,28,19.466666666666665,6,1,-0.9659258262890684,0.2588190451025203,-0.7818314824680299,0.6234898018587334,15.0225,25
44,indian,21.0,midtown,1.2,5,43.1,car,81.0,cloudy,18,56,18.933333333333334,1,0,-1.0,-1.8369701987210297e-16,0.7818314824680297,0.6234898018587336,8.620000000000001,34
157,burgers,16.3,suburbs_south,8.4,6,71.74,car,648.0,cloudy,20,57,20.95,4,0,-0.8660254037844386,0.5,-0.433883739117558,-0.9009688679024191,11.956666666666665,43
3,pizza,20.9,suburbs_north,6.6,4,29.94,car,648.0,clear,19,19,19.316666666666666,5,1,-0.9659258262890684,0.2588190451025203,-0.9749279121818236,-0.2225209339563146,7.485,50
89,sushi,22.3,suburbs_north,3.2,2,24.35,car,641.0,cloudy,15,58,15.966666666666667,0,0,-0.7071067811865471,-0.7071067811865479,0.0,1.0,12.175,30
42,pizza,16.7,downtown,1.3,4,61.19,car,133.0,rain,12,45,12.75,5,1,1.2246467991473532e-16,-1.0,-0.9749279121818236,-0.2225209339563146,15.2975,32
93,sushi,16.7,downtown,1.9,4,37.77,bike,75.0,clear,21,20,21.333333333333332,0,0,-0.7071067811865477,0.7071067811865474,0.0,1.0,9.4425,24
120,pizza,12.2,downtown,2.8,1,11.69,car,13.0,clear,19,2,19.033333333333335,0,0,-0.9659258262890684,0.2588190451025203,0.0,1.0,11.69,75
146,thai,14.2,uptown,2.1,1,15.57,bike,7.0,cloudy,20,38,20.633333333333333,0,0,-0.8660254037844386,0.5,0.0,1.0,15.57,30
132,mexican,13.3,downtown,1.3,4,38.36,car,45.0,clear,22,36,22.6,3,0,-0.5000000000000004,0.8660254037844384,0.43388373911755823,-0.900968867902419,9.59,29
11,indian,20.4,uptown,3.4,1,15.54,bike,98.0,clear,12,11,12.183333333333334,1,0,1.2246467991473532e-16,-1.0,0.7818314824680297,0.6234898018587336,15.54,37
70,thai,14.2,suburbs_north,4.3,3,21.91,car,86.0,cloudy,22,33,22.55,1,0,-0.5000000000000004,0.8660254037844384,0.7818314824680297,0.6234898018587336,7.303333333333334,31
15,indian,18.1,midtown,4.5,1,13.16,scooter,745.0,clear,13,23,13.383333333333333,6,1,-0.2588190451025208,-0.9659258262890683,-0.7818314824680299,0.6234898018587334,13.16,35
155,indian,14.5,suburbs_south,7.4,4,52.24,car,85.0,clear,18,13,18.216666666666665,5,1,-1.0,-1.8369701987210297e-16,-0.9749279121818236,-0.2225209339563146,13.06,44
44,indian,21.0,midtown,2.6,3,30.98,scooter,77.0,cloudy,20,23,20.383333333333333,4,0,-0.8660254037844386,0.5,-0.433883739117558,-0.9009688679024191,10.326666666666666,39
145,pizza,12.3,suburbs_south,3.4,3,35.56,bike,563.0,rain,22,50,22.833333333333332,3,0,-0.5000000000000004,0.8660254037844384,0.43388373911755823,-0.900968867902419,11.853333333333333,38
54,salads,9.4,downtown,1.9,3,36.5,bike,338.0,clear,18,29,18.483333333333334,0,0,-1.0,-1.8369701987210297e-16,0.0,1.0,12.166666666666666,25
118,thai,15.5,downtown,2.3,3,44.48,car,147.0,clear,13,36,13.6,3,0,-0.2588190451025208,-0.9659258262890683,0.43388373911755823,-0.900968867902419,14.826666666666666,31
29,salads,9.9,midtown,3.9,2,27.9,bike,14.0,clear,19,45,19.75,6,1,-0.9659258262890684,0.2588190451025203,-0.7818314824680299,0.6234898018587334,13.95,39
78,mexican,9.1,downtown,1.8,1,11.86,car,61.0,clear,11,23,11.383333333333333,6,1,0.258819045102521,-0.9659258262890682,-0.7818314824680299,0.6234898018587334,11.86,24
123,salads,7.7,uptown,4.2,2,23.96,car,26.0,cloudy,19,24,19.4,5,1,-0.9659258262890684,0.2588190451025203,-0.9749279121818236,-0.2225209339563146,11.98,18
66,sushi,18.7,midtown,1.7,1,10.73,scooter,131.0,cloudy,20,35,20.583333333333332,4,0,-0.8660254037844386,0.5,-0.433883739117558,-0.9009688679024191,10.73,31
56,thai,13.0,downtown,2.7,2,20.09,bike,536.0,clear,19,31,19.516666666666666,6,1,-0.9659258262890684,0.2588190451025203,-0.7818314824680299,0.6234898018587334,10.045,27
73,pizza,10.6,midtown,3.4,2,27.63,car,49.0,clear,16,21,16.35,3,0,-0.8660254037844384,-0.5000000000000004,0.43388373911755823,-0.900968867902419,13.815,20
65,thai,16.7,uptown,5.4,2,21.18,bike,14.0,rain,16,15,16.25,6,1,-0.8660254037844384,-0.5000000000000004,-0.7818314824680299,0.6234898018587334,10.59,51
136,salads,9.3,downtown,1.7,2,17.77,scooter,53.0,clear,12,52,12.866666666666667,2,0,1.2246467991473532e-16,-1.0,0.9749279121818236,-0.22252093395631434,8.885,13
71,burgers,14.5,uptown,2.4,1,13.06,bike,147.0,clear,13,6,13.1,4,0,-0.2588190451025208,-0.9659258262890683,-0.433883739117558,-0.9009688679024191,13.06,30
84,chinese,11.5,suburbs_south,10.4,6,94.46,car,149.0,clear,13,12,13.2,3,0,-0.2588190451025208,-0.9659258262890683,0.43388373911755823,-0.900968867902419,15.743333333333332,40
150,mexican,14.6,downtown,3.3,2,16.94,bike,627.0,rain,18,52,18.866666666666667,6,1,-1.0,-1.8369701987210297e-16,-0.7818314824680299,0.6234898018587334,8.47,34
68,thai,11.9,uptown,5.2,1,11.74,scooter,29.0,clear,12,43,12.716666666666667,1,0,1.2246467991473532e-16,-1.0,0.7818314824680297,0.6234898018587336,11.74,35
151,chinese,11.8,downtown,2.2,6,51.01,car,644.0,heavy_rain,20,2,20.033333333333335,3,0,-0.8660254037844386,0.5,0.43388373911755823,-0.900968867902419,8.501666666666667,35
110,thai,12.5,suburbs_north,6.2,1,14.17,scooter,31.0,clear,18,55,18.916666666666668,6,1,-1.0,-1.8369701987210297e-16,-0.7818314824680299,0.6234898018587334,14.17,39
113,mexican,13.2,midtown,1.9,8,122.91,bike,72.0,cloudy,18,25,18.416666666666668,4,0,-1.0,-1.8369701987210297e-16,-0.433883739117558,-0.9009688679024191,15.36375,33
56,thai,13.0,downtown,2.2,8,73.21,car,152.0,clear,12,4,12.066666666666666,2,0,1.2246467991473532e-16,-1.0,0.9749279121818236,-0.22252093395631434,9.15125,39
30,salads,5.0,suburbs_south,8.6,5,52.43,car,22.0,clear,22,32,22.533333333333335,5,1,-0.5000000000000004,0.8660254037844384,-0.9749279121818236,-0.2225209339563146,10.486,32
8,burgers,12.1,uptown,3.1,3,40.99,bike,695.0,clear,14,28,14.466666666666667,5,1,-0.4999999999999998,-0.8660254037844388,-0.9749279121818236,-0.2225209339563146,13.663333333333334,26
128,chinese,6.8,uptown,2.7,2,27.12,bike,147.0,clear,18,53,18.883333333333333,1,0,-1.0,-1.8369701987210297e-16,0.7818314824680297,0.6234898018587336,13.56,23
151,chinese,11.8,downtown,2.7,2,30.16,bike,61.0,clear,19,46,19.766666666666666,1,0,-0.9659258262890684,0.2588190451025203,0.7818314824680297,0.6234898018587336,15.08,29
61,thai,18.0,suburbs_north,8.9,2,20.64,scooter,769.0,cloudy,12,10,12.166666666666666,1,0,1.2246467991473532e-16,-1.0,0.7818314824680297,0.6234898018587336,10.32,59
80,chinese,16.1,downtown,1.9,1,8.72,car,74.0,clear,15,4,15.066666666666666,3,0,-0.7071067811865471,-0.7071067811865479,0.43388373911755823,-0.900968867902419,8.72,24
45,indian,15.4,midtown,1.8,1,8.11,bike,128.0,cloudy,11,57,11.95,1,0,0.258819045102521,-0.9659258262890682,0.7818314824680297,0.6234898018587336,8.11,30
37,pizza,17.5,midtown,4.6,6,63.94,scooter,25.0,cloudy,22,39,22.65,1,0,-0.5000000000000004,0.8660254037844384,0.7818314824680297,0.6234898018587336,10.656666666666666,40
71,burgers,14.5,uptown,4.2,1,8.36,car,647.0,clear,11,36,11.6,6,1,0.258819045102521,-0.9659258262890682,-0.7818314824680299,0.6234898018587334,8.36,32
110,thai,12.5,suburbs_north,11.0,2,20.23,scooter,110.0,cloudy,13,53,13.883333333333333,3,0,-0.2588190451025208,-0.9659258262890683,0.43388373911755823,-0.900968867902419,10.115,50
70,thai,14.2,suburbs_north,7.3,1,8.0,car,2.0,cloudy,13,20,13.333333333333334,2,0,-0.2588190451025208,-0.9659258262890683,0.9749279121818236,-0.22252093395631434,8.0,45
86,chinese,11.8,suburbs_south,2.8,1,9.97,scooter,185.0,clear,16,11,16.183333333333334,1,0,-0.8660254037844384,-0.5000000000000004,0.7818314824680297,0.6234898018587336,9.97,18
27,thai,16.7,downtown,3.0,2,24.75,scooter,230.0,clear,19,20,19.333333333333332,4,0,-0.9659258262890684,0.2588190451025203,-0.433883739117558,-0.9009688679024191,12.375,31
76,mexican,10.0,uptown,3.0,6,52.15,bike,101.0,clear,13,43,13.716666666666667,1,0,-0.2588190451025208,-0.9659258262890683,0.7818314824680297,0.6234898018587336,8.691666666666666,32
2,thai,10.5,downtown,1.1,1,15.12,car,159.0,clear,19,1,19.016666666666666,4,0,-0.9659258262890684,0.2588190451025203,-0.433883739117558,-0.9009688679024191,15.12,18
43,chinese,12.4,uptown,3.4,4,48.55,car,456.0,clear,12,21,12.35,3,0,1.2246467991473532e-16,-1.0,0.43388373911755823,-0.900968867902419,12.1375,25
132,mexican,13.3,downtown,2.6,3,45.05,car,4.0,clear,17,23,17.383333333333333,2,0,-0.9659258262890683,-0.25881904510252063,0.9749279121818236,-0.22252093395631434,15.016666666666666,27
25,mexican,14.5,midtown,1.5,2,19.96,scooter,45.0,clear,15,24,15.4,3,0,-0.7071067811865471,-0.7071067811865479,0.43388373911755823,-0.900968867902419,9.98,21
130,mexican,15.3,downtown,1.6,8,82.21,bike,81.0,heavy_rain,20,8,20.133333333333333,2,0,-0.8660254037844386,0.5,0.9749279121818236,-0.22252093395631434,10.27625,41
35,mexican,11.9,midtown,4.0,2,30.2,scooter,74.0,clear,18,24,18.4,5,1,-1.0,-1.8369701987210297e-16,-0.9749279121818236,-0.2225209339563146,15.1,30
13,indian,15.1,downtown,2.3,7,93.92,scooter,154.0,cloudy,18,0,18.0,1,0,-1.0,-1.8369701987210297e-16,0.7818314824680297,0.6234898018587336,13.417142857142858,26
61,thai,18.0,suburbs_north,11.6,4,29.5,scooter,1416.0,clear,20,26,20.433333333333334,3,0,-0.8660254037844386,0.5,0.43388373911755823,-0.900968867902419,7.375,59
61,thai,18.0,suburbs_north,5.1,5,47.68,car,70.0,cloudy,20,35,20.583333333333332,4,0,-0.8660254037844386,0.5,-0.433883739117558,-0.9009688679024191,9.536,42
139,indian,20.7,midtown,1.4,2,15.06,scooter,102.0,clear,22,18,22.3,6,1,-0.5000000000000004,0.8660254037844384,-0.7818314824680299,0.6234898018587334,7.53,32
38,pizza,16.9,midtown,2.4,2,30.86,bike,946.0,clear,17,16,17.266666666666666,1,0,-0.9659258262890683,-0.25881904510252063,0.7818314824680297,0.6234898018587336,15.43,35
131,indian,22.1,downtown,1.5,1,15.79,bike,155.0,rain,22,23,22.383333333333333,4,0,-0.5000000000000004,0.8660254037844384,-0.433883739117558,-0.9009688679024191,15.79,35
61,thai,18.0,suburbs_north,8.9,1,9.84,scooter,70.0,clear,16,38,16.633333333333333,1,0,-0.8660254037844384,-0.5000000000000004,0.7818314824680297,0.6234898018587336,9.84,48
110,thai,12.5,suburbs_north,3.8,2,15.69,bike,585.0,clear,17,3,17.05,6,1,-0.9659258262890683,-0.25881904510252063,-0.7818314824680299,0.6234898018587334,7.845,33
70,thai,14.2,suburbs_north,4.2,4,62.2,scooter,371.0,rain,19,6,19.1,5,1,-0.9659258262890684,0.2588190451025203,-0.9749279121818236,-0.2225209339563146,15.55,38
137,thai,13.3,suburbs_north,9.9,3,45.04,scooter,1860.0,cloudy,14,0,14.0,6,1,-0.4999999999999998,-0.8660254037844388,-0.7818314824680299,0.6234898018587334,15.013333333333334,46
1,mexican,12.7,downtown,2.6,3,30.73,scooter,184.0,clear,17,7,17.116666666666667,3,0,-0.9659258262890683,-0.25881904510252063,0.43388373911755823,-0.900968867902419,10.243333333333334,23
98,salads,11.1,midtown,2.8,3,24.32,bike,67.0,clear,18,27,18.45,6,1,-1.0,-1.8369701987210297e-16,-0.7818314824680299,0.6234898018587334,8.106666666666667,35
101,thai,11.8,suburbs_north,6.8,3,35.16,car,98.0,clear,11,50,11.833333333333334,5,1,0.258819045102521,-0.9659258262890682,-0.9749279121818236,-0.2225209339563146,11.719999999999999,32
17,thai,9.8,uptown,2.4,1,13.37,bike,20.0,cloudy,13,50,13.833333333333334,4,0,-0.2588190451025208,-0.9659258262890683,-0.433883739117558,-0.9009688679024191,13.37,25
14,burgers,6.4,downtown,2.3,2,22.44,bike,141.0,rain,17,47,17.783333333333335,2,0,-0.9659258262890683,-0.25881904510252063,0.9749279121818236,-0.22252093395631434,11.22,23
15,indian,18.1,midtown,2.8,4,37.62,scooter,150.0,clear,18,44,18.733333333333334,3,0,-1.0,-1.8369701987210297e-16,0.43388373911755823,-0.900968867902419,9.405,38
49,indian,14.4,uptown,5.3,5,78.6,car,138.0,clear,14,40,14.666666666666666,4,0,-0.4999999999999998,-0.8660254037844388,-0.433883739117558,-0.9009688679024191,15.719999999999999,30
25,mexican,14.5,midtown,4.6,1,8.0,scooter,94.0,heavy_rain,10,38,10.633333333333333,5,1,0.49999999999999994,-0.8660254037844387,-0.9749279121818236,-0.2225209339563146,8.0,35
75,mexican,13.3,midtown,1.0,8,122.59,bike,873.0,clear,13,25,13.416666666666666,1,0,-0.2588190451025208,-0.9659258262890683,0.7818314824680297,0.6234898018587336,15.32375,32
114,chinese,12.4,suburbs_south,5.6,8,60.47,bike,13.0,cloudy,12,57,12.95,1,0,1.2246467991473532e-16,-1.0,0.7818314824680297,0.6234898018587336,7.55875,52
116,sushi,16.4,downtown,1.6,1,12.47,bike,266.0,clear,18,8,18.133333333333333,2,0,-1.0,-1.8369701987210297e-16,0.9749279121818236,-0.22252093395631434,12.47,27
107,sushi,18.0,suburbs_south,8.5,2,21.01,scooter,44.0,rain,22,9,22.15,5,1,-0.5000000000000004,0.8660254037844384,-0.9749279121818236,-0.2225209339563146,10.505,53
49,indian,14.4,uptown,2.5,2,20.04,car,46.0,cloudy,20,42,20.7,1,0,-0.8660254037844386,0.5,0.7818314824680297,0.6234898018587336,10.02,30
106,pizza,12.3,downtown,1.4,2,19.64,bike,510.0,clear,17,32,17.533333333333335,6,1,-0.9659258262890683,-0.25881904510252063,-0.7818314824680299,0.6234898018587334,9.82,27
26,pizza,14.9,midtown,1.4,4,47.79,car,314.0,clear,11,51,11.85,0,0,0.258819045102521,-0.9659258262890682,0.0,1.0,11.9475,24
134,mexican,10.8,midtown,3.4,3,33.33,bike,847.0,cloudy,16,32,16.533333333333335,2,0,-0.8660254037844384,-0.5000000000000004,0.9749279121818236,-0.22252093395631434,11.11,23
104,thai,11.5,suburbs_south,8.3,2,30.6,car,19.0,clear,11,38,11.633333333333333,4,0,0.258819045102521,-0.9659258262890682,-0.433883739117558,-0.9009688679024191,15.3,38
141,thai,14.1,suburbs_north,6.9,3,21.86,car,42.0,clear,17,16,17.266666666666666,4,0,-0.9659258262890683,-0.25881904510252063,-0.433883739117558,-0.9009688679024191,7.286666666666666,36
32,thai,16.7,uptown,2.7,3,27.47,scooter,28.0,clear,21,29,21.483333333333334,3,0,-0.7071067811865477,0.7071067811865474,0.43388373911755823,-0.900968867902419,9.156666666666666,31
87,burgers,6.5,downtown,1.9,2,26.54,scooter,18.0,clear,20,11,20.183333333333334,6,1,-0.8660254037844386,0.5,-0.7818314824680299,0.6234898018587334,13.27,19
61,thai,18.0,suburbs_north,9.6,4,41.23,car,1422.0,clear,22,1,22.016666666666666,0,0,-0.5000000000000004,0.8660254037844384,0.0,1.0,10.3075,46
6,sushi,16.8,midtown,3.5,2,30.1,scooter,250.0,rain,13,43,13.716666666666667,4,0,-0.2588190451025208,-0.9659258262890683,-0.433883739117558,-0.9009688679024191,15.05,35
69,salads,8.8,midtown,4.3,1,12.88,car,303.0,clear,13,28,13.466666666666667,5,1,-0.2588190451025208,-0.9659258262890683,-0.9749279121818236,-0.2225209339563146,12.88,25
23,burgers,11.6,downtown,1.9,3,41.84,scooter,21.0,clear,17,33,17.55,2,0,-0.9659258262890683,-0.25881904510252063,0.9749279121818236,-0.22252093395631434,13.946666666666667,22
16,salads,7.8,uptown,1.3,1,9.08,car,124.0,clear,12,24,12.4,5,1,1.2246467991473532e-16,-1.0,-0.9749279121818236,-0.2225209339563146,9.08,12
94,sushi,20.2,downtown,1.7,2,28.8,scooter,283.0,clear,12,13,12.216666666666667,6,1,1.2246467991473532e-16,-1.0,-0.7818314824680299,0.6234898018587334,14.4,29
102,indian,17.4,uptown,3.3,2,17.42,scooter,44.0,cloudy,10,4,10.066666666666666,0,0,0.49999999999999994,-0.8660254037844387,0.0,1.0,8.71,35
73,pizza,10.6,midtown,3.7,1,15.24,scooter,94.0,cloudy,11,53,11.883333333333333,5,1,0.258819045102521,-0.9659258262890682,-0.9749279121818236,-0.2225209339563146,15.24,27
46,indian,19.4,downtown,0.8,2,29.94,scooter,8.0,clear,23,21,23.35,0,0,-0.2588190451025215,0.9659258262890681,0.0,1.0,14.97,27
35,mexican,11.9,midtown,4.1,2,16.77,bike,41.0,cloudy,19,36,19.6,1,0,-0.9659258262890684,0.2588190451025203,0.7818314824680297,0.6234898018587336,8.385,32
23,burgers,11.6,downtown,1.5,2,17.55,car,406.0,clear,16,0,16.0,2,0,-0.8660254037844384,-0.5000000000000004,0.9749279121818236,-0.22252093395631434,8.775,25
144,chinese,7.6,midtown,3.4,2,31.93,scooter,41.0,clear,14,40,14.666666666666666,1,0,-0.4999999999999998,-0.8660254037844388,0.7818314824680297,0.6234898018587336,15.965,25
87,burgers,6.5,downtown,1.7,6,92.33,scooter,1282.0,rain,20,8,20.133333333333333,0,0,-0.8660254037844386,0.5,0.0,1.0,15.388333333333334,16
129,pizza,10.9,suburbs_north,3.6,2,18.06,scooter,147.0,cloudy,18,40,18.666666666666668,1,0,-1.0,-1.8369701987210297e-16,0.7818314824680297,0.6234898018587336,9.03,28
132,mexican,13.3,downtown,3.7,3,28.85,bike,62.0,clear,12,2,12.033333333333333,6,1,1.2246467991473532e-16,-1.0,-0.7818314824680299,0.6234898018587334,9.616666666666667,37
76,mexican,10.0,uptown,2.3,7,92.27,scooter,147.0,heavy_rain,20,48,20.8,4,0,-0.8660254037844386,0.5,-0.433883739117558,-0.9009688679024191,13.18142857142857,26
61,thai,18.0,suburbs_north,3.7,2,31.42,scooter,1222.0,cloudy,20,52,20.866666666666667,2,0,-0.8660254037844386,0.5,0.9749279121818236,-0.22252093395631434,15.71,31
152,indian,18.0,suburbs_north,5.4,3,25.28,bike,263.0,cloudy,18,16,18.266666666666666,0,0,-1.0,-1.8369701987210297e-16,0.0,1.0,8.426666666666668,45
137,thai,13.3,suburbs_north,7.2,2,29.2,car,114.0,clear,13,21,13.35,2,0,-0.2588190451025208,-0.9659258262890683,0.9749279121818236,-0.22252093395631434,14.6,31
71,burgers,14.5,uptown,4.2,3,45.79,bike,1296.0,clear,18,17,18.283333333333335,0,0,-1.0,-1.8369701987210297e-16,0.0,1.0,15.263333333333334,40
138,thai,16.2,uptown,4.5,2,30.24,scooter,147.0,clear,13,38,13.633333333333333,5,1,-0.2588190451025208,-0.9659258262890683,-0.9749279121818236,-0.2225209339563146,15.12,38
43,chinese,12.4,uptown,5.3,1,12.22,bike,60.0,clear,12,6,12.1,0,0,1.2246467991473532e-16,-1.0,0.0,1.0,12.22,35
103,thai,16.4,midtown,1.4,5,72.74,car,148.0,cloudy,21,31,21.516666666666666,1,0,-0.7071067811865477,0.7071067811865474,0.7818314824680297,0.6234898018587336,14.547999999999998,26
14,burgers,6.4,downtown,1.7,3,36.79,bike,29.0,clear,19,15,19.25,0,0,-0.9659258262890684,0.2588190451025203,0.0,1.0,12.263333333333334,11
31,sushi,14.7,midtown,4.7,2,30.08,bike,204.0,rain,15,5,15.083333333333334,2,0,-0.7071067811865471,-0.7071067811865479,0.9749279121818236,-0.22252093395631434,15.04,45
54,salads,9.4,downtown,3.5,5,79.35,scooter,609.0,clear,20,53,20.883333333333333,6,1,-0.8660254037844386,0.5,-0.7818314824680299,0.6234898018587334,15.87,28
87,burgers,6.5,downtown,1.6,2,30.08,car,78.0,clear,20,21,20.35,6,1,-0.8660254037844386,0.5,-0.7818314824680299,0.6234898018587334,15.04,15
21,pizza,17.0,midtown,3.9,4,59.62,car,97.0,cloudy,12,57,12.95,1,0,1.2246467991473532e-16,-1.0,0.7818314824680297,0.6234898018587336,14.905,33
58,indian,21.6,uptown,4.2,1,12.89,scooter,270.0,clear,12,9,12.15,6,1,1.2246467991473532e-16,-1.0,-0.7818314824680299,0.6234898018587334,12.89,39
60,chinese,10.4,suburbs_north,3.3,4,51.01,bike,21.0,clear,19,4,19.066666666666666,0,0,-0.9659258262890684,0.2588190451025203,0.0,1.0,12.7525,31
120,pizza,12.2,downtown,3.4,2,30.65,scooter,204.0,cloudy,23,46,23.766666666666666,3,0,-0.2588190451025215,0.9659258262890681,0.43388373911755823,-0.900968867902419,15.325,22
61,thai,18.0,suburbs_north,10.2,3,38.23,scooter,507.0,cloudy,13,47,13.783333333333333,5,1,-0.2588190451025208,-0.9659258262890683,-0.9749279121818236,-0.2225209339563146,12.743333333333332,61
49,indian,14.4,uptown,3.0,2,23.47,car,589.0,cloudy,17,54,17.9,6,1,-0.9659258262890683,-0.25881904510252063,-0.7818314824680299,0.6234898018587334,11.735,31
153,salads,5.0,suburbs_south,10.0,5,78.68,car,99.0,cloudy,19,34,19.566666666666666,4,0,-0.9659258262890684,0.2588190451025203,-0.433883739117558,-0.9009688679024191,15.736,33
98,salads,11.1,midtown,3.0,6,80.22,bike,165.0,clear,22,48,22.8,2,0,-0.5000000000000004,0.8660254037844384,0.9749279121818236,-0.22252093395631434,13.37,24
16,salads,7.8,uptown,2.1,2,15.59,car,209.0,clear,18,59,18.983333333333334,0,0,-1.0,-1.8369701987210297e-16,0.0,1.0,7.795,12
1,mexican,12.7,downtown,1.1,1,12.14,car,147.0,clear,10,17,10.283333333333333,6,1,0.49999999999999994,-0.8660254037844387,-0.7818314824680299,0.6234898018587334,12.14,16
11,indian,20.4,uptown,3.0,2,20.38,bike,275.0,clear,16,38,16.633333333333333,5,1,-0.8660254037844384,-0.5000000000000004,-0.9749279121818236,-0.2225209339563146,10.19,33
70,thai,14.2,suburbs_north,10.3,2,14.45,car,386.0,clear,14,10,14.166666666666666,0,0,-0.4999999999999998,-0.8660254037844388,0.0,1.0,7.225,44
29,salads,9.9,midtown,4.3,4,42.57,bike,644.0,cloudy,19,11,19.183333333333334,0,0,-0.9659258262890684,0.2588190451025203,0.0,1.0,10.6425,34
62,salads,6.7,downtown,1.8,3,42.8,car,147.0,rain,12,39,12.65,4,0,1.2246467991473532e-16,-1.0,-0.433883739117558,-0.9009688679024191,14.266666666666666,16
66,sushi,18.7,midtown,2.0,1,11.71,car,38.0,clear,18,39,18.65,6,1,-1.0,-1.8369701987210297e-16,-0.7818314824680299,0.6234898018587334,11.71,30
108,mexican,10.1,suburbs_south,9.0,1,8.0,car,16.0,clear,14,14,14.233333333333333,5,1,-0.4999999999999998,-0.8660254037844388,-0.9749279121818236,-0.2225209339563146,8.0,36
18,indian,20.8,suburbs_south,10.9,3,39.14,car,1900.0,rain,19,26,19.433333333333334,0,0,-0.9659258262890684,0.2588190451025203,0.0,1.0,13.046666666666667,56
17,thai,9.8,uptown,2.2,3,32.41,car,506.0,cloudy,14,44,14.733333333333333,6,1,-0.4999999999999998,-0.8660254037844388,-0.7818314824680299,0.6234898018587334,10.803333333333333,18
45,indian,15.4,midtown,3.8,6,43.16,bike,382.0,rain,22,51,22.85,6,1,-0.5000000000000004,0.8660254037844384,-0.7818314824680299,0.6234898018587334,7.1933333333333325,49
43,chinese,12.4,uptown,3.6,1,10.43,car,33.0,cloudy,13,9,13.15,3,0,-0.2588190451025208,-0.9659258262890683,0.43388373911755823,-0.900968867902419,10.43,29
155,indian,14.5,suburbs_south,3.5,5,51.48,scooter,17.0,cloudy,19,44,19.733333333333334,1,0,-0.9659258262890684,0.2588190451025203,0.7818314824680297,0.6234898018587336,10.296,34
156,salads,12.7,downtown,1.1,1,10.09,car,83.0,heavy_rain,19,30,19.5,1,0,-0.9659258262890684,0.2588190451025203,0.7818314824680297,0.6234898018587336,10.09,22
158,indian,12.1,midtown,2.3,3,33.43,scooter,104.0,clear,17,19,17.316666666666666,2,0,-0.9659258262890683,-0.25881904510252063,0.9749279121818236,-0.22252093395631434,11.143333333333333,18
117,pizza,16.2,suburbs_south,7.1,1,13.2,car,37.0,heavy_rain,13,25,13.416666666666666,0,0,-0.2588190451025208,-0.9659258262890683,0.0,1.0,13.2,48
101,thai,11.8,suburbs_north,9.4,2,25.85,scooter,147.0,clear,11,39,11.65,2,0,0.258819045102521,-0.9659258262890682,0.9749279121818236,-0.22252093395631434,12.925,49
57,sushi,15.1,midtown,4.0,3,47.8,car,64.0,clear,18,39,18.65,5,1,-1.0,-1.8369701987210297e-16,-0.9749279121818236,-0.2225209339563146,15.933333333333332,29
143,chinese,12.4,uptown,5.4,2,14.58,car,45.0,clear,18,27,18.45,6,1,-1.0,-1.8369701987210297e-16,-0.7818314824680299,0.6234898018587334,7.29,35
92,thai,7.0,uptown,3.3,3,23.22,bike,147.0,clear,17,8,17.133333333333333,6,1,-0.9659258262890683,-0.25881904510252063,-0.7818314824680299,0.6234898018587334,7.739999999999999,20
78,mexican,9.1,downtown,1.7,1,15.58,bike,67.0,rain,18,1,18.016666666666666,3,0,-1.0,-1.8369701987210297e-16,0.43388373911755823,-0.900968867902419,15.58,21
52,mexican,5.5,uptown,3.7,5,79.72,car,364.0,clear,17,15,17.25,0,0,-0.9659258262890683,-0.25881904510252063,0.0,1.0,15.943999999999999,17
42,pizza,16.7,downtown,1.0,3,25.27,scooter,70.0,clear,14,6,14.1,6,1,-0.4999999999999998,-0.8660254037844388,-0.7818314824680299,0.6234898018587334,8.423333333333334,24
88,burgers,8.9,suburbs_south,7.7,3,35.62,scooter,933.0,clear,11,6,11.1,6,1,0.258819045102521,-0.9659258262890682,-0.7818314824680299,0.6234898018587334,11.873333333333333,38
131,indian,22.1,downtown,1.6,2,15.29,scooter,137.0,clear,13,36,13.6,1,0,-0.2588190451025208,-0.9659258262890683,0.7818314824680297,0.6234898018587336,7.645,37
75,mexican,13.3,midtown,3.3,3,47.85,bike,44.0,clear,20,8,20.133333333333333,3,0,-0.8660254037844386,0.5,0.43388373911755823,-0.900968867902419,15.950000000000001,34
12,thai,12.8,midtown,3.4,1,8.0,bike,60.0,clear,18,32,18.533333333333335,4,0,-1.0,-1.8369701987210297e-16,-0.433883739117558,-0.9009688679024191,8.0,33
71,burgers,14.5,uptown,3.5,1,15.4,car,618.0,cloudy,12,39,12.65,0,0,1.2246467991473532e-16,-1.0,0.0,1.0,15.4,30
2,thai,10.5,downtown,0.9,2,29.22,scooter,11.0,rain,23,38,23.633333333333333,5,1,-0.2588190451025215,0.9659258262890681,-0.9749279121818236,-0.2225209339563146,14.61,20
47,mexican,14.1,downtown,3.2,3,31.4,scooter,150.0,clear,22,38,22.633333333333333,6,1,-0.5000000000000004,0.8660254037844384,-0.7818314824680299,0.6234898018587334,10.466666666666667,21
85,pizza,11.8,uptown,4.4,5,76.88,car,303.0,rain,12,54,12.9,4,0,1.2246467991473532e-16,-1.0,-0.433883739117558,-0.9009688679024191,15.376,29
113,mexican,13.2,midtown,1.5,6,77.86,scooter,211.0,clear,18,3,18.05,0,0,-1.0,-1.8369701987210297e-16,0.0,1.0,12.976666666666667,30
91,salads,10.1,suburbs_south,4.1,4,35.21,car,19.0,cloudy,17,41,17.683333333333334,1,0,-0.9659258262890683,-0.25881904510252063,0.7818314824680297,0.6234898018587336,8.8025,23
6,sushi,16.8,midtown,1.6,5,39.16,car,469.0,cloudy,19,13,19.216666666666665,1,0,-0.9659258262890684,0.2588190451025203,0.7818314824680297,0.6234898018587336,7.831999999999999,31
51,indian,17.0,downtown,2.0,4,28.0,bike,4.0,rain,12,0,12.0,3,0,1.2246467991473532e-16,-1.0,0.43388373911755823,-0.900968867902419,7.0,34
17,thai,9.8,uptown,4.9,5,70.56,scooter,916.0,cloudy,17,56,17.933333333333334,0,0,-0.9659258262890683,-0.25881904510252063,0.0,1.0,14.112,29
25,mexican,14.5,midtown,1.2,2,16.26,scooter,37.0,cloudy,20,46,20.766666666666666,0,0,-0.8660254037844386,0.5,0.0,1.0,8.13,21
61,thai,18.0,suburbs_north,3.0,2,16.52,bike,77.0,cloudy,10,19,10.316666666666666,4,0,0.49999999999999994,-0.8660254037844387,-0.433883739117558,-0.9009688679024191,8.26,39
87,burgers,6.5,downtown,1.9,4,33.13,car,318.0,cloudy,17,3,17.05,5,1,-0.9659258262890683,-0.25881904510252063,-0.9749279121818236,-0.2225209339563146,8.2825,11
61,thai,18.0,suburbs_north,7.1,1,15.71,car,14.0,clear,18,4,18.066666666666666,6,1,-1.0,-1.8369701987210297e-16,-0.7818314824680299,0.6234898018587334,15.71,46
151,chinese,11.8,downtown,1.6,2,31.16,bike,72.0,cloudy,14,31,14.516666666666667,5,1,-0.4999999999999998,-0.8660254037844388,-0.9749279121818236,-0.2225209339563146,15.58,23
28,indian,19.5,downtown,0.8,3,39.16,car,431.0,cloudy,17,9,17.15,3,0,-0.9659258262890683,-0.25881904510252063,0.43388373911755823,-0.900968867902419,13.053333333333333,26
39,thai,21.0,downtown,2.3,8,71.71,scooter,28.0,clear,19,30,19.5,3,0,-0.9659258262890684,0.2588190451025203,0.43388373911755823,-0.900968867902419,8.96375,44
108,mexican,10.1,suburbs_south,3.4,5,47.62,bike,10.0,clear,15,33,15.55,0,0,-0.7071067811865471,-0.7071067811865479,0.0,1.0,9.524,31
76,mexican,10.0,uptown,5.1,1,8.69,scooter,9.0,clear,13,33,13.55,1,0,-0.2588190451025208,-0.9659258262890683,0.7818314824680297,0.6234898018587336,8.69,29
136,salads,9.3,downtown,2.2,2,14.54,car,155.0,cloudy,17,36,17.6,6,1,-0.9659258262890683,-0.25881904510252063,-0.7818314824680299,0.6234898018587334,7.27,19
36,burgers,11.8,downtown,3.3,1,15.99,scooter,147.0,heavy_rain,11,2,11.033333333333333,2,0,0.258819045102521,-0.9659258262890682,0.9749279121818236,-0.22252093395631434,15.99,34
93,sushi,16.7,downtown,2.4,1,10.5,bike,995.0,clear,19,13,19.216666666666665,0,0,-0.9659258262890684,0.2588190451025203,0.0,1.0,10.5,30
30,salads,5.0,suburbs_south,3.6,4,57.6,scooter,178.0,rain,19,54,19.9,1,0,-0.9659258262890684,0.2588190451025203,0.7818314824680297,0.6234898018587336,14.4,26
104,thai,11.5,suburbs_south,5.5,3,42.64,bike,791.0,cloudy,16,37,16.616666666666667,0,0,-0.8660254037844384,-0.5000000000000004,0.0,1.0,14.213333333333333,40
68,thai,11.9,uptown,4.8,4,57.45,scooter,154.0,clear,19,57,19.95,6,1,-0.9659258262890684,0.2588190451025203,-0.7818314824680299,0.6234898018587334,14.3625,32
41,thai,19.0,downtown,0.8,5,41.49,bike,129.0,rain,17,12,17.2,2,0,-0.9659258262890683,-0.25881904510252063,0.9749279121818236,-0.22252093395631434,8.298,33
17,thai,9.8,uptown,5.5,4,34.82,car,188.0,clear,15,36,15.6,5,1,-0.7071067811865471,-0.7071067811865479,-0.9749279121818236,-0.2225209339563146,8.705,31
145,pizza,12.3,suburbs_south,6.3,2,22.22,car,110.0,clear,19,2,19.033333333333335,0,0,-0.9659258262890684,0.2588190451025203,0.0,1.0,11.11,35
122,indian,20.0,midtown,4.8,1,15.88,bike,477.0,clear,18,38,18.633333333333333,5,1,-1.0,-1.8369701987210297e-16,-0.9749279121818236,-0.2225209339563146,15.88,49
123,salads,7.7,uptown,3.3,1,15.99,car,111.0,clear,19,7,19.116666666666667,4,0,-0.9659258262890684,0.2588190451025203,-0.433883739117558,-0.9009688679024191,15.99,63
66,sushi,18.7,midtown,4.3,3,43.98,car,243.0,clear,11,56,11.933333333333334,6,1,0.258819045102521,-0.9659258262890682,-0.7818314824680299,0.6234898018587334,14.659999999999998,38
78,mexican,9.1,downtown,1.5,1,8.03,car,449.0,cloudy,13,58,13.966666666666667,6,1,-0.2588190451025208,-0.9659258262890683,-0.7818314824680299,0.6234898018587334,8.03,20
2,thai,10.5,downtown,0.9,1,14.15,bike,368.0,rain,20,21,20.35,5,1,-0.8660254037844386,0.5,-0.9749279121818236,-0.2225209339563146,14.15,22
37,pizza,17.5,midtown,3.4,3,47.78,car,90.0,clear,22,45,22.75,4,0,-0.5000000000000004,0.8660254037844384,-0.433883739117558,-0.9009688679024191,15.926666666666668,30
113,mexican,13.2,midtown,2.4,2,24.32,bike,41.0,clear,12,35,12.583333333333334,3,0,1.2246467991473532e-16,-1.0,0.43388373911755823,-0.900968867902419,12.16,26
112,sushi,18.2,downtown,2.3,3,39.18,car,113.0,clear,16,44,16.733333333333334,5,1,-0.8660254037844384,-0.5000000000000004,-0.9749279121818236,-0.2225209339563146,13.06,32
48,mexican,8.8,midtown,2.8,4,63.44,car,481.0,clear,20,46,20.766666666666666,3,0,-0.8660254037844386,0.5,0.43388373911755823,-0.900968867902419,15.86,21
81,sushi,17.4,downtown,2.3,2,22.3,scooter,77.0,clear,13,23,13.383333333333333,6,1,-0.2588190451025208,-0.9659258262890683,-0.7818314824680299,0.6234898018587334,11.15,37
64,mexican,11.6,suburbs_north,5.8,4,33.71,bike,147.0,clear,21,33,21.55,2,0,-0.7071067811865477,0.7071067811865474,0.9749279121818236,-0.22252093395631434,8.4275,41
18,indian,20.8,suburbs_south,2.7,7,67.97,scooter,21.0,clear,16,18,16.3,6,1,-0.8660254037844384,-0.5000000000000004,-0.7818314824680299,0.6234898018587334,9.709999999999999,40
83,salads,8.7,midtown,3.8,1,8.04,bike,43.0,cloudy,20,40,20.666666666666668,1,0,-0.8660254037844386,0.5,0.7818314824680297,0.6234898018587336,8.04,26
153,salads,5.0,suburbs_south,8.6,1,8.0,scooter,321.0,clear,18,59,18.983333333333334,4,0,-1.0,-1.8369701987210297e-16,-0.433883739117558,-0.9009688679024191,8.0,32
66,sushi,18.7,midtown,4.1,3,34.6,bike,123.0,cloudy,18,38,18.633333333333333,4,0,-1.0,-1.8369701987210297e-16,-0.433883739117558,-0.9009688679024191,11.533333333333333,44
50,salads,8.2,midtown,1.9,2,19.26,bike,6.0,clear,11,0,11.0,6,1,0.258819045102521,-0.9659258262890682,-0.7818314824680299,0.6234898018587334,9.63,26
91,salads,10.1,suburbs_south,5.5,1,8.0,bike,261.0,clear,19,19,19.316666666666666,0,0,-0.9659258262890684,0.2588190451025203,0.0,1.0,8.0,35
117,pizza,16.2,suburbs_south,9.3,2,27.89,car,32.0,cloudy,20,23,20.383333333333333,3,0,-0.8660254037844386,0.5,0.43388373911755823,-0.900968867902419,13.945,52
20,mexican,9.2,midtown,1.3,3,33.71,scooter,93.0,cloudy,19,15,19.25,2,0,-0.9659258262890684,0.2588190451025203,0.9749279121818236,-0.22252093395631434,11.236666666666666,22
75,mexican,13.3,midtown,1.5,1,13.19,scooter,71.0,clear,22,47,22.783333333333335,1,0,-0.5000000000000004,0.8660254037844384,0.7818314824680297,0.6234898018587336,13.19,22
128,chinese,6.8,uptown,2.2,5,62.76,scooter,719.0,clear,12,20,12.333333333333334,5,1,1.2246467991473532e-16,-1.0,-0.9749279121818236,-0.2225209339563146,12.552,22
63,pizza,12.6,downtown,1.5,2,22.11,bike,68.0,clear,19,28,19.466666666666665,0,0,-0.9659258262890684,0.2588190451025203,0.0,1.0,11.055,23
128,chinese,6.8,uptown,3.6,1,10.47,scooter,60.0,rain,19,51,19.85,0,0,-0.9659258262890684,0.2588190451025203,0.0,1.0,10.47,27
106,pizza,12.3,downtown,2.5,1,13.57,bike,231.0,clear,11,22,11.366666666666667,5,1,0.258819045102521,-0.9659258262890682,-0.9749279121818236,-0.2225209339563146,13.57,30
21,pizza,17.0,midtown,2.4,5,47.74,car,1222.0,clear,17,21,17.35,6,1,-0.9659258262890683,-0.25881904510252063,-0.7818314824680299,0.6234898018587334,9.548,32
8,burgers,12.1,uptown,4.2,3,26.21,car,103.0,clear,19,1,19.016666666666666,3,0,-0.9659258262890684,0.2588190451025203,0.43388373911755823,-0.900968867902419,8.736666666666666,34
97,chinese,16.1,uptown,2.3,5,78.03,bike,77.0,cloudy,11,52,11.866666666666667,1,0,0.258819045102521,-0.9659258262890682,0.7818314824680297,0.6234898018587336,15.606,31
6,sushi,16.8,midtown,2.7,2,28.6,bike,76.0,clear,10,34,10.566666666666666,5,1,0.49999999999999994,-0.8660254037844387,-0.9749279121818236,-0.2225209339563146,14.3,29
83,salads,8.7,midtown,2.6,2,16.25,scooter,15.0,clear,10,1,10.016666666666667,3,0,0.49999999999999994,-0.8660254037844387,0.43388373911755823,-0.900968867902419,8.125,22
57,sushi,15.1,midtown,4.0,3,30.72,car,17.0,cloudy,19,18,19.3,6,1,-0.9659258262890684,0.2588190451025203,-0.7818314824680299,0.6234898018587334,10.24,38
56,thai,13.0,downtown,1.9,1,15.19,scooter,198.0,clear,20,21,20.35,3,0,-0.8660254037844386,0.5,0.43388373911755823,-0.900968867902419,15.19,24
38,pizza,16.9,midtown,4.2,1,15.25,bike,233.0,rain,16,12,16.2,5,1,-0.8660254037844384,-0.5000000000000004,-0.9749279121818236,-0.2225209339563146,15.25,41
3,pizza,20.9,suburbs_north,8.8,3,34.64,car,97.0,heavy_rain,17,31,17.516666666666666,0,0,-0.9659258262890683,-0.25881904510252063,0.0,1.0,11.546666666666667,57
89,sushi,22.3,suburbs_north,6.1,6,75.13,scooter,147.0,clear,19,10,19.166666666666668,0,0,-0.9659258262890684,0.2588190451025203,0.0,1.0,12.521666666666667,49
21,pizza,17.0,midtown,1.3,3,35.72,bike,1788.0,cloudy,17,54,17.9,3,0,-0.9659258262890683,-0.25881904510252063,0.43388373911755823,-0.900968867902419,11.906666666666666,24
110,thai,12.5,suburbs_north,2.9,2,20.18,scooter,19.0,cloudy,13,55,13.916666666666666,5,1,-0.2588190451025208,-0.9659258262890683,-0.9749279121818236,-0.2225209339563146,10.09,38
77,pizza,11.4,uptown,4.6,3,42.4,scooter,245.0,clear,16,39,16.65,5,1,-0.8660254037844384,-0.5000000000000004,-0.9749279121818236,-0.2225209339563146,14.133333333333333,32
20,mexican,9.2,midtown,1.4,1,14.85,bike,236.0,cloudy,21,37,21.616666666666667,1,0,-0.7071067811865477,0.7071067811865474,0.7818314824680297,0.6234898018587336,14.85,17
72,burgers,12.2,suburbs_south,4.3,5,72.55,scooter,170.0,clear,18,7,18.116666666666667,1,0,-1.0,-1.8369701987210297e-16,0.7818314824680297,0.6234898018587336,14.51,33
136,salads,9.3,downtown,3.5,3,30.23,bike,517.0,clear,18,50,18.833333333333332,2,0,-1.0,-1.8369701987210297e-16,0.9749279121818236,-0.22252093395631434,10.076666666666666,34
26,pizza,14.9,midtown,2.7,1,10.62,scooter,260.0,clear,11,0,11.0,0,0,0.258819045102521,-0.9659258262890682,0.0,1.0,10.62,30
111,pizza,8.5,downtown,2.5,1,15.71,car,460.0,clear,16,17,16.283333333333335,4,0,-0.8660254037844384,-0.5000000000000004,-0.433883739117558,-0.9009688679024191,15.71,19
94,sushi,20.2,downtown,2.4,2,23.86,bike,99.0,rain,19,12,19.2,3,0,-0.9659258262890684,0.2588190451025203,0.43388373911755823,-0.900968867902419,11.93,44
99,thai,13.4,midtown,1.8,7,55.2,car,213.0,clear,21,42,21.7,6,1,-0.7071067811865477,0.7071067811865474,-0.7818314824680299,0.6234898018587334,7.885714285714286,26
156,salads,12.7,downtown,0.7,1,8.0,scooter,121.0,clear,18,13,18.216666666666665,3,0,-1.0,-1.8369701987210297e-16,0.43388373911755823,-0.900968867902419,8.0,64
108,mexican,10.1,suburbs_south,2.8,3,45.76,car,353.0,clear,12,15,12.25,6,1,1.2246467991473532e-16,-1.0,-0.7818314824680299,0.6234898018587334,15.253333333333332,22
112,sushi,18.2,downtown,2.1,1,8.0,bike,933.0,cloudy,18,43,18.716666666666665,2,0,-1.0,-1.8369701987210297e-16,0.9749279121818236,-0.22252093395631434,8.0,33
50,salads,8.2,midtown,1.9,2,14.64,scooter,403.0,rain,22,46,22.766666666666666,4,0,-0.5000000000000004,0.8660254037844384,-0.433883739117558,-0.9009688679024191,7.32,20
49,indian,14.4,uptown,3.4,4,31.24,scooter,497.0,heavy_rain,12,7,12.116666666666667,6,1,1.2246467991473532e-16,-1.0,-0.7818314824680299,0.6234898018587334,7.81,34
10,pizza,12.9,suburbs_north,3.4,1,8.0,bike,575.0,clear,11,38,11.633333333333333,2,0,0.258819045102521,-0.9659258262890682,0.9749279121818236,-0.22252093395631434,8.0,33
66,sushi,18.7,midtown,3.2,5,72.63,bike,27.0,rain,19,21,19.35,3,0,-0.9659258262890684,0.2588190451025203,0.43388373911755823,-0.900968867902419,14.526,45
30,salads,5.0,suburbs_south,10.4,2,29.09,car,42.0,cloudy,20,48,20.8,0,0,-0.8660254037844386,0.5,0.0,1.0,14.545,37
146,thai,14.2,uptown,2.8,1,8.0,scooter,566.0,cloudy,18,30,18.5,4,0,-1.0,-1.8369701987210297e-16,-0.433883739117558,-0.9009688679024191,8.0,28
156,salads,12.7,downtown,3.1,2,23.78,car,25.0,clear,14,23,14.383333333333333,6,1,-0.4999999999999998,-0.8660254037844388,-0.7818314824680299,0.6234898018587334,11.89,30
102,indian,17.4,uptown,5.0,3,39.67,car,75.0,clear,18,24,18.4,5,1,-1.0,-1.8369701987210297e-16,-0.9749279121818236,-0.2225209339563146,13.223333333333334,43
35,mexican,11.9,midtown,1.3,2,26.96,car,38.0,clear,12,38,12.633333333333333,6,1,1.2246467991473532e-16,-1.0,-0.7818314824680299,0.6234898018587334,13.48,22
139,indian,20.7,midtown,1.8,1,8.0,car,380.0,clear,16,31,16.516666666666666,6,1,-0.8660254037844384,-0.5000000000000004,-0.7818314824680299,0.6234898018587334,8.0,25
122,indian,20.0,midtown,4.2,2,25.61,car,2837.0,clear,23,20,23.333333333333332,0,0,-0.2588190451025215,0.9659258262890681,0.0,1.0,12.805,31
75,mexican,13.3,midtown,1.5,3,26.8,scooter,285.0,clear,11,39,11.65,0,0,0.258819045102521,-0.9659258262890682,0.0,1.0,8.933333333333334,24
141,thai,14.1,suburbs_north,3.2,2,15.64,bike,129.0,clear,11,50,11.833333333333334,1,0,0.258819045102521,-0.9659258262890682,0.7818314824680297,0.6234898018587336,7.82,38
41,thai,19.0,downtown,2.0,3,47.28,car,2.0,cloudy,21,26,21.433333333333334,0,0,-0.7071067811865477,0.7071067811865474,0.0,1.0,15.76,27
13,indian,15.1,downtown,3.4,1,15.9,car,211.0,cloudy,20,42,20.7,1,0,-0.8660254037844386,0.5,0.7818314824680297,0.6234898018587336,15.9,36
142,indian,20.4,midtown,3.6,3,28.95,bike,6897.0,clear,20,51,20.85,4,0,-0.8660254037844386,0.5,-0.433883739117558,-0.9009688679024191,9.65,37
8,burgers,12.1,uptown,5.7,1,10.22,scooter,69.0,clear,13,50,13.833333333333334,6,1,-0.2588190451025208,-0.9659258262890683,-0.7818314824680299,0.6234898018587334,10.22,39
128,chinese,6.8,uptown,1.2,2,19.85,car,238.0,heavy_rain,17,53,17.883333333333333,6,1,-0.9659258262890683,-0.25881904510252063,-0.7818314824680299,0.6234898018587334,9.925,13
130,mexican,15.3,downtown,0.9,3,35.37,scooter,51.0,clear,12,19,12.316666666666666,2,0,1.2246467991473532e-16,-1.0,0.9749279121818236,-0.22252093395631434,11.79,28
77,pizza,11.4,uptown,4.1,1,12.3,scooter,268.0,heavy_rain,13,9,13.15,5,1,-0.2588190451025208,-0.9659258262890683,-0.9749279121818236,-0.2225209339563146,12.3,36
28,indian,19.5,downtown,2.0,3,47.68,bike,405.0,clear,15,5,15.083333333333334,2,0,-0.7071067811865471,-0.7071067811865479,0.9749279121818236,-0.22252093395631434,15.893333333333333,27
122,indian,20.0,midtown,1.6,1,15.53,car,116.0,clear,22,4,22.066666666666666,3,0,-0.5000000000000004,0.8660254037844384,0.43388373911755823,-0.900968867902419,15.53,24
97,chinese,16.1,uptown,4.6,2,23.24,scooter,886.0,clear,13,5,13.083333333333334,6,1,-0.2588190451025208,-0.9659258262890683,-0.7818314824680299,0.6234898018587334,11.62,35
46,indian,19.4,downtown,1.3,1,14.24,bike,2345.0,clear,15,24,15.4,0,0,-0.7071067811865471,-0.7071067811865479,0.0,1.0,14.24,22
105,pizza,12.9,midtown,1.2,1,12.53,bike,52.0,rain,11,19,11.316666666666666,6,1,0.258819045102521,-0.9659258262890682,-0.7818314824680299,0.6234898018587334,12.53,30
23,burgers,11.6,downtown,2.8,4,30.14,scooter,286.0,clear,11,46,11.766666666666667,5,1,0.258819045102521,-0.9659258262890682,-0.9749279121818236,-0.2225209339563146,7.535,31
89,sushi,22.3,suburbs_north,4.8,4,31.35,bike,254.0,rain,17,3,17.05,3,0,-0.9659258262890683,-0.25881904510252063,0.43388373911755823,-0.900968867902419,7.8375,53
128,chinese,6.8,uptown,2.6,4,49.38,bike,267.0,rain,15,28,15.466666666666667,6,1,-0.7071067811865471,-0.7071067811865479,-0.7818314824680299,0.6234898018587334,12.345,28
143,chinese,12.4,uptown,3.7,3,41.55,bike,147.0,clear,18,56,18.933333333333334,2,0,-1.0,-1.8369701987210297e-16,0.9749279121818236,-0.22252093395631434,13.85,31
33,sushi,21.1,midtown,4.3,3,33.49,scooter,1224.0,clear,22,0,22.0,5,1,-0.5000000000000004,0.8660254037844384,-0.9749279121818236,-0.2225209339563146,11.163333333333334,35
56,thai,13.0,downtown,1.9,4,51.77,scooter,862.0,clear,11,55,11.916666666666666,3,0,0.258819045102521,-0.9659258262890682,0.43388373911755823,-0.900968867902419,12.9425,30
88,burgers,8.9,suburbs_south,5.5,3,30.36,car,19.0,cloudy,11,8,11.133333333333333,6,1,0.258819045102521,-0.9659258262890682,-0.7818314824680299,0.6234898018587334,10.12,28
122,indian,20.0,midtown,3.0,4,54.97,bike,128.0,clear,21,39,21.65,6,1,-0.7071067811865477,0.7071067811865474,-0.7818314824680299,0.6234898018587334,13.7425,38
14,burgers,6.4,downtown,1.9,2,17.69,bike,202.0,clear,20,45,20.75,0,0,-0.8660254037844386,0.5,0.0,1.0,8.845,21
74,thai,18.7,downtown,2.7,4,34.99,bike,32.0,rain,17,49,17.816666666666666,5,1,-0.9659258262890683,-0.25881904510252063,-0.9749279121818236,-0.2225209339563146,8.7475,44
109,burgers,10.0,downtown,1.0,8,75.93,bike,267.0,cloudy,16,26,16.433333333333334,3,0,-0.8660254037844384,-0.5000000000000004,0.43388373911755823,-0.900968867902419,9.49125,22
63,pizza,12.6,downtown,1.2,3,47.35,bike,288.0,clear,16,14,16.233333333333334,5,1,-0.8660254037844384,-0.5000000000000004,-0.9749279121818236,-0.2225209339563146,15.783333333333333,26
32,thai,16.7,uptown,3.8,3,42.02,scooter,255.0,clear,11,48,11.8,4,0,0.258819045102521,-0.9659258262890682,-0.433883739117558,-0.9009688679024191,14.006666666666668,35
156,salads,12.7,downtown,1.6,1,11.42,scooter,354.0,clear,12,50,12.833333333333334,2,0,1.2246467991473532e-16,-1.0,0.9749279121818236,-0.22252093395631434,11.42,24
6,sushi,16.8,midtown,2.8,4,55.89,bike,14.0,cloudy,17,17,17.283333333333335,5,1,-0.9659258262890683,-0.25881904510252063,-0.9749279121818236,-0.2225209339563146,13.9725,34
152,indian,18.0,suburbs_north,5.8,5,44.7,scooter,325.0,cloudy,11,24,11.4,1,0,0.258819045102521,-0.9659258262890682,0.7818314824680297,0.6234898018587336,8.940000000000001,42
110,thai,12.5,suburbs_north,5.1,1,9.11,bike,276.0,clear,22,49,22.816666666666666,5,1,-0.5000000000000004,0.8660254037844384,-0.9749279121818236,-0.2225209339563146,9.11,33
77,pizza,11.4,uptown,1.4,2,27.5,car,21.0,clear,11,4,11.066666666666666,2,0,0.258819045102521,-0.9659258262890682,0.9749279121818236,-0.22252093395631434,13.75,23
120,pizza,12.2,downtown,2.5,5,79.13,scooter,238.0,cloudy,19,2,19.033333333333335,4,0,-0.9659258262890684,0.2588190451025203,-0.433883739117558,-0.9009688679024191,15.825999999999999,29
51,indian,17.0,downtown,2.0,3,30.65,bike,1301.0,clear,17,0,17.0,4,0,-0.9659258262890683,-0.25881904510252063,-0.433883739117558,-0.9009688679024191,10.216666666666667,31
155,indian,14.5,suburbs_south,8.5,5,59.41,car,857.0,clear,19,25,19.416666666666668,0,0,-0.9659258262890684,0.2588190451025203,0.0,1.0,11.882,43
148,indian,16.9,suburbs_north,8.1,1,8.0,car,887.0,heavy_rain,13,27,13.45,3,0,-0.2588190451025208,-0.9659258262890683,0.43388373911755823,-0.900968867902419,8.0,43
99,thai,13.4,midtown,2.9,8,109.07,car,523.0,clear,17,26,17.433333333333334,5,1,-0.9659258262890683,-0.25881904510252063,-0.9749279121818236,-0.2225209339563146,13.63375,33
13,indian,15.1,downtown,0.7,2,29.43,scooter,97.0,cloudy,17,14,17.233333333333334,5,1,-0.9659258262890683,-0.25881904510252063,-0.9749279121818236,-0.2225209339563146,14.715,27
58,indian,21.6,uptown,2.1,1,8.0,scooter,79.0,clear,13,50,13.833333333333334,3,0,-0.2588190451025208,-0.9659258262890683,0.43388373911755823,-0.900968867902419,8.0,34
93,sushi,16.7,downtown,1.0,2,19.7,scooter,266.0,clear,12,59,12.983333333333333,4,0,1.2246467991473532e-16,-1.0,-0.433883739117558,-0.9009688679024191,9.85,24
59,pizza,11.7,suburbs_south,5.8,1,10.08,scooter,81.0,clear,13,55,13.916666666666666,5,1,-0.2588190451025208,-0.9659258262890683,-0.9749279121818236,-0.2225209339563146,10.08,36
2,thai,10.5,downtown,1.1,5,63.87,scooter,147.0,clear,14,26,14.433333333333334,5,1,-0.4999999999999998,-0.8660254037844388,-0.9749279121818236,-0.2225209339563146,12.774,14
113,mexican,13.2,midtown,3.7,2,28.07,car,157.0,clear,17,44,17.733333333333334,2,0,-0.9659258262890683,-0.25881904510252063,0.9749279121818236,-0.22252093395631434,14.035,35
117,pizza,16.2,suburbs_south,8.1,1,8.54,car,184.0,cloudy,18,35,18.583333333333332,0,0,-1.0,-1.8369701987210297e-16,0.0,1.0,8.54,45
137,thai,13.3,suburbs_north,2.6,1,14.38,car,105.0,rain,13,19,13.316666666666666,5,1,-0.2588190451025208,-0.9659258262890683,-0.9749279121818236,-0.2225209339563146,14.38,37
5,mexican,12.4,uptown,6.7,1,13.49,car,617.0,clear,21,52,21.866666666666667,1,0,-0.7071067811865477,0.7071067811865474,0.7818314824680297,0.6234898018587336,13.49,28
59,pizza,11.7,suburbs_south,9.1,3,33.97,car,6.0,clear,12,53,12.883333333333333,6,1,1.2246467991473532e-16,-1.0,-0.7818314824680299,0.6234898018587334,11.323333333333332,38
11,indian,20.4,uptown,2.2,3,23.58,car,222.0,rain,12,52,12.866666666666667,0,0,1.2246467991473532e-16,-1.0,0.0,1.0,7.859999999999999,34
32,thai,16.7,uptown,1.4,1,14.62,scooter,314.0,clear,11,34,11.566666666666666,1,0,0.258819045102521,-0.9659258262890682,0.7818314824680297,0.6234898018587336,14.62,18
81,sushi,17.4,downtown,1.6,2,18.08,bike,1032.0,clear,20,55,20.916666666666668,1,0,-0.8660254037844386,0.5,0.7818314824680297,0.6234898018587336,9.04,31
18,indian,20.8,suburbs_south,3.1,1,13.3,bike,56.0,rain,22,11,22.183333333333334,4,0,-0.5000000000000004,0.8660254037844384,-0.433883739117558,-0.9009688679024191,13.3,34
15,indian,18.1,midtown,2.9,3,28.95,car,895.0,clear,18,22,18.366666666666667,2,0,-1.0,-1.8369701987210297e-16,0.9749279121818236,-0.22252093395631434,9.65,36
107,sushi,18.0,suburbs_south,4.8,4,39.81,bike,78.0,cloudy,17,45,17.75,1,0,-0.9659258262890683,-0.25881904510252063,0.7818314824680297,0.6234898018587336,9.9525,51
111,pizza,8.5,downtown,3.2,3,34.52,car,108.0,clear,17,3,17.05,1,0,-0.9659258262890683,-0.25881904510252063,0.7818314824680297,0.6234898018587336,11.506666666666668,21
120,pizza,12.2,downtown,2.9,7,56.86,bike,217.0,clear,18,57,18.95,2,0,-1.0,-1.8369701987210297e-16,0.9749279121818236,-0.22252093395631434,8.122857142857143,36
127,indian,15.6,downtown,1.2,1,15.07,scooter,347.0,rain,14,49,14.816666666666666,0,0,-0.4999999999999998,-0.8660254037844388,0.0,1.0,15.07,24
50,salads,8.2,midtown,1.6,4,42.39,car,77.0,clear,11,24,11.4,1,0,0.258819045102521,-0.9659258262890682,0.7818314824680297,0.6234898018587336,10.5975,22
65,thai,16.7,uptown,4.6,4,34.2,scooter,178.0,cloudy,19,21,19.35,6,1,-0.9659258262890684,0.2588190451025203,-0.7818314824680299,0.6234898018587334,8.55,43
137,thai,13.3,suburbs_north,9.8,2,21.02,scooter,77.0,clear,16,44,16.733333333333334,0,0,-0.8660254037844384,-0.5000000000000004,0.0,1.0,10.51,48
4,pizza,14.0,suburbs_south,9.2,2,16.28,scooter,134.0,clear,21,26,21.433333333333334,4,0,-0.7071067811865477,0.7071067811865474,-0.433883739117558,-0.9009688679024191,8.14,47
35,mexican,11.9,midtown,3.0,2,18.01,bike,451.0,clear,13,5,13.083333333333334,0,0,-0.2588190451025208,-0.9659258262890683,0.0,1.0,9.005,29
37,pizza,17.5,midtown,4.9,1,8.0,scooter,67.0,rain,18,28,18.466666666666665,3,0,-1.0,-1.8369701987210297e-16,0.43388373911755823,-0.900968867902419,8.0,44
79,salads,10.0,midtown,2.7,3,32.49,car,272.0,rain,15,48,15.8,4,0,-0.7071067811865471,-0.7071067811865479,-0.433883739117558,-0.9009688679024191,10.83,17
95,pizza,11.9,suburbs_south,3.0,4,51.38,bike,1624.0,cloudy,19,38,19.633333333333333,5,1,-0.9659258262890684,0.2588190451025203,-0.9749279121818236,-0.2225209339563146,12.845,31
51,indian,17.0,downtown,1.9,2,16.59,scooter,30.0,cloudy,17,52,17.866666666666667,2,0,-0.9659258262890683,-0.25881904510252063,0.9749279121818236,-0.22252093395631434,8.295,24
152,indian,18.0,suburbs_north,5.5,2,26.84,scooter,601.0,clear,14,19,14.316666666666666,0,0,-0.4999999999999998,-0.8660254037844388,0.0,1.0,13.42,32
21,pizza,17.0,midtown,3.3,1,9.19,bike,82.0,clear,18,52,18.866666666666667,5,1,-1.0,-1.8369701987210297e-16,-0.9749279121818236,-0.2225209339563146,9.19,44
137,thai,13.3,suburbs_north,5.6,5,57.13,scooter,1326.0,clear,19,59,19.983333333333334,6,1,-0.9659258262890684,0.2588190451025203,-0.7818314824680299,0.6234898018587334,11.426,41
113,mexican,13.2,midtown,4.8,2,25.43,bike,87.0,clear,23,36,23.6,4,0,-0.2588190451025215,0.9659258262890681,-0.433883739117558,-0.9009688679024191,12.715,39
17,thai,9.8,uptown,4.2,4,33.85,scooter,175.0,cloudy,11,46,11.766666666666667,3,0,0.258819045102521,-0.9659258262890682,0.43388373911755823,-0.900968867902419,8.4625,28
48,mexican,8.8,midtown,3.8,4,56.08,scooter,127.0,cloudy,21,56,21.933333333333334,5,1,-0.7071067811865477,0.7071067811865474,-0.9749279121818236,-0.2225209339563146,14.02,32
115,thai,13.4,downtown,2.2,2,15.08,bike,25.0,cloudy,14,31,14.516666666666667,4,0,-0.4999999999999998,-0.8660254037844388,-0.433883739117558,-0.9009688679024191,7.54,34
143,chinese,12.4,uptown,4.2,1,10.52,scooter,16.0,clear,19,35,19.583333333333332,2,0,-0.9659258262890684,0.2588190451025203,0.9749279121818236,-0.22252093395631434,10.52,32
34,mexican,12.2,midtown,5.4,1,9.6,scooter,39.0,clear,11,36,11.6,2,0,0.258819045102521,-0.9659258262890682,0.9749279121818236,-0.22252093395631434,9.6,33
59,pizza,11.7,suburbs_south,10.0,4,34.98,car,28.0,clear,19,18,19.3,4,0,-0.9659258262890684,0.2588190451025203,-0.433883739117558,-0.9009688679024191,8.745,45
154,salads,8.5,midtown,4.4,1,10.49,car,117.0,rain,21,22,21.366666666666667,3,0,-0.7071067811865477,0.7071067811865474,0.43388373911755823,-0.900968867902419,10.49,21
32,thai,16.7,uptown,1.7,7,97.73,car,78.0,clear,18,21,18.35,0,0,-1.0,-1.8369701987210297e-16,0.0,1.0,13.961428571428572,35
83,salads,8.7,midtown,1.6,2,22.57,scooter,27.0,clear,13,29,13.483333333333333,1,0,-0.2588190451025208,-0.9659258262890683,0.7818314824680297,0.6234898018587336,11.285,20
42,pizza,16.7,downtown,2.4,4,29.06,bike,208.0,rain,20,0,20.0,2,0,-0.8660254037844386,0.5,0.9749279121818236,-0.22252093395631434,7.265,37
80,chinese,16.1,downtown,3.5,2,27.39,bike,11.0,clear,17,22,17.366666666666667,1,0,-0.9659258262890683,-0.25881904510252063,0.7818314824680297,0.6234898018587336,13.695,32
160,salads,5.0,uptown,4.4,1,13.62,bike,1574.0,cloudy,16,16,16.266666666666666,2,0,-0.8660254037844384,-0.5000000000000004,0.9749279121818236,-0.22252093395631434,13.62,27
119,indian,16.8,suburbs_south,5.1,2,31.16,scooter,45.0,clear,20,54,20.9,3,0,-0.8660254037844386,0.5,0.43388373911755823,-0.900968867902419,15.58,34
4,pizza,14.0,suburbs_south,4.1,4,50.2,bike,45.0,clear,17,43,17.716666666666665,5,1,-0.9659258262890683,-0.25881904510252063,-0.9749279121818236,-0.2225209339563146,12.55,35
45,indian,15.4,midtown,1.6,2,16.27,car,116.0,clear,23,42,23.7,1,0,-0.2588190451025215,0.9659258262890681,0.7818314824680297,0.6234898018587336,8.135,22
7,thai,17.1,midtown,3.2,4,63.17,bike,195.0,clear,15,48,15.8,5,1,-0.7071067811865471,-0.7071067811865479,-0.9749279121818236,-0.2225209339563146,15.7925,40
144,chinese,7.6,midtown,3.4,2,14.47,scooter,98.0,clear,13,29,13.483333333333333,1,0,-0.2588190451025208,-0.9659258262890683,0.7818314824680297,0.6234898018587336,7.235,23
6,sushi,16.8,midtown,3.8,3,34.56,bike,395.0,cloudy,18,25,18.416666666666668,4,0,-1.0,-1.8369701987210297e-16,-0.433883739117558,-0.9009688679024191,11.520000000000001,42
24,pizza,15.8,uptown,1.4,3,47.48,car,486.0,clear,19,36,19.6,3,0,-0.9659258262890684,0.2588190451025203,0.43388373911755823,-0.900968867902419,15.826666666666666,25
47,mexican,14.1,downtown,2.5,2,25.36,bike,2537.0,clear,12,20,12.333333333333334,4,0,1.2246467991473532e-16,-1.0,-0.433883739117558,-0.9009688679024191,12.68,28
147,chinese,17.7,midtown,3.7,1,8.67,car,47.0,clear,19,36,19.6,4,0,-0.9659258262890684,0.2588190451025203,-0.433883739117558,-0.9009688679024191,8.67,33
85,pizza,11.8,uptown,2.3,2,20.81,scooter,76.0,cloudy,18,11,18.183333333333334,5,1,-1.0,-1.8369701987210297e-16,-0.9749279121818236,-0.2225209339563146,10.405,29
40,pizza,18.4,midtown,4.9,1,15.02,scooter,54.0,clear,15,5,15.083333333333334,5,1,-0.7071067811865471,-0.7071067811865479,-0.9749279121818236,-0.2225209339563146,15.02,46
25,mexican,14.5,midtown,4.4,3,47.98,scooter,417.0,clear,15,18,15.3,4,0,-0.7071067811865471,-0.7071067811865479,-0.433883739117558,-0.9009688679024191,15.993333333333332,30
137,thai,13.3,suburbs_north,4.7,1,10.36,bike,1472.0,clear,18,10,18.166666666666668,2,0,-1.0,-1.8369701987210297e-16,0.9749279121818236,-0.22252093395631434,10.36,30
119,indian,16.8,suburbs_south,6.5,4,50.23,scooter,86.0,clear,21,52,21.866666666666667,4,0,-0.7071067811865477,0.7071067811865474,-0.433883739117558,-0.9009688679024191,12.5575,42
47,mexican,14.1,downtown,1.8,2,22.52,scooter,3328.0,clear,12,11,12.183333333333334,3,0,1.2246467991473532e-16,-1.0,0.43388373911755823,-0.900968867902419,11.26,25
69,salads,8.8,midtown,4.6,5,37.89,scooter,107.0,clear,23,28,23.466666666666665,0,0,-0.2588190451025215,0.9659258262890681,0.0,1.0,7.578,29
157,burgers,16.3,suburbs_south,10.8,6,59.27,scooter,860.0,clear,21,4,21.066666666666666,4,0,-0.7071067811865477,0.7071067811865474,-0.433883739117558,-0.9009688679024191,9.878333333333334,53
3,pizza,20.9,suburbs_north,3.2,2,30.06,bike,186.0,cloudy,16,53,16.883333333333333,2,0,-0.8660254037844384,-0.5000000000000004,0.9749279121818236,-0.22252093395631434,15.03,39
140,chinese,17.8,downtown,1.2,3,32.36,car,330.0,heavy_rain,19,55,19.916666666666668,4,0,-0.9659258262890684,0.2588190451025203,-0.433883739117558,-0.9009688679024191,10.786666666666667,35
153,salads,5.0,suburbs_south,6.6,2,28.72,car,1182.0,clear,18,44,18.733333333333334,5,1,-1.0,-1.8369701987210297e-16,-0.9749279121818236,-0.2225209339563146,14.36,23
85,pizza,11.8,uptown,3.4,4,48.54,bike,954.0,clear,20,12,20.2,5,1,-0.8660254037844386,0.5,-0.9749279121818236,-0.2225209339563146,12.135,33
80,chinese,16.1,downtown,2.5,4,52.36,scooter,85.0,rain,12,51,12.85,6,1,1.2246467991473532e-16,-1.0,-0.7818314824680299,0.6234898018587334,13.09,32
109,burgers,10.0,downtown,2.4,1,13.82,bike,130.0,heavy_rain,13,22,13.366666666666667,1,0,-0.2588190451025208,-0.9659258262890683,0.7818314824680297,0.6234898018587336,13.82,27
61,thai,18.0,suburbs_north,6.1,3,30.4,car,60.0,rain,20,34,20.566666666666666,5,1,-0.8660254037844386,0.5,-0.9749279121818236,-0.2225209339563146,10.133333333333333,53
24,pizza,15.8,uptown,2.5,6,68.66,scooter,827.0,clear,22,43,22.716666666666665,3,0,-0.5000000000000004,0.8660254037844384,0.43388373911755823,-0.900968867902419,11.443333333333333,27
50,salads,8.2,midtown,4.6,2,18.43,car,125.0,clear,13,35,13.583333333333334,0,0,-0.2588190451025208,-0.9659258262890683,0.0,1.0,9.215,23
13,indian,15.1,downtown,2.2,8,122.55,bike,97.0,clear,19,39,19.65,5,1,-0.9659258262890684,0.2588190451025203,-0.9749279121818236,-0.2225209339563146,15.31875,38
102,indian,17.4,uptown,3.9,1,9.91,scooter,73.0,heavy_rain,18,44,18.733333333333334,1,0,-1.0,-1.8369701987210297e-16,0.7818314824680297,0.6234898018587336,9.91,38
10,pizza,12.9,suburbs_north,6.5,3,30.81,car,87.0,cloudy,10,26,10.433333333333334,1,0,0.49999999999999994,-0.8660254037844387,0.7818314824680297,0.6234898018587336,10.27,39
142,indian,20.4,midtown,2.5,1,10.52,bike,350.0,cloudy,19,9,19.15,6,1,-0.9659258262890684,0.2588190451025203,-0.7818314824680299,0.6234898018587334,10.52,34
125,sushi,18.8,uptown,2.8,3,33.51,scooter,389.0,cloudy,21,29,21.483333333333334,3,0,-0.7071067811865477,0.7071067811865474,0.43388373911755823,-0.900968867902419,11.17,35
105,pizza,12.9,midtown,2.9,1,10.94,bike,678.0,clear,14,44,14.733333333333333,0,0,-0.4999999999999998,-0.8660254037844388,0.0,1.0,10.94,19
87,burgers,6.5,downtown,2.6,2,31.15,scooter,25.0,rain,18,47,18.783333333333335,5,1,-1.0,-1.8369701987210297e-16,-0.9749279121818236,-0.2225209339563146,15.575,18
141,thai,14.1,suburbs_north,9.0,2,22.32,scooter,407.0,cloudy,18,13,18.216666666666665,6,1,-1.0,-1.8369701987210297e-16,-0.7818314824680299,0.6234898018587334,11.16,48
99,thai,13.4,midtown,4.9,3,24.57,bike,147.0,rain,18,5,18.083333333333332,4,0,-1.0,-1.8369701987210297e-16,-0.433883739117558,-0.9009688679024191,8.19,46
100,pizza,12.8,uptown,2.2,2,17.56,scooter,100.0,cloudy,11,16,11.266666666666667,5,1,0.258819045102521,-0.9659258262890682,-0.9749279121818236,-0.2225209339563146,8.78,25
90,sushi,20.7,midtown,3.9,6,94.84,scooter,352.0,clear,17,21,17.35,1,0,-0.9659258262890683,-0.25881904510252063,0.7818314824680297,0.6234898018587336,15.806666666666667,43
109,burgers,10.0,downtown,1.8,2,30.32,scooter,2956.0,clear,17,11,17.183333333333334,5,1,-0.9659258262890683,-0.25881904510252063,-0.9749279121818236,-0.2225209339563146,15.16,18
5,mexican,12.4,uptown,3.2,3,27.02,bike,797.0,rain,18,3,18.05,1,0,-1.0,-1.8369701987210297e-16,0.7818314824680297,0.6234898018587336,9.006666666666666,32
86,chinese,11.8,suburbs_south,6.3,2,29.26,car,1187.0,clear,11,6,11.1,3,0,0.258819045102521,-0.9659258262890682,0.43388373911755823,-0.900968867902419,14.63,28
6,sushi,16.8,midtown,2.8,4,33.78,car,576.0,cloudy,13,16,13.266666666666667,4,0,-0.2588190451025208,-0.9659258262890683,-0.433883739117558,-0.9009688679024191,8.445,29
25,mexican,14.5,midtown,1.0,2,27.89,scooter,504.0,cloudy,21,15,21.25,3,0,-0.7071067811865477,0.7071067811865474,0.43388373911755823,-0.900968867902419,13.945,17
141,thai,14.1,suburbs_north,8.7,1,8.02,car,1699.0,rain,17,50,17.833333333333332,6,1,-0.9659258262890683,-0.25881904510252063,-0.7818314824680299,0.6234898018587334,8.02,40
123,salads,7.7,uptown,1.4,2,26.15,car,39.0,clear,21,24,21.4,4,0,-0.7071067811865477,0.7071067811865474,-0.433883739117558,-0.9009688679024191,13.075,13
137,thai,13.3,suburbs_north,10.4,1,8.96,car,47.0,cloudy,18,16,18.266666666666666,3,0,-1.0,-1.8369701987210297e-16,0.43388373911755823,-0.900968867902419,8.96,44
13,indian,15.1,downtown,2.3,2,17.37,bike,28.0,clear,13,26,13.433333333333334,5,1,-0.2588190451025208,-0.9659258262890683,-0.9749279121818236,-0.2225209339563146,8.685,34
155,indian,14.5,suburbs_south,2.4,1,9.15,scooter,1132.0,rain,10,48,10.8,2,0,0.49999999999999994,-0.8660254037844387,0.9749279121818236,-0.22252093395631434,9.15,24
4,pizza,14.0,suburbs_south,7.4,4,28.07,car,94.0,rain,23,57,23.95,3,0,-0.2588190451025215,0.9659258262890681,0.43388373911755823,-0.900968867902419,7.0175,42
40,pizza,18.4,midtown,1.8,2,20.11,bike,2790.0,clear,21,51,21.85,0,0,-0.7071067811865477,0.7071067811865474,0.0,1.0,10.055,25
117,pizza,16.2,suburbs_south,8.7,4,63.22,car,246.0,clear,11,53,11.883333333333333,5,1,0.258819045102521,-0.9659258262890682,-0.9749279121818236,-0.2225209339563146,15.805,44
104,thai,11.5,suburbs_south,2.9,4,43.9,car,109.0,cloudy,11,28,11.466666666666667,5,1,0.258819045102521,-0.9659258262890682,-0.9749279121818236,-0.2225209339563146,10.975,24
80,chinese,16.1,downtown,2.1,7,71.71,car,138.0,clear,12,13,12.216666666666667,3,0,1.2246467991473532e-16,-1.0,0.43388373911755823,-0.900968867902419,10.244285714285713,38
150,mexican,14.6,downtown,1.0,2,25.35,scooter,274.0,clear,11,0,11.0,0,0,0.258819045102521,-0.9659258262890682,0.0,1.0,12.675,16
111,pizza,8.5,downtown,1.3,3,32.81,scooter,72.0,clear,18,8,18.133333333333333,0,0,-1.0,-1.8369701987210297e-16,0.0,1.0,10.936666666666667,18
72,burgers,12.2,suburbs_south,2.7,3,25.74,car,146.0,cloudy,17,48,17.8,4,0,-0.9659258262890683,-0.25881904510252063,-0.433883739117558,-0.9009688679024191,8.58,27
98,salads,11.1,midtown,4.2,2,31.26,scooter,96.0,clear,17,32,17.533333333333335,0,0,-0.9659258262890683,-0.25881904510252063,0.0,1.0,15.63,28
25,mexican,14.5,midtown,1.7,3,39.2,bike,186.0,cloudy,16,10,16.166666666666668,2,0,-0.8660254037844384,-0.5000000000000004,0.9749279121818236,-0.22252093395631434,13.066666666666668,22
34,mexican,12.2,midtown,1.3,1,8.0,bike,291.0,cloudy,15,2,15.033333333333333,5,1,-0.7071067811865471,-0.7071067811865479,-0.9749279121818236,-0.2225209339563146,8.0,19
48,mexican,8.8,midtown,3.8,3,38.89,scooter,107.0,clear,17,46,17.766666666666666,0,0,-0.9659258262890683,-0.25881904510252063,0.0,1.0,12.963333333333333,29
49,indian,14.4,uptown,2.6,3,46.35,scooter,18.0,rain,11,55,11.916666666666666,0,0,0.258819045102521,-0.9659258262890682,0.0,1.0,15.450000000000001,26
70,thai,14.2,suburbs_north,5.5,4,52.31,scooter,145.0,clear,18,9,18.15,1,0,-1.0,-1.8369701987210297e-16,0.7818314824680297,0.6234898018587336,13.0775,41
81,sushi,17.4,downtown,2.1,4,58.75,scooter,568.0,cloudy,11,49,11.816666666666666,1,0,0.258819045102521,-0.9659258262890682,0.7818314824680297,0.6234898018587336,14.6875,31
106,pizza,12.3,downtown,2.7,4,52.53,scooter,61.0,cloudy,19,32,19.533333333333335,0,0,-0.9659258262890684,0.2588190451025203,0.0,1.0,13.1325,31
66,sushi,18.7,midtown,3.8,3,27.66,bike,431.0,clear,13,42,13.7,5,1,-0.2588190451025208,-0.9659258262890683,-0.9749279121818236,-0.2225209339563146,9.22,42
86,chinese,11.8,suburbs_south,8.7,1,8.0,scooter,66.0,cloudy,13,28,13.466666666666667,1,0,-0.2588190451025208,-0.9659258262890683,0.7818314824680297,0.6234898018587336,8.0,42
89,sushi,22.3,suburbs_north,11.3,2,23.71,car,176.0,clear,18,57,18.95,4,0,-1.0,-1.8369701987210297e-16,-0.433883739117558,-0.9009688679024191,11.855,63
9,thai,12.6,suburbs_south,4.6,2,16.05,car,117.0,cloudy,18,21,18.35,0,0,-1.0,-1.8369701987210297e-16,0.0,1.0,8.025,34
144,chinese,7.6,midtown,2.1,4,39.98,scooter,26.0,clear,20,40,20.666666666666668,4,0,-0.8660254037844386,0.5,-0.433883739117558,-0.9009688679024191,9.995,22
8,burgers,12.1,uptown,5.5,5,62.74,bike,49.0,cloudy,18,5,18.083333333333332,5,1,-1.0,-1.8369701987210297e-16,-0.9749279121818236,-0.2225209339563146,12.548,49
5,mexican,12.4,uptown,3.7,5,71.26,scooter,147.0,clear,21,12,21.2,6,1,-0.7071067811865477,0.7071067811865474,-0.7818314824680299,0.6234898018587334,14.252,25
119,indian,16.8,suburbs_south,5.5,2,14.27,scooter,438.0,rain,11,42,11.7,0,0,0.258819045102521,-0.9659258262890682,0.0,1.0,7.135,41
21,pizza,17.0,midtown,3.8,1,9.83,car,110.0,cloudy,21,7,21.116666666666667,5,1,-0.7071067811865477,0.7071067811865474,-0.9749279121818236,-0.2225209339563146,9.83,26
54,salads,9.4,downtown,1.4,6,86.83,scooter,345.0,cloudy,19,49,19.816666666666666,3,0,-0.9659258262890684,0.2588190451025203,0.43388373911755823,-0.900968867902419,14.471666666666666,24
3,pizza,20.9,suburbs_north,4.9,1,12.52,scooter,241.0,rain,21,25,21.416666666666668,2,0,-0.7071067811865477,0.7071067811865474,0.9749279121818236,-0.22252093395631434,12.52,43
99,thai,13.4,midtown,4.9,3,35.88,scooter,174.0,clear,11,12,11.2,4,0,0.258819045102521,-0.9659258262890682,-0.433883739117558,-0.9009688679024191,11.96,31
92,thai,7.0,uptown,5.2,5,67.74,car,85.0,rain,21,11,21.183333333333334,2,0,-0.7071067811865477,0.7071067811865474,0.9749279121818236,-0.22252093395631434,13.547999999999998,27
129,pizza,10.9,suburbs_north,7.2,2,24.42,car,40.0,clear,13,0,13.0,6,1,-0.2588190451025208,-0.9659258262890683,-0.7818314824680299,0.6234898018587334,12.21,34
46,indian,19.4,downtown,2.2,2,18.22,bike,24.0,clear,14,38,14.633333333333333,2,0,-0.4999999999999998,-0.8660254037844388,0.9749279121818236,-0.22252093395631434,9.11,31
131,indian,22.1,downtown,2.4,1,15.32,car,47.0,rain,19,14,19.233333333333334,1,0,-0.9659258262890684,0.2588190451025203,0.7818314824680297,0.6234898018587336,15.32,48
54,salads,9.4,downtown,1.0,2,24.08,car,11.0,cloudy,18,3,18.05,4,0,-1.0,-1.8369701987210297e-16,-0.433883739117558,-0.9009688679024191,12.04,18
36,burgers,11.8,downtown,2.5,3,47.62,scooter,102.0,cloudy,14,44,14.733333333333333,4,0,-0.4999999999999998,-0.8660254037844388,-0.433883739117558,-0.9009688679024191,15.873333333333333,21
111,pizza,8.5,downtown,1.2,3,30.24,car,124.0,cloudy,20,54,20.9,5,1,-0.8660254037844386,0.5,-0.9749279121818236,-0.2225209339563146,10.08,18
49,indian,14.4,uptown,4.2,2,16.51,scooter,189.0,cloudy,19,52,19.866666666666667,5,1,-0.9659258262890684,0.2588190451025203,-0.9749279121818236,-0.2225209339563146,8.255,37
92,thai,7.0,uptown,2.2,1,12.35,car,75.0,rain,12,47,12.783333333333333,5,1,1.2246467991473532e-16,-1.0,-0.9749279121818236,-0.2225209339563146,12.35,18
98,salads,11.1,midtown,2.2,1,12.24,bike,182.0,clear,19,5,19.083333333333332,6,1,-0.9659258262890684,0.2588190451025203,-0.7818314824680299,0.6234898018587334,12.24,26
116,sushi,16.4,downtown,2.6,3,31.03,bike,37.0,clear,18,36,18.6,6,1,-1.0,-1.8369701987210297e-16,-0.7818314824680299,0.6234898018587334,10.343333333333334,38
23,burgers,11.6,downtown,0.6,2,24.28,scooter,75.0,cloudy,13,27,13.45,6,1,-0.2588190451025208,-0.9659258262890683,-0.7818314824680299,0.6234898018587334,12.14,16
4,pizza,14.0,suburbs_south,9.5,2,30.58,car,147.0,clear,13,8,13.133333333333333,3,0,-0.2588190451025208,-0.9659258262890683,0.43388373911755823,-0.900968867902419,15.29,47
133,chinese,15.9,suburbs_north,5.2,1,11.83,scooter,45.0,cloudy,21,56,21.933333333333334,2,0,-0.7071067811865477,0.7071067811865474,0.9749279121818236,-0.22252093395631434,11.83,32
82,salads,9.2,midtown,2.5,2,17.9,scooter,256.0,cloudy,11,59,11.983333333333333,0,0,0.258819045102521,-0.9659258262890682,0.0,1.0,8.95,20
20,mexican,9.2,midtown,2.7,2,29.41,scooter,60.0,clear,17,19,17.316666666666666,1,0,-0.9659258262890683,-0.25881904510252063,0.7818314824680297,0.6234898018587336,14.705,24
107,sushi,18.0,suburbs_south,6.7,7,66.9,scooter,199.0,rain,12,3,12.05,4,0,1.2246467991473532e-16,-1.0,-0.433883739117558,-0.9009688679024191,9.557142857142859,58
156,salads,12.7,downtown,1.4,2,30.45,car,66.0,cloudy,18,10,18.166666666666668,0,0,-1.0,-1.8369701987210297e-16,0.0,1.0,15.225,19
138,thai,16.2,uptown,1.4,3,26.67,car,528.0,clear,14,47,14.783333333333333,0,0,-0.4999999999999998,-0.8660254037844388,0.0,1.0,8.89,21
27,thai,16.7,downtown,2.9,3,29.96,scooter,27.0,clear,12,42,12.7,2,0,1.2246467991473532e-16,-1.0,0.9749279121818236,-0.22252093395631434,9.986666666666666,34
85,pizza,11.8,uptown,2.5,3,31.68,bike,222.0,clear,18,10,18.166666666666668,6,1,-1.0,-1.8369701987210297e-16,-0.7818314824680299,0.6234898018587334,10.56,26
105,pizza,12.9,midtown,3.0,2,14.36,scooter,87.0,clear,18,24,18.4,0,0,-1.0,-1.8369701987210297e-16,0.0,1.0,7.18,27
79,salads,10.0,midtown,2.5,1,8.0,scooter,276.0,clear,20,16,20.266666666666666,6,1,-0.8660254037844386,0.5,-0.7818314824680299,0.6234898018587334,8.0,26
85,pizza,11.8,uptown,1.8,1,8.28,car,80.0,heavy_rain,22,55,22.916666666666668,0,0,-0.5000000000000004,0.8660254037844384,0.0,1.0,8.28,21
18,indian,20.8,suburbs_south,8.8,2,15.02,car,58.0,clear,18,6,18.1,0,0,-1.0,-1.8369701987210297e-16,0.0,1.0,7.51,48
32,thai,16.7,uptown,2.5,2,20.89,scooter,107.0,clear,12,10,12.166666666666666,2,0,1.2246467991473532e-16,-1.0,0.9749279121818236,-0.22252093395631434,10.445,32
154,salads,8.5,midtown,3.5,1,15.87,car,2528.0,rain,10,10,10.166666666666666,5,1,0.49999999999999994,-0.8660254037844387,-0.9749279121818236,-0.2225209339563146,15.87,23
85,pizza,11.8,uptown,5.9,2,28.66,scooter,105.0,clear,19,50,19.833333333333332,1,0,-0.9659258262890684,0.2588190451025203,0.7818314824680297,0.6234898018587336,14.33,39
105,pizza,12.9,midtown,3.8,6,47.76,car,448.0,clear,14,45,14.75,3,0,-0.4999999999999998,-0.8660254037844388,0.43388373911755823,-0.900968867902419,7.96,31
115,thai,13.4,downtown,0.6,2,27.85,bike,284.0,rain,12,2,12.033333333333333,5,1,1.2246467991473532e-16,-1.0,-0.9749279121818236,-0.2225209339563146,13.925,25
3,pizza,20.9,suburbs_north,7.9,3,44.37,car,60.0,clear,17,45,17.75,0,0,-0.9659258262890683,-0.25881904510252063,0.0,1.0,14.79,44
136,salads,9.3,downtown,3.6,8,89.05,scooter,61.0,heavy_rain,13,44,13.733333333333333,5,1,-0.2588190451025208,-0.9659258262890683,-0.9749279121818236,-0.2225209339563146,11.13125,35
7,thai,17.1,midtown,1.8,1,13.13,scooter,361.0,clear,13,26,13.433333333333334,0,0,-0.2588190451025208,-0.9659258262890683,0.0,1.0,13.13,31
37,pizza,17.5,midtown,3.8,1,12.1,car,182.0,clear,19,16,19.266666666666666,0,0,-0.9659258262890684,0.2588190451025203,0.0,1.0,12.1,35
18,indian,20.8,suburbs_south,4.8,3,34.98,scooter,445.0,clear,12,31,12.516666666666667,0,0,1.2246467991473532e-16,-1.0,0.0,1.0,11.659999999999998,44
19,chinese,10.6,downtown,2.6,2,25.49,bike,595.0,clear,17,31,17.516666666666666,0,0,-0.9659258262890683,-0.25881904510252063,0.0,1.0,12.745,17
150,mexican,14.6,downtown,3.6,3,27.48,car,443.0,clear,13,43,13.716666666666667,4,0,-0.2588190451025208,-0.9659258262890683,-0.433883739117558,-0.9009688679024191,9.16,36
158,indian,12.1,midtown,4.8,4,46.03,car,81.0,cloudy,22,59,22.983333333333334,4,0,-0.5000000000000004,0.8660254037844384,-0.433883739117558,-0.9009688679024191,11.5075,27
21,pizza,17.0,midtown,4.3,1,10.37,bike,83.0,clear,18,49,18.816666666666666,5,1,-1.0,-1.8369701987210297e-16,-0.9749279121818236,-0.2225209339563146,10.37,43
71,burgers,14.5,uptown,2.5,2,18.4,scooter,108.0,clear,16,20,16.333333333333332,2,0,-0.8660254037844384,-0.5000000000000004,0.9749279121818236,-0.22252093395631434,9.2,29
149,thai,15.5,downtown,1.0,2,22.81,bike,106.0,clear,19,21,19.35,1,0,-0.9659258262890684,0.2588190451025203,0.7818314824680297,0.6234898018587336,11.405,23
98,salads,11.1,midtown,1.4,3,35.23,bike,125.0,cloudy,20,32,20.533333333333335,3,0,-0.8660254037844386,0.5,0.43388373911755823,-0.900968867902419,11.743333333333332,19
142,indian,20.4,midtown,1.2,1,13.61,scooter,32.0,cloudy,18,8,18.133333333333333,1,0,-1.0,-1.8369701987210297e-16,0.7818314824680297,0.6234898018587336,13.61,32
40,pizza,18.4,midtown,2.0,3,39.99,scooter,237.0,clear,16,21,16.35,1,0,-0.8660254037844384,-0.5000000000000004,0.7818314824680297,0.6234898018587336,13.33,31
104,thai,11.5,suburbs_south,7.0,2,30.49,car,147.0,cloudy,17,1,17.016666666666666,0,0,-0.9659258262890683,-0.25881904510252063,0.0,1.0,15.245,29
74,thai,18.7,downtown,2.8,4,42.93,scooter,441.0,heavy_rain,13,57,13.95,0,0,-0.2588190451025208,-0.9659258262890683,0.0,1.0,10.7325,37
62,salads,6.7,downtown,3.0,1,14.06,scooter,271.0,clear,17,26,17.433333333333334,1,0,-0.9659258262890683,-0.25881904510252063,0.7818314824680297,0.6234898018587336,14.06,17
97,chinese,16.1,uptown,4.7,3,34.09,bike,105.0,cloudy,19,13,19.216666666666665,3,0,-0.9659258262890684,0.2588190451025203,0.43388373911755823,-0.900968867902419,11.363333333333335,43
144,chinese,7.6,midtown,2.4,5,41.11,scooter,28.0,cloudy,23,56,23.933333333333334,5,1,-0.2588190451025215,0.9659258262890681,-0.9749279121818236,-0.2225209339563146,8.222,22
159,pizza,15.0,uptown,1.4,4,37.29,scooter,129.0,clear,19,28,19.466666666666665,2,0,-0.9659258262890684,0.2588190451025203,0.9749279121818236,-0.22252093395631434,9.3225,30
31,sushi,14.7,midtown,2.7,3,39.28,scooter,198.0,clear,18,15,18.25,1,0,-1.0,-1.8369701987210297e-16,0.7818314824680297,0.6234898018587336,13.093333333333334,27
4,pizza,14.0,suburbs_south,7.1,2,31.16,scooter,202.0,clear,10,14,10.233333333333333,6,1,0.49999999999999994,-0.8660254037844387,-0.7818314824680299,0.6234898018587334,15.58,33
73,pizza,10.6,midtown,2.9,1,12.7,bike,32.0,cloudy,18,24,18.4,4,0,-1.0,-1.8369701987210297e-16,-0.433883739117558,-0.9009688679024191,12.7,31
79,salads,10.0,midtown,2.6,1,15.74,scooter,88.0,clear,18,48,18.8,3,0,-1.0,-1.8369701987210297e-16,0.43388373911755823,-0.900968867902419,15.74,26
104,thai,11.5,suburbs_south,2.8,2,18.53,scooter,159.0,clear,10,1,10.016666666666667,0,0,0.49999999999999994,-0.8660254037844387,0.0,1.0,9.265,25
109,burgers,10.0,downtown,1.0,2,20.94,scooter,112.0,heavy_rain,18,20,18.333333333333332,1,0,-1.0,-1.8369701987210297e-16,0.7818314824680297,0.6234898018587336,10.47,16
147,chinese,17.7,midtown,1.6,2,24.24,bike,64.0,clear,11,19,11.316666666666666,3,0,0.258819045102521,-0.9659258262890682,0.43388373911755823,-0.900968867902419,12.12,29
51,indian,17.0,downtown,1.3,8,87.73,scooter,380.0,rain,19,36,19.6,5,1,-0.9659258262890684,0.2588190451025203,-0.9749279121818236,-0.2225209339563146,10.96625,34
88,burgers,8.9,suburbs_south,7.0,8,102.44,car,182.0,cloudy,12,50,12.833333333333334,6,1,1.2246467991473532e-16,-1.0,-0.7818314824680299,0.6234898018587334,12.805,37
30,salads,5.0,suburbs_south,2.2,3,35.38,scooter,107.0,clear,12,9,12.15,1,0,1.2246467991473532e-16,-1.0,0.7818314824680297,0.6234898018587336,11.793333333333335,15
107,sushi,18.0,suburbs_south,3.9,5,68.69,car,147.0,rain,12,38,12.633333333333333,6,1,1.2246467991473532e-16,-1.0,-0.7818314824680299,0.6234898018587334,13.738,41
103,thai,16.4,midtown,4.6,4,61.81,bike,33.0,heavy_rain,19,1,19.016666666666666,5,1,-0.9659258262890684,0.2588190451025203,-0.9749279121818236,-0.2225209339563146,15.4525,57
95,pizza,11.9,suburbs_south,2.4,2,21.17,bike,372.0,cloudy,20,43,20.716666666666665,1,0,-0.8660254037844386,0.5,0.7818314824680297,0.6234898018587336,10.585,30
44,indian,21.0,midtown,3.1,1,11.16,bike,140.0,clear,15,32,15.533333333333333,6,1,-0.7071067811865471,-0.7071067811865479,-0.7818314824680299,0.6234898018587334,11.16,39
148,indian,16.9,suburbs_north,10.2,2,28.64,scooter,56.0,clear,17,31,17.516666666666666,0,0,-0.9659258262890683,-0.25881904510252063,0.0,1.0,14.32,53
44,indian,21.0,midtown,4.0,4,31.45,scooter,254.0,clear,18,33,18.55,1,0,-1.0,-1.8369701987210297e-16,0.7818314824680297,0.6234898018587336,7.8625,43
82,salads,9.2,midtown,1.4,2,17.05,scooter,524.0,cloudy,20,30,20.5,3,0,-0.8660254037844386,0.5,0.43388373911755823,-0.900968867902419,8.525,21
61,thai,18.0,suburbs_north,2.0,1,13.57,scooter,157.0,cloudy,13,7,13.116666666666667,4,0,-0.2588190451025208,-0.9659258262890683,-0.433883739117558,-0.9009688679024191,13.57,30
122,indian,20.0,midtown,3.3,3,41.68,scooter,12.0,clear,19,45,19.75,0,0,-0.9659258262890684,0.2588190451025203,0.0,1.0,13.893333333333333,39
109,burgers,10.0,downtown,2.5,3,28.61,scooter,17.0,clear,22,22,22.366666666666667,4,0,-0.5000000000000004,0.8660254037844384,-0.433883739117558,-0.9009688679024191,9.536666666666667,19
108,mexican,10.1,suburbs_south,2.6,1,8.35,bike,711.0,clear,15,9,15.15,1,0,-0.7071067811865471,-0.7071067811865479,0.7818314824680297,0.6234898018587336,8.35,20
122,indian,20.0,midtown,2.6,5,72.06,car,64.0,rain,11,33,11.55,3,0,0.258819045102521,-0.9659258262890682,0.43388373911755823,-0.900968867902419,14.412,35
7,thai,17.1,midtown,2.3,6,48.7,scooter,564.0,cloudy,11,7,11.116666666666667,5,1,0.258819045102521,-0.9659258262890682,-0.9749279121818236,-0.2225209339563146,8.116666666666667,35
49,indian,14.4,uptown,3.4,2,16.01,car,20.0,clear,19,52,19.866666666666667,5,1,-0.9659258262890684,0.2588190451025203,-0.9749279121818236,-0.2225209339563146,8.005,35
128,chinese,6.8,uptown,3.6,1,9.33,car,2454.0,rain,12,40,12.666666666666666,1,0,1.2246467991473532e-16,-1.0,0.7818314824680297,0.6234898018587336,9.33,21
114,chinese,12.4,suburbs_south,8.1,3,28.27,car,117.0,clear,19,2,19.033333333333335,0,0,-0.9659258262890684,0.2588190451025203,0.0,1.0,9.423333333333334,40
41,thai,19.0,downtown,2.0,4,56.74,bike,144.0,clear,19,50,19.833333333333332,1,0,-0.9659258262890684,0.2588190451025203,0.7818314824680297,0.6234898018587336,14.185,41
67,chinese,17.8,uptown,3.9,2,16.31,car,64.0,cloudy,23,40,23.666666666666668,0,0,-0.2588190451025215,0.9659258262890681,0.0,1.0,8.155,32
79,salads,10.0,midtown,3.4,1,10.66,scooter,37.0,clear,14,30,14.5,0,0,-0.4999999999999998,-0.8660254037844388,0.0,1.0,10.66,28
140,chinese,17.8,downtown,2.6,3,34.88,car,638.0,clear,19,19,19.316666666666666,0,0,-0.9659258262890684,0.2588190451025203,0.0,1.0,11.626666666666667,38
89,sushi,22.3,suburbs_north,9.3,4,39.52,car,262.0,clear,18,42,18.7,0,0,-1.0,-1.8369701987210297e-16,0.0,1.0,9.88,60
118,thai,15.5,downtown,1.6,7,96.15,bike,167.0,rain,12,11,12.183333333333334,0,0,1.2246467991473532e-16,-1.0,0.0,1.0,13.735714285714286,35
112,sushi,18.2,downtown,0.9,6,93.95,scooter,1290.0,clear,18,20,18.333333333333332,1,0,-1.0,-1.8369701987210297e-16,0.7818314824680297,0.6234898018587336,15.658333333333333,31
82,salads,9.2,midtown,3.1,5,73.52,scooter,1117.0,clear,23,46,23.766666666666666,0,0,-0.2588190451025215,0.9659258262890681,0.0,1.0,14.703999999999999,25
118,thai,15.5,downtown,2.3,3,46.4,car,11.0,clear,18,18,18.3,4,0,-1.0,-1.8369701987210297e-16,-0.433883739117558,-0.9009688679024191,15.466666666666667,34
137,thai,13.3,suburbs_north,8.0,1,12.45,car,170.0,clear,13,42,13.7,0,0,-0.2588190451025208,-0.9659258262890683,0.0,1.0,12.45,40
91,salads,10.1,suburbs_south,6.0,6,59.89,scooter,28.0,clear,10,9,10.15,5,1,0.49999999999999994,-0.8660254037844387,-0.9749279121818236,-0.2225209339563146,9.981666666666667,29
133,chinese,15.9,suburbs_north,6.6,3,47.32,car,97.0,clear,15,37,15.616666666666667,2,0,-0.7071067811865471,-0.7071067811865479,0.9749279121818236,-0.22252093395631434,15.773333333333333,37
128,chinese,6.8,uptown,3.7,6,71.01,bike,245.0,clear,11,41,11.683333333333334,5,1,0.258819045102521,-0.9659258262890682,-0.9749279121818236,-0.2225209339563146,11.835,18
15,indian,18.1,midtown,2.6,5,36.86,scooter,61.0,cloudy,17,11,17.183333333333334,3,0,-0.9659258262890683,-0.25881904510252063,0.43388373911755823,-0.900968867902419,7.372,33
77,pizza,11.4,uptown,1.2,5,53.71,bike,410.0,clear,13,32,13.533333333333333,4,0,-0.2588190451025208,-0.9659258262890683,-0.433883739117558,-0.9009688679024191,10.742,25
138,thai,16.2,uptown,2.3,2,23.06,bike,139.0,clear,14,11,14.183333333333334,2,0,-0.4999999999999998,-0.8660254037844388,0.9749279121818236,-0.22252093395631434,11.53,27
87,burgers,6.5,downtown,1.6,4,28.25,bike,187.0,clear,17,48,17.8,0,0,-0.9659258262890683,-0.25881904510252063,0.0,1.0,7.0625,23
67,chinese,17.8,uptown,1.9,3,27.32,scooter,68.0,clear,19,8,19.133333333333333,0,0,-0.9659258262890684,0.2588190451025203,0.0,1.0,9.106666666666667,37
72,burgers,12.2,suburbs_south,4.1,4,53.4,bike,18.0,rain,17,51,17.85,2,0,-0.9659258262890683,-0.25881904510252063,0.9749279121818236,-0.22252093395631434,13.35,39
18,indian,20.8,suburbs_south,5.7,2,26.6,bike,1106.0,clear,20,55,20.916666666666668,4,0,-0.8660254037844386,0.5,-0.433883739117558,-0.9009688679024191,13.3,52
111,pizza,8.5,downtown,2.2,3,32.54,car,67.0,clear,19,56,19.933333333333334,6,1,-0.9659258262890684,0.2588190451025203,-0.7818314824680299,0.6234898018587334,10.846666666666666,18
129,pizza,10.9,suburbs_north,8.1,1,8.0,scooter,218.0,clear,15,35,15.583333333333334,1,0,-0.7071067811865471,-0.7071067811865479,0.7818314824680297,0.6234898018587336,8.0,34
22,mexican,9.1,suburbs_south,7.7,2,21.29,car,45.0,clear,12,37,12.616666666666667,1,0,1.2246467991473532e-16,-1.0,0.7818314824680297,0.6234898018587336,10.645,31
79,salads,10.0,midtown,4.8,2,14.08,scooter,42.0,clear,22,36,22.6,3,0,-0.5000000000000004,0.8660254037844384,0.43388373911755823,-0.900968867902419,7.04,29
126,pizza,12.0,midtown,4.5,2,30.14,scooter,16.0,cloudy,17,8,17.133333333333333,5,1,-0.9659258262890683,-0.25881904510252063,-0.9749279121818236,-0.2225209339563146,15.07,31
60,chinese,10.4,suburbs_north,5.4,3,25.49,car,460.0,clear,19,10,19.166666666666668,3,0,-0.9659258262890684,0.2588190451025203,0.43388373911755823,-0.900968867902419,8.496666666666666,29
105,pizza,12.9,midtown,3.7,8,72.59,bike,76.0,heavy_rain,20,48,20.8,6,1,-0.8660254037844386,0.5,-0.7818314824680299,0.6234898018587334,9.07375,52
149,thai,15.5,downtown,1.3,3,28.42,scooter,123.0,rain,12,53,12.883333333333333,6,1,1.2246467991473532e-16,-1.0,-0.7818314824680299,0.6234898018587334,9.473333333333334,28
117,pizza,16.2,suburbs_south,6.1,3,43.48,car,800.0,cloudy,20,54,20.9,4,0,-0.8660254037844386,0.5,-0.433883739117558,-0.9009688679024191,14.493333333333332,35
135,sushi,20.5,downtown,3.4,1,12.05,bike,179.0,clear,12,37,12.616666666666667,5,1,1.2246467991473532e-16,-1.0,-0.9749279121818236,-0.2225209339563146,12.05,41
84,chinese,11.5,suburbs_south,7.3,1,10.8,car,40.0,clear,15,24,15.4,0,0,-0.7071067811865471,-0.7071067811865479,0.0,1.0,10.8,34
129,pizza,10.9,suburbs_north,2.6,4,39.55,scooter,53.0,clear,14,2,14.033333333333333,1,0,-0.4999999999999998,-0.8660254037844388,0.7818314824680297,0.6234898018587336,9.8875,14
26,pizza,14.9,midtown,3.0,2,30.9,bike,107.0,clear,11,7,11.116666666666667,2,0,0.258819045102521,-0.9659258262890682,0.9749279121818236,-0.22252093395631434,15.45,32
45,indian,15.4,midtown,3.1,6,88.87,bike,748.0,clear,17,28,17.466666666666665,3,0,-0.9659258262890683,-0.25881904510252063,0.43388373911755823,-0.900968867902419,14.811666666666667,33
39,thai,21.0,downtown,1.3,4,42.09,bike,18.0,clear,17,6,17.1,2,0,-0.9659258262890683,-0.25881904510252063,0.9749279121818236,-0.22252093395631434,10.5225,30
37,pizza,17.5,midtown,2.1,2,24.35,car,277.0,rain,11,6,11.1,0,0,0.258819045102521,-0.9659258262890682,0.0,1.0,12.175,32
98,salads,11.1,midtown,3.4,1,15.66,bike,71.0,heavy_rain,11,24,11.4,6,1,0.258819045102521,-0.9659258262890682,-0.7818314824680299,0.6234898018587334,15.66,35
87,burgers,6.5,downtown,1.4,6,76.26,car,147.0,cloudy,12,57,12.95,0,0,1.2246467991473532e-16,-1.0,0.0,1.0,12.71,20
122,indian,20.0,midtown,3.4,4,41.62,car,99.0,clear,12,50,12.833333333333334,3,0,1.2246467991473532e-16,-1.0,0.43388373911755823,-0.900968867902419,10.405,39
144,chinese,7.6,midtown,5.3,7,68.23,bike,47.0,cloudy,17,19,17.316666666666666,1,0,-0.9659258262890683,-0.25881904510252063,0.7818314824680297,0.6234898018587336,9.747142857142858,38
154,salads,8.5,midtown,3.6,3,34.94,scooter,8.0,rain,21,38,21.633333333333333,6,1,-0.7071067811865477,0.7071067811865474,-0.7818314824680299,0.6234898018587334,11.646666666666667,30
100,pizza,12.8,uptown,4.0,1,11.65,car,763.0,clear,12,17,12.283333333333333,2,0,1.2246467991473532e-16,-1.0,0.9749279121818236,-0.22252093395631434,11.65,27
33,sushi,21.1,midtown,2.4,1,13.01,bike,275.0,cloudy,21,54,21.9,1,0,-0.7071067811865477,0.7071067811865474,0.7818314824680297,0.6234898018587336,13.01,37
84,chinese,11.5,suburbs_south,6.4,3,31.36,car,185.0,rain,10,39,10.65,3,0,0.49999999999999994,-0.8660254037844387,0.43388373911755823,-0.900968867902419,10.453333333333333,33
81,sushi,17.4,downtown,3.3,2,28.8,scooter,32.0,clear,17,47,17.783333333333335,1,0,-0.9659258262890683,-0.25881904510252063,0.7818314824680297,0.6234898018587336,14.4,27
18,indian,20.8,suburbs_south,5.0,1,11.3,scooter,240.0,cloudy,16,54,16.9,4,0,-0.8660254037844384,-0.5000000000000004,-0.433883739117558,-0.9009688679024191,11.3,36
110,thai,12.5,suburbs_north,3.1,7,100.47,bike,223.0,clear,21,42,21.7,3,0,-0.7071067811865477,0.7071067811865474,0.43388373911755823,-0.900968867902419,14.352857142857143,29
61,thai,18.0,suburbs_north,2.9,2,31.23,scooter,512.0,clear,14,20,14.333333333333334,6,1,-0.4999999999999998,-0.8660254037844388,-0.7818314824680299,0.6234898018587334,15.615,27
160,salads,5.0,uptown,1.4,3,43.66,scooter,428.0,cloudy,10,33,10.55,3,0,0.49999999999999994,-0.8660254037844387,0.43388373911755823,-0.900968867902419,14.553333333333333,10
97,chinese,16.1,uptown,4.8,1,8.0,car,3605.0,clear,12,19,12.316666666666666,5,1,1.2246467991473532e-16,-1.0,-0.9749279121818236,-0.2225209339563146,8.0,34
19,chinese,10.6,downtown,1.4,3,38.25,car,49.0,cloudy,19,16,19.266666666666666,6,1,-0.9659258262890684,0.2588190451025203,-0.7818314824680299,0.6234898018587334,12.75,30
148,indian,16.9,suburbs_north,3.5,3,41.03,bike,86.0,cloudy,14,59,14.983333333333333,4,0,-0.4999999999999998,-0.8660254037844388,-0.433883739117558,-0.9009688679024191,13.676666666666668,30
98,salads,11.1,midtown,2.1,4,55.38,bike,381.0,clear,11,39,11.65,1,0,0.258819045102521,-0.9659258262890682,0.7818314824680297,0.6234898018587336,13.845,28
4,pizza,14.0,suburbs_south,6.4,3,28.85,car,149.0,clear,15,0,15.0,0,0,-0.7071067811865471,-0.7071067811865479,0.0,1.0,9.616666666666667,33
10,pizza,12.9,suburbs_north,5.5,2,28.61,car,533.0,clear,21,2,21.033333333333335,3,0,-0.7071067811865477,0.7071067811865474,0.43388373911755823,-0.900968867902419,14.305,26
147,chinese,17.7,midtown,1.7,3,35.54,car,224.0,clear,13,30,13.5,3,0,-0.2588190451025208,-0.9659258262890683,0.43388373911755823,-0.900968867902419,11.846666666666666,35
149,thai,15.5,downtown,1.3,2,24.83,bike,2396.0,heavy_rain,18,11,18.183333333333334,2,0,-1.0,-1.8369701987210297e-16,0.9749279121818236,-0.22252093395631434,12.415,35
141,thai,14.1,suburbs_north,6.7,1,14.23,scooter,47.0,rain,17,32,17.533333333333335,1,0,-0.9659258262890683,-0.25881904510252063,0.7818314824680297,0.6234898018587336,14.23,39
1,mexican,12.7,downtown,3.3,3,21.04,bike,147.0,clear,20,8,20.133333333333333,2,0,-0.8660254037844386,0.5,0.9749279121818236,-0.22252093395631434,7.013333333333333,29
131,indian,22.1,downtown,2.5,4,50.95,scooter,281.0,clear,18,20,18.333333333333332,4,0,-1.0,-1.8369701987210297e-16,-0.433883739117558,-0.9009688679024191,12.7375,41
103,thai,16.4,midtown,3.1,1,11.36,scooter,142.0,clear,20,2,20.033333333333335,1,0,-0.8660254037844386,0.5,0.7818314824680297,0.6234898018587336,11.36,32
142,indian,20.4,midtown,3.2,1,12.36,bike,954.0,clear,12,56,12.933333333333334,1,0,1.2246467991473532e-16,-1.0,0.7818314824680297,0.6234898018587336,12.36,39
141,thai,14.1,suburbs_north,7.7,3,47.5,car,385.0,rain,13,32,13.533333333333333,0,0,-0.2588190451025208,-0.9659258262890683,0.0,1.0,15.833333333333334,41
116,sushi,16.4,downtown,2.9,3,34.19,bike,147.0,cloudy,18,17,18.283333333333335,0,0,-1.0,-1.8369701987210297e-16,0.0,1.0,11.396666666666667,33
97,chinese,16.1,uptown,4.1,2,25.56,bike,168.0,cloudy,20,7,20.116666666666667,3,0,-0.8660254037844386,0.5,0.43388373911755823,-0.900968867902419,12.78,35
75,mexican,13.3,midtown,2.4,4,61.52,car,298.0,clear,12,34,12.566666666666666,1,0,1.2246467991473532e-16,-1.0,0.7818314824680297,0.6234898018587336,15.38,29
137,thai,13.3,suburbs_north,3.7,1,10.2,scooter,163.0,cloudy,16,50,16.833333333333332,6,1,-0.8660254037844384,-0.5000000000000004,-0.7818314824680299,0.6234898018587334,10.2,27
23,burgers,11.6,downtown,2.5,1,10.14,bike,394.0,cloudy,13,47,13.783333333333333,0,0,-0.2588190451025208,-0.9659258262890683,0.0,1.0,10.14,23
143,chinese,12.4,uptown,3.2,1,8.0,bike,3667.0,rain,12,53,12.883333333333333,1,0,1.2246467991473532e-16,-1.0,0.7818314824680297,0.6234898018587336,8.0,34
42,pizza,16.7,downtown,1.9,2,27.8,bike,56.0,rain,19,41,19.683333333333334,6,1,-0.9659258262890684,0.2588190451025203,-0.7818314824680299,0.6234898018587334,13.9,43
103,thai,16.4,midtown,1.3,3,21.7,bike,23.0,rain,12,0,12.0,2,0,1.2246467991473532e-16,-1.0,0.9749279121818236,-0.22252093395631434,7.233333333333333,32
59,pizza,11.7,suburbs_south,11.3,1,10.63,car,179.0,cloudy,19,43,19.716666666666665,1,0,-0.9659258262890684,0.2588190451025203,0.7818314824680297,0.6234898018587336,10.63,47
26,pizza,14.9,midtown,2.3,3,32.86,car,49.0,clear,17,49,17.816666666666666,0,0,-0.9659258262890683,-0.25881904510252063,0.0,1.0,10.953333333333333,21
10,pizza,12.9,suburbs_north,5.9,2,30.06,bike,193.0,clear,18,33,18.55,5,1,-1.0,-1.8369701987210297e-16,-0.9749279121818236,-0.2225209339563146,15.03,37
120,pizza,12.2,downtown,1.2,3,41.16,scooter,259.0,clear,16,52,16.866666666666667,3,0,-0.8660254037844384,-0.5000000000000004,0.43388373911755823,-0.900968867902419,13.719999999999999,15
42,pizza,16.7,downtown,2.3,2,18.65,car,19.0,clear,15,37,15.616666666666667,0,0,-0.7071067811865471,-0.7071067811865479,0.0,1.0,9.325,21
153,salads,5.0,suburbs_south,7.5,3,31.85,scooter,246.0,cloudy,22,34,22.566666666666666,4,0,-0.5000000000000004,0.8660254037844384,-0.433883739117558,-0.9009688679024191,10.616666666666667,27
21,pizza,17.0,midtown,3.4,1,15.73,bike,499.0,rain,19,14,19.233333333333334,5,1,-0.9659258262890684,0.2588190451025203,-0.9749279121818236,-0.2225209339563146,15.73,46
140,chinese,17.8,downtown,1.7,6,59.63,scooter,35.0,rain,12,50,12.833333333333334,4,0,1.2246467991473532e-16,-1.0,-0.433883739117558,-0.9009688679024191,9.938333333333334,34
68,thai,11.9,uptown,5.0,4,32.45,scooter,166.0,rain,17,29,17.483333333333334,4,0,-0.9659258262890683,-0.25881904510252063,-0.433883739117558,-0.9009688679024191,8.1125,34
71,burgers,14.5,uptown,1.8,5,37.94,bike,705.0,clear,19,3,19.05,5,1,-0.9659258262890684,0.2588190451025203,-0.9749279121818236,-0.2225209339563146,7.587999999999999,32
83,salads,8.7,midtown,3.8,2,14.82,bike,39.0,clear,18,22,18.366666666666667,4,0,-1.0,-1.8369701987210297e-16,-0.433883739117558,-0.9009688679024191,7.41,27
28,indian,19.5,downtown,3.3,2,25.99,scooter,139.0,rain,17,33,17.55,2,0,-0.9659258262890683,-0.25881904510252063,0.9749279121818236,-0.22252093395631434,12.995,33
71,burgers,14.5,uptown,3.7,2,27.24,scooter,463.0,rain,19,29,19.483333333333334,5,1,-0.9659258262890684,0.2588190451025203,-0.9749279121818236,-0.2225209339563146,13.62,34
49,indian,14.4,uptown,3.0,3,29.31,bike,104.0,heavy_rain,18,38,18.633333333333333,4,0,-1.0,-1.8369701987210297e-16,-0.433883739117558,-0.9009688679024191,9.77,39
142,indian,20.4,midtown,1.1,1,10.15,bike,478.0,clear,12,34,12.566666666666666,2,0,1.2246467991473532e-16,-1.0,0.9749279121818236,-0.22252093395631434,10.15,31
73,pizza,10.6,midtown,2.8,2,24.58,bike,344.0,rain,11,50,11.833333333333334,3,0,0.258819045102521,-0.9659258262890682,0.43388373911755823,-0.900968867902419,12.29,31
137,thai,13.3,suburbs_north,3.6,7,109.92,scooter,149.0,cloudy,18,24,18.4,4,0,-1.0,-1.8369701987210297e-16,-0.433883739117558,-0.9009688679024191,15.702857142857143,35
68,thai,11.9,uptown,5.2,3,36.84,bike,1609.0,rain,17,37,17.616666666666667,3,0,-0.9659258262890683,-0.25881904510252063,0.43388373911755823,-0.900968867902419,12.280000000000001,46
119,indian,16.8,suburbs_south,3.8,4,44.54,car,19.0,rain,19,12,19.2,6,1,-0.9659258262890684,0.2588190451025203,-0.7818314824680299,0.6234898018587334,11.135,39
151,chinese,11.8,downtown,1.0,1,8.56,bike,40.0,cloudy,18,9,18.15,4,0,-1.0,-1.8369701987210297e-16,-0.433883739117558,-0.9009688679024191,8.56,20
60,chinese,10.4,suburbs_north,5.8,4,32.3,bike,72.0,rain,21,43,21.716666666666665,0,0,-0.7071067811865477,0.7071067811865474,0.0,1.0,8.075,45
35,mexican,11.9,midtown,3.7,3,35.43,bike,147.0,cloudy,15,44,15.733333333333333,5,1,-0.7071067811865471,-0.7071067811865479,-0.9749279121818236,-0.2225209339563146,11.81,35
27,thai,16.7,downtown,1.2,1,12.1,scooter,54.0,clear,20,11,20.183333333333334,2,0,-0.8660254037844386,0.5,0.9749279121818236,-0.22252093395631434,12.1,21
104,thai,11.5,suburbs_south,11.6,2,18.96,car,38.0,rain,11,40,11.666666666666666,5,1,0.258819045102521,-0.9659258262890682,-0.9749279121818236,-0.2225209339563146,9.48,54
151,chinese,11.8,downtown,3.4,4,35.04,scooter,115.0,clear,18,22,18.366666666666667,6,1,-1.0,-1.8369701987210297e-16,-0.7818314824680299,0.6234898018587334,8.76,31
122,indian,20.0,midtown,2.4,8,126.63,scooter,147.0,clear,17,15,17.25,0,0,-0.9659258262890683,-0.25881904510252063,0.0,1.0,15.82875,35
142,indian,20.4,midtown,3.7,4,61.35,bike,64.0,clear,17,26,17.433333333333334,1,0,-0.9659258262890683,-0.25881904510252063,0.7818314824680297,0.6234898018587336,15.3375,42
136,salads,9.3,downtown,1.4,3,41.59,bike,158.0,cloudy,12,42,12.7,3,0,1.2246467991473532e-16,-1.0,0.43388373911755823,-0.900968867902419,13.863333333333335,20
36,burgers,11.8,downtown,1.9,2,20.49,scooter,537.0,rain,11,22,11.366666666666667,6,1,0.258819045102521,-0.9659258262890682,-0.7818314824680299,0.6234898018587334,10.245,22
44,indian,21.0,midtown,1.4,1,11.71,scooter,613.0,rain,19,11,19.183333333333334,3,0,-0.9659258262890684,0.2588190451025203,0.43388373911755823,-0.900968867902419,11.71,27
117,pizza,16.2,suburbs_south,5.9,3,34.86,bike,90.0,cloudy,12,15,12.25,0,0,1.2246467991473532e-16,-1.0,0.0,1.0,11.62,50
124,indian,17.6,downtown,1.4,2,14.72,bike,66.0,clear,13,52,13.866666666666667,6,1,-0.2588190451025208,-0.9659258262890683,-0.7818314824680299,0.6234898018587334,7.36,31
113,mexican,13.2,midtown,3.2,2,16.85,car,48.0,rain,18,50,18.833333333333332,1,0,-1.0,-1.8369701987210297e-16,0.7818314824680297,0.6234898018587336,8.425,28
92,thai,7.0,uptown,2.4,3,21.42,bike,18.0,clear,18,20,18.333333333333332,4,0,-1.0,-1.8369701987210297e-16,-0.433883739117558,-0.9009688679024191,7.140000000000001,18
87,burgers,6.5,downtown,1.6,1,15.42,scooter,70.0,heavy_rain,19,39,19.65,2,0,-0.9659258262890684,0.2588190451025203,0.9749279121818236,-0.22252093395631434,15.42,16
31,sushi,14.7,midtown,1.6,3,34.77,car,1026.0,clear,19,25,19.416666666666668,5,1,-0.9659258262890684,0.2588190451025203,-0.9749279121818236,-0.2225209339563146,11.590000000000002,26
144,chinese,7.6,midtown,1.5,2,26.82,scooter,121.0,clear,15,57,15.95,2,0,-0.7071067811865471,-0.7071067811865479,0.9749279121818236,-0.22252093395631434,13.41,19
89,sushi,22.3,suburbs_north,5.5,5,73.58,scooter,217.0,clear,11,5,11.083333333333334,4,0,0.258819045102521,-0.9659258262890682,-0.433883739117558,-0.9009688679024191,14.716,54
65,thai,16.7,uptown,4.0,5,55.56,bike,274.0,cloudy,18,15,18.25,3,0,-1.0,-1.8369701987210297e-16,0.43388373911755823,-0.900968867902419,11.112,46
45,indian,15.4,midtown,3.3,4,54.11,scooter,269.0,cloudy,13,35,13.583333333333334,4,0,-0.2588190451025208,-0.9659258262890683,-0.433883739117558,-0.9009688679024191,13.5275,29
17,thai,9.8,uptown,3.0,1,10.15,bike,334.0,clear,12,52,12.866666666666667,0,0,1.2246467991473532e-16,-1.0,0.0,1.0,10.15,24
89,sushi,22.3,suburbs_north,9.3,2,30.03,car,317.0,clear,19,54,19.9,3,0,-0.9659258262890684,0.2588190451025203,0.43388373911755823,-0.900968867902419,15.015,56
37,pizza,17.5,midtown,1.9,5,52.08,scooter,65.0,cloudy,10,7,10.116666666666667,5,1,0.49999999999999994,-0.8660254037844387,-0.9749279121818236,-0.2225209339563146,10.416,25
147,chinese,17.7,midtown,2.3,3,23.14,scooter,759.0,rain,13,1,13.016666666666667,4,0,-0.2588190451025208,-0.9659258262890683,-0.433883739117558,-0.9009688679024191,7.713333333333334,32
58,indian,21.6,uptown,3.9,5,51.2,car,510.0,rain,18,8,18.133333333333333,2,0,-1.0,-1.8369701987210297e-16,0.9749279121818236,-0.22252093395631434,10.24,46
151,chinese,11.8,downtown,3.3,3,36.28,bike,430.0,clear,18,54,18.9,1,0,-1.0,-1.8369701987210297e-16,0.7818314824680297,0.6234898018587336,12.093333333333334,29
26,pizza,14.9,midtown,4.9,3,30.76,car,809.0,clear,18,52,18.866666666666667,4,0,-1.0,-1.8369701987210297e-16,-0.433883739117558,-0.9009688679024191,10.253333333333334,29
106,pizza,12.3,downtown,2.5,1,14.89,bike,185.0,clear,21,7,21.116666666666667,3,0,-0.7071067811865477,0.7071067811865474,0.43388373911755823,-0.900968867902419,14.89,20
160,salads,5.0,uptown,2.0,4,62.73,bike,36.0,cloudy,19,29,19.483333333333334,1,0,-0.9659258262890684,0.2588190451025203,0.7818314824680297,0.6234898018587336,15.6825,16
96,thai,15.7,downtown,1.7,3,41.51,bike,33.0,clear,20,50,20.833333333333332,6,1,-0.8660254037844386,0.5,-0.7818314824680299,0.6234898018587334,13.836666666666666,34
21,pizza,17.0,midtown,2.1,2,26.45,car,1204.0,clear,21,31,21.516666666666666,5,1,-0.7071067811865477,0.7071067811865474,-0.9749279121818236,-0.2225209339563146,13.225,27
137,thai,13.3,suburbs_north,4.8,1,8.0,scooter,275.0,clear,18,52,18.866666666666667,2,0,-1.0,-1.8369701987210297e-16,0.9749279121818236,-0.22252093395631434,8.0,29
130,mexican,15.3,downtown,2.7,2,18.2,scooter,6303.0,rain,16,27,16.45,2,0,-0.8660254037844384,-0.5000000000000004,0.9749279121818236,-0.22252093395631434,9.1,32
43,chinese,12.4,uptown,4.7,2,21.15,car,494.0,cloudy,13,0,13.0,4,0,-0.2588190451025208,-0.9659258262890683,-0.433883739117558,-0.9009688679024191,10.575,29
79,salads,10.0,midtown,1.4,7,107.66,scooter,2065.0,clear,13,31,13.516666666666667,1,0,-0.2588190451025208,-0.9659258262890683,0.7818314824680297,0.6234898018587336,15.379999999999999,21
158,indian,12.1,midtown,3.3,2,23.66,bike,107.0,cloudy,18,49,18.816666666666666,0,0,-1.0,-1.8369701987210297e-16,0.0,1.0,11.83,37
92,thai,7.0,uptown,3.1,3,23.68,car,213.0,cloudy,13,23,13.383333333333333,6,1,-0.2588190451025208,-0.9659258262890683,-0.7818314824680299,0.6234898018587334,7.8933333333333335,21
53,thai,11.5,midtown,1.8,6,61.44,bike,214.0,clear,20,36,20.6,4,0,-0.8660254037844386,0.5,-0.433883739117558,-0.9009688679024191,10.24,31
76,mexican,10.0,uptown,1.6,4,38.15,scooter,193.0,cloudy,16,12,16.2,5,1,-0.8660254037844384,-0.5000000000000004,-0.9749279121818236,-0.2225209339563146,9.5375,22
126,pizza,12.0,midtown,3.6,1,11.4,car,409.0,clear,12,53,12.883333333333333,2,0,1.2246467991473532e-16,-1.0,0.9749279121818236,-0.22252093395631434,11.4,23
112,sushi,18.2,downtown,1.3,4,55.32,bike,67.0,rain,16,53,16.883333333333333,4,0,-0.8660254037844384,-0.5000000000000004,-0.433883739117558,-0.9009688679024191,13.83,31
127,indian,15.6,downtown,1.1,2,14.25,car,46.0,clear,10,35,10.583333333333334,4,0,0.49999999999999994,-0.8660254037844387,-0.433883739117558,-0.9009688679024191,7.125,21
136,salads,9.3,downtown,2.8,6,74.84,bike,48.0,clear,20,37,20.616666666666667,3,0,-0.8660254037844386,0.5,0.43388373911755823,-0.900968867902419,12.473333333333334,38
146,thai,14.2,uptown,3.6,2,23.28,scooter,447.0,cloudy,22,42,22.7,5,1,-0.5000000000000004,0.8660254037844384,-0.9749279121818236,-0.2225209339563146,11.64,28
33,sushi,21.1,midtown,4.5,4,51.79,scooter,165.0,cloudy,12,51,12.85,4,0,1.2246467991473532e-16,-1.0,-0.433883739117558,-0.9009688679024191,12.9475,48
29,salads,9.9,midtown,3.2,3,42.51,scooter,382.0,clear,18,59,18.983333333333334,3,0,-1.0,-1.8369701987210297e-16,0.43388373911755823,-0.900968867902419,14.17,26
70,thai,14.2,suburbs_north,3.9,3,24.02,bike,298.0,clear,19,30,19.5,5,1,-0.9659258262890684,0.2588190451025203,-0.9749279121818236,-0.2225209339563146,8.006666666666666,45
43,chinese,12.4,uptown,3.0,2,20.75,car,8.0,clear,14,37,14.616666666666667,2,0,-0.4999999999999998,-0.8660254037844388,0.9749279121818236,-0.22252093395631434,10.375,22
32,thai,16.7,uptown,4.6,3,33.69,scooter,80.0,rain,12,50,12.833333333333334,3,0,1.2246467991473532e-16,-1.0,0.43388373911755823,-0.900968867902419,11.229999999999999,40
139,indian,20.7,midtown,2.6,3,41.84,bike,785.0,cloudy,12,18,12.3,6,1,1.2246467991473532e-16,-1.0,-0.7818314824680299,0.6234898018587334,13.946666666666667,44
6,sushi,16.8,midtown,1.6,1,14.3,bike,15.0,clear,11,9,11.15,5,1,0.258819045102521,-0.9659258262890682,-0.9749279121818236,-0.2225209339563146,14.3,32
68,thai,11.9,uptown,2.0,4,49.17,bike,120.0,clear,12,29,12.483333333333333,5,1,1.2246467991473532e-16,-1.0,-0.9749279121818236,-0.2225209339563146,12.2925,29
152,indian,18.0,suburbs_north,11.1,1,11.84,car,61.0,clear,13,59,13.983333333333333,0,0,-0.2588190451025208,-0.9659258262890683,0.0,1.0,11.84,48
34,mexican,12.2,midtown,1.7,5,52.42,bike,256.0,clear,18,3,18.05,3,0,-1.0,-1.8369701987210297e-16,0.43388373911755823,-0.900968867902419,10.484,23
35,mexican,11.9,midtown,2.1,2,21.53,bike,29.0,clear,18,6,18.1,0,0,-1.0,-1.8369701987210297e-16,0.0,1.0,10.765,20
76,mexican,10.0,uptown,3.2,6,54.77,scooter,305.0,heavy_rain,13,9,13.15,3,0,-0.2588190451025208,-0.9659258262890683,0.43388373911755823,-0.900968867902419,9.128333333333334,34
38,pizza,16.9,midtown,1.2,3,27.86,scooter,3220.0,cloudy,23,26,23.433333333333334,4,0,-0.2588190451025215,0.9659258262890681,-0.433883739117558,-0.9009688679024191,9.286666666666667,24
63,pizza,12.6,downtown,1.8,2,20.99,scooter,374.0,clear,20,2,20.033333333333335,0,0,-0.8660254037844386,0.5,0.0,1.0,10.495,25
107,sushi,18.0,suburbs_south,5.2,1,8.17,car,147.0,cloudy,20,49,20.816666666666666,1,0,-0.8660254037844386,0.5,0.7818314824680297,0.6234898018587336,8.17,33
127,indian,15.6,downtown,2.7,4,45.83,car,268.0,cloudy,19,53,19.883333333333333,2,0,-0.9659258262890684,0.2588190451025203,0.9749279121818236,-0.22252093395631434,11.4575,33
129,pizza,10.9,suburbs_north,3.8,2,15.8,car,80.0,heavy_rain,13,59,13.983333333333333,2,0,-0.2588190451025208,-0.9659258262890683,0.9749279121818236,-0.22252093395631434,7.9,30
118,thai,15.5,downtown,1.7,2,16.16,scooter,249.0,cloudy,20,2,20.033333333333335,2,0,-0.8660254037844386,0.5,0.9749279121818236,-0.22252093395631434,8.08,26
133,chinese,15.9,suburbs_north,2.6,2,20.93,bike,605.0,clear,16,20,16.333333333333332,2,0,-0.8660254037844384,-0.5000000000000004,0.9749279121818236,-0.22252093395631434,10.465,31
110,thai,12.5,suburbs_north,8.8,1,15.92,scooter,147.0,rain,12,49,12.816666666666666,1,0,1.2246467991473532e-16,-1.0,0.7818314824680297,0.6234898018587336,15.92,40
135,sushi,20.5,downtown,2.5,2,18.37,bike,45.0,clear,11,24,11.4,1,0,0.258819045102521,-0.9659258262890682,0.7818314824680297,0.6234898018587336,9.185,36
2,thai,10.5,downtown,2.6,4,49.96,car,412.0,clear,15,23,15.383333333333333,5,1,-0.7071067811865471,-0.7071067811865479,-0.9749279121818236,-0.2225209339563146,12.49,18
111,pizza,8.5,downtown,2.0,2,19.08,bike,195.0,clear,18,29,18.483333333333334,1,0,-1.0,-1.8369701987210297e-16,0.7818314824680297,0.6234898018587336,9.54,19
60,chinese,10.4,suburbs_north,3.1,3,39.59,bike,101.0,cloudy,18,12,18.2,2,0,-1.0,-1.8369701987210297e-16,0.9749279121818236,-0.22252093395631434,13.196666666666667,27
160,salads,5.0,uptown,1.8,1,15.93,bike,259.0,cloudy,22,28,22.466666666666665,4,0,-0.5000000000000004,0.8660254037844384,-0.433883739117558,-0.9009688679024191,15.93,15
136,salads,9.3,downtown,2.4,3,35.25,car,72.0,rain,13,48,13.8,4,0,-0.2588190451025208,-0.9659258262890683,-0.433883739117558,-0.9009688679024191,11.75,26
146,thai,14.2,uptown,6.0,3,22.47,bike,38.0,clear,19,56,19.933333333333334,4,0,-0.9659258262890684,0.2588190451025203,-0.433883739117558,-0.9009688679024191,7.489999999999999,45
49,indian,14.4,uptown,4.4,3,21.7,scooter,286.0,clear,18,37,18.616666666666667,5,1,-1.0,-1.8369701987210297e-16,-0.9749279121818236,-0.2225209339563146,7.233333333333333,30
152,indian,18.0,suburbs_north,4.2,2,30.95,car,326.0,cloudy,19,58,19.966666666666665,6,1,-0.9659258262890684,0.2588190451025203,-0.7818314824680299,0.6234898018587334,15.475,33
11,indian,20.4,uptown,1.4,4,37.75,scooter,125.0,clear,18,15,18.25,1,0,-1.0,-1.8369701987210297e-16,0.7818314824680297,0.6234898018587336,9.4375,34
146,thai,14.2,uptown,2.6,1,15.7,bike,56.0,clear,11,26,11.433333333333334,4,0,0.258819045102521,-0.9659258262890682,-0.433883739117558,-0.9009688679024191,15.7,29
140,chinese,17.8,downtown,0.7,3,35.24,scooter,625.0,cloudy,17,31,17.516666666666666,3,0,-0.9659258262890683,-0.25881904510252063,0.43388373911755823,-0.900968867902419,11.746666666666668,25
103,thai,16.4,midtown,4.7,2,19.3,car,31.0,clear,18,11,18.183333333333334,4,0,-1.0,-1.8369701987210297e-16,-0.433883739117558,-0.9009688679024191,9.65,36
106,pizza,12.3,downtown,1.1,8,118.97,car,833.0,clear,17,11,17.183333333333334,4,0,-0.9659258262890683,-0.25881904510252063,-0.433883739117558,-0.9009688679024191,14.87125,21
116,sushi,16.4,downtown,2.4,4,42.61,bike,20.0,clear,16,4,16.066666666666666,3,0,-0.8660254037844384,-0.5000000000000004,0.43388373911755823,-0.900968867902419,10.6525,29
37,pizza,17.5,midtown,1.2,2,29.73,scooter,194.0,cloudy,18,24,18.4,0,0,-1.0,-1.8369701987210297e-16,0.0,1.0,14.865,26
49,indian,14.4,uptown,4.5,4,41.87,scooter,75.0,cloudy,19,7,19.116666666666667,0,0,-0.9659258262890684,0.2588190451025203,0.0,1.0,10.4675,31
156,salads,12.7,downtown,0.8,3,34.24,bike,62.0,rain,13,23,13.383333333333333,6,1,-0.2588190451025208,-0.9659258262890683,-0.7818314824680299,0.6234898018587334,11.413333333333334,22
115,thai,13.4,downtown,2.3,4,36.52,bike,1261.0,clear,13,32,13.533333333333333,6,1,-0.2588190451025208,-0.9659258262890683,-0.7818314824680299,0.6234898018587334,9.13,26
154,salads,8.5,midtown,4.0,2,21.52,scooter,39.0,cloudy,19,33,19.55,2,0,-0.9659258262890684,0.2588190451025203,0.9749279121818236,-0.22252093395631434,10.76,28
103,thai,16.4,midtown,4.8,3,26.97,bike,120.0,rain,13,49,13.816666666666666,4,0,-0.2588190451025208,-0.9659258262890683,-0.433883739117558,-0.9009688679024191,8.99,51
5,mexican,12.4,uptown,2.3,2,28.25,scooter,130.0,clear,17,14,17.233333333333334,6,1,-0.9659258262890683,-0.25881904510252063,-0.7818314824680299,0.6234898018587334,14.125,25
131,indian,22.1,downtown,1.7,3,40.06,car,197.0,cloudy,11,23,11.383333333333333,2,0,0.258819045102521,-0.9659258262890682,0.9749279121818236,-0.22252093395631434,13.353333333333333,42
89,sushi,22.3,suburbs_north,4.5,5,39.64,car,336.0,cloudy,12,42,12.7,2,0,1.2246467991473532e-16,-1.0,0.9749279121818236,-0.22252093395631434,7.928,42
76,mexican,10.0,uptown,3.2,2,27.31,bike,185.0,clear,17,27,17.45,3,0,-0.9659258262890683,-0.25881904510252063,0.43388373911755823,-0.900968867902419,13.655,26
5,mexican,12.4,uptown,3.1,2,28.18,bike,176.0,cloudy,11,30,11.5,0,0,0.258819045102521,-0.9659258262890682,0.0,1.0,14.09,29
74,thai,18.7,downtown,2.6,4,51.86,scooter,685.0,clear,11,36,11.6,0,0,0.258819045102521,-0.9659258262890682,0.0,1.0,12.965,42
74,thai,18.7,downtown,1.0,2,20.79,car,112.0,rain,19,36,19.6,5,1,-0.9659258262890684,0.2588190451025203,-0.9749279121818236,-0.2225209339563146,10.395,30
147,chinese,17.7,midtown,1.3,2,28.67,scooter,692.0,clear,11,32,11.533333333333333,5,1,0.258819045102521,-0.9659258262890682,-0.9749279121818236,-0.2225209339563146,14.335,27
24,pizza,15.8,uptown,4.5,3,46.63,car,800.0,heavy_rain,16,20,16.333333333333332,0,0,-0.8660254037844384,-0.5000000000000004,0.0,1.0,15.543333333333335,32
54,salads,9.4,downtown,0.9,3,32.39,car,61.0,cloudy,20,25,20.416666666666668,4,0,-0.8660254037844386,0.5,-0.433883739117558,-0.9009688679024191,10.796666666666667,14
55,salads,5.0,midtown,2.2,1,12.66,scooter,802.0,rain,20,59,20.983333333333334,1,0,-0.8660254037844386,0.5,0.7818314824680297,0.6234898018587336,12.66,20
109,burgers,10.0,downtown,1.7,6,93.15,bike,170.0,rain,13,38,13.633333333333333,1,0,-0.2588190451025208,-0.9659258262890683,0.7818314824680297,0.6234898018587336,15.525,27
103,thai,16.4,midtown,2.9,3,27.3,bike,57.0,clear,13,51,13.85,0,0,-0.2588190451025208,-0.9659258262890683,0.0,1.0,9.1,35
12,thai,12.8,midtown,1.2,2,20.46,bike,68.0,cloudy,17,27,17.45,1,0,-0.9659258262890683,-0.25881904510252063,0.7818314824680297,0.6234898018587336,10.23,26
57,sushi,15.1,midtown,1.5,1,9.35,bike,86.0,cloudy,18,1,18.016666666666666,1,0,-1.0,-1.8369701987210297e-16,0.7818314824680297,0.6234898018587336,9.35,26
117,pizza,16.2,suburbs_south,9.5,1,8.51,car,496.0,clear,22,53,22.883333333333333,2,0,-0.5000000000000004,0.8660254037844384,0.9749279121818236,-0.22252093395631434,8.51,44
159,pizza,15.0,uptown,3.7,2,16.43,scooter,97.0,clear,21,33,21.55,1,0,-0.7071067811865477,0.7071067811865474,0.7818314824680297,0.6234898018587336,8.215,30
134,mexican,10.8,midtown,1.6,1,14.53,bike,1286.0,clear,18,55,18.916666666666668,6,1,-1.0,-1.8369701987210297e-16,-0.7818314824680299,0.6234898018587334,14.53,24
90,sushi,20.7,midtown,1.3,3,36.91,bike,61.0,rain,18,38,18.633333333333333,1,0,-1.0,-1.8369701987210297e-16,0.7818314824680297,0.6234898018587336,12.303333333333333,25
140,chinese,17.8,downtown,1.0,2,19.91,bike,128.0,rain,10,2,10.033333333333333,1,0,0.49999999999999994,-0.8660254037844387,0.7818314824680297,0.6234898018587336,9.955,28
2,thai,10.5,downtown,1.0,4,55.57,scooter,69.0,clear,18,23,18.383333333333333,6,1,-1.0,-1.8369701987210297e-16,-0.7818314824680299,0.6234898018587334,13.8925,19
53,thai,11.5,midtown,2.5,2,14.8,bike,564.0,clear,21,4,21.066666666666666,5,1,-0.7071067811865477,0.7071067811865474,-0.9749279121818236,-0.2225209339563146,7.4,27
152,indian,18.0,suburbs_north,6.6,1,8.57,car,976.0,cloudy,13,34,13.566666666666666,5,1,-0.2588190451025208,-0.9659258262890683,-0.9749279121818236,-0.2225209339563146,8.57,40
93,sushi,16.7,downtown,2.6,2,17.04,scooter,60.0,clear,14,31,14.516666666666667,1,0,-0.4999999999999998,-0.8660254037844388,0.7818314824680297,0.6234898018587336,8.52,22
144,chinese,7.6,midtown,1.9,1,8.65,bike,97.0,clear,14,23,14.383333333333333,6,1,-0.4999999999999998,-0.8660254037844388,-0.7818314824680299,0.6234898018587334,8.65,22
138,thai,16.2,uptown,1.7,1,8.0,scooter,72.0,clear,14,2,14.033333333333333,2,0,-0.4999999999999998,-0.8660254037844388,0.9749279121818236,-0.22252093395631434,8.0,23
23,burgers,11.6,downtown,0.7,1,14.83,bike,380.0,clear,23,26,23.433333333333334,4,0,-0.2588190451025215,0.9659258262890681,-0.433883739117558,-0.9009688679024191,14.83,18
49,indian,14.4,uptown,2.6,1,11.26,scooter,65.0,clear,12,12,12.2,3,0,1.2246467991473532e-16,-1.0,0.43388373911755823,-0.900968867902419,11.26,24
146,thai,14.2,uptown,1.7,3,30.56,scooter,547.0,cloudy,11,28,11.466666666666667,0,0,0.258819045102521,-0.9659258262890682,0.0,1.0,10.186666666666666,29
156,salads,12.7,downtown,1.2,4,31.89,bike,645.0,clear,21,2,21.033333333333335,5,1,-0.7071067811865477,0.7071067811865474,-0.9749279121818236,-0.2225209339563146,7.9725,25
105,pizza,12.9,midtown,4.5,3,30.64,bike,270.0,clear,12,1,12.016666666666667,5,1,1.2246467991473532e-16,-1.0,-0.9749279121818236,-0.2225209339563146,10.213333333333333,34
108,mexican,10.1,suburbs_south,11.0,2,26.06,car,304.0,clear,22,9,22.15,5,1,-0.5000000000000004,0.8660254037844384,-0.9749279121818236,-0.2225209339563146,13.03,46
18,indian,20.8,suburbs_south,3.2,1,14.46,scooter,112.0,clear,16,45,16.75,3,0,-0.8660254037844384,-0.5000000000000004,0.43388373911755823,-0.900968867902419,14.46,32
26,pizza,14.9,midtown,3.8,5,46.07,bike,113.0,rain,18,18,18.3,3,0,-1.0,-1.8369701987210297e-16,0.43388373911755823,-0.900968867902419,9.214,50
122,indian,20.0,midtown,2.6,3,39.02,bike,720.0,clear,19,6,19.1,1,0,-0.9659258262890684,0.2588190451025203,0.7818314824680297,0.6234898018587336,13.006666666666668,38
66,sushi,18.7,midtown,4.2,3,47.02,bike,147.0,clear,21,51,21.85,2,0,-0.7071067811865477,0.7071067811865474,0.9749279121818236,-0.22252093395631434,15.673333333333334,45
146,thai,14.2,uptown,2.7,1,12.83,bike,20.0,clear,19,0,19.0,4,0,-0.9659258262890684,0.2588190451025203,-0.433883739117558,-0.9009688679024191,12.83,29
29,salads,9.9,midtown,1.9,2,16.7,scooter,65.0,rain,22,48,22.8,6,1,-0.5000000000000004,0.8660254037844384,-0.7818314824680299,0.6234898018587334,8.35,16
157,burgers,16.3,suburbs_south,6.9,4,44.52,car,454.0,rain,15,29,15.483333333333333,5,1,-0.7071067811865471,-0.7071067811865479,-0.9749279121818236,-0.2225209339563146,11.13,44
31,sushi,14.7,midtown,3.4,2,19.11,bike,40.0,clear,21,58,21.966666666666665,6,1,-0.7071067811865477,0.7071067811865474,-0.7818314824680299,0.6234898018587334,9.555,32
160,salads,5.0,uptown,1.3,1,10.9,scooter,133.0,cloudy,21,51,21.85,3,0,-0.7071067811865477,0.7071067811865474,0.43388373911755823,-0.900968867902419,10.9,10
84,chinese,11.5,suburbs_south,5.8,5,69.49,bike,147.0,clear,18,28,18.466666666666665,1,0,-1.0,-1.8369701987210297e-16,0.7818314824680297,0.6234898018587336,13.898,39
31,sushi,14.7,midtown,3.7,1,10.33,scooter,312.0,clear,17,2,17.033333333333335,2,0,-0.9659258262890683,-0.25881904510252063,0.9749279121818236,-0.22252093395631434,10.33,31
139,indian,20.7,midtown,3.9,4,37.22,bike,416.0,rain,21,38,21.633333333333333,4,0,-0.7071067811865477,0.7071067811865474,-0.433883739117558,-0.9009688679024191,9.305,46
97,chinese,16.1,uptown,4.0,1,10.85,scooter,946.0,clear,18,56,18.933333333333334,1,0,-1.0,-1.8369701987210297e-16,0.7818314824680297,0.6234898018587336,10.85,36
80,chinese,16.1,downtown,2.4,4,43.65,scooter,212.0,clear,18,33,18.55,0,0,-1.0,-1.8369701987210297e-16,0.0,1.0,10.9125,32
52,mexican,5.5,uptown,2.1,8,78.94,scooter,3.0,cloudy,11,55,11.916666666666666,1,0,0.258819045102521,-0.9659258262890682,0.7818314824680297,0.6234898018587336,9.8675,19
74,thai,18.7,downtown,2.7,3,29.7,bike,10.0,clear,20,57,20.95,1,0,-0.8660254037844386,0.5,0.7818314824680297,0.6234898018587336,9.9,40
148,indian,16.9,suburbs_north,3.2,3,44.45,scooter,49.0,clear,15,58,15.966666666666667,0,0,-0.7071067811865471,-0.7071067811865479,0.0,1.0,14.816666666666668,32
138,thai,16.2,uptown,2.5,3,27.98,scooter,145.0,clear,20,51,20.85,5,1,-0.8660254037844386,0.5,-0.9749279121818236,-0.2225209339563146,9.326666666666666,33
102,indian,17.4,uptown,3.3,1,10.16,bike,518.0,rain,13,26,13.433333333333334,6,1,-0.2588190451025208,-0.9659258262890683,-0.7818314824680299,0.6234898018587334,10.16,35
19,chinese,10.6,downtown,3.3,2,17.52,car,190.0,clear,19,0,19.0,5,1,-0.9659258262890684,0.2588190451025203,-0.9749279121818236,-0.2225209339563146,8.76,33
130,mexican,15.3,downtown,3.0,1,13.32,bike,37.0,clear,11,47,11.783333333333333,3,0,0.258819045102521,-0.9659258262890682,0.43388373911755823,-0.900968867902419,13.32,34
124,indian,17.6,downtown,2.9,2,17.96,scooter,648.0,cloudy,19,17,19.283333333333335,4,0,-0.9659258262890684,0.2588190451025203,-0.433883739117558,-0.9009688679024191,8.98,34
140,chinese,17.8,downtown,1.0,1,8.59,scooter,110.0,clear,15,19,15.316666666666666,0,0,-0.7071067811865471,-0.7071067811865479,0.0,1.0,8.59,22
15,indian,18.1,midtown,1.3,2,14.39,scooter,305.0,clear,16,37,16.616666666666667,5,1,-0.8660254037844384,-0.5000000000000004,-0.9749279121818236,-0.2225209339563146,7.195,29
63,pizza,12.6,downtown,1.3,1,13.13,scooter,49.0,heavy_rain,20,40,20.666666666666668,3,0,-0.8660254037844386,0.5,0.43388373911755823,-0.900968867902419,13.13,23
9,thai,12.6,suburbs_south,2.5,5,67.82,bike,237.0,clear,11,43,11.716666666666667,3,0,0.258819045102521,-0.9659258262890682,0.43388373911755823,-0.900968867902419,13.563999999999998,27
154,salads,8.5,midtown,5.4,1,11.07,bike,107.0,clear,19,28,19.466666666666665,2,0,-0.9659258262890684,0.2588190451025203,0.9749279121818236,-0.22252093395631434,11.07,38
16,salads,7.8,uptown,2.7,1,14.24,scooter,92.0,clear,13,36,13.6,5,1,-0.2588190451025208,-0.9659258262890683,-0.9749279121818236,-0.2225209339563146,14.24,23
25,mexican,14.5,midtown,1.4,2,28.37,car,269.0,cloudy,19,48,19.8,0,0,-0.9659258262890684,0.2588190451025203,0.0,1.0,14.185,31
150,mexican,14.6,downtown,2.7,6,46.92,bike,65.0,clear,14,15,14.25,4,0,-0.4999999999999998,-0.8660254037844388,-0.433883739117558,-0.9009688679024191,7.82,36
94,sushi,20.2,downtown,3.1,5,49.72,car,3510.0,rain,10,29,10.483333333333333,0,0,0.49999999999999994,-0.8660254037844387,0.0,1.0,9.943999999999999,34
61,thai,18.0,suburbs_north,7.7,4,51.7,car,41.0,heavy_rain,10,4,10.066666666666666,5,1,0.49999999999999994,-0.8660254037844387,-0.9749279121818236,-0.2225209339563146,12.925,51
1,mexican,12.7,downtown,2.1,4,29.69,scooter,27.0,rain,19,45,19.75,1,0,-0.9659258262890684,0.2588190451025203,0.7818314824680297,0.6234898018587336,7.4225,25
140,chinese,17.8,downtown,1.1,1,8.3,bike,428.0,clear,19,33,19.55,0,0,-0.9659258262890684,0.2588190451025203,0.0,1.0,8.3,30
64,mexican,11.6,suburbs_north,5.3,3,41.59,car,66.0,clear,13,44,13.733333333333333,1,0,-0.2588190451025208,-0.9659258262890683,0.7818314824680297,0.6234898018587336,13.863333333333335,31
122,indian,20.0,midtown,2.7,1,11.05,scooter,115.0,cloudy,22,12,22.2,2,0,-0.5000000000000004,0.8660254037844384,0.9749279121818236,-0.22252093395631434,11.05,30
34,mexican,12.2,midtown,3.7,3,41.34,bike,34.0,clear,12,50,12.833333333333334,3,0,1.2246467991473532e-16,-1.0,0.43388373911755823,-0.900968867902419,13.780000000000001,34
42,pizza,16.7,downtown,2.1,4,28.59,bike,124.0,clear,21,1,21.016666666666666,5,1,-0.7071067811865477,0.7071067811865474,-0.9749279121818236,-0.2225209339563146,7.1475,36
55,salads,5.0,midtown,4.7,1,8.53,scooter,37.0,clear,13,51,13.85,3,0,-0.2588190451025208,-0.9659258262890683,0.43388373911755823,-0.900968867902419,8.53,28
89,sushi,22.3,suburbs_north,5.9,2,21.72,car,51.0,clear,11,53,11.883333333333333,4,0,0.258819045102521,-0.9659258262890682,-0.433883739117558,-0.9009688679024191,10.86,48
31,sushi,14.7,midtown,1.0,2,29.43,scooter,71.0,cloudy,22,17,22.283333333333335,1,0,-0.5000000000000004,0.8660254037844384,0.7818314824680297,0.6234898018587336,14.715,22
159,pizza,15.0,uptown,2.6,1,8.89,scooter,137.0,clear,19,35,19.583333333333332,2,0,-0.9659258262890684,0.2588190451025203,0.9749279121818236,-0.22252093395631434,8.89,31
95,pizza,11.9,suburbs_south,9.6,1,8.37,car,211.0,clear,20,21,20.35,3,0,-0.8660254037844386,0.5,0.43388373911755823,-0.900968867902419,8.37,37
25,mexican,14.5,midtown,2.8,2,21.53,car,297.0,heavy_rain,20,25,20.416666666666668,3,0,-0.8660254037844386,0.5,0.43388373911755823,-0.900968867902419,10.765,27
112,sushi,18.2,downtown,0.9,1,14.2,bike,46.0,clear,21,44,21.733333333333334,0,0,-0.7071067811865477,0.7071067811865474,0.0,1.0,14.2,23
132,mexican,13.3,downtown,0.8,1,13.06,bike,1183.0,clear,22,58,22.966666666666665,3,0,-0.5000000000000004,0.8660254037844384,0.43388373911755823,-0.900968867902419,13.06,19
160,salads,5.0,uptown,2.1,2,19.74,scooter,186.0,heavy_rain,12,39,12.65,0,0,1.2246467991473532e-16,-1.0,0.0,1.0,9.87,18
8,burgers,12.1,uptown,3.2,4,58.97,bike,59.0,clear,17,17,17.283333333333335,6,1,-0.9659258262890683,-0.25881904510252063,-0.7818314824680299,0.6234898018587334,14.7425,33
136,salads,9.3,downtown,1.9,2,22.14,scooter,220.0,rain,23,23,23.383333333333333,6,1,-0.2588190451025215,0.9659258262890681,-0.7818314824680299,0.6234898018587334,11.07,16
158,indian,12.1,midtown,5.4,5,57.6,scooter,379.0,clear,19,25,19.416666666666668,1,0,-0.9659258262890684,0.2588190451025203,0.7818314824680297,0.6234898018587336,11.52,33
47,mexican,14.1,downtown,2.0,2,31.55,scooter,487.0,cloudy,18,30,18.5,1,0,-1.0,-1.8369701987210297e-16,0.7818314824680297,0.6234898018587336,15.775,26
88,burgers,8.9,suburbs_south,3.9,5,71.13,car,714.0,clear,10,57,10.95,3,0,0.49999999999999994,-0.8660254037844387,0.43388373911755823,-0.900968867902419,14.225999999999999,17
86,chinese,11.8,suburbs_south,4.5,2,23.25,bike,354.0,rain,18,47,18.783333333333335,3,0,-1.0,-1.8369701987210297e-16,0.43388373911755823,-0.900968867902419,11.625,45
22,mexican,9.1,suburbs_south,7.9,2,27.54,car,343.0,clear,13,55,13.916666666666666,6,1,-0.2588190451025208,-0.9659258262890683,-0.7818314824680299,0.6234898018587334,13.77,37
140,chinese,17.8,downtown,1.9,2,19.91,bike,28.0,cloudy,21,19,21.316666666666666,5,1,-0.7071067811865477,0.7071067811865474,-0.9749279121818236,-0.2225209339563146,9.955,31
27,thai,16.7,downtown,1.7,5,66.12,scooter,319.0,cloudy,13,31,13.516666666666667,3,0,-0.2588190451025208,-0.9659258262890683,0.43388373911755823,-0.900968867902419,13.224,33
24,pizza,15.8,uptown,1.9,1,9.2,bike,54.0,clear,19,32,19.533333333333335,3,0,-0.9659258262890684,0.2588190451025203,0.43388373911755823,-0.900968867902419,9.2,31
77,pizza,11.4,uptown,4.8,2,26.5,car,37.0,clear,21,40,21.666666666666668,0,0,-0.7071067811865477,0.7071067811865474,0.0,1.0,13.25,30
76,mexican,10.0,uptown,2.6,1,14.83,scooter,147.0,cloudy,17,0,17.0,3,0,-0.9659258262890683,-0.25881904510252063,0.43388373911755823,-0.900968867902419,14.83,24
28,indian,19.5,downtown,2.5,4,51.87,scooter,51.0,clear,14,5,14.083333333333334,4,0,-0.4999999999999998,-0.8660254037844388,-0.433883739117558,-0.9009688679024191,12.9675,30
160,salads,5.0,uptown,2.3,3,45.17,scooter,62.0,clear,20,43,20.716666666666665,0,0,-0.8660254037844386,0.5,0.0,1.0,15.056666666666667,16
38,pizza,16.9,midtown,2.1,3,26.72,scooter,235.0,clear,19,29,19.483333333333334,1,0,-0.9659258262890684,0.2588190451025203,0.7818314824680297,0.6234898018587336,8.906666666666666,34
142,indian,20.4,midtown,2.3,1,10.69,scooter,12.0,clear,13,24,13.4,3,0,-0.2588190451025208,-0.9659258262890683,0.43388373911755823,-0.900968867902419,10.69,40
96,thai,15.7,downtown,2.1,1,8.07,scooter,208.0,clear,13,44,13.733333333333333,5,1,-0.2588190451025208,-0.9659258262890683,-0.9749279121818236,-0.2225209339563146,8.07,28
60,chinese,10.4,suburbs_north,4.4,5,65.39,scooter,224.0,heavy_rain,13,11,13.183333333333334,0,0,-0.2588190451025208,-0.9659258262890683,0.0,1.0,13.078,32
67,chinese,17.8,uptown,5.1,2,19.37,bike,284.0,clear,17,12,17.2,5,1,-0.9659258262890683,-0.25881904510252063,-0.9749279121818236,-0.2225209339563146,9.685,37
154,salads,8.5,midtown,5.3,3,24.7,scooter,248.0,clear,20,54,20.9,3,0,-0.8660254037844386,0.5,0.43388373911755823,-0.900968867902419,8.233333333333333,29
70,thai,14.2,suburbs_north,7.7,2,26.47,car,75.0,clear,21,54,21.9,0,0,-0.7071067811865477,0.7071067811865474,0.0,1.0,13.235,37
86,chinese,11.8,suburbs_south,6.7,1,14.89,car,77.0,clear,22,58,22.966666666666665,1,0,-0.5000000000000004,0.8660254037844384,0.7818314824680297,0.6234898018587336,14.89,29
75,mexican,13.3,midtown,2.9,3,39.02,bike,239.0,rain,17,49,17.816666666666666,1,0,-0.9659258262890683,-0.25881904510252063,0.7818314824680297,0.6234898018587336,13.006666666666668,40
96,thai,15.7,downtown,2.0,5,40.89,bike,185.0,clear,19,11,19.183333333333334,2,0,-0.9659258262890684,0.2588190451025203,0.9749279121818236,-0.22252093395631434,8.178,31
106,pizza,12.3,downtown,2.1,1,8.0,scooter,30.0,heavy_rain,17,39,17.65,5,1,-0.9659258262890683,-0.25881904510252063,-0.9749279121818236,-0.2225209339563146,8.0,27
83,salads,8.7,midtown,3.4,2,31.05,bike,483.0,rain,13,18,13.3,3,0,-0.2588190451025208,-0.9659258262890683,0.43388373911755823,-0.900968867902419,15.525,28
132,mexican,13.3,downtown,3.0,3,29.2,scooter,64.0,cloudy,18,12,18.2,6,1,-1.0,-1.8369701987210297e-16,-0.7818314824680299,0.6234898018587334,9.733333333333333,37
96,thai,15.7,downtown,2.2,2,26.11,car,31.0,cloudy,16,23,16.383333333333333,3,0,-0.8660254037844384,-0.5000000000000004,0.43388373911755823,-0.900968867902419,13.055,26
128,chinese,6.8,uptown,4.8,5,70.88,scooter,311.0,clear,13,3,13.05,2,0,-0.2588190451025208,-0.9659258262890683,0.9749279121818236,-0.22252093395631434,14.175999999999998,27
10,pizza,12.9,suburbs_north,4.6,1,8.0,scooter,147.0,clear,11,34,11.566666666666666,1,0,0.258819045102521,-0.9659258262890682,0.7818314824680297,0.6234898018587336,8.0,33
87,burgers,6.5,downtown,1.4,2,18.71,scooter,27.0,clear,10,12,10.2,0,0,0.49999999999999994,-0.8660254037844387,0.0,1.0,9.355,11
36,burgers,11.8,downtown,3.0,1,8.0,car,56.0,clear,15,6,15.1,1,0,-0.7071067811865471,-0.7071067811865479,0.7818314824680297,0.6234898018587336,8.0,24
88,burgers,8.9,suburbs_south,7.3,1,12.45,car,239.0,clear,22,54,22.9,2,0,-0.5000000000000004,0.8660254037844384,0.9749279121818236,-0.22252093395631434,12.45,33
66,sushi,18.7,midtown,3.0,2,24.56,car,250.0,clear,21,9,21.15,0,0,-0.7071067811865477,0.7071067811865474,0.0,1.0,12.28,32
139,indian,20.7,midtown,4.9,3,36.37,scooter,147.0,heavy_rain,20,23,20.383333333333333,3,0,-0.8660254037844386,0.5,0.43388373911755823,-0.900968867902419,12.123333333333333,49
48,mexican,8.8,midtown,4.2,1,12.33,scooter,57.0,rain,12,24,12.4,3,0,1.2246467991473532e-16,-1.0,0.43388373911755823,-0.900968867902419,12.33,30
24,pizza,15.8,uptown,4.2,5,76.86,scooter,170.0,clear,22,1,22.016666666666666,3,0,-0.5000000000000004,0.8660254037844384,0.43388373911755823,-0.900968867902419,15.372,31
63,pizza,12.6,downtown,2.4,4,55.51,scooter,454.0,cloudy,18,41,18.683333333333334,6,1,-1.0,-1.8369701987210297e-16,-0.7818314824680299,0.6234898018587334,13.8775,32
111,pizza,8.5,downtown,3.7,3,41.04,scooter,518.0,clear,13,8,13.133333333333333,4,0,-0.2588190451025208,-0.9659258262890683,-0.433883739117558,-0.9009688679024191,13.68,24
137,thai,13.3,suburbs_north,5.3,1,12.7,bike,56.0,clear,16,16,16.266666666666666,5,1,-0.8660254037844384,-0.5000000000000004,-0.9749279121818236,-0.2225209339563146,12.7,104
40,pizza,18.4,midtown,3.6,2,15.83,bike,245.0,cloudy,12,13,12.216666666666667,5,1,1.2246467991473532e-16,-1.0,-0.9749279121818236,-0.2225209339563146,7.915,41
29,salads,9.9,midtown,4.8,3,41.76,bike,243.0,clear,11,2,11.033333333333333,0,0,0.258819045102521,-0.9659258262890682,0.0,1.0,13.92,30
155,indian,14.5,suburbs_south,3.0,3,37.94,scooter,279.0,cloudy,11,58,11.966666666666667,5,1,0.258819045102521,-0.9659258262890682,-0.9749279121818236,-0.2225209339563146,12.646666666666667,35
93,sushi,16.7,downtown,0.8,2,19.11,scooter,257.0,cloudy,20,37,20.616666666666667,3,0,-0.8660254037844386,0.5,0.43388373911755823,-0.900968867902419,9.555,29
66,sushi,18.7,midtown,3.6,3,44.49,bike,93.0,cloudy,18,0,18.0,1,0,-1.0,-1.8369701987210297e-16,0.7818314824680297,0.6234898018587336,14.83,48
16,salads,7.8,uptown,3.0,2,14.95,scooter,55.0,heavy_rain,13,16,13.266666666666667,0,0,-0.2588190451025208,-0.9659258262890683,0.0,1.0,7.475,24
19,chinese,10.6,downtown,3.0,2,23.4,car,340.0,clear,20,41,20.683333333333334,2,0,-0.8660254037844386,0.5,0.9749279121818236,-0.22252093395631434,11.7,25
39,thai,21.0,downtown,2.8,2,31.07,car,1191.0,clear,18,37,18.616666666666667,3,0,-1.0,-1.8369701987210297e-16,0.43388373911755823,-0.900968867902419,15.535,40
6,sushi,16.8,midtown,2.9,3,45.26,scooter,6165.0,clear,12,53,12.883333333333333,0,0,1.2246467991473532e-16,-1.0,0.0,1.0,15.086666666666666,36
109,burgers,10.0,downtown,3.3,3,46.72,scooter,1959.0,cloudy,11,6,11.1,2,0,0.258819045102521,-0.9659258262890682,0.9749279121818236,-0.22252093395631434,15.573333333333332,26
79,salads,10.0,midtown,3.0,2,25.88,car,1591.0,clear,15,25,15.416666666666666,1,0,-0.7071067811865471,-0.7071067811865479,0.7818314824680297,0.6234898018587336,12.94,20
12,thai,12.8,midtown,2.9,2,21.36,scooter,872.0,clear,12,47,12.783333333333333,4,0,1.2246467991473532e-16,-1.0,-0.433883739117558,-0.9009688679024191,10.68,27
29,salads,9.9,midtown,3.4,3,41.65,bike,299.0,clear,19,25,19.416666666666668,4,0,-0.9659258262890684,0.2588190451025203,-0.433883739117558,-0.9009688679024191,13.883333333333333,32
97,chinese,16.1,uptown,3.4,2,20.43,bike,226.0,rain,18,23,18.383333333333333,6,1,-1.0,-1.8369701987210297e-16,-0.7818314824680299,0.6234898018587334,10.215,42
125,sushi,18.8,uptown,5.4,4,60.63,scooter,43.0,clear,18,7,18.116666666666667,4,0,-1.0,-1.8369701987210297e-16,-0.433883739117558,-0.9009688679024191,15.1575,50
23,burgers,11.6,downtown,3.2,1,12.56,bike,311.0,clear,12,5,12.083333333333334,3,0,1.2246467991473532e-16,-1.0,0.43388373911755823,-0.900968867902419,12.56,29
58,indian,21.6,uptown,4.7,1,14.85,bike,210.0,cloudy,12,44,12.733333333333333,2,0,1.2246467991473532e-16,-1.0,0.9749279121818236,-0.22252093395631434,14.85,50
4,pizza,14.0,suburbs_south,2.6,1,10.9,bike,17.0,cloudy,11,49,11.816666666666666,1,0,0.258819045102521,-0.9659258262890682,0.7818314824680297,0.6234898018587336,10.9,24
54,salads,9.4,downtown,2.3,2,17.48,scooter,98.0,rain,15,44,15.733333333333333,4,0,-0.7071067811865471,-0.7071067811865479,-0.433883739117558,-0.9009688679024191,8.74,25
137,thai,13.3,suburbs_north,9.4,8,97.45,scooter,18.0,clear,12,26,12.433333333333334,2,0,1.2246467991473532e-16,-1.0,0.9749279121818236,-0.22252093395631434,12.18125,55
10,pizza,12.9,suburbs_north,4.3,6,62.99,bike,423.0,clear,12,47,12.783333333333333,5,1,1.2246467991473532e-16,-1.0,-0.9749279121818236,-0.2225209339563146,10.498333333333333,42
9,thai,12.6,suburbs_south,3.8,2,25.17,bike,20.0,clear,20,27,20.45,2,0,-0.8660254037844386,0.5,0.9749279121818236,-0.22252093395631434,12.585,41
121,indian,13.9,suburbs_north,6.6,3,30.76,car,17.0,clear,20,46,20.766666666666666,2,0,-0.8660254037844386,0.5,0.9749279121818236,-0.22252093395631434,10.253333333333334,44
33,sushi,21.1,midtown,2.0,3,23.02,bike,194.0,clear,20,13,20.216666666666665,3,0,-0.8660254037844386,0.5,0.43388373911755823,-0.900968867902419,7.673333333333333,37
100,pizza,12.8,uptown,5.2,2,23.35,bike,533.0,clear,10,36,10.6,1,0,0.49999999999999994,-0.8660254037844387,0.7818314824680297,0.6234898018587336,11.675,26
143,chinese,12.4,uptown,2.7,5,42.84,bike,609.0,cloudy,22,25,22.416666666666668,5,1,-0.5000000000000004,0.8660254037844384,-0.9749279121818236,-0.2225209339563146,8.568000000000001,29
74,thai,18.7,downtown,1.9,3,21.81,bike,101.0,rain,19,58,19.966666666666665,1,0,-0.9659258262890684,0.2588190451025203,0.7818314824680297,0.6234898018587336,7.27,42
46,indian,19.4,downtown,2.3,3,33.68,scooter,81.0,clear,14,4,14.066666666666666,1,0,-0.4999999999999998,-0.8660254037844388,0.7818314824680297,0.6234898018587336,11.226666666666667,32
21,pizza,17.0,midtown,2.5,1,13.7,car,127.0,cloudy,18,58,18.966666666666665,6,1,-1.0,-1.8369701987210297e-16,-0.7818314824680299,0.6234898018587334,13.7,31
128,chinese,6.8,uptown,3.0,2,27.48,scooter,200.0,clear,19,55,19.916666666666668,1,0,-0.9659258262890684,0.2588190451025203,0.7818314824680297,0.6234898018587336,13.74,23
102,indian,17.4,uptown,6.2,1,8.32,car,299.0,clear,12,10,12.166666666666666,5,1,1.2246467991473532e-16,-1.0,-0.9749279121818236,-0.2225209339563146,8.32,37
121,indian,13.9,suburbs_north,5.4,3,27.76,car,40.0,clear,18,44,18.733333333333334,0,0,-1.0,-1.8369701987210297e-16,0.0,1.0,9.253333333333334,36
99,thai,13.4,midtown,2.6,6,45.64,car,54.0,clear,12,28,12.466666666666667,6,1,1.2246467991473532e-16,-1.0,-0.7818314824680299,0.6234898018587334,7.6066666666666665,29
92,thai,7.0,uptown,5.5,1,15.54,bike,147.0,clear,11,25,11.416666666666666,4,0,0.258819045102521,-0.9659258262890682,-0.433883739117558,-0.9009688679024191,15.54,35
64,mexican,11.6,suburbs_north,6.6,1,15.84,scooter,1483.0,clear,19,48,19.8,0,0,-0.9659258262890684,0.2588190451025203,0.0,1.0,15.84,36
10,pizza,12.9,suburbs_north,6.6,3,21.17,scooter,854.0,clear,19,26,19.433333333333334,0,0,-0.9659258262890684,0.2588190451025203,0.0,1.0,7.0566666666666675,40
43,chinese,12.4,uptown,3.0,4,46.38,bike,169.0,rain,17,55,17.916666666666668,0,0,-0.9659258262890683,-0.25881904510252063,0.0,1.0,11.595,30
52,mexican,5.5,uptown,2.8,5,39.47,scooter,148.0,cloudy,19,43,19.716666666666665,3,0,-0.9659258262890684,0.2588190451025203,0.43388373911755823,-0.900968867902419,7.894,20
9,thai,12.6,suburbs_south,8.7,2,27.93,car,70.0,cloudy,13,16,13.266666666666667,5,1,-0.2588190451025208,-0.9659258262890683,-0.9749279121818236,-0.2225209339563146,13.965,40
45,indian,15.4,midtown,2.9,3,21.87,car,1727.0,cloudy,12,4,12.066666666666666,5,1,1.2246467991473532e-16,-1.0,-0.9749279121818236,-0.2225209339563146,7.29,27
93,sushi,16.7,downtown,0.6,2,23.88,scooter,147.0,cloudy,12,11,12.183333333333334,0,0,1.2246467991473532e-16,-1.0,0.0,1.0,11.94,25
67,chinese,17.8,uptown,2.7,1,15.44,scooter,69.0,clear,18,43,18.716666666666665,0,0,-1.0,-1.8369701987210297e-16,0.0,1.0,15.44,29
102,indian,17.4,uptown,3.9,3,32.58,car,128.0,rain,12,40,12.666666666666666,5,1,1.2246467991473532e-16,-1.0,-0.9749279121818236,-0.2225209339563146,10.86,42
101,thai,11.8,suburbs_north,8.2,2,30.1,car,246.0,clear,18,15,18.25,0,0,-1.0,-1.8369701987210297e-16,0.0,1.0,15.05,37
54,salads,9.4,downtown,1.8,5,77.74,scooter,122.0,clear,20,37,20.616666666666667,5,1,-0.8660254037844386,0.5,-0.9749279121818236,-0.2225209339563146,15.547999999999998,24
8,burgers,12.1,uptown,2.3,1,9.94,bike,502.0,clear,13,43,13.716666666666667,2,0,-0.2588190451025208,-0.9659258262890683,0.9749279121818236,-0.22252093395631434,9.94,25
103,thai,16.4,midtown,3.9,1,8.0,car,33.0,clear,14,54,14.9,3,0,-0.4999999999999998,-0.8660254037844388,0.43388373911755823,-0.900968867902419,8.0,32
110,thai,12.5,suburbs_north,3.4,2,24.02,bike,881.0,cloudy,22,30,22.5,2,0,-0.5000000000000004,0.8660254037844384,0.9749279121818236,-0.22252093395631434,12.01,36
160,salads,5.0,uptown,4.7,2,17.92,bike,73.0,clear,20,35,20.583333333333332,2,0,-0.8660254037844386,0.5,0.9749279121818236,-0.22252093395631434,8.96,26
21,pizza,17.0,midtown,1.5,5,53.35,bike,16.0,cloudy,22,46,22.766666666666666,1,0,-0.5000000000000004,0.8660254037844384,0.7818314824680297,0.6234898018587336,10.67,25
118,thai,15.5,downtown,2.5,3,35.62,bike,559.0,clear,16,40,16.666666666666668,5,1,-0.8660254037844384,-0.5000000000000004,-0.9749279121818236,-0.2225209339563146,11.873333333333333,30
158,indian,12.1,midtown,2.8,5,53.12,scooter,1201.0,clear,13,10,13.166666666666666,6,1,-0.2588190451025208,-0.9659258262890683,-0.7818314824680299,0.6234898018587334,10.623999999999999,31
67,chinese,17.8,uptown,4.6,4,34.2,bike,226.0,cloudy,19,27,19.45,4,0,-0.9659258262890684,0.2588190451025203,-0.433883739117558,-0.9009688679024191,8.55,46
134,mexican,10.8,midtown,1.4,3,24.83,scooter,147.0,clear,17,23,17.383333333333333,2,0,-0.9659258262890683,-0.25881904510252063,0.9749279121818236,-0.22252093395631434,8.276666666666666,15
29,salads,9.9,midtown,1.8,3,46.27,car,25.0,clear,16,25,16.416666666666668,3,0,-0.8660254037844384,-0.5000000000000004,0.43388373911755823,-0.900968867902419,15.423333333333334,18
156,salads,12.7,downtown,3.2,2,16.36,bike,2750.0,clear,19,14,19.233333333333334,2,0,-0.9659258262890684,0.2588190451025203,0.9749279121818236,-0.22252093395631434,8.18,33
149,thai,15.5,downtown,1.6,1,8.0,bike,61.0,clear,20,12,20.2,2,0,-0.8660254037844386,0.5,0.9749279121818236,-0.22252093395631434,8.0,27
55,salads,5.0,midtown,3.3,2,25.33,car,63.0,clear,18,48,18.8,3,0,-1.0,-1.8369701987210297e-16,0.43388373911755823,-0.900968867902419,12.665,16
71,burgers,14.5,uptown,4.6,2,30.51,scooter,91.0,clear,20,8,20.133333333333333,2,0,-0.8660254037844386,0.5,0.9749279121818236,-0.22252093395631434,15.255,37
55,salads,5.0,midtown,5.5,1,10.1,scooter,106.0,clear,21,40,21.666666666666668,2,0,-0.7071067811865477,0.7071067811865474,0.9749279121818236,-0.22252093395631434,10.1,23
53,thai,11.5,midtown,3.5,2,27.39,scooter,124.0,rain,21,6,21.1,6,1,-0.7071067811865477,0.7071067811865474,-0.7818314824680299,0.6234898018587334,13.695,30
29,salads,9.9,midtown,2.4,1,13.18,car,26.0,cloudy,13,28,13.466666666666667,2,0,-0.2588190451025208,-0.9659258262890683,0.9749279121818236,-0.22252093395631434,13.18,24
45,indian,15.4,midtown,2.9,3,24.34,scooter,28.0,clear,18,47,18.783333333333335,1,0,-1.0,-1.8369701987210297e-16,0.7818314824680297,0.6234898018587336,8.113333333333333,29
55,salads,5.0,midtown,2.6,2,19.49,car,174.0,clear,18,50,18.833333333333332,3,0,-1.0,-1.8369701987210297e-16,0.43388373911755823,-0.900968867902419,9.745,15
12,thai,12.8,midtown,4.5,2,31.7,scooter,354.0,clear,12,24,12.4,2,0,1.2246467991473532e-16,-1.0,0.9749279121818236,-0.22252093395631434,15.85,31
95,pizza,11.9,suburbs_south,3.6,1,10.61,car,5.0,clear,17,41,17.683333333333334,2,0,-0.9659258262890683,-0.25881904510252063,0.9749279121818236,-0.22252093395631434,10.61,30
124,indian,17.6,downtown,1.5,3,23.54,bike,662.0,cloudy,12,14,12.233333333333333,6,1,1.2246467991473532e-16,-1.0,-0.7818314824680299,0.6234898018587334,7.846666666666667,33
81,sushi,17.4,downtown,2.4,2,24.12,bike,1400.0,clear,14,52,14.866666666666667,1,0,-0.4999999999999998,-0.8660254037844388,0.7818314824680297,0.6234898018587336,12.06,31
99,thai,13.4,midtown,3.5,1,11.71,bike,113.0,cloudy,18,19,18.316666666666666,4,0,-1.0,-1.8369701987210297e-16,-0.433883739117558,-0.9009688679024191,11.71,35
2,thai,10.5,downtown,3.0,3,42.67,car,336.0,cloudy,21,13,21.216666666666665,3,0,-0.7071067811865477,0.7071067811865474,0.43388373911755823,-0.900968867902419,14.223333333333334,22
69,salads,8.8,midtown,3.4,1,14.29,scooter,13.0,clear,12,47,12.783333333333333,0,0,1.2246467991473532e-16,-1.0,0.0,1.0,14.29,25
10,pizza,12.9,suburbs_north,2.6,3,23.79,car,147.0,clear,11,54,11.9,2,0,0.258819045102521,-0.9659258262890682,0.9749279121818236,-0.22252093395631434,7.93,18
27,thai,16.7,downtown,2.9,7,56.48,bike,351.0,cloudy,19,31,19.516666666666666,4,0,-0.9659258262890684,0.2588190451025203,-0.433883739117558,-0.9009688679024191,8.068571428571428,38
7,thai,17.1,midtown,4.2,2,28.55,bike,147.0,cloudy,18,24,18.4,3,0,-1.0,-1.8369701987210297e-16,0.43388373911755823,-0.900968867902419,14.275,41
19,chinese,10.6,downtown,1.0,4,55.01,bike,1894.0,rain,17,44,17.733333333333334,5,1,-0.9659258262890683,-0.25881904510252063,-0.9749279121818236,-0.2225209339563146,13.7525,17
42,pizza,16.7,downtown,1.6,1,13.92,bike,105.0,clear,11,33,11.55,0,0,0.258819045102521,-0.9659258262890682,0.0,1.0,13.92,27
65,thai,16.7,uptown,4.0,5,48.18,car,64.0,clear,19,34,19.566666666666666,4,0,-0.9659258262890684,0.2588190451025203,-0.433883739117558,-0.9009688679024191,9.636,39
97,chinese,16.1,uptown,4.0,2,21.76,bike,19.0,cloudy,11,38,11.633333333333333,5,1,0.258819045102521,-0.9659258262890682,-0.9749279121818236,-0.2225209339563146,10.88,44
15,indian,18.1,midtown,3.1,3,36.14,scooter,79.0,heavy_rain,21,27,21.45,0,0,-0.7071067811865477,0.7071067811865474,0.0,1.0,12.046666666666667,35
39,thai,21.0,downtown,1.8,4,53.62,bike,217.0,clear,19,12,19.2,0,0,-0.9659258262890684,0.2588190451025203,0.0,1.0,13.405,38
70,thai,14.2,suburbs_north,8.4,3,42.34,car,225.0,cloudy,13,24,13.4,2,0,-0.2588190451025208,-0.9659258262890683,0.9749279121818236,-0.22252093395631434,14.113333333333335,45
66,sushi,18.7,midtown,1.3,8,119.81,car,1636.0,cloudy,10,33,10.55,2,0,0.49999999999999994,-0.8660254037844387,0.9749279121818236,-0.22252093395631434,14.97625,33
117,pizza,16.2,suburbs_south,9.8,2,18.92,scooter,270.0,clear,12,24,12.4,5,1,1.2246467991473532e-16,-1.0,-0.9749279121818236,-0.2225209339563146,9.46,49
68,thai,11.9,uptown,4.8,2,17.11,bike,36.0,clear,19,45,19.75,6,1,-0.9659258262890684,0.2588190451025203,-0.7818314824680299,0.6234898018587334,8.555,38
108,mexican,10.1,suburbs_south,7.7,6,57.1,car,29.0,cloudy,19,8,19.133333333333333,2,0,-0.9659258262890684,0.2588190451025203,0.9749279121818236,-0.22252093395631434,9.516666666666667,31
9,thai,12.6,suburbs_south,6.6,3,28.08,car,175.0,heavy_rain,17,29,17.483333333333334,0,0,-0.9659258262890683,-0.25881904510252063,0.0,1.0,9.36,38
145,pizza,12.3,suburbs_south,8.2,2,20.08,scooter,498.0,rain,17,0,17.0,5,1,-0.9659258262890683,-0.25881904510252063,-0.9749279121818236,-0.2225209339563146,10.04,46
69,salads,8.8,midtown,2.8,1,13.85,bike,2074.0,clear,17,22,17.366666666666667,5,1,-0.9659258262890683,-0.25881904510252063,-0.9749279121818236,-0.2225209339563146,13.85,20
109,burgers,10.0,downtown,2.5,3,47.93,scooter,53.0,clear,11,56,11.933333333333334,3,0,0.258819045102521,-0.9659258262890682,0.43388373911755823,-0.900968867902419,15.976666666666667,26
121,indian,13.9,suburbs_north,4.7,2,25.0,scooter,327.0,cloudy,13,53,13.883333333333333,2,0,-0.2588190451025208,-0.9659258262890683,0.9749279121818236,-0.22252093395631434,12.5,37
37,pizza,17.5,midtown,4.8,8,69.09,scooter,14.0,rain,20,51,20.85,5,1,-0.8660254037844386,0.5,-0.9749279121818236,-0.2225209339563146,8.63625,50
159,pizza,15.0,uptown,3.6,4,32.32,scooter,955.0,cloudy,18,58,18.966666666666665,3,0,-1.0,-1.8369701987210297e-16,0.43388373911755823,-0.900968867902419,8.08,38
24,pizza,15.8,uptown,1.9,2,20.62,bike,164.0,cloudy,17,32,17.533333333333335,1,0,-0.9659258262890683,-0.25881904510252063,0.7818314824680297,0.6234898018587336,10.31,23
29,salads,9.9,midtown,3.1,2,14.34,bike,259.0,clear,19,44,19.733333333333334,1,0,-0.9659258262890684,0.2588190451025203,0.7818314824680297,0.6234898018587336,7.17,21
119,indian,16.8,suburbs_south,4.3,2,29.27,car,202.0,cloudy,20,45,20.75,1,0,-0.8660254037844386,0.5,0.7818314824680297,0.6234898018587336,14.635,35
107,sushi,18.0,suburbs_south,4.6,4,48.16,scooter,144.0,cloudy,23,49,23.816666666666666,1,0,-0.2588190451025215,0.9659258262890681,0.7818314824680297,0.6234898018587336,12.04,40
12,thai,12.8,midtown,1.8,3,47.23,car,112.0,cloudy,12,55,12.916666666666666,6,1,1.2246467991473532e-16,-1.0,-0.7818314824680299,0.6234898018587334,15.743333333333332,22
137,thai,13.3,suburbs_north,8.6,6,77.48,car,879.0,clear,22,20,22.333333333333332,5,1,-0.5000000000000004,0.8660254037844384,-0.9749279121818236,-0.2225209339563146,12.913333333333334,43
109,burgers,10.0,downtown,2.2,6,52.47,scooter,80.0,clear,12,28,12.466666666666667,6,1,1.2246467991473532e-16,-1.0,-0.7818314824680299,0.6234898018587334,8.745,23
96,thai,15.7,downtown,2.8,2,23.27,bike,115.0,cloudy,18,59,18.983333333333334,1,0,-1.0,-1.8369701987210297e-16,0.7818314824680297,0.6234898018587336,11.635,35
122,indian,20.0,midtown,2.6,1,11.71,scooter,1640.0,clear,21,9,21.15,1,0,-0.7071067811865477,0.7071067811865474,0.7818314824680297,0.6234898018587336,11.71,24
150,mexican,14.6,downtown,2.1,2,22.05,bike,347.0,clear,13,47,13.783333333333333,3,0,-0.2588190451025208,-0.9659258262890683,0.43388373911755823,-0.900968867902419,11.025,35
41,thai,19.0,downtown,0.8,2,28.67,scooter,411.0,rain,20,24,20.4,4,0,-0.8660254037844386,0.5,-0.433883739117558,-0.9009688679024191,14.335,29
153,salads,5.0,suburbs_south,4.6,2,31.7,bike,299.0,clear,17,44,17.733333333333334,3,0,-0.9659258262890683,-0.25881904510252063,0.43388373911755823,-0.900968867902419,15.85,25
19,chinese,10.6,downtown,3.1,2,30.37,scooter,27.0,rain,17,3,17.05,4,0,-0.9659258262890683,-0.25881904510252063,-0.433883739117558,-0.9009688679024191,15.185,26
51,indian,17.0,downtown,1.3,4,33.68,scooter,519.0,heavy_rain,13,17,13.283333333333333,0,0,-0.2588190451025208,-0.9659258262890683,0.0,1.0,8.42,36
24,pizza,15.8,uptown,3.0,1,15.7,scooter,22.0,clear,14,45,14.75,1,0,-0.4999999999999998,-0.8660254037844388,0.7818314824680297,0.6234898018587336,15.7,24
42,pizza,16.7,downtown,1.5,2,24.02,scooter,45.0,clear,18,12,18.2,6,1,-1.0,-1.8369701987210297e-16,-0.7818314824680299,0.6234898018587334,12.01,29
58,indian,21.6,uptown,3.5,6,91.99,car,64.0,rain,19,59,19.983333333333334,4,0,-0.9659258262890684,0.2588190451025203,-0.433883739117558,-0.9009688679024191,15.331666666666665,42
131,indian,22.1,downtown,3.0,7,104.25,scooter,19.0,clear,17,34,17.566666666666666,6,1,-0.9659258262890683,-0.25881904510252063,-0.7818314824680299,0.6234898018587334,14.892857142857142,41
97,chinese,16.1,uptown,3.9,2,17.09,bike,24.0,clear,12,43,12.716666666666667,4,0,1.2246467991473532e-16,-1.0,-0.433883739117558,-0.9009688679024191,8.545,36
28,indian,19.5,downtown,3.0,2,30.97,scooter,704.0,rain,12,53,12.883333333333333,5,1,1.2246467991473532e-16,-1.0,-0.9749279121818236,-0.2225209339563146,15.485,41
7,thai,17.1,midtown,5.3,5,42.18,bike,383.0,clear,21,45,21.75,1,0,-0.7071067811865477,0.7071067811865474,0.7818314824680297,0.6234898018587336,8.436,46
154,salads,8.5,midtown,3.3,1,12.31,car,166.0,clear,12,43,12.716666666666667,0,0,1.2246467991473532e-16,-1.0,0.0,1.0,12.31,23
81,sushi,17.4,downtown,1.5,2,27.42,bike,85.0,rain,19,31,19.516666666666666,2,0,-0.9659258262890684,0.2588190451025203,0.9749279121818236,-0.22252093395631434,13.71,31
145,pizza,12.3,suburbs_south,7.7,1,14.35,car,19.0,heavy_rain,21,23,21.383333333333333,2,0,-0.7071067811865477,0.7071067811865474,0.9749279121818236,-0.22252093395631434,14.35,45
158,indian,12.1,midtown,4.2,2,19.81,car,14.0,clear,12,49,12.816666666666666,5,1,1.2246467991473532e-16,-1.0,-0.9749279121818236,-0.2225209339563146,9.905,26
70,thai,14.2,suburbs_north,6.8,2,15.95,car,387.0,clear,17,7,17.116666666666667,0,0,-0.9659258262890683,-0.25881904510252063,0.0,1.0,7.975,126
99,thai,13.4,midtown,2.2,2,25.75,bike,40.0,clear,20,23,20.383333333333333,5,1,-0.8660254037844386,0.5,-0.9749279121818236,-0.2225209339563146,12.875,29
43,chinese,12.4,uptown,4.2,5,38.55,car,70.0,cloudy,21,53,21.883333333333333,4,0,-0.7071067811865477,0.7071067811865474,-0.433883739117558,-0.9009688679024191,7.709999999999999,25
124,indian,17.6,downtown,1.3,5,75.53,car,68.0,clear,12,3,12.05,1,0,1.2246467991473532e-16,-1.0,0.7818314824680297,0.6234898018587336,15.106,34
131,indian,22.1,downtown,3.2,2,28.33,bike,35.0,rain,22,2,22.033333333333335,2,0,-0.5000000000000004,0.8660254037844384,0.9749279121818236,-0.22252093395631434,14.165,41
93,sushi,16.7,downtown,1.6,2,26.6,car,322.0,clear,13,50,13.833333333333334,5,1,-0.2588190451025208,-0.9659258262890683,-0.9749279121818236,-0.2225209339563146,13.3,29
56,thai,13.0,downtown,0.8,1,9.53,bike,547.0,clear,12,46,12.766666666666667,1,0,1.2246467991473532e-16,-1.0,0.7818314824680297,0.6234898018587336,9.53,22
155,indian,14.5,suburbs_south,12.7,2,18.55,scooter,890.0,rain,19,47,19.783333333333335,1,0,-0.9659258262890684,0.2588190451025203,0.7818314824680297,0.6234898018587336,9.275,62
20,mexican,9.2,midtown,2.3,4,60.98,bike,51.0,clear,15,5,15.083333333333334,4,0,-0.7071067811865471,-0.7071067811865479,-0.433883739117558,-0.9009688679024191,15.245,28
60,chinese,10.4,suburbs_north,2.4,4,52.39,scooter,147.0,rain,12,49,12.816666666666666,5,1,1.2246467991473532e-16,-1.0,-0.9749279121818236,-0.2225209339563146,13.0975,32
109,burgers,10.0,downtown,2.7,2,22.19,scooter,387.0,clear,14,38,14.633333333333333,6,1,-0.4999999999999998,-0.8660254037844388,-0.7818314824680299,0.6234898018587334,11.095,18
45,indian,15.4,midtown,3.5,5,56.01,car,102.0,clear,19,16,19.266666666666666,1,0,-0.9659258262890684,0.2588190451025203,0.7818314824680297,0.6234898018587336,11.202,35
152,indian,18.0,suburbs_north,7.5,1,11.43,car,213.0,clear,12,52,12.866666666666667,1,0,1.2246467991473532e-16,-1.0,0.7818314824680297,0.6234898018587336,11.43,42
15,indian,18.1,midtown,2.4,2,24.6,car,74.0,clear,18,25,18.416666666666668,1,0,-1.0,-1.8369701987210297e-16,0.7818314824680297,0.6234898018587336,12.3,27
20,mexican,9.2,midtown,3.0,3,39.75,bike,123.0,clear,18,17,18.283333333333335,4,0,-1.0,-1.8369701987210297e-16,-0.433883739117558,-0.9009688679024191,13.25,26
76,mexican,10.0,uptown,2.1,2,21.24,car,31.0,cloudy,20,55,20.916666666666668,6,1,-0.8660254037844386,0.5,-0.7818314824680299,0.6234898018587334,10.62,17
92,thai,7.0,uptown,2.2,1,13.51,bike,153.0,clear,22,42,22.7,6,1,-0.5000000000000004,0.8660254037844384,-0.7818314824680299,0.6234898018587334,13.51,15
151,chinese,11.8,downtown,2.0,5,76.0,scooter,74.0,clear,13,12,13.2,3,0,-0.2588190451025208,-0.9659258262890683,0.43388373911755823,-0.900968867902419,15.2,24
108,mexican,10.1,suburbs_south,5.1,1,14.74,scooter,114.0,clear,17,32,17.533333333333335,5,1,-0.9659258262890683,-0.25881904510252063,-0.9749279121818236,-0.2225209339563146,14.74,26
37,pizza,17.5,midtown,2.6,7,104.18,bike,579.0,clear,12,18,12.3,3,0,1.2246467991473532e-16,-1.0,0.43388373911755823,-0.900968867902419,14.882857142857144,40
105,pizza,12.9,midtown,3.5,3,25.58,scooter,94.0,clear,20,25,20.416666666666668,5,1,-0.8660254037844386,0.5,-0.9749279121818236,-0.2225209339563146,8.526666666666666,34
17,thai,9.8,uptown,1.9,1,12.49,bike,20.0,rain,14,40,14.666666666666666,2,0,-0.4999999999999998,-0.8660254037844388,0.9749279121818236,-0.22252093395631434,12.49,23
136,salads,9.3,downtown,2.1,2,27.57,bike,165.0,clear,11,6,11.1,6,1,0.258819045102521,-0.9659258262890682,-0.7818314824680299,0.6234898018587334,13.785,25
30,salads,5.0,suburbs_south,12.2,2,15.71,car,147.0,clear,18,22,18.366666666666667,2,0,-1.0,-1.8369701987210297e-16,0.9749279121818236,-0.22252093395631434,7.855,35
29,salads,9.9,midtown,4.1,3,40.65,bike,118.0,rain,14,7,14.116666666666667,4,0,-0.4999999999999998,-0.8660254037844388,-0.433883739117558,-0.9009688679024191,13.549999999999999,35
67,chinese,17.8,uptown,1.4,7,102.68,bike,385.0,cloudy,16,6,16.1,2,0,-0.8660254037844384,-0.5000000000000004,0.9749279121818236,-0.22252093395631434,14.668571428571429,35
133,chinese,15.9,suburbs_north,6.1,7,78.83,car,2028.0,rain,17,22,17.366666666666667,1,0,-0.9659258262890683,-0.25881904510252063,0.7818314824680297,0.6234898018587336,11.26142857142857,41
99,thai,13.4,midtown,4.4,3,38.82,car,79.0,cloudy,13,12,13.2,2,0,-0.2588190451025208,-0.9659258262890683,0.9749279121818236,-0.22252093395631434,12.94,35
102,indian,17.4,uptown,3.5,2,24.06,scooter,41.0,clear,14,5,14.083333333333334,4,0,-0.4999999999999998,-0.8660254037844388,-0.433883739117558,-0.9009688679024191,12.03,33
159,pizza,15.0,uptown,3.1,3,28.2,scooter,222.0,clear,17,7,17.116666666666667,1,0,-0.9659258262890683,-0.25881904510252063,0.7818314824680297,0.6234898018587336,9.4,22
59,pizza,11.7,suburbs_south,5.3,4,39.76,scooter,130.0,clear,18,32,18.533333333333335,0,0,-1.0,-1.8369701987210297e-16,0.0,1.0,9.94,32
106,pizza,12.3,downtown,2.1,2,19.52,bike,60.0,cloudy,17,14,17.233333333333334,2,0,-0.9659258262890683,-0.25881904510252063,0.9749279121818236,-0.22252093395631434,9.76,27
22,mexican,9.1,suburbs_south,2.9,2,15.49,bike,147.0,clear,13,34,13.566666666666666,2,0,-0.2588190451025208,-0.9659258262890683,0.9749279121818236,-0.22252093395631434,7.745,24
51,indian,17.0,downtown,1.4,3,31.6,car,60.0,clear,19,18,19.3,1,0,-0.9659258262890684,0.2588190451025203,0.7818314824680297,0.6234898018587336,10.533333333333333,30
26,pizza,14.9,midtown,2.1,2,21.96,car,214.0,clear,15,19,15.316666666666666,3,0,-0.7071067811865471,-0.7071067811865479,0.43388373911755823,-0.900968867902419,10.98,28
138,thai,16.2,uptown,4.4,3,21.69,car,212.0,clear,10,5,10.083333333333334,1,0,0.49999999999999994,-0.8660254037844387,0.7818314824680297,0.6234898018587336,7.23,26
37,pizza,17.5,midtown,5.3,4,62.01,bike,158.0,cloudy,20,6,20.1,5,1,-0.8660254037844386,0.5,-0.9749279121818236,-0.2225209339563146,15.5025,45
57,sushi,15.1,midtown,2.6,4,52.19,bike,771.0,clear,18,18,18.3,0,0,-1.0,-1.8369701987210297e-16,0.0,1.0,13.0475,32
85,pizza,11.8,uptown,2.6,1,8.0,scooter,58.0,clear,21,58,21.966666666666665,3,0,-0.7071067811865477,0.7071067811865474,0.43388373911755823,-0.900968867902419,8.0,16
115,thai,13.4,downtown,1.1,2,26.47,scooter,37.0,clear,19,12,19.2,5,1,-0.9659258262890684,0.2588190451025203,-0.9749279121818236,-0.2225209339563146,13.235,26
46,indian,19.4,downtown,2.1,3,26.34,bike,54.0,clear,13,27,13.45,0,0,-0.2588190451025208,-0.9659258262890683,0.0,1.0,8.78,36
150,mexican,14.6,downtown,1.8,3,32.24,scooter,42.0,cloudy,12,41,12.683333333333334,4,0,1.2246467991473532e-16,-1.0,-0.433883739117558,-0.9009688679024191,10.746666666666668,30
97,chinese,16.1,uptown,1.4,4,60.97,scooter,240.0,clear,12,51,12.85,4,0,1.2246467991473532e-16,-1.0,-0.433883739117558,-0.9009688679024191,15.2425,31
85,pizza,11.8,uptown,1.3,8,60.51,scooter,71.0,clear,19,29,19.483333333333334,3,0,-0.9659258262890684,0.2588190451025203,0.43388373911755823,-0.900968867902419,7.56375,29
73,pizza,10.6,midtown,4.3,2,19.19,scooter,604.0,clear,12,17,12.283333333333333,0,0,1.2246467991473532e-16,-1.0,0.0,1.0,9.595,27
108,mexican,10.1,suburbs_south,9.0,3,26.87,scooter,111.0,cloudy,10,8,10.133333333333333,1,0,0.49999999999999994,-0.8660254037844387,0.7818314824680297,0.6234898018587336,8.956666666666667,40
23,burgers,11.6,downtown,0.8,2,20.49,scooter,38.0,clear,19,6,19.1,2,0,-0.9659258262890684,0.2588190451025203,0.9749279121818236,-0.22252093395631434,10.245,20
157,burgers,16.3,suburbs_south,7.6,3,46.11,car,549.0,heavy_rain,13,4,13.066666666666666,5,1,-0.2588190451025208,-0.9659258262890683,-0.9749279121818236,-0.2225209339563146,15.37,53
62,salads,6.7,downtown,3.7,6,42.1,bike,448.0,clear,18,21,18.35,1,0,-1.0,-1.8369701987210297e-16,0.7818314824680297,0.6234898018587336,7.016666666666667,33
147,chinese,17.7,midtown,1.9,4,34.6,car,211.0,cloudy,13,52,13.866666666666667,4,0,-0.2588190451025208,-0.9659258262890683,-0.433883739117558,-0.9009688679024191,8.65,32
60,chinese,10.4,suburbs_north,9.4,1,8.52,scooter,648.0,clear,13,53,13.883333333333333,5,1,-0.2588190451025208,-0.9659258262890683,-0.9749279121818236,-0.2225209339563146,8.52,47
66,sushi,18.7,midtown,1.6,2,20.2,scooter,346.0,cloudy,11,12,11.2,1,0,0.258819045102521,-0.9659258262890682,0.7818314824680297,0.6234898018587336,10.1,29
74,thai,18.7,downtown,1.3,1,13.58,bike,1111.0,clear,17,35,17.583333333333332,2,0,-0.9659258262890683,-0.25881904510252063,0.9749279121818236,-0.22252093395631434,13.58,20
130,mexican,15.3,downtown,2.1,3,21.22,bike,78.0,rain,11,21,11.35,5,1,0.258819045102521,-0.9659258262890682,-0.9749279121818236,-0.2225209339563146,7.073333333333333,42
82,salads,9.2,midtown,3.4,1,10.02,scooter,224.0,clear,18,51,18.85,0,0,-1.0,-1.8369701987210297e-16,0.0,1.0,10.02,26
97,chinese,16.1,uptown,2.6,2,19.4,bike,181.0,cloudy,13,30,13.5,4,0,-0.2588190451025208,-0.9659258262890683,-0.433883739117558,-0.9009688679024191,9.7,38
4,pizza,14.0,suburbs_south,3.9,2,20.48,scooter,139.0,clear,18,2,18.033333333333335,4,0,-1.0,-1.8369701987210297e-16,-0.433883739117558,-0.9009688679024191,10.24,30
21,pizza,17.0,midtown,2.7,1,15.56,bike,99.0,rain,19,16,19.266666666666666,4,0,-0.9659258262890684,0.2588190451025203,-0.433883739117558,-0.9009688679024191,15.56,43
31,sushi,14.7,midtown,4.0,4,42.72,scooter,697.0,clear,18,35,18.583333333333332,4,0,-1.0,-1.8369701987210297e-16,-0.433883739117558,-0.9009688679024191,10.68,31
28,indian,19.5,downtown,3.4,1,11.83,bike,144.0,clear,13,19,13.316666666666666,6,1,-0.2588190451025208,-0.9659258262890683,-0.7818314824680299,0.6234898018587334,11.83,41
35,mexican,11.9,midtown,3.9,4,38.52,bike,56.0,clear,13,2,13.033333333333333,6,1,-0.2588190451025208,-0.9659258262890683,-0.7818314824680299,0.6234898018587334,9.63,39
132,mexican,13.3,downtown,2.1,2,30.11,car,31.0,cloudy,20,37,20.616666666666667,6,1,-0.8660254037844386,0.5,-0.7818314824680299,0.6234898018587334,15.055,36
43,chinese,12.4,uptown,2.7,1,12.76,scooter,231.0,clear,16,33,16.55,0,0,-0.8660254037844384,-0.5000000000000004,0.0,1.0,12.76,27
110,thai,12.5,suburbs_north,2.8,2,16.82,bike,20.0,clear,18,30,18.5,5,1,-1.0,-1.8369701987210297e-16,-0.9749279121818236,-0.2225209339563146,8.41,29
86,chinese,11.8,suburbs_south,6.9,4,47.77,car,1761.0,clear,12,34,12.566666666666666,6,1,1.2246467991473532e-16,-1.0,-0.7818314824680299,0.6234898018587334,11.9425,36
156,salads,12.7,downtown,1.7,1,8.0,bike,147.0,clear,20,50,20.833333333333332,2,0,-0.8660254037844386,0.5,0.9749279121818236,-0.22252093395631434,8.0,23
48,mexican,8.8,midtown,1.6,1,8.0,bike,21.0,heavy_rain,16,27,16.45,4,0,-0.8660254037844384,-0.5000000000000004,-0.433883739117558,-0.9009688679024191,8.0,21
16,salads,7.8,uptown,2.9,2,22.32,car,199.0,clear,19,4,19.066666666666666,6,1,-0.9659258262890684,0.2588190451025203,-0.7818314824680299,0.6234898018587334,11.16,18
143,chinese,12.4,uptown,3.0,1,10.97,bike,1205.0,clear,12,9,12.15,6,1,1.2246467991473532e-16,-1.0,-0.7818314824680299,0.6234898018587334,10.97,26
19,chinese,10.6,downtown,1.8,4,46.28,car,22.0,rain,17,32,17.533333333333335,1,0,-0.9659258262890683,-0.25881904510252063,0.7818314824680297,0.6234898018587336,11.57,24
69,salads,8.8,midtown,3.9,3,24.21,car,263.0,clear,22,30,22.5,0,0,-0.5000000000000004,0.8660254037844384,0.0,1.0,8.07,23
17,thai,9.8,uptown,4.7,4,46.29,bike,69.0,clear,21,34,21.566666666666666,0,0,-0.7071067811865477,0.7071067811865474,0.0,1.0,11.5725,36
116,sushi,16.4,downtown,2.5,1,8.0,scooter,987.0,cloudy,18,3,18.05,4,0,-1.0,-1.8369701987210297e-16,-0.433883739117558,-0.9009688679024191,8.0,31
79,salads,10.0,midtown,3.5,2,31.16,scooter,33.0,clear,12,45,12.75,1,0,1.2246467991473532e-16,-1.0,0.7818314824680297,0.6234898018587336,15.58,22
142,indian,20.4,midtown,2.0,2,17.48,scooter,52.0,clear,19,23,19.383333333333333,6,1,-0.9659258262890684,0.2588190451025203,-0.7818314824680299,0.6234898018587334,8.74,34
61,thai,18.0,suburbs_north,9.0,6,44.35,car,74.0,clear,17,11,17.183333333333334,2,0,-0.9659258262890683,-0.25881904510252063,0.9749279121818236,-0.22252093395631434,7.391666666666667,47
87,burgers,6.5,downtown,0.8,2,17.76,bike,484.0,clear,22,44,22.733333333333334,6,1,-0.5000000000000004,0.8660254037844384,-0.7818314824680299,0.6234898018587334,8.88,11
86,chinese,11.8,suburbs_south,5.4,5,68.35,scooter,169.0,clear,20,41,20.683333333333334,0,0,-0.8660254037844386,0.5,0.0,1.0,13.669999999999998,37
144,chinese,7.6,midtown,2.0,1,14.43,bike,41.0,cloudy,22,9,22.15,4,0,-0.5000000000000004,0.8660254037844384,-0.433883739117558,-0.9009688679024191,14.43,19
5,mexican,12.4,uptown,4.3,3,36.4,scooter,123.0,clear,18,42,18.7,6,1,-1.0,-1.8369701987210297e-16,-0.7818314824680299,0.6234898018587334,12.133333333333333,33
139,indian,20.7,midtown,1.6,6,85.79,car,112.0,clear,18,44,18.733333333333334,1,0,-1.0,-1.8369701987210297e-16,0.7818314824680297,0.6234898018587336,14.298333333333334,40
20,mexican,9.2,midtown,4.3,2,23.47,scooter,336.0,clear,19,5,19.083333333333332,4,0,-0.9659258262890684,0.2588190451025203,-0.433883739117558,-0.9009688679024191,11.735,30
90,sushi,20.7,midtown,1.8,2,27.74,car,10.0,heavy_rain,13,46,13.766666666666667,5,1,-0.2588190451025208,-0.9659258262890683,-0.9749279121818236,-0.2225209339563146,13.87,41
80,chinese,16.1,downtown,1.6,3,26.73,car,122.0,clear,19,47,19.783333333333335,4,0,-0.9659258262890684,0.2588190451025203,-0.433883739117558,-0.9009688679024191,8.91,27
36,burgers,11.8,downtown,1.1,3,30.67,bike,68.0,rain,18,49,18.816666666666666,3,0,-1.0,-1.8369701987210297e-16,0.43388373911755823,-0.900968867902419,10.223333333333334,28
154,salads,8.5,midtown,2.7,2,14.0,scooter,49.0,clear,22,6,22.1,5,1,-0.5000000000000004,0.8660254037844384,-0.9749279121818236,-0.2225209339563146,7.0,26
153,salads,5.0,suburbs_south,8.7,3,37.52,car,287.0,cloudy,11,31,11.516666666666667,3,0,0.258819045102521,-0.9659258262890682,0.43388373911755823,-0.900968867902419,12.506666666666668,29
35,mexican,11.9,midtown,4.8,2,31.7,car,88.0,rain,11,2,11.033333333333333,0,0,0.258819045102521,-0.9659258262890682,0.0,1.0,15.85,30
131,indian,22.1,downtown,2.3,3,38.42,bike,274.0,clear,11,54,11.9,4,0,0.258819045102521,-0.9659258262890682,-0.433883739117558,-0.9009688679024191,12.806666666666667,42
123,salads,7.7,uptown,3.6,3,35.52,scooter,523.0,clear,17,57,17.95,5,1,-0.9659258262890683,-0.25881904510252063,-0.9749279121818236,-0.2225209339563146,11.840000000000002,23
70,thai,14.2,suburbs_north,9.9,1,15.15,car,91.0,clear,21,4,21.066666666666666,3,0,-0.7071067811865477,0.7071067811865474,0.43388373911755823,-0.900968867902419,15.15,40
19,chinese,10.6,downtown,2.5,8,102.28,bike,39.0,clear,14,11,14.183333333333334,1,0,-0.4999999999999998,-0.8660254037844388,0.7818314824680297,0.6234898018587336,12.785,33
89,sushi,22.3,suburbs_north,7.8,2,30.2,car,166.0,heavy_rain,17,46,17.766666666666666,4,0,-0.9659258262890683,-0.25881904510252063,-0.433883739117558,-0.9009688679024191,15.1,51
10,pizza,12.9,suburbs_north,3.3,1,8.25,bike,140.0,clear,18,48,18.8,4,0,-1.0,-1.8369701987210297e-16,-0.433883739117558,-0.9009688679024191,8.25,29
123,salads,7.7,uptown,1.8,1,11.8,scooter,370.0,clear,19,7,19.116666666666667,2,0,-0.9659258262890684,0.2588190451025203,0.9749279121818236,-0.22252093395631434,11.8,17
40,pizza,18.4,midtown,3.7,2,29.0,bike,149.0,clear,18,29,18.483333333333334,3,0,-1.0,-1.8369701987210297e-16,0.43388373911755823,-0.900968867902419,14.5,44
2,thai,10.5,downtown,1.9,8,106.39,car,133.0,clear,10,58,10.966666666666667,2,0,0.49999999999999994,-0.8660254037844387,0.9749279121818236,-0.22252093395631434,13.29875,21
62,salads,6.7,downtown,1.3,2,29.66,scooter,190.0,clear,21,48,21.8,1,0,-0.7071067811865477,0.7071067811865474,0.7818314824680297,0.6234898018587336,14.83,9
61,thai,18.0,suburbs_north,2.2,1,8.43,car,188.0,clear,12,44,12.733333333333333,6,1,1.2246467991473532e-16,-1.0,-0.7818314824680299,0.6234898018587334,8.43,33
139,indian,20.7,midtown,2.2,3,42.21,scooter,17.0,clear,12,36,12.6,5,1,1.2246467991473532e-16,-1.0,-0.9749279121818236,-0.2225209339563146,14.07,46
6,sushi,16.8,midtown,4.5,3,44.61,scooter,300.0,clear,14,42,14.7,3,0,-0.4999999999999998,-0.8660254037844388,0.43388373911755823,-0.900968867902419,14.87,32
47,mexican,14.1,downtown,2.9,3,29.81,scooter,33.0,clear,13,48,13.8,4,0,-0.2588190451025208,-0.9659258262890683,-0.433883739117558,-0.9009688679024191,9.936666666666666,28
95,pizza,11.9,suburbs_south,9.6,1,11.3,scooter,588.0,cloudy,20,13,20.216666666666665,0,0,-0.8660254037844386,0.5,0.0,1.0,11.3,44
132,mexican,13.3,downtown,2.7,1,11.21,scooter,130.0,clear,12,53,12.883333333333333,2,0,1.2246467991473532e-16,-1.0,0.9749279121818236,-0.22252093395631434,11.21,21
150,mexican,14.6,downtown,2.5,2,18.0,bike,112.0,cloudy,18,56,18.933333333333334,6,1,-1.0,-1.8369701987210297e-16,-0.7818314824680299,0.6234898018587334,9.0,41
7,thai,17.1,midtown,2.1,3,27.23,bike,239.0,heavy_rain,16,15,16.25,1,0,-0.8660254037844384,-0.5000000000000004,0.7818314824680297,0.6234898018587336,9.076666666666666,29
114,chinese,12.4,suburbs_south,7.2,5,70.51,scooter,338.0,cloudy,19,35,19.583333333333332,0,0,-0.9659258262890684,0.2588190451025203,0.0,1.0,14.102,47
19,chinese,10.6,downtown,3.5,4,47.34,bike,130.0,clear,11,22,11.366666666666667,2,0,0.258819045102521,-0.9659258262890682,0.9749279121818236,-0.22252093395631434,11.835,31
141,thai,14.1,suburbs_north,4.2,3,39.77,scooter,410.0,cloudy,20,52,20.866666666666667,0,0,-0.8660254037844386,0.5,0.0,1.0,13.256666666666668,33
63,pizza,12.6,downtown,2.5,2,23.96,bike,1853.0,cloudy,17,44,17.733333333333334,1,0,-0.9659258262890683,-0.25881904510252063,0.7818314824680297,0.6234898018587336,11.98,31
102,indian,17.4,uptown,2.0,7,80.07,scooter,64.0,rain,19,39,19.65,1,0,-0.9659258262890684,0.2588190451025203,0.7818314824680297,0.6234898018587336,11.438571428571427,44
139,indian,20.7,midtown,3.1,2,28.54,bike,1063.0,cloudy,18,19,18.316666666666666,4,0,-1.0,-1.8369701987210297e-16,-0.433883739117558,-0.9009688679024191,14.27,40
134,mexican,10.8,midtown,3.1,2,31.19,scooter,161.0,clear,20,31,20.516666666666666,5,1,-0.8660254037844386,0.5,-0.9749279121818236,-0.2225209339563146,15.595,28
160,salads,5.0,uptown,2.4,1,14.64,scooter,55.0,clear,11,36,11.6,0,0,0.258819045102521,-0.9659258262890682,0.0,1.0,14.64,17
39,thai,21.0,downtown,1.2,2,19.88,bike,14.0,rain,19,49,19.816666666666666,3,0,-0.9659258262890684,0.2588190451025203,0.43388373911755823,-0.900968867902419,9.94,35
82,salads,9.2,midtown,4.0,2,31.48,bike,800.0,clear,14,54,14.9,0,0,-0.4999999999999998,-0.8660254037844388,0.0,1.0,15.74,27
53,thai,11.5,midtown,3.8,5,55.11,bike,23.0,clear,16,11,16.183333333333334,6,1,-0.8660254037844384,-0.5000000000000004,-0.7818314824680299,0.6234898018587334,11.022,31
94,sushi,20.2,downtown,2.4,3,25.0,car,283.0,clear,15,22,15.366666666666667,3,0,-0.7071067811865471,-0.7071067811865479,0.43388373911755823,-0.900968867902419,8.333333333333334,25
93,sushi,16.7,downtown,1.3,4,32.14,bike,487.0,clear,16,0,16.0,3,0,-0.8660254037844384,-0.5000000000000004,0.43388373911755823,-0.900968867902419,8.035,22
70,thai,14.2,suburbs_north,6.1,2,20.97,car,182.0,clear,11,32,11.533333333333333,0,0,0.258819045102521,-0.9659258262890682,0.0,1.0,10.485,34
46,indian,19.4,downtown,0.8,8,123.87,scooter,1164.0,clear,19,13,19.216666666666665,6,1,-0.9659258262890684,0.2588190451025203,-0.7818314824680299,0.6234898018587334,15.48375,35
64,mexican,11.6,suburbs_north,7.7,6,44.58,car,156.0,clear,13,3,13.05,2,0,-0.2588190451025208,-0.9659258262890683,0.9749279121818236,-0.22252093395631434,7.43,39
82,salads,9.2,midtown,2.8,4,33.47,car,168.0,clear,15,3,15.05,3,0,-0.7071067811865471,-0.7071067811865479,0.43388373911755823,-0.900968867902419,8.3675,17
138,thai,16.2,uptown,5.1,3,44.24,scooter,1092.0,cloudy,20,14,20.233333333333334,6,1,-0.8660254037844386,0.5,-0.7818314824680299,0.6234898018587334,14.746666666666668,41
74,thai,18.7,downtown,3.3,3,41.13,bike,1306.0,cloudy,19,27,19.45,1,0,-0.9659258262890684,0.2588190451025203,0.7818314824680297,0.6234898018587336,13.71,44
80,chinese,16.1,downtown,2.0,2,26.44,scooter,607.0,clear,20,18,20.3,0,0,-0.8660254037844386,0.5,0.0,1.0,13.22,23
84,chinese,11.5,suburbs_south,10.4,3,24.6,car,105.0,cloudy,14,5,14.083333333333334,1,0,-0.4999999999999998,-0.8660254037844388,0.7818314824680297,0.6234898018587336,8.200000000000001,35
147,chinese,17.7,midtown,3.5,4,30.7,bike,745.0,clear,11,24,11.4,0,0,0.258819045102521,-0.9659258262890682,0.0,1.0,7.675,39
122,indian,20.0,midtown,1.2,3,35.87,scooter,1624.0,clear,14,7,14.116666666666667,0,0,-0.4999999999999998,-0.8660254037844388,0.0,1.0,11.956666666666665,25
9,thai,12.6,suburbs_south,3.5,2,30.97,car,147.0,cloudy,18,49,18.816666666666666,6,1,-1.0,-1.8369701987210297e-16,-0.7818314824680299,0.6234898018587334,15.485,28
27,thai,16.7,downtown,1.2,3,32.99,scooter,404.0,clear,14,10,14.166666666666666,6,1,-0.4999999999999998,-0.8660254037844388,-0.7818314824680299,0.6234898018587334,10.996666666666668,17
136,salads,9.3,downtown,1.1,1,15.54,bike,5.0,clear,18,38,18.633333333333333,4,0,-1.0,-1.8369701987210297e-16,-0.433883739117558,-0.9009688679024191,15.54,25
104,thai,11.5,suburbs_south,3.3,4,33.35,scooter,67.0,rain,14,19,14.316666666666666,4,0,-0.4999999999999998,-0.8660254037844388,-0.433883739117558,-0.9009688679024191,8.3375,24
106,pizza,12.3,downtown,3.1,3,27.44,bike,96.0,clear,21,17,21.283333333333335,2,0,-0.7071067811865477,0.7071067811865474,0.9749279121818236,-0.22252093395631434,9.146666666666667,30
78,mexican,9.1,downtown,1.8,3,26.22,scooter,749.0,cloudy,22,31,22.516666666666666,2,0,-0.5000000000000004,0.8660254037844384,0.9749279121818236,-0.22252093395631434,8.74,14
132,mexican,13.3,downtown,2.0,2,19.89,bike,45.0,clear,12,3,12.05,2,0,1.2246467991473532e-16,-1.0,0.9749279121818236,-0.22252093395631434,9.945,29
30,salads,5.0,suburbs_south,4.1,2,27.61,car,10.0,clear,17,13,17.216666666666665,0,0,-0.9659258262890683,-0.25881904510252063,0.0,1.0,13.805,16
123,salads,7.7,uptown,4.4,3,34.45,scooter,147.0,rain,13,25,13.416666666666666,0,0,-0.2588190451025208,-0.9659258262890683,0.0,1.0,11.483333333333334,30
80,chinese,16.1,downtown,0.9,3,22.35,scooter,151.0,cloudy,20,13,20.216666666666665,1,0,-0.8660254037844386,0.5,0.7818314824680297,0.6234898018587336,7.45,28
26,pizza,14.9,midtown,3.6,2,23.59,bike,72.0,clear,18,51,18.85,6,1,-1.0,-1.8369701987210297e-16,-0.7818314824680299,0.6234898018587334,11.795,38
3,pizza,20.9,suburbs_north,8.5,2,26.84,car,160.0,cloudy,20,31,20.516666666666666,6,1,-0.8660254037844386,0.5,-0.7818314824680299,0.6234898018587334,13.42,45
155,indian,14.5,suburbs_south,4.7,3,45.54,bike,32.0,cloudy,11,5,11.083333333333334,1,0,0.258819045102521,-0.9659258262890682,0.7818314824680297,0.6234898018587336,15.18,44
138,thai,16.2,uptown,1.9,3,45.22,car,432.0,rain,12,59,12.983333333333333,2,0,1.2246467991473532e-16,-1.0,0.9749279121818236,-0.22252093395631434,15.073333333333332,30
40,pizza,18.4,midtown,3.4,1,8.0,car,206.0,clear,20,42,20.7,1,0,-0.8660254037844386,0.5,0.7818314824680297,0.6234898018587336,8.0,26
78,mexican,9.1,downtown,3.1,3,42.91,bike,51.0,clear,18,43,18.716666666666665,5,1,-1.0,-1.8369701987210297e-16,-0.9749279121818236,-0.2225209339563146,14.303333333333333,31
7,thai,17.1,midtown,3.4,3,42.09,car,63.0,clear,16,18,16.3,1,0,-0.8660254037844384,-0.5000000000000004,0.7818314824680297,0.6234898018587336,14.030000000000001,27
126,pizza,12.0,midtown,1.5,3,42.49,scooter,107.0,clear,12,9,12.15,2,0,1.2246467991473532e-16,-1.0,0.9749279121818236,-0.22252093395631434,14.163333333333334,22
73,pizza,10.6,midtown,2.9,2,30.49,car,82.0,clear,18,26,18.433333333333334,1,0,-1.0,-1.8369701987210297e-16,0.7818314824680297,0.6234898018587336,15.245,26
84,chinese,11.5,suburbs_south,2.7,2,25.56,bike,104.0,rain,19,16,19.266666666666666,2,0,-0.9659258262890684,0.2588190451025203,0.9749279121818236,-0.22252093395631434,12.78,23
18,indian,20.8,suburbs_south,4.1,4,46.77,scooter,17.0,rain,11,10,11.166666666666666,4,0,0.258819045102521,-0.9659258262890682,-0.433883739117558,-0.9009688679024191,11.6925,45
122,indian,20.0,midtown,3.9,5,77.54,car,114.0,clear,12,23,12.383333333333333,5,1,1.2246467991473532e-16,-1.0,-0.9749279121818236,-0.2225209339563146,15.508000000000001,39
52,mexican,5.5,uptown,3.6,5,70.07,bike,25.0,clear,18,22,18.366666666666667,2,0,-1.0,-1.8369701987210297e-16,0.9749279121818236,-0.22252093395631434,14.014,22
137,thai,13.3,suburbs_north,1.9,2,16.88,scooter,620.0,cloudy,10,51,10.85,6,1,0.49999999999999994,-0.8660254037844387,-0.7818314824680299,0.6234898018587334,8.44,22
141,thai,14.1,suburbs_north,5.1,4,58.16,scooter,172.0,rain,13,7,13.116666666666667,1,0,-0.2588190451025208,-0.9659258262890683,0.7818314824680297,0.6234898018587336,14.54,44
93,sushi,16.7,downtown,2.4,2,17.53,scooter,24.0,cloudy,20,39,20.65,3,0,-0.8660254037844386,0.5,0.43388373911755823,-0.900968867902419,8.765,36
89,sushi,22.3,suburbs_north,7.9,2,24.7,car,230.0,clear,21,54,21.9,2,0,-0.7071067811865477,0.7071067811865474,0.9749279121818236,-0.22252093395631434,12.35,47
160,salads,5.0,uptown,4.3,1,8.53,scooter,38.0,cloudy,11,36,11.6,1,0,0.258819045102521,-0.9659258262890682,0.7818314824680297,0.6234898018587336,8.53,33
33,sushi,21.1,midtown,1.3,5,43.24,bike,56.0,clear,21,35,21.583333333333332,0,0,-0.7071067811865477,0.7071067811865474,0.0,1.0,8.648,34
68,thai,11.9,uptown,3.3,4,50.91,bike,4.0,rain,23,18,23.3,2,0,-0.2588190451025215,0.9659258262890681,0.9749279121818236,-0.22252093395631434,12.7275,35
11,indian,20.4,uptown,4.8,1,8.0,bike,1295.0,cloudy,14,24,14.4,3,0,-0.4999999999999998,-0.8660254037844388,0.43388373911755823,-0.900968867902419,8.0,43
132,mexican,13.3,downtown,3.2,1,13.37,car,216.0,clear,14,37,14.616666666666667,3,0,-0.4999999999999998,-0.8660254037844388,0.43388373911755823,-0.900968867902419,13.37,28
137,thai,13.3,suburbs_north,2.7,2,24.55,car,147.0,clear,22,56,22.933333333333334,3,0,-0.5000000000000004,0.8660254037844384,0.43388373911755823,-0.900968867902419,12.275,24
60,chinese,10.4,suburbs_north,7.2,4,28.75,scooter,54.0,rain,22,15,22.25,4,0,-0.5000000000000004,0.8660254037844384,-0.433883739117558,-0.9009688679024191,7.1875,37
79,salads,10.0,midtown,3.7,1,13.3,scooter,216.0,clear,20,23,20.383333333333333,5,1,-0.8660254037844386,0.5,-0.9749279121818236,-0.2225209339563146,13.3,22
160,salads,5.0,uptown,2.1,1,11.81,scooter,827.0,clear,12,3,12.05,0,0,1.2246467991473532e-16,-1.0,0.0,1.0,11.81,15
18,indian,20.8,suburbs_south,6.4,4,44.58,car,78.0,clear,21,2,21.033333333333335,0,0,-0.7071067811865477,0.7071067811865474,0.0,1.0,11.145,44
33,sushi,21.1,midtown,1.8,1,8.41,bike,457.0,cloudy,13,4,13.066666666666666,2,0,-0.2588190451025208,-0.9659258262890683,0.9749279121818236,-0.22252093395631434,8.41,31
106,pizza,12.3,downtown,2.0,2,22.28,scooter,353.0,clear,15,29,15.483333333333333,4,0,-0.7071067811865471,-0.7071067811865479,-0.433883739117558,-0.9009688679024191,11.14,19
48,mexican,8.8,midtown,1.7,3,40.04,scooter,27.0,cloudy,20,43,20.716666666666665,5,1,-0.8660254037844386,0.5,-0.9749279121818236,-0.2225209339563146,13.346666666666666,19
17,thai,9.8,uptown,3.5,1,15.78,car,159.0,clear,13,46,13.766666666666667,5,1,-0.2588190451025208,-0.9659258262890683,-0.9749279121818236,-0.2225209339563146,15.78,21
76,mexican,10.0,uptown,4.1,2,19.83,scooter,296.0,cloudy,17,50,17.833333333333332,4,0,-0.9659258262890683,-0.25881904510252063,-0.433883739117558,-0.9009688679024191,9.915,26
94,sushi,20.2,downtown,2.6,1,14.96,scooter,956.0,cloudy,17,45,17.75,3,0,-0.9659258262890683,-0.25881904510252063,0.43388373911755823,-0.900968867902419,14.96,25
54,salads,9.4,downtown,1.4,4,54.28,scooter,20.0,cloudy,13,42,13.7,5,1,-0.2588190451025208,-0.9659258262890683,-0.9749279121818236,-0.2225209339563146,13.57,23
125,sushi,18.8,uptown,1.2,1,9.31,scooter,29.0,clear,15,56,15.933333333333334,2,0,-0.7071067811865471,-0.7071067811865479,0.9749279121818236,-0.22252093395631434,9.31,31
39,thai,21.0,downtown,1.3,1,10.78,scooter,38.0,clear,12,47,12.783333333333333,6,1,1.2246467991473532e-16,-1.0,-0.7818314824680299,0.6234898018587334,10.78,36
84,chinese,11.5,suburbs_south,8.8,2,16.11,scooter,126.0,clear,21,31,21.516666666666666,6,1,-0.7071067811865477,0.7071067811865474,-0.7818314824680299,0.6234898018587334,8.055,39
61,thai,18.0,suburbs_north,10.5,7,50.77,scooter,58.0,cloudy,18,55,18.916666666666668,2,0,-1.0,-1.8369701987210297e-16,0.9749279121818236,-0.22252093395631434,7.252857142857144,65
135,sushi,20.5,downtown,1.7,2,21.55,scooter,134.0,heavy_rain,13,3,13.05,5,1,-0.2588190451025208,-0.9659258262890683,-0.9749279121818236,-0.2225209339563146,10.775,40
133,chinese,15.9,suburbs_north,8.2,1,8.0,scooter,115.0,clear,18,54,18.9,5,1,-1.0,-1.8369701987210297e-16,-0.9749279121818236,-0.2225209339563146,8.0,46
50,salads,8.2,midtown,4.1,4,33.83,scooter,43.0,clear,12,32,12.533333333333333,5,1,1.2246467991473532e-16,-1.0,-0.9749279121818236,-0.2225209339563146,8.4575,22
138,thai,16.2,uptown,1.5,8,56.21,scooter,125.0,cloudy,12,30,12.5,2,0,1.2246467991473532e-16,-1.0,0.9749279121818236,-0.22252093395631434,7.02625,34
133,chinese,15.9,suburbs_north,7.2,1,8.0,scooter,142.0,cloudy,13,18,13.3,4,0,-0.2588190451025208,-0.9659258262890683,-0.433883739117558,-0.9009688679024191,8.0,37
152,indian,18.0,suburbs_north,5.2,2,19.62,scooter,1727.0,clear,14,57,14.95,6,1,-0.4999999999999998,-0.8660254037844388,-0.7818314824680299,0.6234898018587334,9.81,30
60,chinese,10.4,suburbs_north,3.0,1,13.26,scooter,2269.0,clear,12,55,12.916666666666666,6,1,1.2246467991473532e-16,-1.0,-0.7818314824680299,0.6234898018587334,13.26,24
6,sushi,16.8,midtown,2.2,3,44.73,bike,22.0,clear,19,43,19.716666666666665,3,0,-0.9659258262890684,0.2588190451025203,0.43388373911755823,-0.900968867902419,14.909999999999998,34
93,sushi,16.7,downtown,1.1,5,75.98,scooter,30.0,rain,11,59,11.983333333333333,3,0,0.258819045102521,-0.9659258262890682,0.43388373911755823,-0.900968867902419,15.196000000000002,29
139,indian,20.7,midtown,1.4,1,13.72,scooter,54.0,cloudy,18,58,18.966666666666665,1,0,-1.0,-1.8369701987210297e-16,0.7818314824680297,0.6234898018587336,13.72,37
83,salads,8.7,midtown,4.3,2,30.2,bike,378.0,rain,20,22,20.366666666666667,1,0,-0.8660254037844386,0.5,0.7818314824680297,0.6234898018587336,15.1,33
54,salads,9.4,downtown,1.2,4,30.41,scooter,336.0,clear,21,39,21.65,1,0,-0.7071067811865477,0.7071067811865474,0.7818314824680297,0.6234898018587336,7.6025,15
88,burgers,8.9,suburbs_south,9.1,4,32.0,scooter,971.0,clear,10,30,10.5,6,1,0.49999999999999994,-0.8660254037844387,-0.7818314824680299,0.6234898018587334,8.0,40
156,salads,12.7,downtown,1.6,4,32.87,scooter,155.0,cloudy,19,35,19.583333333333332,2,0,-0.9659258262890684,0.2588190451025203,0.9749279121818236,-0.22252093395631434,8.2175,27
43,chinese,12.4,uptown,1.9,3,40.95,scooter,822.0,rain,12,49,12.816666666666666,0,0,1.2246467991473532e-16,-1.0,0.0,1.0,13.65,29
143,chinese,12.4,uptown,2.0,3,37.94,scooter,19.0,cloudy,22,31,22.516666666666666,2,0,-0.5000000000000004,0.8660254037844384,0.9749279121818236,-0.22252093395631434,12.646666666666667,29
58,indian,21.6,uptown,3.1,2,17.16,scooter,72.0,cloudy,21,24,21.4,3,0,-0.7071067811865477,0.7071067811865474,0.43388373911755823,-0.900968867902419,8.58,37
24,pizza,15.8,uptown,1.9,1,10.48,car,376.0,clear,18,0,18.0,0,0,-1.0,-1.8369701987210297e-16,0.0,1.0,10.48,20
146,thai,14.2,uptown,3.3,2,26.66,bike,33.0,heavy_rain,12,6,12.1,0,0,1.2246467991473532e-16,-1.0,0.0,1.0,13.33,45
140,chinese,17.8,downtown,2.8,1,14.71,scooter,34.0,clear,19,22,19.366666666666667,4,0,-0.9659258262890684,0.2588190451025203,-0.433883739117558,-0.9009688679024191,14.71,34
157,burgers,16.3,suburbs_south,6.0,3,30.07,bike,37.0,rain,17,2,17.033333333333335,3,0,-0.9659258262890683,-0.25881904510252063,0.43388373911755823,-0.900968867902419,10.023333333333333,55
25,mexican,14.5,midtown,2.2,5,78.64,scooter,219.0,clear,12,49,12.816666666666666,6,1,1.2246467991473532e-16,-1.0,-0.7818314824680299,0.6234898018587334,15.728,33
44,indian,21.0,midtown,3.3,7,101.27,scooter,1169.0,rain,12,57,12.95,5,1,1.2246467991473532e-16,-1.0,-0.9749279121818236,-0.2225209339563146,14.467142857142857,48
136,salads,9.3,downtown,3.3,7,50.94,car,418.0,cloudy,20,3,20.05,5,1,-0.8660254037844386,0.5,-0.9749279121818236,-0.2225209339563146,7.277142857142857,32
12,thai,12.8,midtown,3.4,2,24.89,scooter,1521.0,clear,20,19,20.316666666666666,1,0,-0.8660254037844386,0.5,0.7818314824680297,0.6234898018587336,12.445,29
11,indian,20.4,uptown,1.9,2,28.37,car,135.0,clear,16,9,16.15,2,0,-0.8660254037844384,-0.5000000000000004,0.9749279121818236,-0.22252093395631434,14.185,31
47,mexican,14.1,downtown,3.6,4,34.82,scooter,3161.0,clear,13,59,13.983333333333333,5,1,-0.2588190451025208,-0.9659258262890683,-0.9749279121818236,-0.2225209339563146,8.705,34
100,pizza,12.8,uptown,2.5,2,15.74,bike,150.0,clear,18,40,18.666666666666668,4,0,-1.0,-1.8369701987210297e-16,-0.433883739117558,-0.9009688679024191,7.87,34
2,thai,10.5,downtown,2.2,2,27.1,scooter,67.0,clear,11,24,11.4,2,0,0.258819045102521,-0.9659258262890682,0.9749279121818236,-0.22252093395631434,13.55,21
59,pizza,11.7,suburbs_south,12.4,5,54.58,car,27.0,rain,13,56,13.933333333333334,0,0,-0.2588190451025208,-0.9659258262890683,0.0,1.0,10.916,51
122,indian,20.0,midtown,5.2,1,12.2,car,796.0,clear,18,13,18.216666666666665,1,0,-1.0,-1.8369701987210297e-16,0.7818314824680297,0.6234898018587336,12.2,40
136,salads,9.3,downtown,1.7,3,43.58,scooter,247.0,clear,18,50,18.833333333333332,0,0,-1.0,-1.8369701987210297e-16,0.0,1.0,14.526666666666666,21
26,pizza,14.9,midtown,4.3,7,63.04,bike,271.0,cloudy,22,28,22.466666666666665,2,0,-0.5000000000000004,0.8660254037844384,0.9749279121818236,-0.22252093395631434,9.005714285714285,37
97,chinese,16.1,uptown,4.0,3,28.86,scooter,1193.0,clear,19,24,19.4,2,0,-0.9659258262890684,0.2588190451025203,0.9749279121818236,-0.22252093395631434,9.62,34
90,sushi,20.7,midtown,5.0,4,37.5,car,160.0,cloudy,20,39,20.65,1,0,-0.8660254037844386,0.5,0.7818314824680297,0.6234898018587336,9.375,46
144,chinese,7.6,midtown,4.1,6,74.87,car,353.0,cloudy,10,17,10.283333333333333,6,1,0.49999999999999994,-0.8660254037844387,-0.7818314824680299,0.6234898018587334,12.478333333333333,24
149,thai,15.5,downtown,2.8,1,8.0,car,278.0,clear,18,39,18.65,4,0,-1.0,-1.8369701987210297e-16,-0.433883739117558,-0.9009688679024191,8.0,28
45,indian,15.4,midtown,3.1,7,77.9,scooter,35.0,clear,18,57,18.95,3,0,-1.0,-1.8369701987210297e-16,0.43388373911755823,-0.900968867902419,11.12857142857143,41
23,burgers,11.6,downtown,1.9,3,22.5,scooter,275.0,cloudy,19,58,19.966666666666665,5,1,-0.9659258262890684,0.2588190451025203,-0.9749279121818236,-0.2225209339563146,7.5,23
123,salads,7.7,uptown,3.2,1,13.15,scooter,635.0,clear,20,13,20.216666666666665,1,0,-0.8660254037844386,0.5,0.7818314824680297,0.6234898018587336,13.15,21
132,mexican,13.3,downtown,1.2,1,13.68,bike,108.0,clear,19,21,19.35,6,1,-0.9659258262890684,0.2588190451025203,-0.7818314824680299,0.6234898018587334,13.68,20
77,pizza,11.4,uptown,4.4,3,32.09,scooter,97.0,cloudy,18,38,18.633333333333333,1,0,-1.0,-1.8369701987210297e-16,0.7818314824680297,0.6234898018587336,10.696666666666667,32
136,salads,9.3,downtown,2.9,3,22.46,car,208.0,cloudy,20,13,20.216666666666665,0,0,-0.8660254037844386,0.5,0.0,1.0,7.486666666666667,31
87,burgers,6.5,downtown,1.7,2,25.52,scooter,57.0,clear,18,36,18.6,2,0,-1.0,-1.8369701987210297e-16,0.9749279121818236,-0.22252093395631434,12.76,19
124,indian,17.6,downtown,3.0,2,21.85,scooter,272.0,rain,11,34,11.566666666666666,2,0,0.258819045102521,-0.9659258262890682,0.9749279121818236,-0.22252093395631434,10.925,35
110,thai,12.5,suburbs_north,7.0,2,27.65,car,2001.0,rain,22,13,22.216666666666665,2,0,-0.5000000000000004,0.8660254037844384,0.9749279121818236,-0.22252093395631434,13.825,32
123,salads,7.7,uptown,5.5,3,34.04,car,187.0,cloudy,11,19,11.316666666666666,0,0,0.258819045102521,-0.9659258262890682,0.0,1.0,11.346666666666666,28
76,mexican,10.0,uptown,3.6,2,23.87,bike,62.0,clear,11,29,11.483333333333333,4,0,0.258819045102521,-0.9659258262890682,-0.433883739117558,-0.9009688679024191,11.935,32
144,chinese,7.6,midtown,3.2,4,60.2,scooter,362.0,clear,20,57,20.95,2,0,-0.8660254037844386,0.5,0.9749279121818236,-0.22252093395631434,15.05,25
9,thai,12.6,suburbs_south,7.5,3,34.98,car,187.0,clear,12,3,12.05,2,0,1.2246467991473532e-16,-1.0,0.9749279121818236,-0.22252093395631434,11.659999999999998,35
