order_id,order_placed_at,restaurant_id,cuisine,restaurant_avg_prep_minutes,city_zone,distance_km,items_count,order_subtotal,courier_vehicle,courier_trips_completed,weather,delivery_minutes
700001,2025-03-01 10:00:00,10,pizza,12.9,suburbs_north,2.2,2,19.24,scooter,50,cloudy,29
700003,2025-03-01 11:06:00,5,mexican,12.4,uptown,5.3,1,8.36,bike,1255,clear,36
700004,2025-03-01 11:15:00,59,pizza,11.7,suburbs_south,2.6,3,27.38,scooter,276,clear,31
700005,2025-03-01 11:28:00,51,indian,17,downtown,3.3,1,8,bike,664,cloudy,34
700006,2025-03-01 11:40:00,104,thai,11.5,suburbs_south,11.6,2,18.96,car,38,rain,54
700008,2025-03-01 11:53:00,107,sushi,18,suburbs_south,12.2,3,32.14,car,870,rain,63
700009,2025-03-01 12:03:00,86,chinese,11.8,suburbs_south,11.2,2,28.94,car,75,clear,42
700010,2025-03-01 12:05:00,95,pizza,11.9,suburbs_south,8.2,2,27.74,scooter,94,clear,41
700011,2025-03-01 12:05:00,28,indian,19.5,downtown,1.7,1,12.56,car,86,clear,32
700012,2025-03-01 12:20:00,128,chinese,6.8,uptown,2.2,5,62.76,scooter,719,clear,22
700014,2025-03-01 12:40:00,25,mexican,14.5,midtown,4.8,1,13.55,bike,189,clear,35
700015,2025-03-01 12:55:00,23,burgers,11.6,downtown,2.7,3,30.07,bike,24,clear,33
700016,2025-03-01 12:59:00,129,pizza,10.9,suburbs_north,6.2,5,58.86,car,10,clear,36
700017,2025-03-01 13:08:00,80,chinese,16.1,downtown,2.7,1,8.58,bike,199,clear,29
700018,2025-03-01 13:23:00,21,pizza,17,midtown,2.2,1,9.45,bike,324,rain,34
700019,2025-03-01 13:24:00,118,thai,15.5,downtown,1.9,2,23.04,scooter,555,cloudy,31
700020,2025-03-01 13:34:00,152,indian,18,suburbs_north,6.6,1,8.57,car,976,cloudy,40
700021,2025-03-01 13:38:00,85,pizza,11.8,uptown,3.9,2,20.65,bike,22,clear,34
700022,2025-03-01 13:46:00,84,chinese,11.5,suburbs_south,4.6,4,34.78,scooter,30,clear,36
700023,2025-03-01 13:50:00,30,salads,5,suburbs_south,2.8,1,11.14,scooter,703,cloudy,20
700024,2025-03-01 14:41:00,32,thai,16.7,uptown,2.5,7,58.53,bike,202,cloudy,33
700025,2025-03-01 14:49:00,145,pizza,12.3,suburbs_south,3.7,3,30.52,scooter,36,cloudy,36
700026,2025-03-01 15:09:00,94,sushi,20.2,downtown,2.5,5,37.71,scooter,574,,35
700027,2025-03-01 15:21:00,92,thai,7,uptown,1.8,5,78.41,bike,10,clear,17
700028,2025-03-01 16:05:00,158,indian,12.1,midtown,2.3,1,11.44,scooter,148,clear,23
700031,2025-03-01 17:12:00,76,mexican,10,uptown,2.6,6,89.37,car,,cloudy,23
700032,2025-03-01 17:37:00,144,chinese,7.6,midtown,2.7,3,24.54,scooter,79,clear,21
700033,2025-03-01 17:50:00,3,pizza,20.9,suburbs_north,11.5,2,30.82,car,365,clear,51
700034,2025-03-01 17:52:00,1,mexican,12.7,downtown,1.8,1,14.1,bike,76,heavy_rain,32
700035,2025-03-01 17:54:00,26,pizza,14.9,midtown,2,5,46.05,car,358,cloudy,19
700036,2025-03-01 18:00:00,153,salads,5,suburbs_south,10.2,2,19.78,car,63,cloudy,34
700037,2025-03-01 18:06:00,33,sushi,21.1,midtown,1.6,2,24.12,bike,147,clear,36
700038,2025-03-01 18:19:00,8,burgers,12.1,uptown,3.5,3,36.79,scooter,335,clear,29
700039,2025-03-01 18:20:00,130,mexican,15.3,downtown,1.6,1,12.85,bike,12,rain,33
700041,2025-03-01 18:40:00,103,thai,16.4,midtown,1.2,3,34.69,bike,22,clear,34
700042,2025-03-01 18:43:00,78,mexican,9.1,downtown,3.1,3,42.91,bike,51,clear,31
700043,2025-03-01 18:45:00,159,pizza,15,uptown,2.1,3,44.33,scooter,431,rain,30
700044,2025-03-01 18:50:00,106,pizza,12.3,downtown,1.2,1,11.64,bike,359,clear,16
700045,2025-03-01 18:56:00,129,pizza,10.9,suburbs_north,11.4,1,14.52,scooter,109,clear,55
700047,2025-03-01 19:26:00,5,mexican,12.4,uptown,4.7,2,28.27,scooter,,clear,33
700049,2025-03-01 19:48:00,40,pizza,18.4,midtown,3.1,2,20.92,bike,19,rain,48
700050,2025-03-01 19:52:00,26,pizza,14.9,midtown,3.5,2,25.73,scooter,103,clear,31
700051,2025-03-01 19:58:00,90,sushi,20.7,midtown,3.5,3,27.23,bike,1736,rain,51
700052,2025-03-01 20:02:00,40,pizza,18.4,midtown,3.4,1,14.85,scooter,25,clear,36
700053,2025-03-01 20:05:00,18,indian,20.8,suburbs_south,6.2,2,28.87,car,237,clear,43
700055,2025-03-01 20:17:00,26,pizza,14.9,midtown,2,4,57.25,scooter,84,cloudy,32
700056,2025-03-01 20:31:00,128,chinese,6.8,uptown,3,6,52.62,scooter,56,cloudy,23
700057,2025-03-01 20:38:00,9,thai,12.6,suburbs_south,2.8,7,95.75,bike,100,clear,29
700058,2025-03-01 20:56:00,107,sushi,18,suburbs_south,9.1,3,32.02,scooter,144,cloudy,51
700060,2025-03-01 21:08:00,65,thai,16.7,uptown,3.6,8,63.39,scooter,1360,cloudy,28
700061,2025-03-01 21:10:00,94,sushi,20.2,downtown,1.2,3,45.17,bike,121,clear,31
700062,2025-03-01 21:28:00,40,pizza,18.4,midtown,2.7,4,59.82,scooter,195,clear,33
700063,2025-03-01 22:04:00,8,burgers,12.1,uptown,3.6,2,20.35,car,241,cloudy,22
700065,2025-03-02 10:10:00,143,chinese,12.4,uptown,4.4,5,45.3,car,319,cloudy,29
700066,2025-03-02 10:24:00,40,pizza,18.4,midtown,1.6,2,16.26,car,20,heavy_rain,31
700067,2025-03-02 10:35:00,125,sushi,18.8,uptown,2.7,2,21.78,car,31,clear,29
700068,2025-03-02 11:23:00,78,mexican,9.1,downtown,1.8,1,11.86,car,61,clear,24
700069,2025-03-02 12:07:00,132,mexican,13.3,downtown,1.7,5,35.54,scooter,381,rain,27
700070,2025-03-02 12:12:00,100,pizza,12.8,uptown,1.8,6,66.01,bike,65,cloudy,36
700071,2025-03-02 12:19:00,32,thai,16.7,uptown,1.6,3,34.59,car,117,clear,32
700072,2025-03-02 12:21:00,55,salads,5,midtown,5.3,7,52.56,scooter,32,heavy_rain,40
700073,2025-03-02 12:35:00,135,sushi,20.5,downtown,3.2,3,37.54,car,107,cloudy,39
700074,2025-03-02 12:42:00,129,pizza,10.9,suburbs_north,3,2,28,scooter,46,,35
700075,2025-03-02 12:43:00,126,pizza,12,midtown,2.8,3,30.06,bike,299,heavy_rain,40
700076,2025-03-02 12:43:00,142,indian,20.4,midtown,1.5,5,55.65,bike,288,clear,42
700077,2025-03-02 12:43:00,153,salads,5,suburbs_south,6.2,3,31.31,car,79,heavy_rain,32
700079,2025-03-02 12:44:00,61,thai,18,suburbs_north,2.2,1,8.43,car,188,clear,33
700080,2025-03-02 12:51:00,89,sushi,22.3,suburbs_north,4.5,2,26.33,car,933,clear,41
700081,2025-03-02 12:52:00,150,mexican,14.6,downtown,2.6,2,14.09,scooter,232,cloudy,23
700082,2025-03-02 12:57:00,84,chinese,11.5,suburbs_south,7.9,3,39.39,scooter,62,cloudy,50
700083,2025-03-02 12:58:00,59,pizza,11.7,suburbs_south,6.1,2,18.74,car,147,heavy_rain,41
700084,2025-03-02 13:02:00,79,salads,10,midtown,1.8,2,28.27,car,6269,clear,22
700085,2025-03-02 13:13:00,157,burgers,16.3,suburbs_south,11.7,2,20.87,car,76,clear,52
700086,2025-03-02 13:38:00,45,indian,15.4,midtown,2.7,2,28.89,bike,467,clear,32
700087,2025-03-02 13:38:00,57,sushi,15.1,midtown,3,3,40.91,bike,541,clear,38
700088,2025-03-02 14:00:00,1,mexican,12.7,downtown,0.9,5,51.47,scooter,89,clear,22
700090,2025-03-02 15:15:00,145,pizza,12.3,suburbs_south,5.6,3,35.39,scooter,199,clear,28
700093,2025-03-02 17:09:00,114,chinese,12.4,suburbs_south,9.6,1,10.5,scooter,284,rain,53
700095,2025-03-02 17:34:00,117,pizza,16.2,suburbs_south,8.9,3,47.91,scooter,93,clear,42
700096,2025-03-02 17:38:00,65,thai,16.7,uptown,1.6,3,35.49,scooter,828,clear,23
700097,2025-03-02 18:02:00,98,salads,11.1,midtown,1.8,5,78.16,bike,42,clear,26
700098,2025-03-02 18:08:00,60,chinese,10.4,suburbs_north,6,6,59.7,bike,673,clear,42
700099,2025-03-02 18:09:00,113,mexican,13.2,midtown,3.9,2,19.96,car,,cloudy,33
700100,2025-03-02 18:15:00,141,thai,14.1,suburbs_north,5.9,1,9.47,scooter,128,rain,41
700101,2025-03-02 18:36:00,122,indian,20,midtown,3.6,3,25.82,car,72,clear,37
700102,2025-03-02 18:38:00,123,salads,7.7,uptown,5.1,3,22.36,scooter,118,clear,29
700103,2025-03-02 18:40:00,108,mexican,10.1,suburbs_south,8.9,1,9.02,car,243,clear,36
700104,2025-03-02 18:55:00,10,pizza,12.9,suburbs_north,6.8,1,14.32,car,172,clear,33
700105,2025-03-02 19:05:00,64,mexican,11.6,suburbs_north,7.7,7,76.38,scooter,121,clear,36
700106,2025-03-02 19:10:00,52,mexican,5.5,uptown,4.9,2,18.51,bike,,rain,37
700107,2025-03-02 19:19:00,133,chinese,15.9,suburbs_north,5.9,2,19.34,car,159,rain,39
700108,2025-03-02 19:39:00,127,indian,15.6,downtown,1.6,5,74.17,bike,137,clear,37
700109,2025-03-02 19:43:00,74,thai,18.7,downtown,2.9,2,14.4,bike,615,clear,39
700110,2025-03-02 19:50:00,160,salads,5,uptown,2.7,4,46.33,car,10,rain,20
700111,2025-03-02 20:17:00,55,salads,5,midtown,4.5,2,25.99,bike,53,clear,26
700112,2025-03-02 20:24:00,81,sushi,17.4,downtown,2,2,26.05,scooter,417,clear,29
700113,2025-03-02 20:26:00,100,pizza,12.8,uptown,4.6,2,22.2,bike,1207,clear,39
700115,2025-03-02 20:44:00,149,thai,15.5,downtown,1.8,3,21.15,bike,208,clear,27
700120,2025-03-02 21:57:00,49,indian,14.4,uptown,4.1,3,41.88,scooter,947,cloudy,31
700122,2025-03-02 22:33:00,62,salads,6.7,downtown,2.6,3,44.01,bike,651,rain,18
700125,2025-03-02 23:23:00,136,salads,9.3,downtown,1.9,2,22.14,scooter,220,rain,16
700126,2025-03-03 11:07:00,113,mexican,13.2,midtown,1,2,19.52,scooter,8,clear,24
700127,2025-03-03 11:31:00,93,sushi,16.7,downtown,0.9,2,18.29,bike,355,clear,27
700128,2025-03-03 11:33:00,152,indian,18,suburbs_north,10.5,1,10.99,car,2127,cloudy,50
700129,2025-03-03 11:38:00,10,pizza,12.9,suburbs_north,3.6,6,83.88,scooter,299,cloudy,34
700130,2025-03-03 11:38:00,127,indian,15.6,downtown,1.3,2,23.85,scooter,377,clear,27
700131,2025-03-03 11:57:00,25,mexican,14.5,midtown,1.7,2,18.62,bike,141,clear,30
700132,2025-03-03 12:06:00,103,thai,16.4,midtown,1.8,2,23.66,bike,185,rain,35
700133,2025-03-03 12:06:00,50,salads,8.2,midtown,2.3,3,29.52,car,154,clear,19
700135,2025-03-03 12:20:00,141,thai,14.1,suburbs_north,5.5,3,29.41,scooter,69,clear,31
700137,2025-03-03 12:28:00,5,mexican,12.4,uptown,4.5,5,57.7,bike,177,cloudy,46
700138,2025-03-03 12:39:00,3,pizza,20.9,suburbs_north,3.9,1,8,scooter,288,cloudy,41
700139,2025-03-03 12:45:00,136,salads,9.3,downtown,0.8,2,16.01,scooter,115,clear,19
700140,2025-03-03 12:58:00,98,salads,11.1,midtown,4.6,1,12.6,scooter,,clear,39
700141,2025-03-03 13:05:00,143,chinese,12.4,uptown,3.4,2,21.87,bike,76,cloudy,36
700142,2025-03-03 13:09:00,68,thai,11.9,uptown,1.5,5,48.11,car,773,clear,26
700143,2025-03-03 13:26:00,7,thai,17.1,midtown,1.8,1,13.13,scooter,361,clear,31
700144,2025-03-03 13:42:00,129,pizza,10.9,suburbs_north,4.4,1,13.28,bike,1455,clear,36
700145,2025-03-03 13:47:00,23,burgers,11.6,downtown,2.5,1,10.14,bike,394,cloudy,23
700147,2025-03-03 14:26:00,70,thai,14.2,suburbs_north,3.8,3,43.37,bike,110,clear,30
700148,2025-03-03 14:56:00,107,sushi,18,suburbs_south,6.1,3,42.59,car,37,cloudy,38
700149,2025-03-03 15:37:00,42,pizza,16.7,downtown,2.3,2,18.65,car,19,clear,21
700150,2025-03-03 16:36:00,74,thai,18.7,downtown,2.1,3,31.16,bike,1712,clear,32
700151,2025-03-03 17:12:00,79,salads,10,midtown,4.9,1,11.24,bike,244,rain,43
700152,2025-03-03 17:25:00,46,indian,19.4,downtown,2.6,2,22.21,bike,107,rain,36
700153,2025-03-03 17:44:00,76,mexican,10,uptown,2.2,3,40.29,car,93,clear,13
700154,2025-03-03 17:51:00,102,indian,17.4,uptown,2,8,85.91,car,286,clear,34
700155,2025-03-03 18:03:00,104,thai,11.5,suburbs_south,5.9,3,39.92,bike,1343,clear,41
700157,2025-03-03 18:11:00,11,indian,20.4,uptown,3.9,2,21.44,scooter,8,rain,48
700159,2025-03-03 18:24:00,37,pizza,17.5,midtown,1.2,2,29.73,scooter,194,cloudy,26
700160,2025-03-03 18:35:00,131,indian,22.1,downtown,2.4,6,69.06,bike,96,rain,43
700161,2025-03-03 18:46:00,115,thai,13.4,downtown,1.9,2,26.39,car,131,cloudy,34
700162,2025-03-03 18:50:00,136,salads,9.3,downtown,1.7,3,43.58,scooter,247,clear,21
700163,2025-03-03 18:54:00,129,pizza,10.9,suburbs_north,3.3,4,36.84,car,279,heavy_rain,28
700165,2025-03-03 19:04:00,75,mexican,13.3,midtown,4,1,8.08,scooter,627,,32
700166,2025-03-03 19:19:00,49,indian,14.4,uptown,2.8,1,8.47,scooter,124,clear,26
700167,2025-03-03 19:25:00,155,indian,14.5,suburbs_south,8.5,5,59.41,car,857,clear,43
700168,2025-03-03 19:31:00,63,pizza,12.6,downtown,2,2,20.56,bike,14,clear,26
700169,2025-03-03 19:34:00,158,indian,12.1,midtown,1.2,7,58.68,scooter,499,clear,36
700170,2025-03-03 19:40:00,13,indian,15.1,downtown,0.9,2,27.13,bike,208,clear,26
700172,2025-03-03 20:08:00,87,burgers,6.5,downtown,1.7,6,92.33,scooter,1282,rain,16
700173,2025-03-03 20:43:00,67,chinese,17.8,uptown,2.3,4,53.82,bike,972,clear,32
700174,2025-03-03 20:47:00,150,mexican,14.6,downtown,0.8,2,15.69,bike,159,rain,24
700175,2025-03-03 20:52:00,83,salads,8.7,midtown,3.7,1,8,bike,238,clear,31
700176,2025-03-03 20:59:00,129,pizza,10.9,suburbs_north,2.5,4,52.9,bike,58,clear,29
700177,2025-03-03 21:00:00,54,salads,9.4,downtown,3.4,2,25.8,bike,139,clear,27
700178,2025-03-03 21:51:00,40,pizza,18.4,midtown,1.8,2,20.11,bike,2790,clear,25
700179,2025-03-03 22:00:00,141,thai,14.1,suburbs_north,7.8,3,33.57,car,43,cloudy,43
700182,2025-03-04 10:20:00,156,salads,12.7,downtown,1.4,1,12.6,car,1758,,14
700183,2025-03-04 10:36:00,6,sushi,16.8,midtown,1.2,1,13.74,bike,,clear,23
700184,2025-03-04 10:36:00,100,pizza,12.8,uptown,5.2,2,23.35,bike,533,clear,26
700185,2025-03-04 10:44:00,68,thai,11.9,uptown,1.5,2,25.32,scooter,352,clear,16
700186,2025-03-04 10:46:00,141,thai,14.1,suburbs_north,2.3,5,76.76,car,63,clear,27
700187,2025-03-04 11:08:00,49,indian,14.4,uptown,3.9,4,29.06,car,144,heavy_rain,37
700188,2025-03-04 11:10:00,39,thai,21,downtown,1.6,1,8,car,132,rain,37
700189,2025-03-04 11:11:00,33,sushi,21.1,midtown,4.3,3,23.34,bike,71,rain,59
700190,2025-03-04 11:13:00,154,salads,8.5,midtown,3.1,7,105.51,scooter,45,,29
700191,2025-03-04 11:16:00,14,burgers,6.4,downtown,2.1,2,30.66,scooter,,clear,9
700192,2025-03-04 11:22:00,121,indian,13.9,suburbs_north,6.2,1,9.42,scooter,55,clear,38
700193,2025-03-04 11:24:00,135,sushi,20.5,downtown,2.5,2,18.37,bike,45,clear,36
700194,2025-03-04 11:27:00,92,thai,7,uptown,1.8,6,64.14,bike,24,clear,19
700195,2025-03-04 12:20:00,85,pizza,11.8,uptown,3.6,1,10.29,car,10,clear,22
700199,2025-03-04 13:02:00,134,mexican,10.8,midtown,4.1,3,30.69,bike,,clear,36
700200,2025-03-04 13:06:00,106,pizza,12.3,downtown,3.8,2,14.95,scooter,33,clear,33
700201,2025-03-04 13:08:00,5,mexican,12.4,uptown,3.2,2,27.38,bike,107,clear,30
700203,2025-03-04 13:29:00,8,burgers,12.1,uptown,2.7,2,18.91,scooter,,,26
700204,2025-03-04 13:44:00,64,mexican,11.6,suburbs_north,5.3,3,41.59,car,66,clear,31
700205,2025-03-04 14:05:00,84,chinese,11.5,suburbs_south,10.4,3,24.6,car,105,cloudy,35
700206,2025-03-04 14:10:00,113,mexican,13.2,midtown,1.4,3,41.38,car,324,clear,21
700207,2025-03-04 15:40:00,79,salads,10,midtown,3.6,5,39.93,bike,1405,cloudy,32
700208,2025-03-04 16:51:00,80,chinese,16.1,downtown,3,3,23.89,scooter,70,cloudy,27
700209,2025-03-04 17:52:00,90,sushi,20.7,midtown,2.7,2,16.07,bike,925,rain,39
700210,2025-03-04 18:06:00,45,indian,15.4,midtown,3.9,3,28.14,bike,6,clear,38
700211,2025-03-04 18:16:00,115,thai,13.4,downtown,1.7,2,25.26,car,20,rain,31
700212,2025-03-04 18:18:00,148,indian,16.9,suburbs_north,1.9,1,14.38,scooter,371,clear,27
700213,2025-03-04 18:49:00,15,indian,18.1,midtown,2.5,6,65.25,scooter,274,cloudy,40
700214,2025-03-04 18:57:00,119,indian,16.8,suburbs_south,8.7,5,47.54,car,15,cloudy,48
700215,2025-03-04 19:01:00,51,indian,17,downtown,1.9,3,46.49,bike,2338,clear,30
700216,2025-03-04 19:40:00,154,salads,8.5,midtown,2.1,1,8,car,57,clear,18
700217,2025-03-04 19:47:00,95,pizza,11.9,suburbs_south,8.4,4,36.97,car,34,cloudy,44
700218,2025-03-04 20:07:00,35,mexican,11.9,midtown,1.7,2,28.85,bike,425,cloudy,26
700219,2025-03-04 20:13:00,9,thai,12.6,suburbs_south,6.2,2,15.54,scooter,203,rain,41
700220,2025-03-04 20:18:00,108,mexican,10.1,suburbs_south,3.5,1,14.16,scooter,151,clear,22
700221,2025-03-04 20:29:00,5,mexican,12.4,uptown,3.2,2,17.4,car,210,cloudy,30
700223,2025-03-04 21:18:00,102,indian,17.4,uptown,3.8,5,54.4,bike,36,clear,41
700224,2025-03-04 21:33:00,20,mexican,9.2,midtown,3.3,3,24.35,scooter,378,clear,113
700225,2025-03-04 21:44:00,69,salads,8.8,midtown,2.3,3,24.1,scooter,833,heavy_rain,16
700227,2025-03-04 22:19:00,26,pizza,14.9,midtown,2.9,1,13.58,scooter,232,clear,31
700228,2025-03-04 22:30:00,113,mexican,13.2,midtown,4.4,4,47.46,bike,316,cloudy,35
700229,2025-03-04 22:52:00,14,burgers,6.4,downtown,1.6,4,58.23,bike,516,heavy_rain,22
700230,2025-03-04 23:07:00,100,pizza,12.8,uptown,3.3,1,9.23,scooter,148,clear,24
700231,2025-03-05 10:19:00,86,chinese,11.8,suburbs_south,10.5,2,23.48,car,,clear,46
700234,2025-03-05 11:53:00,147,chinese,17.7,midtown,4.6,2,14.01,scooter,1568,cloudy,42
700235,2025-03-05 12:00:00,40,pizza,18.4,midtown,5.1,3,31.48,bike,1287,clear,40
700236,2025-03-05 12:17:00,59,pizza,11.7,suburbs_south,5.4,4,42.22,car,658,clear,31
700237,2025-03-05 12:30:00,138,thai,16.2,uptown,1.5,8,56.21,scooter,125,cloudy,34
700238,2025-03-05 12:42:00,89,sushi,22.3,suburbs_north,4.5,5,39.64,car,336,cloudy,42
700239,2025-03-05 12:45:00,34,mexican,12.2,midtown,2.7,2,30.69,bike,947,clear,28
700243,2025-03-05 12:56:00,114,chinese,12.4,suburbs_south,8.6,3,45.46,scooter,,clear,46
700244,2025-03-05 13:02:00,8,burgers,12.1,uptown,3.9,3,44.69,bike,286,cloudy,37
700245,2025-03-05 13:04:00,158,indian,12.1,midtown,2.9,1,8.06,scooter,1235,clear,32
700246,2025-03-05 13:12:00,149,thai,15.5,downtown,2.3,2,28.51,scooter,857,,23
700247,2025-03-05 13:23:00,141,thai,14.1,suburbs_north,8.8,4,58.63,car,635,clear,49
700248,2025-03-05 13:26:00,87,burgers,6.5,downtown,2.6,4,41.83,scooter,236,clear,18
700249,2025-03-05 13:43:00,8,burgers,12.1,uptown,2.3,1,9.94,bike,502,clear,25
700252,2025-03-05 16:30:00,128,chinese,6.8,uptown,5.5,3,44.24,bike,3945,clear,35
700254,2025-03-05 17:05:00,50,salads,8.2,midtown,3.4,5,68.87,bike,12,clear,24
700255,2025-03-05 17:11:00,61,thai,18,suburbs_north,9,6,44.35,car,74,clear,47
700256,2025-03-05 17:20:00,96,thai,15.7,downtown,1.8,2,20.46,bike,181,clear,30
700257,2025-03-05 17:23:00,134,mexican,10.8,midtown,1.4,3,24.83,scooter,,clear,15
700258,2025-03-05 18:32:00,74,thai,18.7,downtown,1.7,3,25.08,scooter,107,cloudy,33
700259,2025-03-05 18:49:00,46,indian,19.4,downtown,1.4,1,15.04,car,205,clear,35
700261,2025-03-05 18:56:00,144,chinese,7.6,midtown,3.2,5,58.09,scooter,8,clear,21
700262,2025-03-05 19:06:00,23,burgers,11.6,downtown,0.8,2,20.49,scooter,38,clear,20
700263,2025-03-05 19:13:00,36,burgers,11.8,downtown,1.1,1,9.67,car,91,cloudy,25
700264,2025-03-05 19:20:00,113,mexican,13.2,midtown,3.6,2,29.36,scooter,56,clear,28
700266,2025-03-05 19:24:00,79,salads,10,midtown,4,3,27.16,car,218,rain,23
700267,2025-03-05 19:28:00,21,pizza,17,midtown,3.4,4,46.19,bike,811,clear,43
700269,2025-03-05 19:35:00,11,indian,20.4,uptown,2.6,1,8,bike,134,cloudy,42
700270,2025-03-05 19:43:00,135,sushi,20.5,downtown,2.7,1,15.4,scooter,34,clear,33
700272,2025-03-05 19:51:00,144,chinese,7.6,midtown,1.4,2,18.47,car,992,clear,14
700273,2025-03-05 20:09:00,85,pizza,11.8,uptown,2,2,18.05,scooter,79,clear,21
700275,2025-03-05 20:35:00,62,salads,6.7,downtown,1.5,2,25.6,car,41,clear,16
700276,2025-03-05 20:38:00,44,indian,21,midtown,1.7,4,56.93,car,2077,cloudy,35
700278,2025-03-05 20:55:00,17,thai,9.8,uptown,1.4,5,71.93,car,415,clear,17
700279,2025-03-05 20:58:00,134,mexican,10.8,midtown,3.6,3,33.44,car,253,clear,28
700280,2025-03-05 21:00:00,53,thai,11.5,midtown,3.7,2,21.53,scooter,459,rain,27
700281,2025-03-05 21:00:00,132,mexican,13.3,downtown,2.8,1,15.37,scooter,521,clear,31
700282,2025-03-05 21:08:00,124,indian,17.6,downtown,1.9,4,63.13,scooter,1208,clear,26
700284,2025-03-05 21:30:00,21,pizza,17,midtown,3.4,1,15.44,scooter,20,cloudy,34
700285,2025-03-05 21:33:00,64,mexican,11.6,suburbs_north,5.8,4,33.71,bike,,clear,41
700286,2025-03-05 21:47:00,141,thai,14.1,suburbs_north,2.6,4,32.47,bike,81,cloudy,29
700287,2025-03-05 21:51:00,66,sushi,18.7,midtown,4.2,3,47.02,bike,,clear,45
700288,2025-03-05 22:42:00,75,mexican,13.3,midtown,3.4,2,30.21,bike,57,rain,40
700289,2025-03-05 23:58:00,15,indian,18.1,midtown,2.6,6,56.18,scooter,55,clear,35
700290,2025-03-06 10:57:00,30,salads,5,suburbs_south,3.4,2,28.47,scooter,15,clear,25
700291,2025-03-06 11:02:00,105,pizza,12.9,midtown,2,4,28.47,scooter,3487,clear,19
700292,2025-03-06 11:04:00,60,chinese,10.4,suburbs_north,5.7,3,31.51,car,644,cloudy,25
700293,2025-03-06 11:21:00,13,indian,15.1,downtown,2,4,63.92,car,223,,33
700294,2025-03-06 11:28:00,36,burgers,11.8,downtown,1.8,2,21.31,bike,103,clear,22
700295,2025-03-06 11:41:00,89,sushi,22.3,suburbs_north,4,4,54.24,bike,75,clear,51
700296,2025-03-06 11:48:00,98,salads,11.1,midtown,3.5,3,26.8,bike,86,rain,36
700298,2025-03-06 12:31:00,117,pizza,16.2,suburbs_south,5,2,23.25,car,176,rain,34
700299,2025-03-06 13:09:00,43,chinese,12.4,uptown,3.6,1,10.43,car,33,cloudy,29
700300,2025-03-06 13:20:00,65,thai,16.7,uptown,6.3,2,25.35,car,143,cloudy,39
700301,2025-03-06 13:23:00,42,pizza,16.7,downtown,3.1,3,45.21,bike,391,clear,34
700303,2025-03-06 13:38:00,31,sushi,14.7,midtown,3,5,78.27,car,171,rain,30
700304,2025-03-06 13:41:00,59,pizza,11.7,suburbs_south,3.3,2,31.84,bike,72,clear,33
700305,2025-03-06 13:41:00,154,salads,8.5,midtown,1.3,2,23.45,bike,42,clear,21
700306,2025-03-06 14:24:00,11,indian,20.4,uptown,4.8,1,8,bike,1295,cloudy,43
700307,2025-03-06 14:34:00,154,salads,8.5,midtown,1.7,1,8.95,car,49,rain,21
700308,2025-03-06 14:59:00,99,thai,13.4,midtown,1.6,1,9.21,bike,177,heavy_rain,25
700310,2025-03-06 16:09:00,14,burgers,6.4,downtown,1.5,2,14.74,car,22,rain,13
700311,2025-03-06 16:16:00,95,pizza,11.9,suburbs_south,11.1,4,58.48,car,256,clear,45
700312,2025-03-06 16:27:00,57,sushi,15.1,midtown,2.3,4,33.04,bike,56,clear,26
700313,2025-03-06 16:38:00,68,thai,11.9,uptown,5,1,8,bike,148,rain,41
700314,2025-03-06 16:58:00,116,sushi,16.4,downtown,0.8,2,14.04,scooter,48,cloudy,23
700317,2025-03-06 18:01:00,78,mexican,9.1,downtown,1.7,1,15.58,bike,67,rain,21
700318,2025-03-06 18:16:00,42,pizza,16.7,downtown,1,2,31.27,scooter,92,clear,26
700319,2025-03-06 18:17:00,44,indian,21,midtown,1.8,3,46.05,scooter,,rain,35
700320,2025-03-06 18:19:00,89,sushi,22.3,suburbs_north,3.5,3,42.68,car,161,rain,46
700321,2025-03-06 18:47:00,86,chinese,11.8,suburbs_south,4.5,2,23.25,bike,354,rain,45
700322,2025-03-06 18:48:00,82,salads,9.2,midtown,2.5,3,41.26,bike,160,clear,26
700323,2025-03-06 19:00:00,143,chinese,12.4,uptown,3.7,2,21.26,scooter,27,,31
700324,2025-03-06 19:01:00,8,burgers,12.1,uptown,4.2,3,26.21,car,103,clear,34
700326,2025-03-06 19:16:00,160,salads,5,uptown,4.4,2,29.04,scooter,644,clear,22
700327,2025-03-06 19:19:00,22,mexican,9.1,suburbs_south,5.1,1,12.53,scooter,138,rain,34
700328,2025-03-06 19:28:00,126,pizza,12,midtown,1.6,8,68.1,bike,,cloudy,34
700329,2025-03-06 19:42:00,133,chinese,15.9,suburbs_north,8.6,6,64.22,car,314,clear,39
700330,2025-03-06 20:06:00,155,indian,14.5,suburbs_south,3.8,3,43.43,bike,194,clear,42
700331,2025-03-06 20:21:00,41,thai,19,downtown,2.4,5,54.24,bike,192,cloudy,37
700332,2025-03-06 20:37:00,93,sushi,16.7,downtown,0.8,2,19.11,scooter,257,cloudy,29
700333,2025-03-06 20:43:00,136,salads,9.3,downtown,1.7,2,20.85,scooter,76,clear,12
700334,2025-03-06 21:15:00,118,thai,15.5,downtown,1,2,25.26,bike,45,cloudy,19
700335,2025-03-06 21:21:00,115,thai,13.4,downtown,1.5,8,101.41,car,85,heavy_rain,22
700336,2025-03-06 21:24:00,133,chinese,15.9,suburbs_north,9,7,90.73,car,307,clear,44
700337,2025-03-06 21:58:00,152,indian,18,suburbs_north,9.6,2,24.44,scooter,96,heavy_rain,63
700338,2025-03-06 22:26:00,3,pizza,20.9,suburbs_north,6.1,2,19.07,car,58,cloudy,38
700339,2025-03-06 22:47:00,69,salads,8.8,midtown,2.9,2,21.76,bike,143,clear,30
700341,2025-03-07 10:43:00,155,indian,14.5,suburbs_south,3.8,2,18.78,scooter,71,clear,30
700342,2025-03-07 10:48:00,147,chinese,17.7,midtown,3.9,1,11.41,scooter,,heavy_rain,36
700343,2025-03-07 10:52:00,117,pizza,16.2,suburbs_south,3.5,1,10.56,scooter,67,rain,27
700344,2025-03-07 11:26:00,7,thai,17.1,midtown,4.6,1,13.76,bike,647,clear,43
700348,2025-03-07 12:19:00,160,salads,5,uptown,4.9,8,59.06,car,430,clear,22
700349,2025-03-07 12:23:00,147,chinese,17.7,midtown,3.1,3,24.14,bike,45,clear,44
700351,2025-03-07 12:44:00,124,indian,17.6,downtown,3.2,3,38.71,scooter,528,cloudy,38
700352,2025-03-07 12:52:00,79,salads,10,midtown,1.8,4,35.32,scooter,56,clear,24
700354,2025-03-07 13:23:00,108,mexican,10.1,suburbs_south,9.7,7,75.27,car,825,clear,46
700356,2025-03-07 13:40:00,79,salads,10,midtown,1.4,1,8,bike,43,clear,23
700358,2025-03-07 13:50:00,17,thai,9.8,uptown,2.4,1,13.37,bike,20,cloudy,25
700359,2025-03-07 14:06:00,65,thai,16.7,uptown,4.4,4,55.34,bike,54,clear,39
700360,2025-03-07 14:14:00,6,sushi,16.8,midtown,3.7,1,13.99,bike,87,clear,114
700361,2025-03-07 14:20:00,83,salads,8.7,midtown,2.4,1,13.63,scooter,128,cloudy,18
700362,2025-03-07 14:38:00,104,thai,11.5,suburbs_south,10.3,4,32.87,car,706,clear,40
700363,2025-03-07 14:56:00,70,thai,14.2,suburbs_north,7,2,16.57,car,105,clear,41
700364,2025-03-07 16:04:00,35,mexican,11.9,midtown,2.1,3,43.46,scooter,116,cloudy,20
700365,2025-03-07 16:09:00,14,burgers,6.4,downtown,2.4,3,29,scooter,213,clear,16
700366,2025-03-07 16:13:00,32,thai,16.7,uptown,3.8,4,29.97,car,74,clear,30
700367,2025-03-07 17:32:00,83,salads,8.7,midtown,5,1,10.78,bike,157,cloudy,32
700368,2025-03-07 17:38:00,117,pizza,16.2,suburbs_south,7,2,20.02,scooter,814,clear,43
700370,2025-03-07 17:54:00,53,thai,11.5,midtown,2.5,5,60.83,scooter,15,cloudy,26
700371,2025-03-07 18:09:00,111,pizza,8.5,downtown,2.5,2,26.59,bike,1418,clear,21
700372,2025-03-07 18:12:00,112,sushi,18.2,downtown,1.2,4,41.9,bike,,rain,36
700373,2025-03-07 18:35:00,56,thai,13,downtown,1.9,2,28.49,bike,310,clear,28
700374,2025-03-07 18:49:00,47,mexican,14.1,downtown,3.4,5,37.89,scooter,103,clear,32
700375,2025-03-07 18:58:00,56,thai,13,downtown,1.8,3,46.49,scooter,250,clear,24
700376,2025-03-07 19:02:00,146,thai,14.2,uptown,2.6,1,12.59,scooter,70,clear,28
700377,2025-03-07 19:44:00,33,sushi,21.1,midtown,3.7,3,31.41,scooter,1157,cloudy,42
700379,2025-03-07 20:17:00,138,thai,16.2,uptown,4.5,2,23.97,car,174,clear,30
700380,2025-03-07 20:21:00,42,pizza,16.7,downtown,2.5,7,107.07,bike,14,clear,41
700381,2025-03-07 20:25:00,54,salads,9.4,downtown,0.9,3,32.39,car,61,cloudy,14
700382,2025-03-07 20:35:00,66,sushi,18.7,midtown,1.7,1,10.73,scooter,131,cloudy,31
700383,2025-03-07 21:05:00,144,chinese,7.6,midtown,2.2,1,8.56,car,15,clear,16
700384,2025-03-07 21:17:00,41,thai,19,downtown,1.1,3,41.24,scooter,1367,cloudy,25
700385,2025-03-07 21:18:00,107,sushi,18,suburbs_south,7.6,1,13.75,car,39,cloudy,41
700386,2025-03-07 21:18:00,52,mexican,5.5,uptown,5.6,3,27.75,car,329,heavy_rain,28
700387,2025-03-07 21:24:00,112,sushi,18.2,downtown,1.5,2,22.46,car,3824,clear,23
700389,2025-03-07 22:09:00,29,salads,9.9,midtown,2.7,2,15.41,scooter,25,clear,23
700390,2025-03-07 22:47:00,84,chinese,11.5,suburbs_south,10.3,1,14.4,scooter,750,heavy_rain,60
700391,2025-03-07 22:53:00,18,indian,20.8,suburbs_south,7.9,6,86.74,car,54,clear,49
700393,2025-03-08 10:06:00,63,pizza,12.6,downtown,1.1,3,44.12,scooter,96,cloudy,26
700396,2025-03-08 11:18:00,53,thai,11.5,midtown,1.8,2,23.39,bike,66,clear,36
700397,2025-03-08 11:42:00,120,pizza,12.2,downtown,2.1,2,29.69,scooter,602,clear,21
700398,2025-03-08 12:10:00,96,thai,15.7,downtown,2,1,8.68,scooter,31,clear,28
700399,2025-03-08 12:42:00,78,mexican,9.1,downtown,0.9,2,23.35,bike,5,cloudy,20
700402,2025-03-08 13:11:00,158,indian,12.1,midtown,4,6,79.9,car,117,cloudy,31
700403,2025-03-08 13:15:00,53,thai,11.5,midtown,4.4,3,27.35,scooter,33,clear,29
700405,2025-03-08 13:59:00,133,chinese,15.9,suburbs_north,7.5,2,28.02,car,917,clear,37
700406,2025-03-08 14:10:00,2,thai,10.5,downtown,2.5,2,25.88,scooter,193,rain,20
700407,2025-03-08 15:29:00,19,chinese,10.6,downtown,2.6,2,26.34,bike,78,clear,32
700410,2025-03-08 16:08:00,40,pizza,18.4,midtown,4.4,3,41.54,scooter,89,clear,36
700411,2025-03-08 16:08:00,79,salads,10,midtown,1.5,1,8.84,bike,50,clear,23
700412,2025-03-08 16:19:00,151,chinese,11.8,downtown,2.2,2,22.93,car,92,clear,19
700413,2025-03-08 16:24:00,25,mexican,14.5,midtown,3,2,20.27,car,82,clear,24
700414,2025-03-08 16:33:00,4,pizza,14,suburbs_south,5,1,10.99,car,628,clear,27
700417,2025-03-08 18:22:00,88,burgers,8.9,suburbs_south,4,1,8.34,bike,423,clear,32
700418,2025-03-08 18:45:00,159,pizza,15,uptown,2.5,1,14.01,bike,180,cloudy,27
700419,2025-03-08 18:47:00,139,indian,20.7,midtown,3.4,3,46.87,bike,54,clear,49
700420,2025-03-08 18:49:00,79,salads,10,midtown,2.3,2,18.92,scooter,126,clear,19
700422,2025-03-08 19:00:00,105,pizza,12.9,midtown,1,1,8,scooter,130,clear,19
700423,2025-03-08 19:11:00,82,salads,9.2,midtown,1.5,4,32.63,bike,2818,clear,15
700424,2025-03-08 19:13:00,127,indian,15.6,downtown,2.3,3,26.79,bike,3011,rain,38
700426,2025-03-08 19:31:00,47,mexican,14.1,downtown,1.4,3,39.73,scooter,130,cloudy,26
700427,2025-03-08 19:33:00,17,thai,9.8,uptown,6,3,44.97,car,356,heavy_rain,32
700428,2025-03-08 19:52:00,49,indian,14.4,uptown,3.4,2,16.01,car,20,clear,35
700429,2025-03-08 19:57:00,49,indian,14.4,uptown,3.5,1,9.2,bike,488,clear,32
700430,2025-03-08 20:31:00,134,mexican,10.8,midtown,3.1,2,31.19,scooter,161,clear,28
700431,2025-03-08 20:37:00,75,mexican,13.3,midtown,5.2,3,37.51,bike,208,cloudy,47
700432,2025-03-08 20:48:00,128,chinese,6.8,uptown,4.7,8,90.23,bike,250,cloudy,35
700433,2025-03-08 21:15:00,9,thai,12.6,suburbs_south,6.2,1,15.3,car,52,cloudy,36
700434,2025-03-08 21:24:00,117,pizza,16.2,suburbs_south,5.3,2,26.42,bike,45,cloudy,42
700435,2025-03-08 21:29:00,64,mexican,11.6,suburbs_north,5.6,3,29.36,scooter,287,cloudy,31
700436,2025-03-08 21:49:00,87,burgers,6.5,downtown,1.7,2,28.14,bike,120,rain,23
700437,2025-03-08 21:55:00,159,pizza,15,uptown,3.5,7,103.27,scooter,1173,cloudy,34
700439,2025-03-08 22:30:00,15,indian,18.1,midtown,3.6,2,29.75,bike,703,clear,32
700441,2025-03-08 23:23:00,13,indian,15.1,downtown,3.2,4,58.32,scooter,128,clear,28
700443,2025-03-09 10:44:00,9,thai,12.6,suburbs_south,6.7,2,23.14,car,1538,clear,32
700444,2025-03-09 10:48:00,102,indian,17.4,uptown,4.1,2,28,car,61,clear,29
700445,2025-03-09 10:54:00,132,mexican,13.3,downtown,2.6,1,10.67,bike,274,cloudy,26
700447,2025-03-09 11:32:00,43,chinese,12.4,uptown,6.2,2,22.77,car,804,clear,36
700449,2025-03-09 12:03:00,111,pizza,8.5,downtown,1.7,3,42.11,bike,778,cloudy,20
700450,2025-03-09 12:17:00,112,sushi,18.2,downtown,2.4,2,23.22,bike,624,rain,40
700451,2025-03-09 12:19:00,113,mexican,13.2,midtown,1.8,2,14.07,car,242,clear,22
700452,2025-03-09 12:25:00,78,mexican,9.1,downtown,3.7,1,9.91,bike,168,clear,33
700453,2025-03-09 12:36:00,24,pizza,15.8,uptown,3.6,2,25.68,car,22,cloudy,33
700454,2025-03-09 12:36:00,68,thai,11.9,uptown,1.9,3,22.84,scooter,331,clear,26
700455,2025-03-09 12:38:00,35,mexican,11.9,midtown,1.3,2,26.96,car,38,clear,22
700456,2025-03-09 12:45:00,52,mexican,5.5,uptown,3.4,2,16.52,scooter,340,clear,17
700457,2025-03-09 13:03:00,134,mexican,10.8,midtown,5,3,46.13,scooter,491,clear,33
700458,2025-03-09 13:08:00,24,pizza,15.8,uptown,3.2,6,76.89,car,311,clear,40
700459,2025-03-09 13:14:00,62,salads,6.7,downtown,1,3,41.41,bike,168,heavy_rain,19
700460,2025-03-09 13:18:00,147,chinese,17.7,midtown,2.3,2,27.27,scooter,1065,clear,37
700461,2025-03-09 13:22:00,14,burgers,6.4,downtown,2.7,3,28.52,scooter,180,clear,21
700462,2025-03-09 13:23:00,15,indian,18.1,midtown,4.5,1,13.16,scooter,745,clear,35
700463,2025-03-09 13:28:00,2,thai,10.5,downtown,1.1,3,31.65,bike,667,clear,20
700464,2025-03-09 13:44:00,146,thai,14.2,uptown,3.2,2,28.53,bike,254,cloudy,34
700465,2025-03-09 13:45:00,121,indian,13.9,suburbs_north,9.4,1,8.02,car,267,clear,44
700466,2025-03-09 13:46:00,83,salads,8.7,midtown,2.9,3,30.34,bike,144,clear,30
700467,2025-03-09 13:52:00,107,sushi,18,suburbs_south,11,3,31.37,car,1397,clear,53
700468,2025-03-09 14:27:00,18,indian,20.8,suburbs_south,7.7,3,23.16,car,58,rain,48
700470,2025-03-09 14:44:00,8,burgers,12.1,uptown,4.4,2,15.91,bike,393,cloudy,28
700471,2025-03-09 14:58:00,122,indian,20,midtown,1.6,4,29.71,scooter,78,rain,33
700472,2025-03-09 15:03:00,19,chinese,10.6,downtown,2.8,2,31.82,scooter,305,cloudy,27
700473,2025-03-09 17:39:00,111,pizza,8.5,downtown,3.5,3,38.7,scooter,82,clear,20
700474,2025-03-09 18:17:00,86,chinese,11.8,suburbs_south,6.2,2,14.36,car,997,clear,26
700477,2025-03-09 18:40:00,64,mexican,11.6,suburbs_north,5.1,1,12.04,scooter,809,clear,35
700478,2025-03-09 18:47:00,71,burgers,14.5,uptown,4.7,3,21.28,scooter,262,clear,43
700479,2025-03-09 18:53:00,23,burgers,11.6,downtown,0.9,6,76.51,bike,789,rain,24
700480,2025-03-09 18:56:00,150,mexican,14.6,downtown,2.5,2,18,bike,112,cloudy,41
700481,2025-03-09 19:10:00,24,pizza,15.8,uptown,2.5,5,59.25,scooter,103,clear,127
700482,2025-03-09 19:13:00,114,chinese,12.4,suburbs_south,10,5,78.5,car,1204,cloudy,47
700483,2025-03-09 19:16:00,67,chinese,17.8,uptown,1.7,3,25.09,car,20,cloudy,35
700484,2025-03-09 19:21:00,42,pizza,16.7,downtown,2.7,1,15.81,bike,416,cloudy,33
700487,2025-03-09 19:57:00,68,thai,11.9,uptown,4.8,4,57.45,scooter,154,clear,32
700488,2025-03-09 20:32:00,43,chinese,12.4,uptown,1.9,4,49.64,bike,281,,29
700490,2025-03-09 20:53:00,155,indian,14.5,suburbs_south,8.3,3,22.83,car,2265,clear,42
700491,2025-03-09 21:16:00,122,indian,20,midtown,3.2,1,10.17,scooter,722,clear,38
700492,2025-03-09 21:24:00,5,mexican,12.4,uptown,2.3,6,51.76,scooter,,clear,30
700493,2025-03-09 22:51:00,45,indian,15.4,midtown,3.8,6,43.16,bike,382,rain,49
700494,2025-03-09 23:41:00,3,pizza,20.9,suburbs_north,8.8,2,31.72,car,175,clear,47
700495,2025-03-10 10:16:00,129,pizza,10.9,suburbs_north,5.6,4,36.38,car,111,clear,29
700497,2025-03-10 11:02:00,35,mexican,11.9,midtown,4.8,2,31.7,car,88,rain,30
700498,2025-03-10 11:40:00,61,thai,18,suburbs_north,8.4,4,51.66,car,44,clear,49
700499,2025-03-10 11:41:00,25,mexican,14.5,midtown,3.7,4,43,car,1304,rain,33
700500,2025-03-10 11:55:00,105,pizza,12.9,midtown,3.1,2,21.85,bike,15,clear,33
700501,2025-03-10 11:55:00,49,indian,14.4,uptown,2.6,3,46.35,scooter,18,rain,26
700502,2025-03-10 11:56:00,52,mexican,5.5,uptown,3.5,1,8,scooter,224,clear,19
700504,2025-03-10 12:13:00,31,sushi,14.7,midtown,2.8,4,31.49,car,457,clear,28
700505,2025-03-10 12:14:00,28,indian,19.5,downtown,2.8,2,28.14,scooter,129,clear,31
700506,2025-03-10 12:16:00,44,indian,21,midtown,4.2,2,26.4,bike,,clear,50
700508,2025-03-10 13:03:00,123,salads,7.7,uptown,4.6,1,8.56,scooter,39,cloudy,29
700511,2025-03-10 13:26:00,56,thai,13,downtown,1.4,8,96.15,scooter,70,clear,33
700514,2025-03-10 16:01:00,150,mexican,14.6,downtown,2.7,2,29.96,bike,71,clear,30
700515,2025-03-10 16:22:00,142,indian,20.4,midtown,4.3,1,14.96,scooter,78,clear,38
700516,2025-03-10 16:37:00,104,thai,11.5,suburbs_south,5.5,3,42.64,bike,791,cloudy,40
700517,2025-03-10 17:03:00,36,burgers,11.8,downtown,2.6,1,9.77,bike,335,cloudy,23
700518,2025-03-10 17:04:00,58,indian,21.6,uptown,3.7,2,27.88,scooter,231,clear,31
700519,2025-03-10 17:19:00,154,salads,8.5,midtown,3.6,7,61.17,bike,220,clear,28
700521,2025-03-10 17:43:00,81,sushi,17.4,downtown,2.2,2,28.59,car,,rain,26
700523,2025-03-10 17:48:00,74,thai,18.7,downtown,3,1,8.56,scooter,473,clear,24
700524,2025-03-10 17:53:00,137,thai,13.3,suburbs_north,10.3,5,51.39,car,223,clear,39
700525,2025-03-10 18:02:00,10,pizza,12.9,suburbs_north,4,4,56.34,scooter,940,clear,30
700526,2025-03-10 18:06:00,18,indian,20.8,suburbs_south,8.8,2,15.02,car,58,clear,48
700527,2025-03-10 18:42:00,36,burgers,11.8,downtown,2.3,3,29.03,bike,3577,clear,31
700528,2025-03-10 18:42:00,6,sushi,16.8,midtown,3.5,1,8.49,scooter,1805,cloudy,30
700529,2025-03-10 18:44:00,70,thai,14.2,suburbs_north,4,3,28.5,bike,121,clear,39
700530,2025-03-10 18:53:00,88,burgers,8.9,suburbs_south,4.2,2,24.46,bike,40,clear,26
700531,2025-03-10 19:16:00,37,pizza,17.5,midtown,3.8,1,12.1,car,182,clear,35
700533,2025-03-10 19:34:00,45,indian,15.4,midtown,3.7,2,18.9,scooter,71,,38
700534,2025-03-10 19:41:00,105,pizza,12.9,midtown,1.1,3,23.62,car,197,rain,18
700535,2025-03-10 19:53:00,81,sushi,17.4,downtown,2.7,1,8.43,bike,411,clear,32
700536,2025-03-10 19:57:00,28,indian,19.5,downtown,3.5,2,28.34,scooter,168,clear,39
700537,2025-03-10 20:02:00,152,indian,18,suburbs_north,4.7,1,8.54,scooter,9,rain,39
700538,2025-03-10 20:06:00,11,indian,20.4,uptown,1.6,2,28.66,bike,73,cloudy,35
700539,2025-03-10 20:10:00,58,indian,21.6,uptown,3.8,8,65.75,scooter,94,cloudy,49
700540,2025-03-10 20:30:00,99,thai,13.4,midtown,3.2,2,26.39,bike,58,heavy_rain,38
700542,2025-03-10 20:47:00,100,pizza,12.8,uptown,4.3,1,8.14,scooter,108,clear,29
700543,2025-03-10 20:49:00,128,chinese,6.8,uptown,1.8,3,29.24,car,60,clear,13
700544,2025-03-10 20:53:00,86,chinese,11.8,suburbs_south,7.7,3,21.36,scooter,56,clear,36
700545,2025-03-10 20:54:00,69,salads,8.8,midtown,3.4,1,11.23,scooter,472,clear,26
700546,2025-03-10 21:02:00,73,pizza,10.6,midtown,3.7,5,48.3,car,89,clear,23
700547,2025-03-10 21:04:00,62,salads,6.7,downtown,1.2,4,57.49,bike,332,clear,17
700549,2025-03-10 21:59:00,45,indian,15.4,midtown,0.9,1,13.6,car,667,clear,20
700550,2025-03-10 22:01:00,42,pizza,16.7,downtown,1.3,1,12.55,bike,805,cloudy,26
700551,2025-03-10 22:32:00,149,thai,15.5,downtown,1.8,4,38.81,bike,,clear,31
700552,2025-03-10 23:00:00,15,indian,18.1,midtown,1.7,2,25.65,bike,55,clear,32
700553,2025-03-11 10:01:00,110,thai,12.5,suburbs_north,4.7,3,38.8,bike,104,clear,36
700554,2025-03-11 10:05:00,24,pizza,15.8,uptown,1.5,2,28.15,car,3407,heavy_rain,20
700555,2025-03-11 10:22:00,50,salads,8.2,midtown,2.7,2,21.14,scooter,348,clear,17
700556,2025-03-11 11:13:00,23,burgers,11.6,downtown,0.9,2,17.9,bike,112,clear,16
700557,2025-03-11 11:32:00,10,pizza,12.9,suburbs_north,7.9,2,30.6,car,165,clear,43
700560,2025-03-11 12:19:00,142,indian,20.4,midtown,1.9,3,39.6,scooter,1104,cloudy,33
700562,2025-03-11 12:36:00,54,salads,9.4,downtown,2.8,3,34.44,bike,,clear,28
700563,2025-03-11 13:28:00,108,mexican,10.1,suburbs_south,5.5,6,50.81,bike,44,clear,40
700564,2025-03-11 13:29:00,160,salads,5,uptown,3.3,3,33.39,scooter,40,clear,28
700565,2025-03-11 13:32:00,66,sushi,18.7,midtown,1.4,4,42.89,car,3129,clear,30
700566,2025-03-11 13:51:00,27,thai,16.7,downtown,2.9,4,47.05,scooter,309,clear,35
700567,2025-03-11 14:09:00,142,indian,20.4,midtown,3.2,5,40.12,scooter,363,clear,37
700568,2025-03-11 14:13:00,68,thai,11.9,uptown,1.4,2,22.63,car,37,cloudy,13
700569,2025-03-11 14:16:00,147,chinese,17.7,midtown,1.4,3,40.05,scooter,507,,27
700570,2025-03-11 14:19:00,142,indian,20.4,midtown,3.1,6,58.18,scooter,30,cloudy,37
700571,2025-03-11 14:50:00,86,chinese,11.8,suburbs_south,2.3,2,15.65,car,113,clear,21
700572,2025-03-11 16:06:00,74,thai,18.7,downtown,1.1,2,16.22,car,822,rain,28
700573,2025-03-11 16:58:00,78,mexican,9.1,downtown,0.7,1,14.03,bike,28,clear,18
700574,2025-03-11 17:04:00,150,mexican,14.6,downtown,0.8,2,31.99,scooter,180,clear,23
700575,2025-03-11 17:11:00,113,mexican,13.2,midtown,2,3,21.69,scooter,54,heavy_rain,26
700576,2025-03-11 17:13:00,35,mexican,11.9,midtown,3.4,1,11.58,car,186,clear,27
700577,2025-03-11 17:45:00,107,sushi,18,suburbs_south,4.8,4,39.81,bike,78,cloudy,51
700578,2025-03-11 17:51:00,130,mexican,15.3,downtown,1.7,2,16.35,car,115,rain,22
700580,2025-03-11 18:02:00,74,thai,18.7,downtown,2.2,2,21.54,scooter,206,cloudy,32
700581,2025-03-11 18:02:00,32,thai,16.7,uptown,1.1,3,28.36,car,75,clear,27
700582,2025-03-11 18:06:00,149,thai,15.5,downtown,2.3,1,11.48,scooter,388,clear,28
700583,2025-03-11 18:14:00,95,pizza,11.9,suburbs_south,12.5,1,12.13,car,245,clear,51
700585,2025-03-11 18:16:00,31,sushi,14.7,midtown,2.5,2,16.8,bike,26,heavy_rain,34
700586,2025-03-11 18:17:00,36,burgers,11.8,downtown,1.5,1,12.65,bike,856,rain,24
700587,2025-03-11 19:14:00,41,thai,19,downtown,3.2,2,18.88,bike,106,rain,45
700588,2025-03-11 19:32:00,42,pizza,16.7,downtown,1.5,3,47.24,scooter,252,clear,28
700589,2025-03-11 19:34:00,30,salads,5,suburbs_south,7.2,6,61.59,scooter,801,clear,30
700591,2025-03-11 20:13:00,123,salads,7.7,uptown,3.2,1,13.15,scooter,635,clear,21
700592,2025-03-11 20:31:00,52,mexican,5.5,uptown,5,3,23.46,scooter,18,cloudy,32
700593,2025-03-11 20:32:00,47,mexican,14.1,downtown,3,2,27.83,scooter,138,rain,37
700594,2025-03-11 20:35:00,27,thai,16.7,downtown,2.6,1,9.07,scooter,2663,clear,26
700595,2025-03-11 20:42:00,13,indian,15.1,downtown,3.4,1,15.9,car,211,cloudy,36
700596,2025-03-11 20:42:00,121,indian,13.9,suburbs_north,4.5,5,52.14,bike,,clear,38
700597,2025-03-11 20:42:00,15,indian,18.1,midtown,1.9,3,24.1,scooter,165,clear,32
700598,2025-03-11 20:51:00,76,mexican,10,uptown,1.4,8,67.34,bike,,clear,31
700599,2025-03-11 21:39:00,54,salads,9.4,downtown,1.2,4,30.41,scooter,336,clear,15
700600,2025-03-11 22:15:00,151,chinese,11.8,downtown,1.3,3,27.99,bike,48,cloudy,20
700601,2025-03-11 22:22:00,128,chinese,6.8,uptown,3.9,3,21.48,scooter,308,clear,19
700602,2025-03-11 22:34:00,139,indian,20.7,midtown,1.7,1,14.9,scooter,70,clear,29
700603,2025-03-11 23:34:00,1,mexican,12.7,downtown,2.6,2,25.28,bike,84,clear,23
700604,2025-03-12 10:18:00,90,sushi,20.7,midtown,4.1,3,27.26,scooter,69,heavy_rain,41
700605,2025-03-12 10:59:00,106,pizza,12.3,downtown,2.3,2,18.84,bike,183,clear,24
700607,2025-03-12 11:06:00,159,pizza,15,uptown,3.9,6,77.13,scooter,376,clear,36
700608,2025-03-12 11:07:00,130,mexican,15.3,downtown,2,3,29.45,car,14,rain,32
700610,2025-03-12 11:25:00,26,pizza,14.9,midtown,3.5,1,8.64,scooter,217,cloudy,32
700611,2025-03-12 11:38:00,114,chinese,12.4,suburbs_south,7.3,1,9.63,scooter,111,clear,35
700612,2025-03-12 11:42:00,98,salads,11.1,midtown,3.5,3,37.93,scooter,221,heavy_rain,31
700613,2025-03-12 11:59:00,112,sushi,18.2,downtown,2.2,8,108.93,bike,146,heavy_rain,44
700615,2025-03-12 12:15:00,13,indian,15.1,downtown,2.3,3,45.66,scooter,115,clear,29
700616,2025-03-12 12:26:00,137,thai,13.3,suburbs_north,9.4,8,97.45,scooter,18,clear,55
700617,2025-03-12 12:29:00,145,pizza,12.3,suburbs_south,2.1,1,11.45,bike,1142,clear,23
700619,2025-03-12 12:31:00,126,pizza,12,midtown,5,1,10.95,bike,367,heavy_rain,48
700620,2025-03-12 12:38:00,147,chinese,17.7,midtown,4.9,3,23.44,bike,62,cloudy,47
700622,2025-03-12 12:53:00,132,mexican,13.3,downtown,2.7,1,11.21,scooter,130,clear,21
700623,2025-03-12 12:55:00,77,pizza,11.4,uptown,5,2,14.97,scooter,253,clear,30
700624,2025-03-12 13:40:00,49,indian,14.4,uptown,5.7,4,33.05,car,125,cloudy,46
700625,2025-03-12 13:55:00,41,thai,19,downtown,2.4,2,16.75,bike,213,clear,32
700626,2025-03-12 15:03:00,3,pizza,20.9,suburbs_north,11.1,1,9.42,scooter,216,clear,55
700628,2025-03-12 15:56:00,107,sushi,18,suburbs_south,7.5,2,18.76,scooter,27,cloudy,45
700629,2025-03-12 16:13:00,21,pizza,17,midtown,4,5,65.58,scooter,117,clear,34
700630,2025-03-12 16:16:00,160,salads,5,uptown,4.4,1,13.62,bike,1574,cloudy,27
700631,2025-03-12 17:16:00,105,pizza,12.9,midtown,1.2,2,21.88,scooter,20,clear,17
700632,2025-03-12 17:17:00,85,pizza,11.8,uptown,5.4,2,16.08,scooter,271,cloudy,34
700633,2025-03-12 17:35:00,74,thai,18.7,downtown,1.3,1,13.58,bike,1111,clear,20
700634,2025-03-12 17:37:00,28,indian,19.5,downtown,1.8,6,62.98,scooter,549,cloudy,30
700635,2025-03-12 17:44:00,113,mexican,13.2,midtown,3.7,2,28.07,car,157,clear,35
700637,2025-03-12 18:06:00,66,sushi,18.7,midtown,3.7,8,118.39,bike,50,clear,51
700638,2025-03-12 18:22:00,74,thai,18.7,downtown,3.7,3,24.53,bike,316,clear,38
700639,2025-03-12 18:56:00,51,indian,17,downtown,1.6,3,39.69,scooter,444,clear,30
700644,2025-03-12 19:46:00,68,thai,11.9,uptown,1.4,3,25.33,scooter,148,cloudy,20
700645,2025-03-12 19:57:00,56,thai,13,downtown,3,1,8.31,scooter,228,cloudy,26
700646,2025-03-12 20:00:00,42,pizza,16.7,downtown,2.4,4,29.06,bike,208,rain,37
700647,2025-03-12 20:06:00,94,sushi,20.2,downtown,1.1,3,34.49,bike,257,cloudy,34
700648,2025-03-12 20:08:00,1,mexican,12.7,downtown,3.3,3,21.04,bike,,clear,29
700649,2025-03-12 20:11:00,9,thai,12.6,suburbs_south,8.1,4,42.95,car,96,cloudy,43
700650,2025-03-12 20:33:00,38,pizza,16.9,midtown,1,3,37.42,car,137,clear,33
700651,2025-03-12 20:35:00,154,salads,8.5,midtown,1.3,2,20.37,scooter,722,clear,20
700653,2025-03-12 21:19:00,26,pizza,14.9,midtown,3.7,4,59.9,scooter,273,clear,28
700656,2025-03-12 21:47:00,46,indian,19.4,downtown,2.4,3,45.06,car,70,clear,25
700657,2025-03-12 22:39:00,33,sushi,21.1,midtown,4.8,1,12.37,car,96,clear,35
700658,2025-03-12 22:50:00,63,pizza,12.6,downtown,1.1,2,23.78,bike,48,clear,24
700659,2025-03-13 11:33:00,128,chinese,6.8,uptown,1.8,4,54.29,bike,55,cloudy,16
700660,2025-03-13 11:39:00,80,chinese,16.1,downtown,2.5,2,19.33,car,365,clear,32
700661,2025-03-13 11:52:00,29,salads,9.9,midtown,4.5,5,72.41,scooter,371,clear,31
700662,2025-03-13 12:04:00,119,indian,16.8,suburbs_south,10.3,1,10.91,car,127,,54
700664,2025-03-13 12:21:00,43,chinese,12.4,uptown,3.4,4,48.55,car,456,clear,25
700667,2025-03-13 12:50:00,32,thai,16.7,uptown,4.6,3,33.69,scooter,80,rain,40
700668,2025-03-13 13:36:00,118,thai,15.5,downtown,2.3,3,44.48,car,,clear,31
700669,2025-03-13 13:51:00,148,indian,16.9,suburbs_north,6.3,2,17.35,car,134,clear,43
700670,2025-03-13 14:53:00,31,sushi,14.7,midtown,3.2,1,11.15,scooter,290,clear,23
700671,2025-03-13 15:49:00,106,pizza,12.3,downtown,1,3,23.28,scooter,20,clear,23
700672,2025-03-13 16:02:00,78,mexican,9.1,downtown,2.8,1,10.49,scooter,25,clear,12
700673,2025-03-13 16:18:00,56,thai,13,downtown,2.8,1,12.42,scooter,1716,cloudy,23
700674,2025-03-13 16:42:00,145,pizza,12.3,suburbs_south,10.4,2,15.35,car,542,clear,39
700675,2025-03-13 17:25:00,1,mexican,12.7,downtown,1.6,4,31.46,car,157,cloudy,17
700676,2025-03-13 17:33:00,32,thai,16.7,uptown,4.5,4,62.79,scooter,947,clear,36
700677,2025-03-13 17:49:00,25,mexican,14.5,midtown,1,3,41.41,bike,20,clear,23
700678,2025-03-13 17:51:00,66,sushi,18.7,midtown,2.3,1,12.21,scooter,95,clear,31
700679,2025-03-13 17:58:00,122,indian,20,midtown,1.7,1,13.02,scooter,83,cloudy,24
700680,2025-03-13 18:03:00,34,mexican,12.2,midtown,1.7,5,52.42,bike,256,clear,23
700681,2025-03-13 18:12:00,109,burgers,10,downtown,2.4,1,8,scooter,38,cloudy,20
700682,2025-03-13 18:13:00,156,salads,12.7,downtown,0.7,1,8,scooter,121,clear,64
700683,2025-03-13 18:14:00,114,chinese,12.4,suburbs_south,12.1,2,21.25,car,386,clear,50
700684,2025-03-13 18:15:00,118,thai,15.5,downtown,0.9,3,40.67,car,567,rain,25
700685,2025-03-13 18:22:00,69,salads,8.8,midtown,2.1,2,26.74,bike,289,clear,19
700686,2025-03-13 18:28:00,141,thai,14.1,suburbs_north,10.7,4,37.24,scooter,137,rain,60
700687,2025-03-13 18:51:00,148,indian,16.9,suburbs_north,3.1,2,28.45,car,258,clear,27
700689,2025-03-13 19:12:00,138,thai,16.2,uptown,2.8,2,27.32,bike,135,clear,34
700690,2025-03-13 19:14:00,36,burgers,11.8,downtown,0.8,3,22.68,bike,694,cloudy,17
700691,2025-03-13 19:16:00,147,chinese,17.7,midtown,2.4,4,57.03,scooter,1402,clear,29
700692,2025-03-13 19:22:00,27,thai,16.7,downtown,2.9,1,10.21,scooter,26,clear,27
700693,2025-03-13 19:23:00,78,mexican,9.1,downtown,1.4,5,78.33,car,286,clear,23
700695,2025-03-13 19:32:00,12,thai,12.8,midtown,4.3,3,36.16,scooter,146,rain,38
700696,2025-03-13 19:40:00,112,sushi,18.2,downtown,2.3,3,47.54,bike,93,clear,34
700697,2025-03-13 19:50:00,75,mexican,13.3,midtown,1.8,2,29.65,car,211,cloudy,27
700698,2025-03-13 20:04:00,138,thai,16.2,uptown,2,2,18.94,scooter,714,rain,31
700699,2025-03-13 20:06:00,33,sushi,21.1,midtown,1,1,14.4,bike,343,clear,25
700700,2025-03-13 20:13:00,96,thai,15.7,downtown,2.9,4,50.72,car,283,clear,34
700702,2025-03-13 20:46:00,37,pizza,17.5,midtown,3.5,1,8,car,1098,clear,28
700703,2025-03-13 20:48:00,149,thai,15.5,downtown,0.9,2,16.84,scooter,158,cloudy,23
700704,2025-03-13 20:51:00,69,salads,8.8,midtown,3.6,3,37.05,scooter,948,clear,22
700705,2025-03-13 21:02:00,10,pizza,12.9,suburbs_north,5.5,2,28.61,car,533,clear,26
700707,2025-03-13 21:38:00,53,thai,11.5,midtown,3,1,8.65,bike,62,clear,26
700709,2025-03-13 21:47:00,107,sushi,18,suburbs_south,11.3,3,42.27,car,123,clear,49
700710,2025-03-13 21:51:00,160,salads,5,uptown,1.3,1,10.9,scooter,133,cloudy,10
700711,2025-03-13 21:58:00,85,pizza,11.8,uptown,2.6,1,8,scooter,58,clear,16
700712,2025-03-13 22:17:00,136,salads,9.3,downtown,1.4,2,20.65,car,30,clear,18
700713,2025-03-13 22:38:00,10,pizza,12.9,suburbs_north,8.7,4,48.57,car,637,cloudy,43
700714,2025-03-13 22:46:00,105,pizza,12.9,midtown,1.2,1,13.12,car,14,clear,14
700716,2025-03-14 10:44:00,135,sushi,20.5,downtown,2.9,4,32.85,scooter,32,clear,32
700717,2025-03-14 10:58:00,54,salads,9.4,downtown,2.1,8,124.45,scooter,50,clear,22
700718,2025-03-14 11:26:00,146,thai,14.2,uptown,2.6,1,15.7,bike,56,clear,29
700721,2025-03-14 12:08:00,24,pizza,15.8,uptown,3.7,6,46.76,scooter,702,heavy_rain,44
700722,2025-03-14 12:17:00,55,salads,5,midtown,1.3,1,12.18,bike,64,clear,20
700723,2025-03-14 12:26:00,113,mexican,13.2,midtown,3.8,4,28.44,car,252,rain,27
700724,2025-03-14 12:30:00,28,indian,19.5,downtown,0.9,7,104.45,car,102,clear,35
700727,2025-03-14 13:01:00,147,chinese,17.7,midtown,2.3,3,23.14,scooter,759,rain,32
700728,2025-03-14 13:03:00,116,sushi,16.4,downtown,2.5,3,45.35,car,22,clear,36
700729,2025-03-14 13:28:00,159,pizza,15,uptown,1.6,4,57.47,car,49,,27
700730,2025-03-14 13:37:00,37,pizza,17.5,midtown,2.8,1,10.09,scooter,357,rain,32
700731,2025-03-14 13:44:00,96,thai,15.7,downtown,1.5,2,27.15,car,904,clear,27
700732,2025-03-14 15:09:00,1,mexican,12.7,downtown,3.4,2,14.88,scooter,98,clear,20
700733,2025-03-14 16:44:00,104,thai,11.5,suburbs_south,9.7,6,50.11,scooter,176,clear,45
700734,2025-03-14 16:54:00,18,indian,20.8,suburbs_south,5,1,11.3,scooter,240,cloudy,36
700735,2025-03-14 17:11:00,44,indian,21,midtown,2.6,3,33.64,bike,10002,clear,31
700736,2025-03-14 17:25:00,158,indian,12.1,midtown,2.7,2,26.52,bike,118,clear,28
700738,2025-03-14 18:07:00,82,salads,9.2,midtown,1.8,2,26.53,scooter,24,rain,23
700739,2025-03-14 18:09:00,147,chinese,17.7,midtown,4,3,43.09,bike,,heavy_rain,54
700740,2025-03-14 18:12:00,50,salads,8.2,midtown,1.6,1,14.96,bike,124,clear,14
700741,2025-03-14 18:12:00,143,chinese,12.4,uptown,1.7,3,22.09,scooter,527,clear,22
700744,2025-03-14 19:10:00,143,chinese,12.4,uptown,2.9,1,11.39,car,475,clear,66
700745,2025-03-14 19:14:00,94,sushi,20.2,downtown,0.9,2,30.12,bike,402,cloudy,33
700746,2025-03-14 19:15:00,140,chinese,17.8,downtown,0.8,1,12.3,car,156,cloudy,30
700747,2025-03-14 19:17:00,83,salads,8.7,midtown,1,4,51.5,bike,320,cloudy,19
700748,2025-03-14 19:21:00,39,thai,21,downtown,0.9,2,24.85,bike,138,cloudy,32
700753,2025-03-14 20:02:00,70,thai,14.2,suburbs_north,2.8,1,15.44,scooter,364,clear,34
700754,2025-03-14 20:08:00,94,sushi,20.2,downtown,0.9,5,40.18,scooter,48,clear,44
700755,2025-03-14 20:22:00,113,mexican,13.2,midtown,2.2,3,41.02,scooter,44,clear,25
700757,2025-03-14 20:40:00,144,chinese,7.6,midtown,2.1,4,39.98,scooter,26,clear,22
700760,2025-03-14 21:08:00,149,thai,15.5,downtown,3.3,1,13.41,bike,140,clear,35
700762,2025-03-14 21:27:00,136,salads,9.3,downtown,1.5,2,19.52,scooter,257,rain,15
700763,2025-03-14 21:58:00,12,thai,12.8,midtown,2.7,4,34.04,scooter,454,heavy_rain,35
700764,2025-03-14 22:08:00,94,sushi,20.2,downtown,2.8,3,26.99,bike,28,clear,35
700765,2025-03-14 22:15:00,60,chinese,10.4,suburbs_north,7.2,4,28.75,scooter,54,rain,37
700766,2025-03-14 22:23:00,131,indian,22.1,downtown,1.1,6,84.37,car,,clear,30
700767,2025-03-14 22:33:00,32,thai,16.7,uptown,3.6,2,26.45,car,67,clear,25
700768,2025-03-15 10:38:00,137,thai,13.3,suburbs_north,7.9,3,42.96,scooter,639,cloudy,40
700770,2025-03-15 11:16:00,62,salads,6.7,downtown,3.9,4,50.12,car,23,clear,29
700771,2025-03-15 11:27:00,129,pizza,10.9,suburbs_north,3.1,3,31.12,bike,55,clear,27
700772,2025-03-15 11:32:00,147,chinese,17.7,midtown,1.3,2,28.67,scooter,692,clear,27
700773,2025-03-15 11:45:00,92,thai,7,uptown,2.8,5,42.05,car,70,clear,24
700774,2025-03-15 12:04:00,45,indian,15.4,midtown,2.9,3,21.87,car,1727,cloudy,27
700775,2025-03-15 12:12:00,1,mexican,12.7,downtown,0.7,3,21.41,scooter,106,cloudy,26
700777,2025-03-15 12:38:00,136,salads,9.3,downtown,1.8,2,19.02,scooter,1499,clear,22
700778,2025-03-15 12:42:00,149,thai,15.5,downtown,2.4,1,11.66,scooter,211,clear,32
700779,2025-03-15 12:42:00,28,indian,19.5,downtown,0.9,1,8,car,158,clear,34
700780,2025-03-15 13:04:00,98,salads,11.1,midtown,3.1,3,34.77,bike,31,clear,33
700782,2025-03-15 13:19:00,26,pizza,14.9,midtown,2.8,4,57.78,scooter,33,clear,34
700783,2025-03-15 13:27:00,44,indian,21,midtown,1.9,2,27.98,car,127,heavy_rain,33
700784,2025-03-15 13:44:00,136,salads,9.3,downtown,3.6,8,89.05,scooter,61,heavy_rain,35
700785,2025-03-15 14:38:00,106,pizza,12.3,downtown,1.7,2,31.29,scooter,256,clear,24
700786,2025-03-15 14:56:00,58,indian,21.6,uptown,5.3,3,33.45,bike,30,clear,51
700787,2025-03-15 14:59:00,80,chinese,16.1,downtown,1.8,1,13.82,car,280,cloudy,21
700789,2025-03-15 15:28:00,13,indian,15.1,downtown,2.8,3,44.44,scooter,322,cloudy,29
700790,2025-03-15 15:42:00,127,indian,15.6,downtown,0.7,1,15.1,bike,580,clear,19
700791,2025-03-15 15:52:00,99,thai,13.4,midtown,3,3,44.28,scooter,346,clear,27
700792,2025-03-15 16:16:00,137,thai,13.3,suburbs_north,5.3,1,12.7,bike,56,clear,104
700793,2025-03-15 16:36:00,157,burgers,16.3,suburbs_south,2.8,1,11.46,scooter,224,clear,24
700794,2025-03-15 16:36:00,119,indian,16.8,suburbs_south,3.6,6,68.01,scooter,128,heavy_rain,40
700796,2025-03-15 16:55:00,100,pizza,12.8,uptown,5.3,1,14.99,bike,399,clear,43
700797,2025-03-15 17:01:00,95,pizza,11.9,suburbs_south,9.6,2,25.64,car,127,clear,41
700799,2025-03-15 17:38:00,76,mexican,10,uptown,4.8,3,33.27,scooter,148,rain,35
700801,2025-03-15 17:51:00,118,thai,15.5,downtown,1.1,3,35.05,bike,114,clear,26
700802,2025-03-15 17:59:00,102,indian,17.4,uptown,2.1,5,47.72,scooter,,rain,32
700804,2025-03-15 18:08:00,153,salads,5,suburbs_south,4.8,4,31.94,scooter,176,clear,27
700805,2025-03-15 18:19:00,158,indian,12.1,midtown,3.2,1,10.34,bike,74,clear,28
700806,2025-03-15 18:49:00,11,indian,20.4,uptown,2,2,24.94,scooter,17,cloudy,44
700807,2025-03-15 19:02:00,66,sushi,18.7,midtown,1.6,1,8.58,scooter,50,clear,24
700808,2025-03-15 19:03:00,71,burgers,14.5,uptown,1.8,5,37.94,bike,705,clear,32
700809,2025-03-15 19:06:00,36,burgers,11.8,downtown,2.4,5,45.92,scooter,110,clear,33
700810,2025-03-15 19:09:00,10,pizza,12.9,suburbs_north,4.6,2,16.05,scooter,147,clear,32
700811,2025-03-15 19:24:00,123,salads,7.7,uptown,4.2,2,23.96,car,26,cloudy,18
700814,2025-03-15 19:34:00,151,chinese,11.8,downtown,3.1,3,28.44,scooter,212,rain,26
700815,2025-03-15 19:36:00,43,chinese,12.4,uptown,2.9,2,21.56,car,34,clear,26
700816,2025-03-15 19:43:00,27,thai,16.7,downtown,1.3,5,77.02,scooter,325,clear,33
700817,2025-03-15 19:57:00,108,mexican,10.1,suburbs_south,4,5,49.92,scooter,99,clear,31
700818,2025-03-15 20:07:00,35,mexican,11.9,midtown,1.4,1,12.09,bike,133,clear,27
700819,2025-03-15 20:23:00,6,sushi,16.8,midtown,3.1,3,21.5,bike,177,rain,36
700820,2025-03-15 20:29:00,22,mexican,9.1,suburbs_south,6.7,4,59.11,car,94,clear,34
700822,2025-03-15 20:43:00,48,mexican,8.8,midtown,1.7,3,40.04,scooter,27,cloudy,19
700823,2025-03-15 20:46:00,128,chinese,6.8,uptown,1.2,1,9.88,scooter,261,clear,17
700824,2025-03-15 20:48:00,61,thai,18,suburbs_north,4.7,4,51.33,car,92,,45
700825,2025-03-15 20:49:00,149,thai,15.5,downtown,0.9,3,37,bike,456,clear,27
700826,2025-03-15 21:14:00,86,chinese,11.8,suburbs_south,4.2,1,9.27,car,215,clear,29
700828,2025-03-15 21:51:00,85,pizza,11.8,uptown,5.6,2,21.66,bike,4054,,35
700829,2025-03-15 22:01:00,58,indian,21.6,uptown,2.9,3,43.46,car,,clear,33
700831,2025-03-15 22:21:00,49,indian,14.4,uptown,6.1,2,30.61,scooter,1377,cloudy,41
700832,2025-03-15 23:05:00,78,mexican,9.1,downtown,1.8,2,28.4,bike,43,clear,17
700833,2025-03-16 10:08:00,57,sushi,15.1,midtown,3.3,5,39.03,scooter,103,rain,29
700836,2025-03-16 11:30:00,71,burgers,14.5,uptown,3,3,40.72,car,8,rain,37
700837,2025-03-16 11:36:00,115,thai,13.4,downtown,2.5,1,8,scooter,502,rain,31
700838,2025-03-16 11:42:00,133,chinese,15.9,suburbs_north,9.2,3,40.67,car,88,heavy_rain,58
700839,2025-03-16 11:58:00,135,sushi,20.5,downtown,2.2,1,9.18,car,291,heavy_rain,38
700840,2025-03-16 12:16:00,107,sushi,18,suburbs_south,5.5,1,12.33,scooter,199,rain,47
700841,2025-03-16 12:17:00,45,indian,15.4,midtown,3.9,1,14.94,bike,126,,80
700842,2025-03-16 12:28:00,99,thai,13.4,midtown,2.6,6,45.64,car,54,clear,29
700843,2025-03-16 12:38:00,132,mexican,13.3,downtown,2.4,4,55.66,bike,205,clear,30
700844,2025-03-16 12:39:00,19,chinese,10.6,downtown,2.4,2,19.77,bike,1210,rain,30
700845,2025-03-16 12:43:00,153,salads,5,suburbs_south,8.1,1,12.85,scooter,1991,clear,29
700846,2025-03-16 12:55:00,12,thai,12.8,midtown,1.8,3,47.23,car,112,cloudy,22
700848,2025-03-16 13:23:00,22,mexican,9.1,suburbs_south,8.3,2,19.91,car,17,clear,33
700849,2025-03-16 13:37:00,40,pizza,18.4,midtown,1.8,3,21.68,scooter,163,rain,36
700850,2025-03-16 14:00:00,137,thai,13.3,suburbs_north,9.9,3,45.04,scooter,1860,cloudy,46
700851,2025-03-16 14:23:00,156,salads,12.7,downtown,3.1,2,23.78,car,25,clear,30
700853,2025-03-16 15:12:00,11,indian,20.4,uptown,3.1,1,9.24,scooter,181,clear,40
700854,2025-03-16 15:50:00,41,thai,19,downtown,3.3,2,25.16,bike,201,cloudy,43
700855,2025-03-16 16:08:00,22,mexican,9.1,suburbs_south,4.4,3,37.55,scooter,28,clear,31
700856,2025-03-16 17:03:00,110,thai,12.5,suburbs_north,3.8,2,15.69,bike,585,clear,33
700857,2025-03-16 17:05:00,148,indian,16.9,suburbs_north,8.3,1,12.65,car,164,clear,45
700858,2025-03-16 17:08:00,92,thai,7,uptown,3.3,3,23.22,bike,,clear,20
700860,2025-03-16 17:19:00,41,thai,19,downtown,0.7,1,14.4,bike,95,clear,23
700861,2025-03-16 18:10:00,85,pizza,11.8,uptown,2.5,3,31.68,bike,222,clear,26
700862,2025-03-16 18:11:00,122,indian,20,midtown,1.4,2,17.8,bike,189,heavy_rain,37
700863,2025-03-16 18:14:00,142,indian,20.4,midtown,1.3,1,10.67,bike,362,clear,29
700864,2025-03-16 18:15:00,104,thai,11.5,suburbs_south,9.4,2,31.91,scooter,37,heavy_rain,57
700865,2025-03-16 18:22:00,139,indian,20.7,midtown,3.2,2,22.83,bike,91,rain,48
700866,2025-03-16 18:36:00,102,indian,17.4,uptown,4.7,1,8.77,scooter,,clear,39
700868,2025-03-16 18:50:00,146,thai,14.2,uptown,5.9,2,18.78,scooter,108,cloudy,40
700869,2025-03-16 19:01:00,120,pizza,12.2,downtown,2.7,4,29.24,scooter,20,clear,31
700870,2025-03-16 19:04:00,47,mexican,14.1,downtown,3.1,2,20.98,bike,111,clear,121
700872,2025-03-16 19:21:00,131,indian,22.1,downtown,1.2,5,36.99,scooter,125,cloudy,35
700873,2025-03-16 19:34:00,129,pizza,10.9,suburbs_north,7.2,1,12.03,car,1056,clear,33
700874,2025-03-16 19:37:00,76,mexican,10,uptown,6.5,3,29.58,scooter,206,,45
700875,2025-03-16 19:42:00,131,indian,22.1,downtown,2.3,1,9.14,bike,211,clear,40
700876,2025-03-16 19:47:00,33,sushi,21.1,midtown,1.4,1,15.68,bike,429,cloudy,26
700877,2025-03-16 19:52:00,114,chinese,12.4,suburbs_south,9.1,5,68.99,car,91,rain,52
700879,2025-03-16 20:24:00,147,chinese,17.7,midtown,1.8,2,29.59,bike,53,cloudy,38
700880,2025-03-16 20:49:00,66,sushi,18.7,midtown,2.2,3,37.59,scooter,86,cloudy,40
700881,2025-03-16 20:57:00,1,mexican,12.7,downtown,2.3,3,43.54,bike,3057,clear,24
700882,2025-03-16 20:58:00,92,thai,7,uptown,3,7,83.67,bike,271,heavy_rain,32
700884,2025-03-16 21:03:00,12,thai,12.8,midtown,4.6,2,31.49,bike,69,cloudy,37
700885,2025-03-16 21:05:00,80,chinese,16.1,downtown,2.1,4,56.08,scooter,67,rain,34
700886,2025-03-16 21:28:00,127,indian,15.6,downtown,2.6,3,39.55,scooter,212,rain,30
700890,2025-03-17 11:10:00,121,indian,13.9,suburbs_north,5.3,3,36.54,bike,32,clear,40
700891,2025-03-17 11:25:00,57,sushi,15.1,midtown,3.1,4,55.11,bike,156,clear,38
700892,2025-03-17 11:33:00,42,pizza,16.7,downtown,1.6,1,13.92,bike,105,clear,27
700893,2025-03-17 11:36:00,74,thai,18.7,downtown,2.6,4,51.86,scooter,685,clear,42
700894,2025-03-17 11:51:00,141,thai,14.1,suburbs_north,8.3,5,57.46,car,506,clear,42
700895,2025-03-17 11:57:00,146,thai,14.2,uptown,3.5,2,17.76,bike,160,cloudy,36
700896,2025-03-17 12:02:00,40,pizza,18.4,midtown,3.9,1,10.93,scooter,74,rain,42
700897,2025-03-17 12:09:00,96,thai,15.7,downtown,1.9,1,8.31,scooter,,cloudy,24
700898,2025-03-17 12:19:00,144,chinese,7.6,midtown,2.9,1,14.14,bike,31,clear,24
700900,2025-03-17 12:40:00,114,chinese,12.4,suburbs_south,11.9,2,30.9,scooter,5,clear,53
700901,2025-03-17 12:47:00,45,indian,15.4,midtown,3.3,2,20.36,car,411,clear,30
700903,2025-03-17 13:04:00,113,mexican,13.2,midtown,2.8,4,51.7,scooter,44,clear,30
700904,2025-03-17 13:12:00,21,pizza,17,midtown,2.6,1,14.1,scooter,495,clear,31
700905,2025-03-17 13:17:00,51,indian,17,downtown,1.3,4,33.68,scooter,519,heavy_rain,36
700906,2025-03-17 13:26:00,43,chinese,12.4,uptown,2.1,1,8,scooter,331,clear,24
700907,2025-03-17 13:31:00,80,chinese,16.1,downtown,1.6,2,27.71,scooter,18,clear,36
700909,2025-03-17 13:55:00,59,pizza,11.7,suburbs_south,3.8,1,10.72,scooter,242,clear,28
700911,2025-03-17 14:19:00,152,indian,18,suburbs_north,5.5,2,26.84,scooter,601,clear,32
700914,2025-03-17 15:43:00,89,sushi,22.3,suburbs_north,2.1,3,22.74,scooter,364,clear,36
700915,2025-03-17 17:28:00,32,thai,16.7,uptown,1.9,2,17.22,scooter,27,clear,25
700916,2025-03-17 18:03:00,113,mexican,13.2,midtown,1.5,6,77.86,scooter,211,clear,30
700917,2025-03-17 18:08:00,111,pizza,8.5,downtown,1.3,3,32.81,scooter,72,clear,18
700919,2025-03-17 18:35:00,47,mexican,14.1,downtown,3,2,14.69,scooter,22,cloudy,32
700920,2025-03-17 18:41:00,153,salads,5,suburbs_south,6.1,8,88.57,car,423,clear,24
700923,2025-03-17 19:18:00,141,thai,14.1,suburbs_north,3.5,5,60.57,scooter,1170,,29
700924,2025-03-17 19:34:00,74,thai,18.7,downtown,2.8,1,12.29,scooter,479,cloudy,41
700925,2025-03-17 19:51:00,66,sushi,18.7,midtown,3.5,2,19,scooter,315,cloudy,33
700926,2025-03-17 19:53:00,31,sushi,14.7,midtown,3.6,2,27.47,scooter,351,clear,32
700927,2025-03-17 20:11:00,91,salads,10.1,suburbs_south,6.6,7,62.13,car,27,cloudy,33
700928,2025-03-17 20:17:00,28,indian,19.5,downtown,2.6,2,20.9,car,,cloudy,34
700930,2025-03-17 20:29:00,120,pizza,12.2,downtown,1.3,5,51.51,bike,217,clear,27
700931,2025-03-17 21:22:00,25,mexican,14.5,midtown,2.1,2,21.76,scooter,1959,clear,23
700932,2025-03-17 21:51:00,34,mexican,12.2,midtown,3.7,5,71.78,scooter,47,clear,25
700934,2025-03-17 22:55:00,85,pizza,11.8,uptown,1.8,1,8.28,car,80,heavy_rain,21
700935,2025-03-17 23:10:00,88,burgers,8.9,suburbs_south,5.3,6,57.71,bike,318,cloudy,30
700936,2025-03-18 10:09:00,77,pizza,11.4,uptown,3.8,2,29.08,scooter,378,cloudy,27
700937,2025-03-18 10:14:00,36,burgers,11.8,downtown,2.4,2,22.35,bike,1942,clear,20
700938,2025-03-18 10:26:00,10,pizza,12.9,suburbs_north,6.5,3,30.81,car,87,cloudy,39
700939,2025-03-18 10:51:00,145,pizza,12.3,suburbs_south,3.9,1,11.75,car,2575,cloudy,24
700940,2025-03-18 11:23:00,49,indian,14.4,uptown,2.1,2,16.35,bike,77,clear,25
700942,2025-03-18 11:40:00,99,thai,13.4,midtown,3.2,2,17.2,scooter,4606,clear,29
700944,2025-03-18 12:00:00,89,sushi,22.3,suburbs_north,2.3,2,28.86,bike,150,heavy_rain,44
700945,2025-03-18 12:11:00,50,salads,8.2,midtown,1.8,4,50.78,scooter,51,clear,17
700947,2025-03-18 12:23:00,49,indian,14.4,uptown,6.3,5,44.5,car,,clear,41
700950,2025-03-18 12:42:00,99,thai,13.4,midtown,1.7,4,29.84,bike,420,clear,33
700951,2025-03-18 12:53:00,143,chinese,12.4,uptown,3.2,1,8,bike,3667,rain,34
700952,2025-03-18 12:57:00,31,sushi,14.7,midtown,3.6,2,23.3,scooter,78,clear,29
700953,2025-03-18 13:06:00,105,pizza,12.9,midtown,3.9,1,15.05,bike,588,clear,39
700959,2025-03-18 13:55:00,59,pizza,11.7,suburbs_south,2.5,1,8.03,scooter,243,clear,28
700960,2025-03-18 13:55:00,122,indian,20,midtown,1.3,2,21.62,scooter,30,,35
700962,2025-03-18 14:48:00,60,chinese,10.4,suburbs_north,6.3,1,10.83,car,310,clear,26
700963,2025-03-18 15:25:00,80,chinese,16.1,downtown,1.4,3,46.63,car,182,heavy_rain,24
700964,2025-03-18 16:00:00,150,mexican,14.6,downtown,1.6,3,38.36,car,211,clear,22
700965,2025-03-18 16:31:00,101,thai,11.8,suburbs_north,5.6,4,63.69,bike,80,clear,39
700966,2025-03-18 16:58:00,131,indian,22.1,downtown,2.2,4,59.21,bike,113,cloudy,35
700967,2025-03-18 17:18:00,55,salads,5,midtown,1.1,1,10.18,scooter,25,clear,14
700969,2025-03-18 17:57:00,149,thai,15.5,downtown,1.2,4,31.04,bike,,rain,26
700970,2025-03-18 18:00:00,152,indian,18,suburbs_north,3.8,1,11.82,bike,346,clear,29
700971,2025-03-18 18:03:00,47,mexican,14.1,downtown,2.4,2,25.47,scooter,3008,clear,29
700972,2025-03-18 18:08:00,142,indian,20.4,midtown,1.2,1,13.61,scooter,32,cloudy,32
700973,2025-03-18 18:39:00,44,indian,21,midtown,3.2,2,25.82,car,132,cloudy,40
700974,2025-03-18 18:58:00,23,burgers,11.6,downtown,1.8,1,9.96,bike,520,clear,26
700976,2025-03-18 19:24:00,130,mexican,15.3,downtown,0.9,4,50.31,car,11,heavy_rain,32
700980,2025-03-18 19:41:00,129,pizza,10.9,suburbs_north,10.2,7,65.16,scooter,48,clear,49
700981,2025-03-18 19:42:00,60,chinese,10.4,suburbs_north,5.2,2,27.73,scooter,25,clear,30
700982,2025-03-18 20:17:00,60,chinese,10.4,suburbs_north,9.5,4,40.45,car,313,clear,42
700983,2025-03-18 20:42:00,49,indian,14.4,uptown,2.5,2,20.04,car,46,cloudy,30
700984,2025-03-18 20:58:00,139,indian,20.7,midtown,3.1,2,21,car,115,clear,32
700985,2025-03-18 21:01:00,90,sushi,20.7,midtown,1.2,7,68.93,scooter,82,clear,32
700986,2025-03-18 21:45:00,75,mexican,13.3,midtown,3.8,2,17.29,car,66,cloudy,30
700988,2025-03-18 21:56:00,11,indian,20.4,uptown,4.8,2,19.41,bike,5,clear,46
700989,2025-03-18 22:39:00,9,thai,12.6,suburbs_south,7,2,14.97,car,550,rain,36
700990,2025-03-18 22:46:00,21,pizza,17,midtown,1.5,5,53.35,bike,16,cloudy,25
700991,2025-03-18 23:21:00,69,salads,8.8,midtown,3.7,7,78.85,scooter,378,clear,34
700992,2025-03-19 10:42:00,24,pizza,15.8,uptown,2.6,2,30.2,bike,65,clear,33
700993,2025-03-19 11:04:00,144,chinese,7.6,midtown,4.6,3,22.07,scooter,70,,25
700994,2025-03-19 11:24:00,2,thai,10.5,downtown,2.2,2,27.1,scooter,67,clear,21
700995,2025-03-19 11:39:00,101,thai,11.8,suburbs_north,9.4,2,25.85,scooter,,clear,49
700996,2025-03-19 11:45:00,138,thai,16.2,uptown,3.9,6,46.73,bike,169,clear,42
700997,2025-03-19 11:48:00,47,mexican,14.1,downtown,2.2,1,14.51,bike,54,rain,32
700998,2025-03-19 12:06:00,113,mexican,13.2,midtown,3.1,3,21.25,scooter,,clear,34
700999,2025-03-19 12:08:00,129,pizza,10.9,suburbs_north,5.3,3,21.79,bike,12,cloudy,43
701000,2025-03-19 12:09:00,126,pizza,12,midtown,1.5,3,42.49,scooter,107,clear,22
701002,2025-03-19 12:16:00,80,chinese,16.1,downtown,1.1,4,57.62,scooter,343,cloudy,26
701003,2025-03-19 12:30:00,50,salads,8.2,midtown,1.9,1,11.99,car,204,clear,18
701004,2025-03-19 12:30:00,66,sushi,18.7,midtown,2.9,4,45.6,scooter,21,clear,41
701005,2025-03-19 12:31:00,111,pizza,8.5,downtown,1.5,1,9.36,car,367,clear,18
701006,2025-03-19 12:32:00,50,salads,8.2,midtown,2.2,4,63.58,bike,32,rain,24
701007,2025-03-19 12:46:00,159,pizza,15,uptown,3.7,2,16.25,car,142,clear,27
701008,2025-03-19 12:55:00,108,mexican,10.1,suburbs_south,7.2,7,102.78,scooter,443,clear,43
701009,2025-03-19 13:16:00,36,burgers,11.8,downtown,2.6,3,26.57,scooter,196,heavy_rain,32
701011,2025-03-19 13:59:00,129,pizza,10.9,suburbs_north,3.8,2,15.8,car,80,heavy_rain,30
701014,2025-03-19 15:22:00,94,sushi,20.2,downtown,1.4,1,11.07,car,,clear,29
701016,2025-03-19 16:25:00,83,salads,8.7,midtown,1.7,3,29.85,scooter,2056,rain,14
701017,2025-03-19 16:51:00,32,thai,16.7,uptown,2.9,2,16.62,scooter,59,heavy_rain,29
701019,2025-03-19 17:08:00,8,burgers,12.1,uptown,3.9,3,41.77,bike,82,rain,33
701020,2025-03-19 17:26:00,17,thai,9.8,uptown,6.2,2,31.66,car,41,clear,29
701021,2025-03-19 17:44:00,35,mexican,11.9,midtown,2,1,11.08,scooter,21,cloudy,19
701022,2025-03-19 17:55:00,137,thai,13.3,suburbs_north,7.1,3,41.66,car,46,clear,39
701023,2025-03-19 18:12:00,46,indian,19.4,downtown,1.2,1,11.44,scooter,253,rain,28
701024,2025-03-19 18:14:00,51,indian,17,downtown,3.4,2,15.6,bike,354,clear,39
701025,2025-03-19 18:24:00,3,pizza,20.9,suburbs_north,4.2,3,21.63,bike,791,clear,49
701026,2025-03-19 18:37:00,8,burgers,12.1,uptown,1.9,1,13.26,bike,587,clear,22
701027,2025-03-19 18:47:00,140,chinese,17.8,downtown,1.3,3,26.74,scooter,99,clear,30
701028,2025-03-19 18:59:00,152,indian,18,suburbs_north,5.4,2,18.37,bike,55,,46
701029,2025-03-19 19:15:00,20,mexican,9.2,midtown,1.3,3,33.71,scooter,93,cloudy,22
701030,2025-03-19 19:37:00,33,sushi,21.1,midtown,3.8,4,63.44,scooter,334,,46
701031,2025-03-19 19:37:00,6,sushi,16.8,midtown,2.1,6,70.05,bike,230,rain,42
701032,2025-03-19 19:40:00,79,salads,10,midtown,1.8,3,28.48,scooter,176,clear,31
701033,2025-03-19 19:44:00,59,pizza,11.7,suburbs_south,12.5,2,25.54,car,31,clear,47
701034,2025-03-19 19:58:00,66,sushi,18.7,midtown,3.1,1,14.63,scooter,66,clear,34
701035,2025-03-19 20:16:00,137,thai,13.3,suburbs_north,3.3,2,19.12,bike,533,,41
701036,2025-03-19 20:35:00,3,pizza,20.9,suburbs_north,4.8,1,9.82,bike,297,clear,39
701037,2025-03-19 20:37:00,27,thai,16.7,downtown,1.5,5,61.92,car,203,clear,30
701038,2025-03-19 20:50:00,156,salads,12.7,downtown,1.7,1,8,bike,,clear,23
701039,2025-03-19 20:56:00,142,indian,20.4,midtown,4.2,3,40.61,car,17,clear,40
701040,2025-03-19 21:19:00,126,pizza,12,midtown,3.9,4,46.05,bike,62,clear,33
701041,2025-03-19 21:42:00,82,salads,9.2,midtown,5,6,70.12,bike,67,clear,33
701042,2025-03-19 21:58:00,6,sushi,16.8,midtown,2,2,29.82,car,33,cloudy,26
701043,2025-03-19 22:26:00,148,indian,16.9,suburbs_north,10.2,2,29.87,car,,clear,47
701044,2025-03-19 22:36:00,78,mexican,9.1,downtown,1.7,1,8.81,bike,68,clear,22
701046,2025-03-19 23:00:00,16,salads,7.8,uptown,4.4,2,17.3,scooter,139,clear,26
701047,2025-03-19 23:07:00,113,mexican,13.2,midtown,2.8,2,17.77,car,21,cloudy,31
701048,2025-03-20 10:15:00,44,indian,21,midtown,1.7,4,42.11,car,626,rain,96
701053,2025-03-20 12:00:00,50,salads,8.2,midtown,5.1,1,13.84,bike,37,heavy_rain,49
701054,2025-03-20 12:12:00,49,indian,14.4,uptown,2.6,1,11.26,scooter,65,clear,24
701055,2025-03-20 12:28:00,78,mexican,9.1,downtown,0.9,1,10.56,bike,388,clear,17
701056,2025-03-20 12:28:00,2,thai,10.5,downtown,2,1,13.54,car,41,cloudy,27
701057,2025-03-20 12:32:00,125,sushi,18.8,uptown,3.9,1,13.97,scooter,48,cloudy,32
701058,2025-03-20 12:37:00,64,mexican,11.6,suburbs_north,8,2,22.38,car,1165,clear,35
701060,2025-03-20 12:57:00,54,salads,9.4,downtown,2.9,3,35.26,car,173,,28
701061,2025-03-20 12:58:00,58,indian,21.6,uptown,3.6,2,26.58,bike,186,cloudy,47
701062,2025-03-20 13:13:00,154,salads,8.5,midtown,3.3,1,10.24,scooter,376,clear,26
701064,2025-03-20 13:50:00,10,pizza,12.9,suburbs_north,2.8,2,24.83,bike,82,clear,34
701065,2025-03-20 13:50:00,58,indian,21.6,uptown,2.1,1,8,scooter,79,clear,34
701066,2025-03-20 14:13:00,103,thai,16.4,midtown,3.7,2,20.2,car,128,cloudy,28
701067,2025-03-20 14:45:00,105,pizza,12.9,midtown,3.8,6,47.76,car,448,clear,31
701068,2025-03-20 15:43:00,44,indian,21,midtown,4.4,1,9.07,scooter,30,clear,35
701069,2025-03-20 16:29:00,109,burgers,10,downtown,1,2,29.3,bike,436,cloudy,20
701070,2025-03-20 16:31:00,64,mexican,11.6,suburbs_north,3.4,7,109.73,scooter,468,clear,28
701071,2025-03-20 16:41:00,118,thai,15.5,downtown,2,3,43.52,bike,94,clear,25
701072,2025-03-20 16:52:00,120,pizza,12.2,downtown,1.2,3,41.16,scooter,259,clear,15
701073,2025-03-20 16:52:00,52,mexican,5.5,uptown,3.2,4,46.59,scooter,443,rain,23
701075,2025-03-20 17:20:00,70,thai,14.2,suburbs_north,5,2,30.88,car,116,cloudy,27
701076,2025-03-20 17:22:00,45,indian,15.4,midtown,2.6,1,15.76,bike,546,heavy_rain,129
701077,2025-03-20 17:40:00,66,sushi,18.7,midtown,3.5,1,12.52,bike,330,clear,36
701078,2025-03-20 17:41:00,127,indian,15.6,downtown,2,1,12.11,bike,62,clear,25
701079,2025-03-20 17:42:00,133,chinese,15.9,suburbs_north,4.2,2,24.55,scooter,87,clear,25
701080,2025-03-20 17:56:00,119,indian,16.8,suburbs_south,9.8,1,11.03,car,84,,44
701081,2025-03-20 18:00:00,37,pizza,17.5,midtown,3.5,5,59.85,scooter,573,heavy_rain,38
701082,2025-03-20 18:12:00,129,pizza,10.9,suburbs_north,3.3,1,8,scooter,106,cloudy,24
701083,2025-03-20 18:12:00,63,pizza,12.6,downtown,2.1,1,13.53,bike,147,cloudy,30
701084,2025-03-20 18:14:00,73,pizza,10.6,midtown,2.7,3,31.45,scooter,114,clear,24
701086,2025-03-20 18:30:00,141,thai,14.1,suburbs_north,6.7,3,36.01,scooter,209,,38
701087,2025-03-20 18:49:00,113,mexican,13.2,midtown,2.3,2,15.45,bike,37,rain,31
701088,2025-03-20 19:11:00,49,indian,14.4,uptown,2.1,2,21.82,bike,143,cloudy,30
701089,2025-03-20 19:29:00,143,chinese,12.4,uptown,6.3,1,9.75,car,348,rain,33
701090,2025-03-20 19:32:00,104,thai,11.5,suburbs_south,9.4,1,8,car,48,cloudy,37
701091,2025-03-20 19:38:00,90,sushi,20.7,midtown,1.6,2,24.07,car,77,clear,30
701095,2025-03-20 19:49:00,150,mexican,14.6,downtown,3.5,3,47.66,scooter,76,clear,41
701096,2025-03-20 19:56:00,50,salads,8.2,midtown,3.1,3,44.67,bike,,cloudy,16
701097,2025-03-20 20:00:00,118,thai,15.5,downtown,2.6,3,24.09,car,359,clear,28
701098,2025-03-20 20:13:00,50,salads,8.2,midtown,1.2,1,9.37,car,48,clear,15
701099,2025-03-20 20:23:00,83,salads,8.7,midtown,3.2,1,10.18,scooter,28,cloudy,16
701100,2025-03-20 20:30:00,82,salads,9.2,midtown,1.4,2,17.05,scooter,524,cloudy,21
701101,2025-03-20 20:45:00,14,burgers,6.4,downtown,1.6,1,11.32,scooter,79,clear,14
701102,2025-03-20 21:07:00,106,pizza,12.3,downtown,2.5,1,14.89,bike,185,clear,20
701103,2025-03-20 21:13:00,2,thai,10.5,downtown,3,3,42.67,car,336,cloudy,22
701104,2025-03-20 21:19:00,124,indian,17.6,downtown,1.6,3,38.26,bike,1430,cloudy,29
701105,2025-03-20 21:27:00,46,indian,19.4,downtown,1.8,2,22.3,bike,8,clear,29
701106,2025-03-20 22:06:00,89,sushi,22.3,suburbs_north,8.2,4,45.94,scooter,272,cloudy,51
701110,2025-03-21 10:05:00,139,indian,20.7,midtown,1.7,2,14.59,bike,11,rain,34
701111,2025-03-21 11:04:00,39,thai,21,downtown,3.7,3,25.32,bike,44,clear,43
701112,2025-03-21 11:29:00,76,mexican,10,uptown,3.6,2,23.87,bike,62,clear,32
701113,2025-03-21 12:10:00,74,thai,18.7,downtown,2.2,3,23.93,scooter,373,cloudy,28
701114,2025-03-21 12:17:00,34,mexican,12.2,midtown,1.2,4,51.28,scooter,103,clear,27
701115,2025-03-21 12:41:00,150,mexican,14.6,downtown,1.8,3,32.24,scooter,42,cloudy,30
701116,2025-03-21 12:47:00,115,thai,13.4,downtown,3.1,5,62.1,scooter,61,rain,34
701117,2025-03-21 12:49:00,119,indian,16.8,suburbs_south,3.9,1,15.89,bike,20,clear,42
701118,2025-03-21 13:16:00,99,thai,13.4,midtown,5,3,27.6,scooter,394,clear,38
701119,2025-03-21 13:20:00,80,chinese,16.1,downtown,1.1,2,30.36,car,82,clear,28
701120,2025-03-21 13:36:00,7,thai,17.1,midtown,3.6,1,15.44,bike,1239,cloudy,43
701121,2025-03-21 13:45:00,85,pizza,11.8,uptown,4.4,1,12.06,scooter,52,cloudy,29
701122,2025-03-21 13:52:00,147,chinese,17.7,midtown,1.9,4,34.6,car,211,cloudy,32
701123,2025-03-21 14:28:00,121,indian,13.9,suburbs_north,10.1,2,27.08,car,58,heavy_rain,54
701124,2025-03-21 14:59:00,16,salads,7.8,uptown,4.7,5,48.05,bike,337,clear,32
701125,2025-03-21 15:20:00,148,indian,16.9,suburbs_north,3.9,3,40.61,car,424,clear,32
701126,2025-03-21 16:16:00,85,pizza,11.8,uptown,2.8,2,21.19,bike,241,clear,27
701127,2025-03-21 17:56:00,139,indian,20.7,midtown,5,5,73.02,bike,185,clear,50
701128,2025-03-21 18:09:00,151,chinese,11.8,downtown,1,1,8.56,bike,40,cloudy,20
701129,2025-03-21 18:14:00,60,chinese,10.4,suburbs_north,3.7,3,28.45,scooter,194,heavy_rain,32
701130,2025-03-21 18:19:00,139,indian,20.7,midtown,3.1,2,28.54,bike,1063,cloudy,40
701131,2025-03-21 18:20:00,89,sushi,22.3,suburbs_north,7.9,2,21.35,scooter,294,clear,50
701133,2025-03-21 18:33:00,114,chinese,12.4,suburbs_south,10.3,4,40.93,car,30,cloudy,48
701134,2025-03-21 18:34:00,119,indian,16.8,suburbs_south,9,2,22.13,car,151,heavy_rain,54
701135,2025-03-21 18:34:00,92,thai,7,uptown,4.2,2,21.29,car,158,cloudy,21
701136,2025-03-21 18:47:00,134,mexican,10.8,midtown,4.3,3,27.99,car,56,clear,34
701137,2025-03-21 19:00:00,135,sushi,20.5,downtown,0.8,2,24.74,car,230,clear,31
701138,2025-03-21 19:00:00,87,burgers,6.5,downtown,2.6,3,41.06,bike,91,clear,15
701139,2025-03-21 19:02:00,37,pizza,17.5,midtown,1.1,5,63.03,bike,428,clear,32
701140,2025-03-21 19:16:00,114,chinese,12.4,suburbs_south,8.7,2,14.77,scooter,78,rain,43
701141,2025-03-21 19:21:00,71,burgers,14.5,uptown,5.8,3,45.89,bike,197,rain,49
701142,2025-03-21 19:27:00,150,mexican,14.6,downtown,1.1,1,12.95,car,36,clear,21
701143,2025-03-21 19:39:00,124,indian,17.6,downtown,1.7,2,25.55,bike,223,clear,33
701144,2025-03-21 19:43:00,78,mexican,9.1,downtown,2.6,2,17.76,scooter,42,clear,21
701145,2025-03-21 19:55:00,27,thai,16.7,downtown,2.4,1,14.46,scooter,4663,heavy_rain,29
701148,2025-03-21 21:58:00,59,pizza,11.7,suburbs_south,8.5,3,30.01,car,258,clear,37
701150,2025-03-21 22:11:00,18,indian,20.8,suburbs_south,3.1,1,13.3,bike,56,rain,34
701151,2025-03-21 22:22:00,109,burgers,10,downtown,2.5,3,28.61,scooter,17,clear,19
701152,2025-03-21 23:02:00,43,chinese,12.4,uptown,3.2,4,50.65,bike,,clear,27
701153,2025-03-21 23:32:00,151,chinese,11.8,downtown,3,2,32,scooter,512,clear,24
701154,2025-03-22 10:14:00,143,chinese,12.4,uptown,3.1,7,80.91,scooter,172,clear,27
701156,2025-03-22 10:38:00,25,mexican,14.5,midtown,4.6,1,8,scooter,94,heavy_rain,35
701157,2025-03-22 10:49:00,62,salads,6.7,downtown,1.3,3,43.47,scooter,20,clear,13
701158,2025-03-22 10:53:00,118,thai,15.5,downtown,1.1,2,30.93,bike,120,clear,25
701159,2025-03-22 11:04:00,127,indian,15.6,downtown,1.6,3,38.16,scooter,137,cloudy,26
701161,2025-03-22 11:21:00,118,thai,15.5,downtown,3,1,14.87,scooter,84,clear,32
701162,2025-03-22 11:23:00,26,pizza,14.9,midtown,1.1,4,56.88,scooter,222,clear,24
701163,2025-03-22 11:42:00,14,burgers,6.4,downtown,1.6,2,22.89,bike,467,clear,23
701164,2025-03-22 11:44:00,95,pizza,11.9,suburbs_south,9.2,1,9.18,car,50,clear,45
701165,2025-03-22 11:52:00,33,sushi,21.1,midtown,3.4,2,30.43,scooter,760,clear,40
701166,2025-03-22 11:53:00,16,salads,7.8,uptown,5.7,3,21.08,car,986,rain,33
701167,2025-03-22 11:53:00,134,mexican,10.8,midtown,3.8,2,20.96,bike,35,rain,33
701168,2025-03-22 12:00:00,152,indian,18,suburbs_north,7,3,37.53,car,165,clear,47
701169,2025-03-22 12:05:00,23,burgers,11.6,downtown,2.2,1,13.84,scooter,,cloudy,25
701170,2025-03-22 12:29:00,63,pizza,12.6,downtown,2,4,45.36,car,535,rain,33
701171,2025-03-22 12:31:00,53,thai,11.5,midtown,2.3,3,23.03,car,62,clear,35
701173,2025-03-22 12:36:00,10,pizza,12.9,suburbs_north,3.1,3,42.96,scooter,508,clear,32
701174,2025-03-22 12:36:00,91,salads,10.1,suburbs_south,9.2,2,14.51,car,40,clear,41
701175,2025-03-22 12:40:00,39,thai,21,downtown,1.7,1,8,bike,470,clear,39
701176,2025-03-22 12:43:00,134,mexican,10.8,midtown,3.9,3,40.12,car,87,clear,27
701177,2025-03-22 12:45:00,42,pizza,16.7,downtown,1.3,4,61.19,car,133,rain,32
701178,2025-03-22 13:03:00,66,sushi,18.7,midtown,4,2,19.28,bike,15,rain,56
701179,2025-03-22 13:05:00,104,thai,11.5,suburbs_south,3.9,1,15.59,bike,2273,clear,31
701180,2025-03-22 14:33:00,136,salads,9.3,downtown,1.1,3,44.85,car,62,clear,10
701181,2025-03-22 14:35:00,32,thai,16.7,uptown,5,3,28.63,scooter,336,clear,42
701182,2025-03-22 15:44:00,3,pizza,20.9,suburbs_north,4.8,4,33.77,bike,,clear,51
701183,2025-03-22 16:12:00,38,pizza,16.9,midtown,4.2,1,15.25,bike,233,rain,41
701184,2025-03-22 16:32:00,14,burgers,6.4,downtown,2.5,4,40.09,bike,427,heavy_rain,27
701185,2025-03-22 16:36:00,62,salads,6.7,downtown,1,3,32.06,bike,134,rain,19
701187,2025-03-22 17:07:00,35,mexican,11.9,midtown,5.5,4,54.39,bike,39,cloudy,38
701188,2025-03-22 17:14:00,13,indian,15.1,downtown,0.7,2,29.43,scooter,97,cloudy,27
701189,2025-03-22 17:22:00,26,pizza,14.9,midtown,2.5,2,17.1,car,142,clear,24
701190,2025-03-22 17:30:00,110,thai,12.5,suburbs_north,4.5,1,11.27,bike,35,rain,44
701191,2025-03-22 17:33:00,153,salads,5,suburbs_south,6.4,3,47.29,scooter,562,cloudy,23
701192,2025-03-22 17:40:00,102,indian,17.4,uptown,3.6,3,23.01,scooter,15,clear,34
701193,2025-03-22 17:45:00,141,thai,14.1,suburbs_north,2.7,3,27.68,car,73,clear,23
701194,2025-03-22 18:02:00,142,indian,20.4,midtown,3.1,1,15.88,scooter,763,cloudy,39
701196,2025-03-22 18:07:00,22,mexican,9.1,suburbs_south,5.7,1,10.18,car,101,clear,27
701197,2025-03-22 18:15:00,57,sushi,15.1,midtown,2.9,1,12.68,scooter,103,clear,27
701198,2025-03-22 18:18:00,73,pizza,10.6,midtown,2.2,1,12.65,bike,26,rain,31
701199,2025-03-22 18:23:00,112,sushi,18.2,downtown,1,4,58.02,bike,31,heavy_rain,38
701201,2025-03-22 18:37:00,125,sushi,18.8,uptown,5,3,47.99,bike,478,clear,49
701202,2025-03-22 18:53:00,42,pizza,16.7,downtown,0.8,2,31.05,scooter,642,cloudy,23
701203,2025-03-22 18:56:00,87,burgers,6.5,downtown,1,3,21.89,car,185,clear,17
701204,2025-03-22 19:03:00,64,mexican,11.6,suburbs_north,7.9,2,27.12,scooter,58,clear,42
701205,2025-03-22 19:08:00,69,salads,8.8,midtown,4.6,3,35.57,bike,329,cloudy,37
701207,2025-03-22 19:28:00,68,thai,11.9,uptown,4.2,1,15.54,bike,314,clear,35
701208,2025-03-22 19:41:00,102,indian,17.4,uptown,4.4,2,14.35,bike,55,cloudy,48
701209,2025-03-22 19:50:00,15,indian,18.1,midtown,2.8,2,31.96,bike,245,cloudy,37
701211,2025-03-22 19:55:00,88,burgers,8.9,suburbs_south,3.1,3,21.81,car,11,clear,21
701212,2025-03-22 19:58:00,65,thai,16.7,uptown,4.7,2,19.95,scooter,172,clear,40
701213,2025-03-22 20:19:00,78,mexican,9.1,downtown,2.3,2,26.18,bike,10,rain,135
701214,2025-03-22 20:22:00,80,chinese,16.1,downtown,2,1,10.7,bike,109,clear,37
701215,2025-03-22 20:22:00,18,indian,20.8,suburbs_south,8.5,3,35.21,car,95,rain,61
701216,2025-03-22 20:30:00,103,thai,16.4,midtown,1.9,2,27.89,bike,392,rain,37
701217,2025-03-22 20:34:00,61,thai,18,suburbs_north,6.1,3,30.4,car,60,rain,53
701218,2025-03-22 20:51:00,138,thai,16.2,uptown,2.5,3,27.98,scooter,145,clear,33
701219,2025-03-22 20:55:00,129,pizza,10.9,suburbs_north,7.5,2,16.39,scooter,108,cloudy,41
701220,2025-03-22 21:01:00,42,pizza,16.7,downtown,2.1,4,28.59,bike,124,clear,36
701221,2025-03-22 21:33:00,18,indian,20.8,suburbs_south,11.8,4,63.08,car,1381,clear,54
701222,2025-03-22 22:09:00,156,salads,12.7,downtown,0.8,3,42.31,bike,994,cloudy,17
701223,2025-03-22 22:09:00,108,mexican,10.1,suburbs_south,11,2,26.06,car,304,clear,46
701224,2025-03-22 22:18:00,128,chinese,6.8,uptown,2,2,29.04,scooter,173,rain,13
701225,2025-03-23 10:10:00,106,pizza,12.3,downtown,1.6,3,25.73,scooter,37,,22
701226,2025-03-23 10:18:00,13,indian,15.1,downtown,1.8,2,19.35,scooter,717,,23
701227,2025-03-23 11:09:00,9,thai,12.6,suburbs_south,10.4,8,63.5,scooter,617,clear,55
701228,2025-03-23 11:19:00,115,thai,13.4,downtown,2.4,2,28.67,scooter,50,clear,29
701229,2025-03-23 11:22:00,159,pizza,15,uptown,3.7,1,8.15,bike,190,clear,35
701230,2025-03-23 11:36:00,22,mexican,9.1,suburbs_south,8.2,3,38.36,car,69,clear,31
701232,2025-03-23 12:10:00,89,sushi,22.3,suburbs_north,12,1,12.3,scooter,24,clear,64
701233,2025-03-23 12:22:00,57,sushi,15.1,midtown,2.5,2,31.94,scooter,138,cloudy,35
701234,2025-03-23 12:29:00,100,pizza,12.8,uptown,5.2,3,31.18,car,98,clear,33
701235,2025-03-23 12:35:00,4,pizza,14,suburbs_south,2.3,7,111.66,bike,122,clear,34
701236,2025-03-23 12:36:00,119,indian,16.8,suburbs_south,2.9,1,13.52,car,18,cloudy,28
701238,2025-03-23 12:57:00,99,thai,13.4,midtown,2.9,2,26.99,bike,324,cloudy,31
701239,2025-03-23 13:23:00,92,thai,7,uptown,3.1,3,23.68,car,213,cloudy,21
701240,2025-03-23 13:46:00,101,thai,11.8,suburbs_north,4.5,1,9.78,bike,127,clear,33
701241,2025-03-23 13:51:00,6,sushi,16.8,midtown,2.8,2,19.36,scooter,45,cloudy,35
701242,2025-03-23 13:53:00,105,pizza,12.9,midtown,1.9,3,26.47,car,641,cloudy,24
701244,2025-03-23 14:57:00,152,indian,18,suburbs_north,5.2,2,19.62,scooter,1727,clear,30
701245,2025-03-23 15:40:00,47,mexican,14.1,downtown,1.9,2,26.2,bike,58,clear,29
701247,2025-03-23 16:19:00,20,mexican,9.2,midtown,1.6,2,24.42,bike,49,cloudy,20
701248,2025-03-23 17:07:00,59,pizza,11.7,suburbs_south,2.2,2,28.61,scooter,35,cloudy,21
701249,2025-03-23 17:09:00,82,salads,9.2,midtown,3.6,5,70.54,scooter,210,rain,25
701250,2025-03-23 17:14:00,5,mexican,12.4,uptown,2.3,2,28.25,scooter,130,clear,25
701251,2025-03-23 17:36:00,115,thai,13.4,downtown,1.5,2,27.42,car,1594,clear,21
701252,2025-03-23 17:40:00,130,mexican,15.3,downtown,1.3,2,14.77,bike,48,clear,29
701253,2025-03-23 17:49:00,71,burgers,14.5,uptown,4.5,6,54.46,scooter,152,cloudy,38
701254,2025-03-23 17:49:00,44,indian,21,midtown,4.1,2,31.14,car,39,clear,34
701255,2025-03-23 17:52:00,102,indian,17.4,uptown,3.4,1,11.02,scooter,,clear,29
701256,2025-03-23 18:12:00,4,pizza,14,suburbs_south,9.8,1,15.26,car,52,rain,47
701258,2025-03-23 18:29:00,55,salads,5,midtown,1.9,4,48.12,bike,275,cloudy,20
701259,2025-03-23 18:47:00,139,indian,20.7,midtown,4.3,3,23.58,scooter,1217,cloudy,41
701260,2025-03-23 19:08:00,81,sushi,17.4,downtown,2.2,2,22.51,scooter,20,clear,30
701261,2025-03-23 19:11:00,26,pizza,14.9,midtown,3.6,1,10.26,bike,70,cloudy,37
701262,2025-03-23 19:12:00,119,indian,16.8,suburbs_south,3.8,4,44.54,car,19,rain,39
701263,2025-03-23 19:13:00,67,chinese,17.8,uptown,4.4,1,8.11,scooter,293,clear,34
701265,2025-03-23 19:22:00,133,chinese,15.9,suburbs_north,4.9,5,76.01,bike,33,clear,47
701266,2025-03-23 19:37:00,11,indian,20.4,uptown,5.7,4,51.82,scooter,591,cloudy,42
701267,2025-03-23 20:14:00,138,thai,16.2,uptown,5.1,3,44.24,scooter,1092,cloudy,41
701268,2025-03-23 20:56:00,117,pizza,16.2,suburbs_south,5.9,6,80.28,car,82,clear,52
701269,2025-03-23 20:58:00,143,chinese,12.4,uptown,1.8,2,18.91,bike,76,clear,21
701270,2025-03-23 21:03:00,16,salads,7.8,uptown,3.1,5,78.05,bike,211,clear,22
701271,2025-03-23 21:22:00,24,pizza,15.8,uptown,2.8,2,16.28,scooter,112,cloudy,28
701272,2025-03-23 21:22:00,3,pizza,20.9,suburbs_north,10.8,4,49.58,car,73,rain,62
701273,2025-03-23 21:25:00,104,thai,11.5,suburbs_south,2.5,2,17.73,car,389,clear,18
701274,2025-03-23 21:28:00,160,salads,5,uptown,1.7,4,49.5,scooter,149,clear,8
701275,2025-03-23 21:48:00,132,mexican,13.3,downtown,2,2,19.16,bike,307,clear,21
701276,2025-03-23 22:17:00,17,thai,9.8,uptown,2.4,8,107.64,bike,21,clear,24
701277,2025-03-24 10:32:00,130,mexican,15.3,downtown,1.1,2,18.86,bike,60,clear,20
701278,2025-03-24 10:55:00,156,salads,12.7,downtown,2.6,4,28.74,bike,147,clear,29
701279,2025-03-24 11:48:00,5,mexican,12.4,uptown,3.7,3,28.07,bike,178,clear,36
701280,2025-03-24 12:18:00,158,indian,12.1,midtown,1.4,4,42.83,scooter,124,clear,22
701281,2025-03-24 12:50:00,100,pizza,12.8,uptown,2.5,2,16.13,bike,52,clear,31
701282,2025-03-24 13:02:00,63,pizza,12.6,downtown,1.2,3,22.96,car,158,clear,27
701283,2025-03-24 13:16:00,70,thai,14.2,suburbs_north,6.2,3,43.39,car,84,clear,36
701284,2025-03-24 13:32:00,141,thai,14.1,suburbs_north,7.7,3,47.5,car,385,rain,41
701286,2025-03-24 13:58:00,130,mexican,15.3,downtown,1.4,3,34.26,car,1166,clear,24
701287,2025-03-24 14:19:00,84,chinese,11.5,suburbs_south,5.2,3,46.14,scooter,55,clear,33
701288,2025-03-24 14:30:00,79,salads,10,midtown,3.4,1,10.66,scooter,37,clear,28
701289,2025-03-24 14:54:00,82,salads,9.2,midtown,4,2,31.48,bike,800,clear,27
701291,2025-03-24 15:29:00,75,mexican,13.3,midtown,1.3,5,57.15,car,100,clear,24
701293,2025-03-24 16:32:00,32,thai,16.7,uptown,1.5,3,32.32,car,557,rain,86
701295,2025-03-24 16:43:00,103,thai,16.4,midtown,5.2,3,22.67,scooter,100,clear,35
701296,2025-03-24 17:09:00,41,thai,19,downtown,2.1,3,45.96,car,2123,clear,25
701297,2025-03-24 17:11:00,154,salads,8.5,midtown,1.8,3,42.93,bike,41,,20
701298,2025-03-24 17:13:00,30,salads,5,suburbs_south,4.1,2,27.61,car,10,clear,16
701299,2025-03-24 17:40:00,139,indian,20.7,midtown,4,5,71.83,car,447,clear,41
701300,2025-03-24 17:47:00,160,salads,5,uptown,3.9,1,9.12,car,155,clear,21
701302,2025-03-24 17:59:00,157,burgers,16.3,suburbs_south,10,3,40.91,car,102,clear,45
701303,2025-03-24 18:21:00,148,indian,16.9,suburbs_north,6.9,1,9.02,scooter,189,clear,36
701304,2025-03-24 18:25:00,101,thai,11.8,suburbs_north,8.4,4,60.67,car,210,cloudy,33
701305,2025-03-24 18:42:00,11,indian,20.4,uptown,2.8,2,18.05,scooter,48,cloudy,39
701307,2025-03-24 18:51:00,82,salads,9.2,midtown,3.4,1,10.02,scooter,224,clear,26
701308,2025-03-24 19:05:00,10,pizza,12.9,suburbs_north,7.6,4,62.59,car,57,clear,41
701310,2025-03-24 19:25:00,75,mexican,13.3,midtown,1.3,1,11.45,bike,130,clear,26
701311,2025-03-24 19:35:00,96,thai,15.7,downtown,1.2,2,31.66,car,58,clear,26
701312,2025-03-24 19:39:00,155,indian,14.5,suburbs_south,5.8,1,14.15,scooter,39,clear,39
701313,2025-03-24 19:44:00,68,thai,11.9,uptown,3.1,2,23.46,bike,654,clear,35
701314,2025-03-24 20:29:00,110,thai,12.5,suburbs_north,11.3,4,55.09,car,64,clear,52
701316,2025-03-24 20:57:00,99,thai,13.4,midtown,4.8,2,27.55,scooter,117,clear,28
701317,2025-03-24 21:35:00,94,sushi,20.2,downtown,2.8,4,35.98,scooter,157,cloudy,32
701319,2025-03-24 21:41:00,29,salads,9.9,midtown,3.5,3,30.3,car,536,clear,19
701321,2025-03-24 21:59:00,6,sushi,16.8,midtown,1.4,1,12.11,bike,34,cloudy,26
701322,2025-03-24 22:34:00,38,pizza,16.9,midtown,2.5,2,21.99,scooter,215,heavy_rain,28
701324,2025-03-24 23:46:00,44,indian,21,midtown,1,3,30.52,scooter,1862,rain,31
701326,2025-03-25 10:42:00,108,mexican,10.1,suburbs_south,2.3,1,14.95,car,73,rain,20
701327,2025-03-25 11:14:00,27,thai,16.7,downtown,3.5,4,39.21,scooter,290,clear,43
701328,2025-03-25 11:40:00,104,thai,11.5,suburbs_south,4.1,4,44.57,car,290,clear,24
701330,2025-03-25 11:49:00,23,burgers,11.6,downtown,1.9,7,111.9,scooter,32,clear,22
701331,2025-03-25 11:55:00,52,mexican,5.5,uptown,2.1,8,78.94,scooter,3,cloudy,19
701332,2025-03-25 11:59:00,43,chinese,12.4,uptown,2.5,4,46.43,scooter,114,clear,26
701333,2025-03-25 12:09:00,29,salads,9.9,midtown,4,2,17.92,bike,70,clear,27
701334,2025-03-25 12:24:00,146,thai,14.2,uptown,2,3,30.01,scooter,,cloudy,27
701335,2025-03-25 12:32:00,98,salads,11.1,midtown,2.1,2,29.48,scooter,1071,clear,20
701336,2025-03-25 13:01:00,160,salads,5,uptown,5.6,2,29.22,bike,186,heavy_rain,48
701337,2025-03-25 13:06:00,102,indian,17.4,uptown,4.4,7,78.17,scooter,214,cloudy,42
701338,2025-03-25 13:07:00,85,pizza,11.8,uptown,2.3,2,29.04,bike,74,rain,35
701339,2025-03-25 13:21:00,157,burgers,16.3,suburbs_south,9.1,1,8,car,304,,41
701340,2025-03-25 13:42:00,37,pizza,17.5,midtown,5.1,3,42.19,bike,232,rain,56
701342,2025-03-25 14:00:00,87,burgers,6.5,downtown,2.4,1,13.65,scooter,179,cloudy,19
701343,2025-03-25 14:41:00,53,thai,11.5,midtown,4,4,38.38,car,145,clear,28
701344,2025-03-25 14:55:00,6,sushi,16.8,midtown,2.6,6,73.76,bike,380,clear,35
701345,2025-03-25 17:09:00,41,thai,19,downtown,1.1,1,13.28,car,26,cloudy,25
701346,2025-03-25 17:19:00,141,thai,14.1,suburbs_north,7.9,6,50.6,car,699,clear,32
701347,2025-03-25 17:22:00,133,chinese,15.9,suburbs_north,6.1,7,78.83,car,2028,rain,41
701348,2025-03-25 17:27:00,12,thai,12.8,midtown,1.2,2,20.46,bike,68,cloudy,26
701349,2025-03-25 17:53:00,65,thai,16.7,uptown,3.1,4,55.72,bike,48,cloudy,37
701351,2025-03-25 18:03:00,5,mexican,12.4,uptown,3.2,3,27.02,bike,797,rain,32
701352,2025-03-25 18:03:00,35,mexican,11.9,midtown,4.2,4,28.13,car,71,clear,34
701353,2025-03-25 18:05:00,121,indian,13.9,suburbs_north,5.1,2,30.7,bike,46,clear,45
701354,2025-03-25 18:07:00,10,pizza,12.9,suburbs_north,10,1,11.08,car,63,cloudy,43
701355,2025-03-25 18:15:00,31,sushi,14.7,midtown,2.7,3,39.28,scooter,198,clear,27
701356,2025-03-25 18:16:00,65,thai,16.7,uptown,3.1,4,56.69,car,41,clear,35
701357,2025-03-25 18:22:00,107,sushi,18,suburbs_south,6,2,26.46,bike,810,clear,47
701358,2025-03-25 18:38:00,90,sushi,20.7,midtown,1.3,3,36.91,bike,61,rain,25
701359,2025-03-25 18:42:00,118,thai,15.5,downtown,2.3,3,47.59,bike,188,heavy_rain,43
701360,2025-03-25 18:44:00,129,pizza,10.9,suburbs_north,5.2,5,40.89,scooter,397,clear,31
701362,2025-03-25 18:52:00,38,pizza,16.9,midtown,2.7,3,45.49,bike,109,clear,38
701364,2025-03-25 18:56:00,92,thai,7,uptown,4.2,2,25.76,car,7,rain,27
701365,2025-03-25 19:10:00,81,sushi,17.4,downtown,1.2,5,72.65,car,128,,33
701368,2025-03-25 19:24:00,42,pizza,16.7,downtown,0.9,2,18.19,scooter,70,clear,28
701369,2025-03-25 19:32:00,2,thai,10.5,downtown,1.6,4,29.36,scooter,19,,26
701370,2025-03-25 19:36:00,103,thai,16.4,midtown,4.3,1,10.9,scooter,28,cloudy,30
701371,2025-03-25 19:39:00,102,indian,17.4,uptown,2,7,80.07,scooter,64,rain,44
701372,2025-03-25 19:44:00,155,indian,14.5,suburbs_south,3.5,5,51.48,scooter,17,cloudy,34
701373,2025-03-25 19:50:00,28,indian,19.5,downtown,0.7,2,31.7,car,9,clear,30
701374,2025-03-25 19:51:00,61,thai,18,suburbs_north,7.2,1,14.23,car,24,clear,40
701376,2025-03-25 19:58:00,1,mexican,12.7,downtown,0.7,4,47.15,scooter,933,rain,23
701377,2025-03-25 20:02:00,103,thai,16.4,midtown,3.1,1,11.36,scooter,142,clear,32
701381,2025-03-25 20:22:00,83,salads,8.7,midtown,4.3,2,30.2,bike,378,rain,33
701382,2025-03-25 20:33:00,82,salads,9.2,midtown,4.1,3,31.91,bike,227,clear,36
701384,2025-03-25 21:04:00,4,pizza,14,suburbs_south,3.8,5,62.26,scooter,5165,,29
701385,2025-03-25 21:40:00,29,salads,9.9,midtown,2.3,1,12.21,car,399,clear,16
701386,2025-03-25 22:00:00,120,pizza,12.2,downtown,0.8,2,23.58,scooter,702,clear,13
701387,2025-03-25 22:12:00,1,mexican,12.7,downtown,1.9,1,11.02,car,140,clear,22
701388,2025-03-25 22:21:00,36,burgers,11.8,downtown,3.2,3,35.59,car,416,clear,17
701390,2025-03-25 23:35:00,18,indian,20.8,suburbs_south,8.1,2,25.16,scooter,1162,heavy_rain,55
701391,2025-03-26 10:18:00,59,pizza,11.7,suburbs_south,5.8,4,51.36,scooter,13,clear,35
701392,2025-03-26 10:44:00,49,indian,14.4,uptown,4,2,25.31,car,6765,clear,22
701394,2025-03-26 10:53:00,62,salads,6.7,downtown,2.5,2,21.3,bike,162,cloudy,21
701395,2025-03-26 11:21:00,18,indian,20.8,suburbs_south,11.5,3,28.18,scooter,531,cloudy,65
701397,2025-03-26 11:51:00,153,salads,5,suburbs_south,6.5,1,8,scooter,104,,27
701401,2025-03-26 12:20:00,148,indian,16.9,suburbs_north,4.8,3,28.4,bike,26,rain,56
701402,2025-03-26 12:32:00,128,chinese,6.8,uptown,2.7,2,30.58,car,21,clear,18
701403,2025-03-26 12:54:00,26,pizza,14.9,midtown,3.8,2,21.12,scooter,39,clear,28
701404,2025-03-26 12:57:00,19,chinese,10.6,downtown,2.4,1,11.63,scooter,349,clear,20
701405,2025-03-26 13:13:00,38,pizza,16.9,midtown,2.7,2,18.28,bike,428,clear,30
701406,2025-03-26 13:33:00,139,indian,20.7,midtown,2.8,3,23.69,bike,80,cloudy,43
701407,2025-03-26 13:35:00,116,sushi,16.4,downtown,3.2,2,18.29,scooter,14,clear,33
701408,2025-03-26 13:54:00,100,pizza,12.8,uptown,2.9,4,51.56,scooter,237,cloudy,34
701412,2025-03-26 16:15:00,147,chinese,17.7,midtown,4.1,1,9.4,bike,31,clear,42
701413,2025-03-26 16:15:00,73,pizza,10.6,midtown,2.5,3,46.41,bike,1431,clear,25
701414,2025-03-26 16:49:00,137,thai,13.3,suburbs_north,6.7,1,10.53,scooter,475,clear,39
701415,2025-03-26 17:37:00,6,sushi,16.8,midtown,3,2,26.96,scooter,210,clear,29
701416,2025-03-26 17:40:00,139,indian,20.7,midtown,1,5,36.16,scooter,448,clear,32
701417,2025-03-26 17:48:00,1,mexican,12.7,downtown,1.1,5,36.07,bike,9,clear,24
701418,2025-03-26 17:55:00,15,indian,18.1,midtown,3.3,1,14.62,bike,180,clear,36
701419,2025-03-26 18:05:00,71,burgers,14.5,uptown,5.2,1,9.5,scooter,92,clear,37
701420,2025-03-26 18:08:00,23,burgers,11.6,downtown,1.8,4,61.45,bike,730,clear,28
701421,2025-03-26 18:19:00,2,thai,10.5,downtown,2.1,1,14.04,bike,18,cloudy,25
701422,2025-03-26 18:32:00,51,indian,17,downtown,2.5,2,25.86,scooter,30,clear,34
701423,2025-03-26 19:00:00,124,indian,17.6,downtown,2.4,3,40.89,bike,229,rain,34
701424,2025-03-26 19:02:00,43,chinese,12.4,uptown,3.7,7,85.87,car,147,clear,32
701426,2025-03-26 19:04:00,83,salads,8.7,midtown,4.5,1,13.51,bike,864,rain,37
701428,2025-03-26 19:20:00,116,sushi,16.4,downtown,3.7,2,17.69,bike,118,clear,38
701429,2025-03-26 19:48:00,72,burgers,12.2,suburbs_south,6.8,2,21.2,car,44,clear,40
701430,2025-03-26 19:49:00,121,indian,13.9,suburbs_north,4.5,2,15.26,scooter,25,cloudy,33
701431,2025-03-26 20:27:00,131,indian,22.1,downtown,2.9,5,37.51,car,39,clear,46
701432,2025-03-26 20:55:00,53,thai,11.5,midtown,1.3,3,45.59,bike,76,clear,26
701433,2025-03-26 21:17:00,44,indian,21,midtown,2.8,1,8.89,scooter,381,rain,39
701435,2025-03-26 21:44:00,148,indian,16.9,suburbs_north,8.8,1,15.15,car,550,clear,43
701437,2025-03-26 21:56:00,133,chinese,15.9,suburbs_north,5.2,1,11.83,scooter,45,cloudy,32
701438,2025-03-26 22:07:00,47,mexican,14.1,downtown,1.5,1,9.2,bike,70,clear,22
701439,2025-03-26 22:17:00,74,thai,18.7,downtown,1.1,8,122.92,scooter,,clear,26
701441,2025-03-27 11:11:00,49,indian,14.4,uptown,2.9,2,24.37,bike,489,cloudy,33
701443,2025-03-27 11:35:00,17,thai,9.8,uptown,1.7,3,35.83,car,23,cloudy,20
701444,2025-03-27 11:50:00,133,chinese,15.9,suburbs_north,2.8,2,25.7,scooter,271,clear,30
701446,2025-03-27 12:12:00,76,mexican,10,uptown,4.1,3,32.27,scooter,296,cloudy,27
701447,2025-03-27 12:37:00,83,salads,8.7,midtown,4.3,2,18.01,scooter,1568,clear,26
701448,2025-03-27 12:41:00,56,thai,13,downtown,1.4,2,28.06,scooter,182,rain,24
701449,2025-03-27 12:50:00,16,salads,7.8,uptown,1.7,3,46.67,bike,198,rain,22
701450,2025-03-27 13:03:00,67,chinese,17.8,uptown,3.6,4,30.15,bike,789,clear,42
701451,2025-03-27 13:09:00,15,indian,18.1,midtown,4.1,2,24.19,scooter,108,clear,35
701452,2025-03-27 13:14:00,160,salads,5,uptown,2.9,1,13.12,scooter,3,clear,22
701453,2025-03-27 13:32:00,92,thai,7,uptown,1.8,2,29.17,scooter,53,clear,16
701456,2025-03-27 14:31:00,70,thai,14.2,suburbs_north,2.1,6,51.92,car,53,clear,30
701457,2025-03-27 15:42:00,10,pizza,12.9,suburbs_north,6.5,2,26.36,car,687,cloudy,32
701458,2025-03-27 16:23:00,13,indian,15.1,downtown,1.9,1,15.87,scooter,109,cloudy,24
701460,2025-03-27 17:27:00,76,mexican,10,uptown,3.2,2,27.31,bike,185,clear,26
701461,2025-03-27 17:47:00,125,sushi,18.8,uptown,4.1,4,42.38,scooter,27,clear,38
701463,2025-03-27 18:13:00,14,burgers,6.4,downtown,1.4,3,29.13,scooter,120,clear,10
701465,2025-03-27 18:25:00,157,burgers,16.3,suburbs_south,9.5,3,32.04,car,77,rain,53
701468,2025-03-27 19:06:00,109,burgers,10,downtown,2.2,4,39.17,scooter,239,clear,24
701469,2025-03-27 19:12:00,42,pizza,16.7,downtown,1.7,5,47.83,bike,191,clear,35
701470,2025-03-27 19:21:00,66,sushi,18.7,midtown,3.2,5,72.63,bike,27,rain,45
701471,2025-03-27 19:43:00,140,chinese,17.8,downtown,2.2,2,29.71,bike,76,rain,36
701472,2025-03-27 19:43:00,52,mexican,5.5,uptown,2.8,5,39.47,scooter,148,cloudy,20
701473,2025-03-27 19:54:00,89,sushi,22.3,suburbs_north,9.3,2,30.03,car,317,clear,56
701474,2025-03-27 19:57:00,47,mexican,14.1,downtown,2.3,1,8,bike,408,clear,27
701475,2025-03-27 20:07:00,97,chinese,16.1,uptown,4.1,2,25.56,bike,168,cloudy,35
701478,2025-03-27 20:23:00,22,mexican,9.1,suburbs_south,11.9,1,15,scooter,61,clear,50
701479,2025-03-27 20:32:00,22,mexican,9.1,suburbs_south,8.7,2,19.17,scooter,329,clear,39
701480,2025-03-27 20:51:00,116,sushi,16.4,downtown,3.4,1,13.76,scooter,163,clear,28
701481,2025-03-27 20:54:00,154,salads,8.5,midtown,5.3,3,24.7,scooter,248,clear,29
701483,2025-03-27 21:22:00,154,salads,8.5,midtown,4.4,1,10.49,car,117,rain,21
701484,2025-03-27 21:29:00,125,sushi,18.8,uptown,2.8,3,33.51,scooter,389,cloudy,35
701485,2025-03-27 21:42:00,21,pizza,17,midtown,2.2,3,39.07,car,264,heavy_rain,28
701488,2025-03-27 22:07:00,127,indian,15.6,downtown,1.3,1,9.45,scooter,205,heavy_rain,28
701489,2025-03-27 23:33:00,47,mexican,14.1,downtown,2.5,1,11.43,car,578,cloudy,23
701491,2025-03-28 11:03:00,91,salads,10.1,suburbs_south,9.9,2,28.11,car,28,clear,43
701492,2025-03-28 11:23:00,6,sushi,16.8,midtown,1.4,2,16.33,bike,161,clear,29
701493,2025-03-28 11:32:00,94,sushi,20.2,downtown,2.6,1,12.86,bike,19,rain,41
701494,2025-03-28 12:00:00,1,mexican,12.7,downtown,2.8,3,23.38,bike,125,,28
701495,2025-03-28 12:14:00,88,burgers,8.9,suburbs_south,3.5,8,107.08,scooter,386,clear,31
701496,2025-03-28 12:18:00,117,pizza,16.2,suburbs_south,4.2,2,23.23,car,131,clear,37
701498,2025-03-28 12:41:00,104,thai,11.5,suburbs_south,12.4,2,25.22,scooter,24,clear,55
701501,2025-03-28 13:00:00,43,chinese,12.4,uptown,4.7,2,21.15,car,494,cloudy,29
701502,2025-03-28 13:16:00,6,sushi,16.8,midtown,2.8,4,33.78,car,576,cloudy,29
701503,2025-03-28 13:25:00,42,pizza,16.7,downtown,1.1,4,57.91,scooter,169,cloudy,24
701504,2025-03-28 13:28:00,159,pizza,15,uptown,2.4,1,9.78,scooter,3223,cloudy,20
701505,2025-03-28 13:46:00,136,salads,9.3,downtown,2.1,4,43.22,scooter,25,heavy_rain,69
701506,2025-03-28 13:53:00,114,chinese,12.4,suburbs_south,9.3,6,87.3,scooter,165,clear,53
701507,2025-03-28 13:57:00,131,indian,22.1,downtown,1.9,1,9.74,bike,187,cloudy,33
701508,2025-03-28 15:25:00,84,chinese,11.5,suburbs_south,4.5,1,11.07,bike,106,rain,44
701509,2025-03-28 16:50:00,100,pizza,12.8,uptown,4.4,2,18.74,scooter,,clear,31
701510,2025-03-28 17:05:00,143,chinese,12.4,uptown,1.7,1,8.79,car,30,clear,22
701511,2025-03-28 17:24:00,71,burgers,14.5,uptown,2.2,1,8.8,bike,34,cloudy,31
701512,2025-03-28 17:39:00,142,indian,20.4,midtown,3.5,5,46.81,bike,485,clear,41
701513,2025-03-28 17:51:00,42,pizza,16.7,downtown,0.9,2,27.38,scooter,757,cloudy,20
701514,2025-03-28 17:52:00,18,indian,20.8,suburbs_south,5.3,2,14.08,bike,155,rain,49
701515,2025-03-28 17:55:00,118,thai,15.5,downtown,3,2,31.67,bike,26,,36
701516,2025-03-28 18:20:00,144,chinese,7.6,midtown,2.3,2,21.7,bike,282,clear,21
701517,2025-03-28 18:44:00,46,indian,19.4,downtown,1.9,1,9.26,car,63,clear,33
701518,2025-03-28 18:51:00,84,chinese,11.5,suburbs_south,3.5,1,10.78,car,50,clear,22
701521,2025-03-28 19:01:00,20,mexican,9.2,midtown,1.9,2,17.45,bike,36,heavy_rain,30
701523,2025-03-28 19:22:00,140,chinese,17.8,downtown,2.8,1,14.71,scooter,34,clear,34
701524,2025-03-28 19:31:00,142,indian,20.4,midtown,4,2,14.84,bike,504,clear,41
701525,2025-03-28 19:32:00,102,indian,17.4,uptown,5.1,3,43.72,scooter,25918,cloudy,38
701526,2025-03-28 19:45:00,77,pizza,11.4,uptown,2.4,7,72.41,scooter,63,cloudy,28
701527,2025-03-28 20:11:00,100,pizza,12.8,uptown,3.4,5,46.57,scooter,1027,clear,28
701528,2025-03-28 20:15:00,126,pizza,12,midtown,2.1,3,31.99,scooter,154,rain,22
701529,2025-03-28 20:26:00,109,burgers,10,downtown,1.7,4,56.1,bike,2761,cloudy,26
701530,2025-03-28 21:04:00,157,burgers,16.3,suburbs_south,10.8,6,59.27,scooter,860,clear,53
701531,2025-03-28 22:32:00,87,burgers,6.5,downtown,3,2,21.62,scooter,36,clear,18
701532,2025-03-28 22:50:00,90,sushi,20.7,midtown,2.5,2,24.26,scooter,1607,clear,33
701533,2025-03-28 22:57:00,138,thai,16.2,uptown,2.2,1,15.87,scooter,169,rain,31
701534,2025-03-28 23:36:00,135,sushi,20.5,downtown,2.5,3,26.93,scooter,172,rain,36
701535,2025-03-29 10:21:00,35,mexican,11.9,midtown,3.4,2,26.02,bike,112,clear,26
701536,2025-03-29 10:53:00,120,pizza,12.2,downtown,1.8,5,47.83,scooter,664,clear,23
701537,2025-03-29 11:01:00,77,pizza,11.4,uptown,4,7,64.35,bike,199,clear,35
701539,2025-03-29 11:16:00,97,chinese,16.1,uptown,3.6,2,30.37,bike,161,rain,40
701540,2025-03-29 11:34:00,9,thai,12.6,suburbs_south,3.1,3,31.23,car,46,clear,29
701541,2025-03-29 12:01:00,137,thai,13.3,suburbs_north,8.3,2,15.95,car,50,clear,131
701542,2025-03-29 12:04:00,1,mexican,12.7,downtown,3.5,7,106.05,bike,416,clear,37
701543,2025-03-29 12:05:00,4,pizza,14,suburbs_south,9,2,17.58,car,525,clear,45
701544,2025-03-29 12:05:00,16,salads,7.8,uptown,3.4,4,34.53,bike,15,rain,35
701546,2025-03-29 12:33:00,30,salads,5,suburbs_south,4.8,2,14.71,scooter,69,clear,23
701547,2025-03-29 12:37:00,159,pizza,15,uptown,1.2,4,40.85,scooter,21,heavy_rain,29
701548,2025-03-29 12:51:00,139,indian,20.7,midtown,5.2,3,43.01,car,184,heavy_rain,48
701549,2025-03-29 13:03:00,140,chinese,17.8,downtown,2.5,2,22.12,scooter,44,clear,30
701550,2025-03-29 13:19:00,45,indian,15.4,midtown,3.7,1,15.52,scooter,92,rain,42
701552,2025-03-29 13:32:00,139,indian,20.7,midtown,5.2,1,9.2,scooter,258,clear,45
701553,2025-03-29 13:53:00,120,pizza,12.2,downtown,2.1,2,21.68,car,634,clear,29
701554,2025-03-29 13:57:00,118,thai,15.5,downtown,1.7,6,88.8,scooter,74,,35
701555,2025-03-29 14:07:00,148,indian,16.9,suburbs_north,9.8,4,43.77,car,126,clear,49
701556,2025-03-29 14:26:00,16,salads,7.8,uptown,4.2,2,23.29,scooter,138,clear,18
701557,2025-03-29 14:26:00,2,thai,10.5,downtown,1.1,5,63.87,scooter,,clear,14
701558,2025-03-29 14:39:00,123,salads,7.7,uptown,1.3,2,15.19,scooter,87,clear,13
701559,2025-03-29 14:50:00,76,mexican,10,uptown,2,2,30.29,scooter,53,clear,21
701561,2025-03-29 15:05:00,40,pizza,18.4,midtown,4.9,1,15.02,scooter,54,clear,46
701563,2025-03-29 16:37:00,15,indian,18.1,midtown,1.3,2,14.39,scooter,305,clear,29
701564,2025-03-29 16:57:00,89,sushi,22.3,suburbs_north,6,5,61.19,car,152,heavy_rain,55
701565,2025-03-29 17:03:00,69,salads,8.8,midtown,2.6,3,21.09,scooter,459,clear,24
701566,2025-03-29 17:04:00,1,mexican,12.7,downtown,3.3,1,11.76,scooter,80,heavy_rain,37
701567,2025-03-29 17:23:00,135,sushi,20.5,downtown,1.7,8,66.34,scooter,112,rain,34
701568,2025-03-29 17:38:00,107,sushi,18,suburbs_south,3.8,5,71.49,scooter,67,cloudy,37
701569,2025-03-29 18:02:00,6,sushi,16.8,midtown,2.3,6,81.61,car,732,clear,37
701570,2025-03-29 18:13:00,66,sushi,18.7,midtown,1.5,2,29,car,45,clear,32
701573,2025-03-29 18:20:00,15,indian,18.1,midtown,2.6,3,30.66,bike,105,clear,42
701574,2025-03-29 18:25:00,130,mexican,15.3,downtown,2.1,2,14.68,bike,284,clear,35
701575,2025-03-29 18:33:00,145,pizza,12.3,suburbs_south,2.7,3,43.46,scooter,1110,cloudy,26
701576,2025-03-29 18:34:00,84,chinese,11.5,suburbs_south,6.5,4,48.37,car,1028,clear,33
701577,2025-03-29 19:03:00,6,sushi,16.8,midtown,1.6,1,11.85,car,574,rain,25
701579,2025-03-29 19:15:00,52,mexican,5.5,uptown,3.2,2,19.35,bike,105,cloudy,27
701580,2025-03-29 19:27:00,133,chinese,15.9,suburbs_north,10.2,1,10.81,scooter,228,cloudy,57
701581,2025-03-29 19:31:00,17,thai,9.8,uptown,3.6,2,19.29,scooter,76,clear,24
701582,2025-03-29 19:37:00,37,pizza,17.5,midtown,3.9,2,22.65,bike,57,cloudy,43
701583,2025-03-29 19:41:00,148,indian,16.9,suburbs_north,3.6,2,28.01,bike,134,clear,44
701584,2025-03-29 19:55:00,132,mexican,13.3,downtown,2.2,3,24.19,car,156,clear,31
701585,2025-03-29 20:01:00,69,salads,8.8,midtown,4.7,4,40.08,bike,34,clear,29
701586,2025-03-29 20:07:00,53,thai,11.5,midtown,3.4,3,26.78,bike,221,cloudy,36
701587,2025-03-29 20:08:00,144,chinese,7.6,midtown,3.4,2,23.31,bike,130,rain,29
701590,2025-03-29 20:46:00,70,thai,14.2,suburbs_north,6.4,4,59.17,car,8,rain,47
701591,2025-03-29 20:51:00,8,burgers,12.1,uptown,4.1,1,10.59,bike,68,clear,34
701592,2025-03-29 20:53:00,18,indian,20.8,suburbs_south,11.3,3,34.77,car,90,cloudy,63
701594,2025-03-29 21:04:00,53,thai,11.5,midtown,2.5,2,14.8,bike,564,clear,27
701595,2025-03-29 21:11:00,138,thai,16.2,uptown,2.9,1,15.12,bike,63,clear,31
701596,2025-03-29 21:13:00,33,sushi,21.1,midtown,1.5,5,78.86,bike,133,clear,33
701597,2025-03-29 21:16:00,72,burgers,12.2,suburbs_south,6.3,2,25.35,car,2683,cloudy,75
701598,2025-03-29 21:27:00,68,thai,11.9,uptown,1.5,6,66.55,car,180,rain,24
701599,2025-03-29 21:40:00,9,thai,12.6,suburbs_south,10.8,3,47.25,car,243,cloudy,41
701600,2025-03-29 21:43:00,107,sushi,18,suburbs_south,3,2,27.65,car,95,clear,30
701601,2025-03-29 22:00:00,33,sushi,21.1,midtown,4.3,3,33.49,scooter,1224,clear,35
701602,2025-03-29 22:35:00,92,thai,7,uptown,4.1,3,43.59,car,41,,25
701604,2025-03-29 23:44:00,152,indian,18,suburbs_north,3.2,6,64.27,car,9341,cloudy,36
701605,2025-03-30 10:17:00,1,mexican,12.7,downtown,1.1,1,12.14,car,,clear,16
701606,2025-03-30 10:23:00,86,chinese,11.8,suburbs_south,6,4,49.72,scooter,466,rain,37
701607,2025-03-30 10:29:00,64,mexican,11.6,suburbs_north,7,4,33.83,car,17,cloudy,39
701608,2025-03-30 11:13:00,92,thai,7,uptown,3.3,3,25.11,bike,33,clear,21
701609,2025-03-30 11:19:00,105,pizza,12.9,midtown,1.2,1,12.53,bike,52,rain,30
701610,2025-03-30 11:24:00,110,thai,12.5,suburbs_north,6.7,3,23.51,car,78,cloudy,42
701611,2025-03-30 11:36:00,18,indian,20.8,suburbs_south,2.9,4,38.22,bike,215,clear,45
701612,2025-03-30 11:47:00,14,burgers,6.4,downtown,1.6,3,38.76,bike,233,cloudy,23
701613,2025-03-30 11:50:00,24,pizza,15.8,uptown,4,3,43.41,bike,41,clear,48
701614,2025-03-30 12:08:00,85,pizza,11.8,uptown,5.2,8,124.72,scooter,1839,clear,37
701615,2025-03-30 12:19:00,16,salads,7.8,uptown,1.5,2,30.76,car,121,clear,18
701616,2025-03-30 12:38:00,151,chinese,11.8,downtown,1.1,1,12.65,bike,74,cloudy,23
701617,2025-03-30 12:44:00,69,salads,8.8,midtown,3.3,2,14.11,car,74,clear,26
701618,2025-03-30 12:45:00,31,sushi,14.7,midtown,1.8,1,12.67,scooter,115,clear,26
701620,2025-03-30 12:47:00,91,salads,10.1,suburbs_south,8.3,3,30.41,scooter,1053,rain,37
701621,2025-03-30 12:47:00,39,thai,21,downtown,1.3,1,10.78,scooter,38,clear,36
701622,2025-03-30 12:50:00,118,thai,15.5,downtown,1.1,4,38.72,car,107,clear,34
701623,2025-03-30 13:27:00,120,pizza,12.2,downtown,1.7,3,26.05,car,568,clear,25
701624,2025-03-30 13:36:00,104,thai,11.5,suburbs_south,6.5,1,14.04,car,454,clear,29
701625,2025-03-30 14:00:00,149,thai,15.5,downtown,1.1,1,15.35,scooter,141,cloudy,27
701626,2025-03-30 14:22:00,120,pizza,12.2,downtown,0.7,1,13.78,bike,390,clear,17
701627,2025-03-30 14:31:00,139,indian,20.7,midtown,3.5,7,92.45,car,25,clear,35
701628,2025-03-30 16:06:00,38,pizza,16.9,midtown,3,3,25.31,bike,44,cloudy,32
701629,2025-03-30 16:11:00,53,thai,11.5,midtown,3.8,5,55.11,bike,23,clear,31
701630,2025-03-30 16:15:00,65,thai,16.7,uptown,5.4,2,21.18,bike,14,rain,51
701633,2025-03-30 16:43:00,5,mexican,12.4,uptown,2.5,2,19.18,bike,65,heavy_rain,35
701634,2025-03-30 17:08:00,87,burgers,6.5,downtown,1.1,3,34.03,bike,214,clear,12
701636,2025-03-30 17:26:00,156,salads,12.7,downtown,1,5,68.65,scooter,856,,20
701637,2025-03-30 17:26:00,10,pizza,12.9,suburbs_north,10,2,14.17,car,37,heavy_rain,57
701638,2025-03-30 17:37:00,57,sushi,15.1,midtown,1.2,4,58.83,car,78,clear,25
701639,2025-03-30 18:05:00,93,sushi,16.7,downtown,1.5,5,64.01,car,225,clear,30
701640,2025-03-30 18:12:00,42,pizza,16.7,downtown,1.5,2,24.02,scooter,45,clear,29
701641,2025-03-30 18:21:00,95,pizza,11.9,suburbs_south,4.3,4,30.86,bike,186,clear,33
701643,2025-03-30 18:36:00,19,chinese,10.6,downtown,2,1,12.5,scooter,111,clear,23
701645,2025-03-30 18:38:00,34,mexican,12.2,midtown,3.2,5,45.83,bike,78,,33
701646,2025-03-30 18:39:00,75,mexican,13.3,midtown,3.1,3,36.96,scooter,280,clear,25
701647,2025-03-30 18:52:00,45,indian,15.4,midtown,1.2,2,20.11,bike,74,clear,33
701648,2025-03-30 18:55:00,146,thai,14.2,uptown,4.2,6,86.12,car,198,cloudy,35
701649,2025-03-30 19:28:00,66,sushi,18.7,midtown,3.7,2,26.32,bike,659,heavy_rain,49
701650,2025-03-30 19:33:00,125,sushi,18.8,uptown,2.5,2,31.77,scooter,570,clear,38
701651,2025-03-30 19:44:00,45,indian,15.4,midtown,2.2,1,9.65,bike,778,clear,32
701652,2025-03-30 19:45:00,68,thai,11.9,uptown,4.8,2,17.11,bike,36,clear,38
701653,2025-03-30 19:55:00,104,thai,11.5,suburbs_south,7.7,2,23.27,car,40,rain,36
701656,2025-03-30 20:51:00,70,thai,14.2,suburbs_north,8.9,1,12.23,car,1652,clear,42
701657,2025-03-30 20:56:00,156,salads,12.7,downtown,0.9,2,29.54,scooter,56,clear,23
701658,2025-03-30 21:08:00,110,thai,12.5,suburbs_north,3.2,1,11.28,bike,27,cloudy,25
701659,2025-03-30 21:11:00,105,pizza,12.9,midtown,1.7,2,29.52,scooter,515,clear,15
701660,2025-03-30 21:52:00,133,chinese,15.9,suburbs_north,3.4,2,22.24,bike,448,clear,35
701661,2025-03-30 22:00:00,142,indian,20.4,midtown,4.2,6,90.49,bike,126,clear,53
701663,2025-03-31 10:03:00,142,indian,20.4,midtown,3.2,2,29.91,bike,389,clear,37
701664,2025-03-31 10:29:00,94,sushi,20.2,downtown,3.1,5,49.72,car,3510,rain,34
701665,2025-03-31 11:00:00,43,chinese,12.4,uptown,4.5,1,14.47,bike,,,42
701667,2025-03-31 11:50:00,12,thai,12.8,midtown,4.4,1,8,scooter,338,clear,28
701668,2025-03-31 12:11:00,58,indian,21.6,uptown,3.4,1,14.32,bike,53,clear,41
701669,2025-03-31 12:25:00,149,thai,15.5,downtown,1.7,2,16.9,car,90,clear,30
701670,2025-03-31 12:34:00,132,mexican,13.3,downtown,2.4,1,14.15,bike,99,clear,33
701671,2025-03-31 12:41:00,148,indian,16.9,suburbs_north,6.3,2,15.74,car,82,clear,43
701672,2025-03-31 12:43:00,154,salads,8.5,midtown,3.3,1,12.31,car,166,clear,23
701673,2025-03-31 12:47:00,17,thai,9.8,uptown,1.7,2,28.15,scooter,1994,cloudy,17
701674,2025-03-31 12:51:00,127,indian,15.6,downtown,2.6,4,45.57,bike,141,clear,37
701675,2025-03-31 12:57:00,65,thai,16.7,uptown,5.5,4,43.22,car,303,clear,38
701677,2025-03-31 13:00:00,86,chinese,11.8,suburbs_south,5.6,4,57.95,bike,31,clear,51
701678,2025-03-31 13:03:00,127,indian,15.6,downtown,2.3,3,39.43,scooter,86,heavy_rain,35
701679,2025-03-31 13:29:00,146,thai,14.2,uptown,4.1,1,8,scooter,242,clear,25
701680,2025-03-31 13:33:00,158,indian,12.1,midtown,1.3,1,8,scooter,94,clear,25
701681,2025-03-31 13:39:00,68,thai,11.9,uptown,3.1,2,30.21,car,41,clear,29
701682,2025-03-31 13:56:00,30,salads,5,suburbs_south,7.1,1,10.18,car,1285,heavy_rain,35
701683,2025-03-31 15:13:00,151,chinese,11.8,downtown,2,1,14.97,scooter,64,,15
701684,2025-03-31 16:40:00,1,mexican,12.7,downtown,1.4,1,15.07,scooter,57,clear,19
701685,2025-03-31 16:41:00,13,indian,15.1,downtown,1.2,3,44.9,bike,181,clear,22
701686,2025-03-31 16:57:00,93,sushi,16.7,downtown,1.7,2,22.46,scooter,195,rain,21
701687,2025-03-31 17:42:00,29,salads,9.9,midtown,3.6,1,12.61,car,17,clear,24
701688,2025-03-31 18:03:00,31,sushi,14.7,midtown,4.4,1,11.7,bike,63,clear,40
701689,2025-03-31 18:10:00,22,mexican,9.1,suburbs_south,5.4,3,28.14,scooter,60,cloudy,34
701690,2025-03-31 18:14:00,139,indian,20.7,midtown,2.4,3,22.73,bike,18,clear,35
701691,2025-03-31 18:21:00,142,indian,20.4,midtown,3.8,2,14.45,scooter,700,clear,36
701692,2025-03-31 18:21:00,32,thai,16.7,uptown,1.7,7,97.73,car,78,clear,35
701693,2025-03-31 18:26:00,63,pizza,12.6,downtown,1.7,5,65.66,scooter,217,cloudy,26
701694,2025-03-31 18:30:00,64,mexican,11.6,suburbs_north,7.7,4,63.75,scooter,2702,,38
701695,2025-03-31 18:30:00,75,mexican,13.3,midtown,2.9,2,20.43,bike,919,clear,29
701696,2025-03-31 18:43:00,121,indian,13.9,suburbs_north,2.9,5,63.55,scooter,231,cloudy,30
701697,2025-03-31 18:57:00,90,sushi,20.7,midtown,4,3,35.6,bike,212,clear,51
701698,2025-03-31 19:04:00,60,chinese,10.4,suburbs_north,3.3,4,51.01,bike,21,clear,31
701699,2025-03-31 19:14:00,115,thai,13.4,downtown,1.4,4,53.73,scooter,217,clear,26
701700,2025-03-31 19:15:00,14,burgers,6.4,downtown,1.7,3,36.79,bike,29,clear,11
701701,2025-03-31 19:16:00,107,sushi,18,suburbs_south,4,2,27.46,scooter,4,clear,41
701702,2025-03-31 19:16:00,25,mexican,14.5,midtown,3.4,2,17.67,scooter,64,clear,38
701703,2025-03-31 19:19:00,150,mexican,14.6,downtown,2.6,4,30.31,car,19,clear,35
701704,2025-03-31 19:27:00,44,indian,21,midtown,4.2,5,74.4,scooter,1492,cloudy,44
701705,2025-03-31 19:31:00,65,thai,16.7,uptown,1.8,4,35.57,scooter,203,cloudy,28
701708,2025-03-31 20:02:00,70,thai,14.2,suburbs_north,7.7,6,47.08,scooter,78,heavy_rain,57
701709,2025-03-31 20:06:00,127,indian,15.6,downtown,1.2,1,8,car,1089,clear,27
701710,2025-03-31 20:11:00,43,chinese,12.4,uptown,1.7,8,114.1,scooter,13,clear,27
701711,2025-03-31 20:27:00,119,indian,16.8,suburbs_south,2,2,22.79,bike,418,heavy_rain,34
701712,2025-03-31 20:32:00,16,salads,7.8,uptown,4.2,7,74.4,scooter,93,rain,25
701713,2025-03-31 20:32:00,45,indian,15.4,midtown,2.2,5,69.22,car,327,clear,38
701715,2025-03-31 21:02:00,91,salads,10.1,suburbs_south,5.3,1,10.6,car,337,clear,23
701716,2025-03-31 21:13:00,146,thai,14.2,uptown,2.9,6,43.21,bike,17,clear,35
701717,2025-03-31 21:32:00,121,indian,13.9,suburbs_north,9.1,2,14.73,car,1059,clear,37
701718,2025-03-31 22:02:00,142,indian,20.4,midtown,4.3,2,30.65,bike,20,clear,45
701719,2025-03-31 22:29:00,104,thai,11.5,suburbs_south,4.3,4,60.77,scooter,34,clear,33
701720,2025-03-31 23:40:00,67,chinese,17.8,uptown,3.9,2,16.31,car,64,cloudy,32
701721,2025-03-31 23:56:00,118,thai,15.5,downtown,2.6,5,60.65,scooter,141,clear,24
701722,2025-04-01 10:32:00,158,indian,12.1,midtown,1.9,2,29.18,car,246,rain,16
701723,2025-04-01 11:09:00,61,thai,18,suburbs_north,9.9,3,43.61,scooter,39,cloudy,60
701724,2025-04-01 11:37:00,72,burgers,12.2,suburbs_south,8,1,14.9,car,47,clear,39
701727,2025-04-01 11:50:00,141,thai,14.1,suburbs_north,3.2,2,15.64,bike,129,clear,38
701728,2025-04-01 12:01:00,117,pizza,16.2,suburbs_south,5.8,2,29.96,scooter,317,clear,48
701729,2025-04-01 12:14:00,49,indian,14.4,uptown,3.8,2,24.07,bike,325,heavy_rain,45
701731,2025-04-01 12:31:00,47,mexican,14.1,downtown,1.8,2,25.17,bike,32,rain,33
701733,2025-04-01 12:46:00,107,sushi,18,suburbs_south,7.5,5,51.3,scooter,,clear,53
701734,2025-04-01 12:57:00,21,pizza,17,midtown,3.9,4,59.62,car,97,cloudy,33
701735,2025-04-01 13:00:00,16,salads,7.8,uptown,4.6,2,29.3,scooter,899,heavy_rain,28
701736,2025-04-01 13:01:00,149,thai,15.5,downtown,2,1,8.27,car,56,clear,29
701737,2025-04-01 13:06:00,156,salads,12.7,downtown,3,1,12.68,scooter,81,clear,29
701738,2025-04-01 13:07:00,100,pizza,12.8,uptown,2.3,2,28.91,bike,531,clear,26
701739,2025-04-01 13:07:00,141,thai,14.1,suburbs_north,5.1,4,58.16,scooter,172,rain,44
701740,2025-04-01 13:13:00,8,burgers,12.1,uptown,5.6,4,56.39,scooter,119,clear,43
701741,2025-04-01 13:28:00,86,chinese,11.8,suburbs_south,8.7,1,8,scooter,66,cloudy,42
701742,2025-04-01 13:38:00,129,pizza,10.9,suburbs_north,3.9,2,27.5,scooter,148,cloudy,30
701743,2025-04-01 13:49:00,51,indian,17,downtown,1,6,77.24,bike,17,cloudy,33
701744,2025-04-01 13:52:00,152,indian,18,suburbs_north,3.8,5,48.97,bike,18,clear,43
701745,2025-04-01 14:04:00,46,indian,19.4,downtown,2.3,3,33.68,scooter,81,clear,32
701746,2025-04-01 15:03:00,102,indian,17.4,uptown,3.7,2,20.69,bike,87,cloudy,27
701748,2025-04-01 17:49:00,78,mexican,9.1,downtown,2.5,3,45.44,scooter,42,clear,22
701749,2025-04-01 17:51:00,119,indian,16.8,suburbs_south,3.1,5,63.24,bike,621,heavy_rain,40
701751,2025-04-01 18:07:00,32,thai,16.7,uptown,3.5,1,9.33,scooter,49,heavy_rain,37
701754,2025-04-01 18:24:00,58,indian,21.6,uptown,3,1,11.31,car,131,clear,32
701755,2025-04-01 18:33:00,40,pizza,18.4,midtown,1.3,3,33.55,bike,218,rain,37
701758,2025-04-01 19:07:00,3,pizza,20.9,suburbs_north,9.6,4,28.65,car,3612,clear,51
701759,2025-04-01 19:12:00,67,chinese,17.8,uptown,4.4,3,38.77,scooter,81,rain,46
701760,2025-04-01 19:14:00,72,burgers,12.2,suburbs_south,11.6,2,21.25,car,1712,clear,40
701761,2025-04-01 19:20:00,72,burgers,12.2,suburbs_south,7.4,1,15.56,scooter,218,rain,41
701762,2025-04-01 19:21:00,114,chinese,12.4,suburbs_south,10.9,2,26.98,scooter,301,cloudy,50
701764,2025-04-01 19:26:00,7,thai,17.1,midtown,1.3,2,24.89,scooter,95,clear,25
701767,2025-04-01 19:51:00,123,salads,7.7,uptown,5.3,1,9.37,scooter,152,clear,29
701769,2025-04-01 20:45:00,1,mexican,12.7,downtown,3,2,31.24,bike,72,cloudy,31
701770,2025-04-01 20:55:00,81,sushi,17.4,downtown,1.6,2,18.08,bike,1032,clear,31
701771,2025-04-01 20:58:00,40,pizza,18.4,midtown,3.2,2,23.39,bike,1068,cloudy,30
701773,2025-04-01 21:32:00,143,chinese,12.4,uptown,3.2,5,77.43,bike,37,cloudy,36
701774,2025-04-01 22:15:00,49,indian,14.4,uptown,5.8,2,28.06,scooter,469,heavy_rain,36
701777,2025-04-01 23:42:00,45,indian,15.4,midtown,1.6,2,16.27,car,116,clear,22
701778,2025-04-02 10:43:00,2,thai,10.5,downtown,2.8,2,26.82,scooter,619,cloudy,21
701779,2025-04-02 10:46:00,80,chinese,16.1,downtown,2,3,25.08,scooter,81,clear,26
701780,2025-04-02 10:51:00,101,thai,11.8,suburbs_north,6.5,4,60.66,car,587,rain,31
701781,2025-04-02 11:06:00,51,indian,17,downtown,0.9,4,53.98,scooter,231,heavy_rain,26
701782,2025-04-02 11:33:00,120,pizza,12.2,downtown,2.3,4,57.53,bike,1501,clear,31
701784,2025-04-02 11:59:00,11,indian,20.4,uptown,5.4,4,51.46,car,167,rain,48
701785,2025-04-02 12:18:00,69,salads,8.8,midtown,3.7,2,21.17,bike,451,clear,28
701786,2025-04-02 12:19:00,130,mexican,15.3,downtown,0.9,3,35.37,scooter,51,clear,28
701787,2025-04-02 12:34:00,148,indian,16.9,suburbs_north,9.1,8,76.04,car,1083,clear,52
701788,2025-04-02 12:51:00,148,indian,16.9,suburbs_north,9.4,6,74.25,scooter,677,,57
701789,2025-04-02 12:57:00,143,chinese,12.4,uptown,4,3,38.5,bike,40,rain,40
701790,2025-04-02 12:59:00,99,thai,13.4,midtown,4.1,1,11.12,scooter,39,,30
701791,2025-04-02 13:01:00,105,pizza,12.9,midtown,1.7,3,39.23,car,147,clear,21
701792,2025-04-02 13:01:00,26,pizza,14.9,midtown,4.7,1,11.88,scooter,129,rain,40
701793,2025-04-02 13:28:00,48,mexican,8.8,midtown,2.9,3,25.79,bike,64,clear,24
701794,2025-04-02 13:39:00,143,chinese,12.4,uptown,1.7,3,41.15,scooter,146,clear,20
701795,2025-04-02 13:42:00,10,pizza,12.9,suburbs_north,10.6,3,24,scooter,155,cloudy,55
701797,2025-04-02 14:43:00,126,pizza,12,midtown,3,3,29.49,car,305,rain,25
701798,2025-04-02 15:29:00,78,mexican,9.1,downtown,1.5,3,29.68,scooter,188,cloudy,16
701799,2025-04-02 15:29:00,101,thai,11.8,suburbs_north,10.8,4,52.07,car,62,clear,44
701800,2025-04-02 15:35:00,18,indian,20.8,suburbs_south,4.2,1,9.52,bike,,,48
701801,2025-04-02 15:41:00,8,burgers,12.1,uptown,2.7,5,60.79,scooter,,clear,28
701802,2025-04-02 16:09:00,40,pizza,18.4,midtown,3.6,3,42.15,bike,247,clear,42
701803,2025-04-02 16:20:00,133,chinese,15.9,suburbs_north,2.6,2,20.93,bike,605,clear,31
701806,2025-04-02 17:09:00,130,mexican,15.3,downtown,1.4,2,19.56,scooter,99,cloudy,20
701807,2025-04-02 17:18:00,25,mexican,14.5,midtown,5.1,2,18.95,bike,54,clear,36
701812,2025-04-02 18:13:00,149,thai,15.5,downtown,1.4,2,27.6,bike,,clear,28
701813,2025-04-02 18:13:00,101,thai,11.8,suburbs_north,6,2,23.33,car,690,clear,33
701814,2025-04-02 18:15:00,70,thai,14.2,suburbs_north,7,2,26.66,car,102,rain,44
701815,2025-04-02 18:20:00,136,salads,9.3,downtown,1.6,3,35.69,bike,,clear,25
701816,2025-04-02 18:27:00,97,chinese,16.1,uptown,6.2,4,51,scooter,811,cloudy,40
701817,2025-04-02 18:27:00,21,pizza,17,midtown,2.9,3,37.74,car,544,cloudy,31
701818,2025-04-02 18:28:00,89,sushi,22.3,suburbs_north,2.3,3,28.94,car,187,clear,38
701819,2025-04-02 18:34:00,49,indian,14.4,uptown,3.5,3,26.71,scooter,55,clear,30
701822,2025-04-02 18:49:00,106,pizza,12.3,downtown,2.2,2,29,scooter,258,clear,25
701823,2025-04-02 18:50:00,95,pizza,11.9,suburbs_south,3.6,5,72.83,scooter,,clear,30
701825,2025-04-02 19:30:00,102,indian,17.4,uptown,3.3,6,44.5,scooter,49,clear,37
701827,2025-04-02 20:04:00,128,chinese,6.8,uptown,3.7,2,19.69,bike,14,clear,29
701828,2025-04-02 20:08:00,4,pizza,14,suburbs_south,13.1,3,41.64,car,56,clear,52
701829,2025-04-02 20:17:00,37,pizza,17.5,midtown,2.6,3,30.47,car,64,clear,33
701830,2025-04-02 20:22:00,77,pizza,11.4,uptown,4.4,1,15.06,bike,80,cloudy,34
701832,2025-04-02 20:27:00,8,burgers,12.1,uptown,1.7,4,56.87,bike,51,cloudy,26
701833,2025-04-02 20:41:00,154,salads,8.5,midtown,1.8,3,26.18,scooter,47,clear,21
701834,2025-04-02 20:52:00,80,chinese,16.1,downtown,0.8,3,28.41,scooter,129,clear,35
701836,2025-04-02 21:04:00,132,mexican,13.3,downtown,1.8,1,12.92,scooter,217,rain,23
701837,2025-04-02 21:48:00,75,mexican,13.3,midtown,2.3,2,14.58,scooter,104,rain,21
701839,2025-04-02 22:27:00,13,indian,15.1,downtown,1.7,3,21.49,bike,879,clear,23
701840,2025-04-02 22:56:00,19,chinese,10.6,downtown,1.1,2,23.18,bike,26,cloudy,16
701842,2025-04-03 10:13:00,44,indian,21,midtown,1.2,1,11.44,bike,8,,33
701843,2025-04-03 10:24:00,67,chinese,17.8,uptown,4,5,47.41,scooter,188,rain,34
701844,2025-04-03 11:12:00,24,pizza,15.8,uptown,5.6,1,9.86,bike,135,clear,40
701845,2025-04-03 11:27:00,62,salads,6.7,downtown,1.4,1,11.97,scooter,115,cloudy,17
701846,2025-04-03 11:35:00,9,thai,12.6,suburbs_south,5.5,2,14.41,scooter,,clear,33
701847,2025-04-03 11:43:00,89,sushi,22.3,suburbs_north,8,1,11.74,scooter,69,clear,53
701848,2025-04-03 11:48:00,103,thai,16.4,midtown,2.8,2,18.93,car,902,clear,27
701850,2025-04-03 12:13:00,53,thai,11.5,midtown,3.5,6,75.23,bike,633,clear,31
701851,2025-04-03 12:14:00,96,thai,15.7,downtown,1.9,5,57.44,bike,145,cloudy,32
701852,2025-04-03 12:43:00,116,sushi,16.4,downtown,1.9,3,29.49,scooter,384,clear,31
701853,2025-04-03 12:49:00,145,pizza,12.3,suburbs_south,9.1,1,8.05,car,3813,clear,38
701854,2025-04-03 13:22:00,106,pizza,12.3,downtown,1.5,5,60.79,bike,382,cloudy,29
701856,2025-04-03 13:31:00,27,thai,16.7,downtown,1.7,5,66.12,scooter,319,cloudy,33
701857,2025-04-03 13:46:00,94,sushi,20.2,downtown,2.3,4,40.58,bike,,cloudy,38
701858,2025-04-03 14:10:00,19,chinese,10.6,downtown,2.6,3,33.14,scooter,242,clear,26
701860,2025-04-03 17:14:00,133,chinese,15.9,suburbs_north,2.9,2,23.97,scooter,90,clear,34
701861,2025-04-03 17:28:00,57,sushi,15.1,midtown,4.3,2,31.55,bike,31,clear,34
701862,2025-04-03 17:33:00,136,salads,9.3,downtown,1.2,1,9.09,bike,306,rain,24
701863,2025-04-03 17:42:00,64,mexican,11.6,suburbs_north,4.4,1,12.47,bike,308,heavy_rain,37
701864,2025-04-03 18:05:00,123,salads,7.7,uptown,4.9,3,32.82,bike,56,rain,36
701866,2025-04-03 18:28:00,84,chinese,11.5,suburbs_south,6.5,2,29.74,scooter,896,cloudy,37
701867,2025-04-03 18:46:00,119,indian,16.8,suburbs_south,10,2,14.61,car,31,cloudy,50
701868,2025-04-03 18:48:00,52,mexican,5.5,uptown,4.4,2,23.84,scooter,225,rain,27
701869,2025-04-03 18:50:00,55,salads,5,midtown,2.8,5,45.54,bike,67,clear,24
701870,2025-04-03 19:00:00,157,burgers,16.3,suburbs_south,6.3,3,39.03,car,92,clear,44
701871,2025-04-03 19:11:00,106,pizza,12.3,downtown,2.8,1,9.02,scooter,,clear,28
701873,2025-04-03 19:25:00,125,sushi,18.8,uptown,2.3,2,23.53,scooter,27,clear,35
701874,2025-04-03 19:26:00,115,thai,13.4,downtown,2.5,2,21.17,scooter,,,25
701875,2025-04-03 19:30:00,39,thai,21,downtown,2.3,8,71.71,scooter,28,clear,44
701877,2025-04-03 19:36:00,20,mexican,9.2,midtown,2.1,1,10.92,scooter,75,clear,21
701878,2025-04-03 19:40:00,150,mexican,14.6,downtown,0.8,2,18.5,car,405,clear,22
701880,2025-04-03 19:50:00,1,mexican,12.7,downtown,2.6,3,35.49,bike,163,rain,43
701882,2025-04-03 20:36:00,10,pizza,12.9,suburbs_north,10.2,6,88.08,scooter,52,clear,51
701883,2025-04-03 20:42:00,1,mexican,12.7,downtown,3.5,1,10.71,scooter,252,clear,30
701884,2025-04-03 20:49:00,23,burgers,11.6,downtown,2.3,3,33.16,scooter,156,heavy_rain,29
701885,2025-04-03 20:53:00,12,thai,12.8,midtown,1.7,3,46.78,bike,18,clear,27
701886,2025-04-03 20:58:00,103,thai,16.4,midtown,3.9,1,8.92,bike,57,clear,41
701887,2025-04-03 21:31:00,124,indian,17.6,downtown,1.1,1,15.17,scooter,749,heavy_rain,21
701888,2025-04-03 21:42:00,110,thai,12.5,suburbs_north,3.1,7,100.47,bike,223,clear,29
701889,2025-04-03 22:16:00,71,burgers,14.5,uptown,2.6,3,36.6,bike,366,cloudy,28
701890,2025-04-03 22:36:00,93,sushi,16.7,downtown,2.2,2,17.76,scooter,54,clear,23
701891,2025-04-04 10:19:00,57,sushi,15.1,midtown,1.8,2,27.27,bike,35,rain,35
701893,2025-04-04 11:03:00,100,pizza,12.8,uptown,2.1,2,16.21,scooter,42,clear,30
701894,2025-04-04 11:04:00,136,salads,9.3,downtown,2.2,2,15.36,car,5,cloudy,21
701895,2025-04-04 11:06:00,31,sushi,14.7,midtown,4.7,7,50.51,bike,151,clear,44
701896,2025-04-04 11:10:00,87,burgers,6.5,downtown,1.3,1,11.88,scooter,49,cloudy,12
701897,2025-04-04 11:10:00,18,indian,20.8,suburbs_south,4.1,4,46.77,scooter,17,rain,45
701898,2025-04-04 11:13:00,158,indian,12.1,midtown,1.2,3,28.05,bike,100,clear,24
701899,2025-04-04 11:19:00,93,sushi,16.7,downtown,1,2,29.6,bike,35,cloudy,24
701900,2025-04-04 11:59:00,21,pizza,17,midtown,2.4,7,55.99,bike,17,rain,42
701901,2025-04-04 12:28:00,90,sushi,20.7,midtown,2.6,4,43.45,bike,54,cloudy,49
701902,2025-04-04 12:40:00,127,indian,15.6,downtown,3.5,2,14.4,scooter,325,cloudy,24
701903,2025-04-04 12:51:00,97,chinese,16.1,uptown,1.4,4,60.97,scooter,240,clear,31
701904,2025-04-04 13:02:00,41,thai,19,downtown,2.1,4,49.91,car,60,cloudy,39
701906,2025-04-04 13:24:00,126,pizza,12,midtown,2.4,3,44.8,scooter,544,clear,21
701907,2025-04-04 13:32:00,127,indian,15.6,downtown,1.6,4,52.2,bike,351,cloudy,25
701909,2025-04-04 13:54:00,69,salads,8.8,midtown,2.1,3,34.8,car,18,clear,19
701911,2025-04-04 14:13:00,96,thai,15.7,downtown,0.8,1,8.87,car,52,clear,23
701912,2025-04-04 14:44:00,2,thai,10.5,downtown,2.7,1,15.52,car,15,clear,23
701914,2025-04-04 14:57:00,24,pizza,15.8,uptown,2,2,15.93,bike,143,cloudy,31
701915,2025-04-04 14:59:00,34,mexican,12.2,midtown,2.1,6,43.12,car,15,clear,32
701918,2025-04-04 16:53:00,50,salads,8.2,midtown,3.3,1,12.69,bike,,clear,22
701919,2025-04-04 17:10:00,42,pizza,16.7,downtown,1.8,7,93.38,bike,690,cloudy,33
701921,2025-04-04 17:46:00,89,sushi,22.3,suburbs_north,7.8,2,30.2,car,166,heavy_rain,51
701922,2025-04-04 17:47:00,85,pizza,11.8,uptown,4.1,1,8.87,bike,316,clear,36
701923,2025-04-04 17:51:00,52,mexican,5.5,uptown,1.8,1,10.79,scooter,54,clear,15
701924,2025-04-04 18:08:00,118,thai,15.5,downtown,1.7,7,90.91,car,1471,clear,34
701925,2025-04-04 18:12:00,99,thai,13.4,midtown,3.3,3,39.37,car,91,heavy_rain,33
701926,2025-04-04 18:38:00,136,salads,9.3,downtown,1.1,1,15.54,bike,5,clear,25
701927,2025-04-04 19:15:00,50,salads,8.2,midtown,3.5,1,9.67,scooter,54,clear,22
701928,2025-04-04 19:18:00,81,sushi,17.4,downtown,1.4,6,74.51,scooter,41,clear,34
701929,2025-04-04 19:20:00,91,salads,10.1,suburbs_south,5,3,25.71,car,94,heavy_rain,33
701930,2025-04-04 19:27:00,6,sushi,16.8,midtown,3.2,3,43.53,car,50,rain,29
701931,2025-04-04 19:33:00,110,thai,12.5,suburbs_north,3.4,5,60.34,bike,424,clear,40
701932,2025-04-04 19:56:00,69,salads,8.8,midtown,2,1,10.88,scooter,96,heavy_rain,21
701933,2025-04-04 19:59:00,98,salads,11.1,midtown,4.8,2,23.97,car,,,31
701935,2025-04-04 20:07:00,94,sushi,20.2,downtown,2.3,3,28.91,bike,684,cloudy,35
701936,2025-04-04 20:14:00,38,pizza,16.9,midtown,3,3,45.48,scooter,603,clear,29
701937,2025-04-04 20:18:00,42,pizza,16.7,downtown,1.3,2,28.03,scooter,259,clear,32
701939,2025-04-04 20:25:00,48,mexican,8.8,midtown,4.4,7,96.93,bike,16,clear,35
701940,2025-04-04 20:31:00,65,thai,16.7,uptown,4.3,2,29.29,car,94,clear,38
701942,2025-04-04 21:31:00,36,burgers,11.8,downtown,2.3,1,12.2,car,61,clear,13
701943,2025-04-04 21:43:00,10,pizza,12.9,suburbs_north,5.1,3,38.55,scooter,2046,clear,31
701945,2025-04-04 22:37:00,4,pizza,14,suburbs_south,2.8,4,51.53,bike,274,cloudy,27
701946,2025-04-04 22:56:00,96,thai,15.7,downtown,1.7,3,33.75,scooter,136,clear,25
701948,2025-04-05 10:10:00,154,salads,8.5,midtown,3.5,1,15.87,car,2528,rain,23
701949,2025-04-05 11:05:00,142,indian,20.4,midtown,5.2,3,33.19,bike,115,clear,55
701950,2025-04-05 11:09:00,62,salads,6.7,downtown,2.7,1,14.92,bike,42,clear,26
701951,2025-04-05 11:22:00,119,indian,16.8,suburbs_south,5.8,1,15.39,bike,46,clear,57
701952,2025-04-05 11:53:00,35,mexican,11.9,midtown,2.7,2,30.6,scooter,20,rain,19
701953,2025-04-05 12:06:00,93,sushi,16.7,downtown,1,4,50.04,scooter,102,clear,32
701955,2025-04-05 12:22:00,79,salads,10,midtown,4.3,4,55.54,bike,167,rain,37
701957,2025-04-05 12:26:00,26,pizza,14.9,midtown,2.7,2,28.94,bike,50,heavy_rain,38
701960,2025-04-05 12:42:00,79,salads,10,midtown,1.7,2,28.86,scooter,414,cloudy,15
701962,2025-04-05 12:43:00,86,chinese,11.8,suburbs_south,5,2,15.55,scooter,384,clear,29
701964,2025-04-05 13:04:00,41,thai,19,downtown,1.7,2,31.66,car,503,clear,37
701967,2025-04-05 13:36:00,16,salads,7.8,uptown,2.7,1,14.24,scooter,92,clear,23
701968,2025-04-05 13:42:00,54,salads,9.4,downtown,1.4,4,54.28,scooter,20,cloudy,23
701969,2025-04-05 13:50:00,93,sushi,16.7,downtown,1.6,2,26.6,car,322,clear,29
701970,2025-04-05 13:50:00,69,salads,8.8,midtown,3.9,2,15.5,scooter,276,clear,21
701972,2025-04-05 13:55:00,59,pizza,11.7,suburbs_south,5.8,1,10.08,scooter,81,clear,36
701974,2025-04-05 15:18:00,115,thai,13.4,downtown,2.9,8,108.11,bike,67,clear,28
701975,2025-04-05 15:39:00,136,salads,9.3,downtown,3.3,1,11.02,scooter,110,cloudy,25
701976,2025-04-05 15:48:00,105,pizza,12.9,midtown,3.4,4,38.71,bike,13,heavy_rain,44
701977,2025-04-05 15:49:00,43,chinese,12.4,uptown,3.7,8,91.32,scooter,699,clear,29
701978,2025-04-05 15:52:00,145,pizza,12.3,suburbs_south,6.3,6,66.41,car,189,clear,30
701979,2025-04-05 16:13:00,54,salads,9.4,downtown,1.2,7,58.98,scooter,689,clear,17
701982,2025-04-05 16:51:00,142,indian,20.4,midtown,5.4,3,29.25,scooter,736,cloudy,48
701983,2025-04-05 17:44:00,53,thai,11.5,midtown,1.1,1,15.82,bike,90,clear,22
701986,2025-04-05 18:11:00,85,pizza,11.8,uptown,2.3,2,20.81,scooter,76,cloudy,29
701988,2025-04-05 18:43:00,10,pizza,12.9,suburbs_north,6.4,3,46.24,car,86,clear,38
701989,2025-04-05 18:44:00,153,salads,5,suburbs_south,6.6,2,28.72,car,1182,clear,23
701990,2025-04-05 19:03:00,30,salads,5,suburbs_south,2.9,2,15.73,bike,749,heavy_rain,27
701991,2025-04-05 19:21:00,160,salads,5,uptown,3,2,14.02,scooter,455,clear,18
701993,2025-04-05 19:49:00,111,pizza,8.5,downtown,2,3,23.56,scooter,235,clear,17
701995,2025-04-05 20:02:00,40,pizza,18.4,midtown,3.3,4,49.67,bike,23,clear,40
701996,2025-04-05 20:53:00,144,chinese,7.6,midtown,4.3,3,26.63,car,1005,clear,25
701997,2025-04-05 20:54:00,45,indian,15.4,midtown,3.7,3,45.41,bike,103,clear,37
701999,2025-04-05 21:09:00,43,chinese,12.4,uptown,2.2,3,21.65,scooter,172,cloudy,17
702000,2025-04-05 21:31:00,116,sushi,16.4,downtown,1.7,2,22.26,scooter,54,cloudy,24
702002,2025-04-05 21:55:00,150,mexican,14.6,downtown,1.6,3,44.48,scooter,585,clear,23
702003,2025-04-05 22:38:00,9,thai,12.6,suburbs_south,4.1,1,10.86,scooter,120,clear,28
702004,2025-04-05 23:30:00,38,pizza,16.9,midtown,4.5,1,8,scooter,88,cloudy,31
702005,2025-04-05 23:48:00,2,thai,10.5,downtown,1.2,2,24.59,car,240,clear,14
702006,2025-04-06 10:14:00,62,salads,6.7,downtown,2.5,5,59.63,scooter,58,cloudy,20
702007,2025-04-06 10:34:00,112,sushi,18.2,downtown,1.1,2,15.78,bike,189,cloudy,24
702010,2025-04-06 11:11:00,14,burgers,6.4,downtown,1.2,3,41.73,scooter,41,clear,18
702011,2025-04-06 11:23:00,127,indian,15.6,downtown,2.9,2,15.78,scooter,668,rain,34
702012,2025-04-06 11:31:00,45,indian,15.4,midtown,4,1,8,bike,143,cloudy,38
702013,2025-04-06 11:55:00,27,thai,16.7,downtown,2.4,1,15.92,car,14,clear,36
702015,2025-04-06 11:57:00,44,indian,21,midtown,1.4,2,21.54,bike,84,clear,32
702016,2025-04-06 12:14:00,156,salads,12.7,downtown,0.8,1,15.61,bike,121,clear,31
702017,2025-04-06 12:18:00,14,burgers,6.4,downtown,1.4,2,14.89,scooter,15,clear,17
702018,2025-04-06 12:21:00,1,mexican,12.7,downtown,2.5,2,28.85,bike,181,cloudy,31
702019,2025-04-06 12:23:00,88,burgers,8.9,suburbs_south,6.3,3,25.62,car,102,cloudy,31
702020,2025-04-06 12:23:00,148,indian,16.9,suburbs_north,5.6,1,11.76,car,162,cloudy,38
702021,2025-04-06 12:30:00,84,chinese,11.5,suburbs_south,6.2,1,8.62,scooter,411,cloudy,35
702022,2025-04-06 12:38:00,107,sushi,18,suburbs_south,3.9,5,68.69,car,,rain,41
702023,2025-04-06 12:50:00,150,mexican,14.6,downtown,2.5,2,17.3,scooter,46,heavy_rain,39
702024,2025-04-06 13:02:00,35,mexican,11.9,midtown,3.9,4,38.52,bike,56,clear,39
702025,2025-04-06 13:08:00,132,mexican,13.3,downtown,3.5,2,22.98,scooter,50,,29
702027,2025-04-06 13:27:00,23,burgers,11.6,downtown,0.6,2,24.28,scooter,75,cloudy,16
702028,2025-04-06 13:31:00,62,salads,6.7,downtown,2.4,1,13.9,bike,64,cloudy,21
702029,2025-04-06 13:53:00,50,salads,8.2,midtown,4,3,40.44,car,25,clear,30
702030,2025-04-06 14:06:00,42,pizza,16.7,downtown,1,3,25.27,scooter,70,clear,24
702033,2025-04-06 15:54:00,45,indian,15.4,midtown,2.9,5,73.6,bike,156,clear,36
702036,2025-04-06 17:06:00,6,sushi,16.8,midtown,1.3,1,12.41,bike,1476,rain,28
702038,2025-04-06 18:14:00,153,salads,5,suburbs_south,6.3,1,15.82,car,1033,clear,20
702039,2025-04-06 18:21:00,87,burgers,6.5,downtown,1.3,7,77.33,scooter,,clear,14
702040,2025-04-06 18:53:00,52,mexican,5.5,uptown,5.4,3,47.38,bike,,rain,34
702041,2025-04-06 19:15:00,86,chinese,11.8,suburbs_south,7.6,4,33.61,scooter,9,cloudy,44
702042,2025-04-06 19:18:00,57,sushi,15.1,midtown,4,3,30.72,car,17,cloudy,38
702043,2025-04-06 19:29:00,16,salads,7.8,uptown,2.2,5,77.45,bike,26,cloudy,23
702044,2025-04-06 19:31:00,119,indian,16.8,suburbs_south,4.7,5,57.35,scooter,379,clear,39
702045,2025-04-06 19:54:00,42,pizza,16.7,downtown,2.7,3,26.38,scooter,79,clear,35
702047,2025-04-06 20:31:00,3,pizza,20.9,suburbs_north,8.5,2,26.84,car,160,cloudy,45
702048,2025-04-06 20:46:00,49,indian,14.4,uptown,3.6,1,15.46,bike,93,rain,43
702049,2025-04-06 21:04:00,157,burgers,16.3,suburbs_south,7.9,2,20.97,scooter,1472,clear,41
702050,2025-04-06 21:06:00,143,chinese,12.4,uptown,3.6,1,8,car,1100,cloudy,25
702051,2025-04-06 21:10:00,28,indian,19.5,downtown,2.8,5,73.17,bike,229,cloudy,36
702052,2025-04-06 21:19:00,130,mexican,15.3,downtown,2.3,8,102.15,car,219,rain,26
702054,2025-04-06 21:25:00,56,thai,13,downtown,1.3,3,26.24,bike,936,rain,120
702055,2025-04-06 21:31:00,62,salads,6.7,downtown,1.8,8,122.31,bike,391,clear,17
702056,2025-04-06 21:52:00,27,thai,16.7,downtown,2.3,5,73.36,bike,51,clear,31
702057,2025-04-06 22:12:00,79,salads,10,midtown,2.3,2,18.19,bike,8,clear,17
702058,2025-04-06 22:18:00,68,thai,11.9,uptown,2.3,4,48.9,bike,49,heavy_rain,27
702059,2025-04-06 22:37:00,147,chinese,17.7,midtown,2,4,36.9,bike,345,rain,34
702060,2025-04-06 22:42:00,92,thai,7,uptown,2.2,1,13.51,bike,153,clear,15
702061,2025-04-06 22:43:00,107,sushi,18,suburbs_south,7.9,2,27.23,car,126,rain,49
702062,2025-04-06 23:56:00,42,pizza,16.7,downtown,3.7,3,33.03,scooter,574,,33
702063,2025-04-07 10:06:00,133,chinese,15.9,suburbs_north,3.7,3,42.29,bike,134,rain,41
702064,2025-04-07 10:09:00,58,indian,21.6,uptown,4.4,1,10.81,bike,722,cloudy,37
702066,2025-04-07 10:31:00,114,chinese,12.4,suburbs_south,6.8,4,31.68,car,192,clear,36
702067,2025-04-07 11:05:00,106,pizza,12.3,downtown,2.9,2,18.76,scooter,109,clear,31
702068,2025-04-07 11:39:00,56,thai,13,downtown,1.5,3,24.79,car,,cloudy,34
702069,2025-04-07 11:54:00,125,sushi,18.8,uptown,5.6,1,11.41,scooter,197,cloudy,45
702070,2025-04-07 12:04:00,8,burgers,12.1,uptown,4.4,2,22.13,bike,263,clear,31
702071,2025-04-07 12:09:00,114,chinese,12.4,suburbs_south,2.5,1,9.31,bike,410,clear,28
702072,2025-04-07 12:15:00,115,thai,13.4,downtown,2.4,3,33.32,bike,523,clear,27
702073,2025-04-07 12:23:00,5,mexican,12.4,uptown,2.7,2,21.19,scooter,67,cloudy,23
702074,2025-04-07 12:34:00,45,indian,15.4,midtown,1.9,2,27.13,car,172,,26
702075,2025-04-07 12:46:00,159,pizza,15,uptown,2,5,56.06,bike,148,cloudy,27
702076,2025-04-07 12:52:00,61,thai,18,suburbs_north,6.6,6,52.39,scooter,73,clear,57
702078,2025-04-07 13:06:00,79,salads,10,midtown,1.8,4,39.76,bike,193,clear,22
702079,2025-04-07 13:19:00,142,indian,20.4,midtown,3.2,5,65.23,bike,89,clear,51
702080,2025-04-07 13:24:00,83,salads,8.7,midtown,4.1,6,92.55,car,449,cloudy,27
702081,2025-04-07 13:25:00,133,chinese,15.9,suburbs_north,7.5,3,31.54,car,134,clear,39
702082,2025-04-07 13:33:00,74,thai,18.7,downtown,2.6,1,10.3,bike,410,cloudy,34
702083,2025-04-07 13:34:00,120,pizza,12.2,downtown,0.6,8,73,bike,48,clear,29
702085,2025-04-07 14:17:00,66,sushi,18.7,midtown,4.7,2,18.71,scooter,226,clear,30
702086,2025-04-07 15:27:00,123,salads,7.7,uptown,1.9,5,67.88,car,105,clear,17
702087,2025-04-07 15:58:00,145,pizza,12.3,suburbs_south,2.7,2,29.05,scooter,11,cloudy,19
702088,2025-04-07 16:26:00,73,pizza,10.6,midtown,4.2,1,8,car,42,clear,24
702089,2025-04-07 16:27:00,123,salads,7.7,uptown,4,4,34.88,scooter,85,clear,21
702090,2025-04-07 16:43:00,59,pizza,11.7,suburbs_south,8.6,3,40.74,scooter,2578,clear,34
702091,2025-04-07 17:15:00,140,chinese,17.8,downtown,2.6,5,38.25,bike,974,rain,34
702092,2025-04-07 17:24:00,8,burgers,12.1,uptown,2.1,2,29.83,bike,304,rain,25
702093,2025-04-07 17:31:00,19,chinese,10.6,downtown,2.6,2,25.49,bike,595,clear,17
702096,2025-04-07 17:41:00,7,thai,17.1,midtown,2.2,4,47.85,bike,24,clear,40
702097,2025-04-07 17:47:00,138,thai,16.2,uptown,4.2,1,8.03,car,387,clear,27
702098,2025-04-07 18:09:00,89,sushi,22.3,suburbs_north,9.2,7,76.44,car,24,rain,67
702099,2025-04-07 18:12:00,143,chinese,12.4,uptown,3.6,6,91.18,car,666,clear,26
702100,2025-04-07 18:20:00,30,salads,5,suburbs_south,7.5,1,15.83,scooter,38,clear,31
702103,2025-04-07 18:42:00,89,sushi,22.3,suburbs_north,9.3,4,39.52,car,262,clear,60
702104,2025-04-07 18:54:00,69,salads,8.8,midtown,3.3,2,15.31,scooter,82,cloudy,28
702105,2025-04-07 19:02:00,145,pizza,12.3,suburbs_south,6.3,2,22.22,car,110,clear,35
702106,2025-04-07 19:03:00,147,chinese,17.7,midtown,3.7,2,23.5,scooter,236,clear,37
702107,2025-04-07 19:08:00,67,chinese,17.8,uptown,1.9,3,27.32,scooter,68,clear,37
702108,2025-04-07 19:12:00,39,thai,21,downtown,1.8,4,53.62,bike,217,clear,38
702109,2025-04-07 19:19:00,4,pizza,14,suburbs_south,4.1,4,51.39,car,36,rain,33
702110,2025-04-07 19:40:00,98,salads,11.1,midtown,1.3,4,38.15,car,100,clear,22
702111,2025-04-07 19:41:00,60,chinese,10.4,suburbs_north,8.5,3,27.68,car,172,cloudy,36
702112,2025-04-07 19:43:00,80,chinese,16.1,downtown,0.8,2,16.96,bike,75,clear,25
702113,2025-04-07 19:44:00,96,thai,15.7,downtown,1.3,3,29.74,car,133,rain,28
702114,2025-04-07 19:44:00,132,mexican,13.3,downtown,1.2,1,12.77,car,123,cloudy,24
702115,2025-04-07 19:52:00,86,chinese,11.8,suburbs_south,4.8,3,26.34,car,61,clear,27
702117,2025-04-07 20:50:00,72,burgers,12.2,suburbs_south,11.6,1,13.51,scooter,63,cloudy,54
702118,2025-04-07 20:56:00,152,indian,18,suburbs_north,3.6,3,36.03,bike,75,clear,44
702120,2025-04-07 21:20:00,93,sushi,16.7,downtown,1.9,4,37.77,bike,75,clear,24
702121,2025-04-07 21:33:00,148,indian,16.9,suburbs_north,7.3,1,8.38,car,903,clear,33
702122,2025-04-07 21:40:00,77,pizza,11.4,uptown,4.8,2,26.5,car,37,clear,30
702123,2025-04-07 22:22:00,142,indian,20.4,midtown,3.9,3,37.36,scooter,50,rain,39
702124,2025-04-07 22:33:00,79,salads,10,midtown,2.3,4,45.87,car,49,clear,20
702125,2025-04-07 23:28:00,111,pizza,8.5,downtown,1.4,2,29.96,car,40,heavy_rain,16
702126,2025-04-08 10:01:00,82,salads,9.2,midtown,3.5,1,13,car,216,rain,20
702127,2025-04-08 10:36:00,124,indian,17.6,downtown,1.1,2,19.99,scooter,149,clear,23
702128,2025-04-08 10:44:00,3,pizza,20.9,suburbs_north,4.2,2,18.56,scooter,707,rain,38
702129,2025-04-08 11:05:00,158,indian,12.1,midtown,1.3,1,9.35,scooter,306,cloudy,23
702130,2025-04-08 11:31:00,61,thai,18,suburbs_north,3.1,1,12.97,bike,86,clear,36
702131,2025-04-08 11:57:00,55,salads,5,midtown,4.8,2,24.86,scooter,159,cloudy,22
702132,2025-04-08 12:15:00,116,sushi,16.4,downtown,2.5,4,41.9,scooter,309,clear,32
702133,2025-04-08 12:16:00,80,chinese,16.1,downtown,0.9,6,69.96,scooter,589,clear,28
702134,2025-04-08 12:21:00,57,sushi,15.1,midtown,4,4,57.91,scooter,404,clear,33
702135,2025-04-08 12:32:00,44,indian,21,midtown,3.5,6,63.23,car,285,cloudy,42
702136,2025-04-08 12:39:00,44,indian,21,midtown,1.9,1,13.87,scooter,93,clear,30
702137,2025-04-08 12:46:00,56,thai,13,downtown,0.8,1,9.53,bike,547,clear,22
702138,2025-04-08 12:56:00,142,indian,20.4,midtown,3.2,1,12.36,bike,954,clear,39
702140,2025-04-08 13:08:00,136,salads,9.3,downtown,2.8,4,49.81,bike,16,cloudy,28
702141,2025-04-08 13:22:00,21,pizza,17,midtown,3.4,4,52.64,scooter,106,clear,34
702142,2025-04-08 13:24:00,17,thai,9.8,uptown,3,7,49.88,scooter,32,clear,23
702143,2025-04-08 13:33:00,76,mexican,10,uptown,5.1,1,8.69,scooter,9,clear,29
702144,2025-04-08 13:36:00,98,salads,11.1,midtown,2.4,5,43.85,scooter,44,rain,28
702145,2025-04-08 13:39:00,37,pizza,17.5,midtown,2.1,6,86.22,bike,191,cloudy,34
702146,2025-04-08 13:49:00,11,indian,20.4,uptown,6.6,5,78.45,car,835,rain,46
702147,2025-04-08 14:02:00,8,burgers,12.1,uptown,4.3,4,34.31,scooter,159,clear,30
702148,2025-04-08 15:31:00,31,sushi,14.7,midtown,3.4,1,10.99,bike,443,clear,31
702149,2025-04-08 15:45:00,129,pizza,10.9,suburbs_north,8.6,2,21.98,scooter,382,clear,36
702150,2025-04-08 16:02:00,11,indian,20.4,uptown,4.1,3,44.78,car,91,rain,39
702151,2025-04-08 16:26:00,143,chinese,12.4,uptown,3.4,2,15.63,scooter,234,,13
702152,2025-04-08 16:31:00,45,indian,15.4,midtown,1.5,3,21.04,car,,clear,24
702153,2025-04-08 17:04:00,145,pizza,12.3,suburbs_south,5.8,7,108.08,bike,777,clear,45
702155,2025-04-08 17:07:00,159,pizza,15,uptown,3.1,3,28.2,scooter,222,clear,22
702156,2025-04-08 17:19:00,144,chinese,7.6,midtown,5.3,7,68.23,bike,47,cloudy,38
702158,2025-04-08 17:22:00,80,chinese,16.1,downtown,3.5,2,27.39,bike,11,clear,32
702159,2025-04-08 17:47:00,134,mexican,10.8,midtown,4.2,3,39.21,car,93,cloudy,23
702160,2025-04-08 17:49:00,75,mexican,13.3,midtown,2.9,3,39.02,bike,239,rain,40
702161,2025-04-08 18:02:00,14,burgers,6.4,downtown,1.9,2,25.82,bike,1020,clear,17
702162,2025-04-08 18:12:00,32,thai,16.7,uptown,4.5,3,27.36,car,142,clear,27
702163,2025-04-08 18:13:00,122,indian,20,midtown,5.2,1,12.2,car,796,clear,40
702164,2025-04-08 18:29:00,111,pizza,8.5,downtown,2,2,19.08,bike,195,clear,19
702165,2025-04-08 18:33:00,44,indian,21,midtown,4,4,31.45,scooter,254,clear,43
702167,2025-04-08 18:36:00,80,chinese,16.1,downtown,3.4,5,68.62,scooter,179,rain,38
702169,2025-04-08 18:40:00,19,chinese,10.6,downtown,2.9,2,24.25,scooter,122,clear,25
702170,2025-04-08 18:43:00,34,mexican,12.2,midtown,4,2,22.73,bike,315,cloudy,33
702171,2025-04-08 18:47:00,4,pizza,14,suburbs_south,9.8,1,15.43,scooter,96,cloudy,49
702172,2025-04-08 18:49:00,41,thai,19,downtown,2.9,2,18.82,car,107,clear,38
702173,2025-04-08 18:56:00,97,chinese,16.1,uptown,4,1,10.85,scooter,946,clear,36
702174,2025-04-08 19:11:00,59,pizza,11.7,suburbs_south,8,4,42.9,car,98,cloudy,44
702175,2025-04-08 19:14:00,24,pizza,15.8,uptown,1.9,3,41.82,scooter,84,rain,35
702177,2025-04-08 19:29:00,38,pizza,16.9,midtown,2.1,3,26.72,scooter,235,clear,34
702178,2025-04-08 20:02:00,87,burgers,6.5,downtown,0.8,3,35.87,bike,975,cloudy,13
702179,2025-04-08 20:22:00,6,sushi,16.8,midtown,4.3,2,21.71,car,119,clear,27
702181,2025-04-08 21:00:00,104,thai,11.5,suburbs_south,11,4,42.85,scooter,197,rain,52
702183,2025-04-08 22:37:00,10,pizza,12.9,suburbs_north,8,4,47.07,car,24,rain,38
702184,2025-04-08 22:57:00,67,chinese,17.8,uptown,2,5,43.23,car,175,heavy_rain,28
702185,2025-04-09 11:00:00,125,sushi,18.8,uptown,3.6,4,31.81,car,184,cloudy,32
702186,2025-04-09 11:30:00,102,indian,17.4,uptown,4.9,8,125.74,car,51,heavy_rain,52
702187,2025-04-09 12:05:00,65,thai,16.7,uptown,2,3,26.42,bike,1241,rain,33
702188,2025-04-09 12:25:00,28,indian,19.5,downtown,3.5,1,13.96,bike,177,cloudy,39
702190,2025-04-09 12:39:00,121,indian,13.9,suburbs_north,7.1,8,88.79,car,47,clear,46
702193,2025-04-09 13:28:00,29,salads,9.9,midtown,2.4,1,13.18,car,26,cloudy,24
702194,2025-04-09 13:40:00,148,indian,16.9,suburbs_north,5.9,2,29.49,bike,70,clear,44
702195,2025-04-09 13:43:00,12,thai,12.8,midtown,1.6,1,12.11,scooter,17,clear,33
702196,2025-04-09 14:06:00,114,chinese,12.4,suburbs_south,10.8,8,98.67,car,1762,clear,43
702197,2025-04-09 14:08:00,46,indian,19.4,downtown,2.8,1,10.58,scooter,3776,cloudy,29
702198,2025-04-09 14:43:00,48,mexican,8.8,midtown,2.2,2,21.02,scooter,463,clear,24
702199,2025-04-09 15:05:00,35,mexican,11.9,midtown,2.4,3,36.66,bike,3,clear,25
702200,2025-04-09 15:33:00,94,sushi,20.2,downtown,1.6,2,19.8,scooter,95,clear,27
702201,2025-04-09 15:57:00,144,chinese,7.6,midtown,1.5,2,26.82,scooter,121,clear,19
702202,2025-04-09 16:00:00,8,burgers,12.1,uptown,6.1,3,25.41,car,666,clear,31
702203,2025-04-09 16:39:00,99,thai,13.4,midtown,3.8,1,10.16,car,451,clear,25
702204,2025-04-09 17:10:00,47,mexican,14.1,downtown,1.6,2,27.86,scooter,26,,22
702206,2025-04-09 17:26:00,1,mexican,12.7,downtown,3,3,38.96,bike,1036,clear,29
702207,2025-04-09 17:47:00,14,burgers,6.4,downtown,2.3,2,22.44,bike,141,rain,23
702208,2025-04-09 17:55:00,40,pizza,18.4,midtown,3.6,2,14.36,car,709,cloudy,27
702210,2025-04-09 18:11:00,129,pizza,10.9,suburbs_north,5.9,1,14.39,scooter,3292,rain,35
702211,2025-04-09 18:20:00,146,thai,14.2,uptown,6.8,3,45.35,scooter,,,37
702212,2025-04-09 18:22:00,30,salads,5,suburbs_south,12.2,2,15.71,car,,clear,35
702213,2025-04-09 18:34:00,46,indian,19.4,downtown,3.1,4,30.42,bike,325,clear,36
702214,2025-04-09 18:49:00,23,burgers,11.6,downtown,2.1,1,11.05,scooter,28,clear,23
702215,2025-04-09 18:49:00,26,pizza,14.9,midtown,4.1,3,24.24,car,109,clear,96
702217,2025-04-09 19:00:00,67,chinese,17.8,uptown,5.4,7,93.51,scooter,643,cloudy,43
702218,2025-04-09 19:16:00,30,salads,5,suburbs_south,10.7,2,26.11,car,72,cloudy,36
702219,2025-04-09 19:16:00,41,thai,19,downtown,0.8,4,58.39,bike,9,cloudy,37
702220,2025-04-09 19:32:00,126,pizza,12,midtown,4.8,1,9.61,bike,249,clear,35
702221,2025-04-09 19:34:00,32,thai,16.7,uptown,2.3,2,23.12,scooter,2275,clear,29
702222,2025-04-09 19:53:00,67,chinese,17.8,uptown,1.6,8,102.61,scooter,840,clear,32
702223,2025-04-09 20:01:00,121,indian,13.9,suburbs_north,7.2,1,8,car,1000,clear,31
702225,2025-04-09 20:08:00,71,burgers,14.5,uptown,4.6,2,30.51,scooter,91,clear,37
702226,2025-04-09 20:27:00,9,thai,12.6,suburbs_south,3.8,2,25.17,bike,20,clear,41
702228,2025-04-09 20:39:00,154,salads,8.5,midtown,3.3,3,38.29,scooter,94,cloudy,23
702230,2025-04-09 21:12:00,99,thai,13.4,midtown,3.8,2,22.98,scooter,48,heavy_rain,33
702232,2025-04-09 21:26:00,92,thai,7,uptown,2.5,3,30.9,bike,255,cloudy,22
702233,2025-04-09 21:40:00,78,mexican,9.1,downtown,2.9,2,31.48,bike,59,clear,24
702234,2025-04-09 21:52:00,155,indian,14.5,suburbs_south,7,1,8,car,135,rain,38
702235,2025-04-09 22:05:00,39,thai,21,downtown,2.1,1,8.6,scooter,8,cloudy,35
702236,2025-04-09 22:11:00,49,indian,14.4,uptown,4.5,4,58.87,car,18,clear,25
702238,2025-04-09 22:35:00,134,mexican,10.8,midtown,2.3,2,24.91,bike,496,cloudy,22
702239,2025-04-09 22:38:00,59,pizza,11.7,suburbs_south,6.8,4,30.96,car,113,clear,35
702240,2025-04-10 11:10:00,116,sushi,16.4,downtown,2.7,4,53.05,scooter,15,clear,37
702241,2025-04-10 11:16:00,156,salads,12.7,downtown,1.6,3,24.05,scooter,3725,clear,15
702242,2025-04-10 11:19:00,99,thai,13.4,midtown,3.6,2,16.25,bike,229,cloudy,35
702246,2025-04-10 12:22:00,57,sushi,15.1,midtown,2.8,1,11.75,scooter,222,clear,31
702247,2025-04-10 12:49:00,160,salads,5,uptown,1.4,2,19.3,scooter,95,clear,12
702248,2025-04-10 12:51:00,85,pizza,11.8,uptown,5.5,1,8,scooter,364,rain,33
702249,2025-04-10 12:58:00,102,indian,17.4,uptown,1.4,2,23.76,scooter,268,clear,31
702250,2025-04-10 13:26:00,130,mexican,15.3,downtown,3.6,2,22.95,car,185,heavy_rain,41
702251,2025-04-10 13:47:00,151,chinese,11.8,downtown,2.4,1,15.54,car,421,clear,22
702252,2025-04-10 13:53:00,110,thai,12.5,suburbs_north,11,2,20.23,scooter,110,cloudy,50
702253,2025-04-10 13:58:00,12,thai,12.8,midtown,3,2,20.22,car,169,clear,21
702255,2025-04-10 14:17:00,46,indian,19.4,downtown,1.6,2,24.82,car,219,clear,27
702256,2025-04-10 15:04:00,24,pizza,15.8,uptown,2.3,1,10.09,bike,52,clear,28
702257,2025-04-10 15:19:00,26,pizza,14.9,midtown,2.1,2,21.96,car,214,clear,28
702259,2025-04-10 15:41:00,154,salads,8.5,midtown,2.8,5,45.95,bike,694,clear,26
702260,2025-04-10 16:31:00,126,pizza,12,midtown,3.3,3,43.41,scooter,1109,clear,23
702261,2025-04-10 16:58:00,62,salads,6.7,downtown,2.5,1,12.83,scooter,463,cloudy,20
702262,2025-04-10 17:05:00,107,sushi,18,suburbs_south,6.1,3,30.97,car,467,cloudy,35
702263,2025-04-10 17:09:00,100,pizza,12.8,uptown,5.2,1,15.16,car,96,rain,30
702264,2025-04-10 17:34:00,76,mexican,10,uptown,1.5,2,17.59,bike,92,rain,20
702265,2025-04-10 17:45:00,76,mexican,10,uptown,3,8,122.74,bike,248,,37
702266,2025-04-10 18:29:00,71,burgers,14.5,uptown,2.6,3,46.77,car,924,clear,26
702267,2025-04-10 18:45:00,38,pizza,16.9,midtown,3.3,2,15.99,bike,199,clear,36
702268,2025-04-10 18:49:00,25,mexican,14.5,midtown,2.8,2,19.16,car,416,heavy_rain,36
702269,2025-04-10 18:55:00,146,thai,14.2,uptown,5.1,2,18.82,scooter,624,clear,38
702271,2025-04-10 19:04:00,22,mexican,9.1,suburbs_south,8.2,3,45.87,car,16,clear,38
702272,2025-04-10 19:08:00,3,pizza,20.9,suburbs_north,5.3,1,9.72,car,175,clear,33
702273,2025-04-10 19:11:00,9,thai,12.6,suburbs_south,11.2,1,14.01,car,860,clear,38
702274,2025-04-10 19:14:00,149,thai,15.5,downtown,0.8,1,13.62,bike,2715,clear,22
702275,2025-04-10 19:31:00,105,pizza,12.9,midtown,4.3,2,18.06,scooter,62,cloudy,30
702276,2025-04-10 19:35:00,57,sushi,15.1,midtown,3.8,2,24.85,car,33,clear,29
702277,2025-04-10 19:37:00,18,indian,20.8,suburbs_south,5,2,16.38,bike,74,rain,61
702278,2025-04-10 19:39:00,132,mexican,13.3,downtown,1.8,1,9.03,bike,59,heavy_rain,29
702279,2025-04-10 19:43:00,73,pizza,10.6,midtown,3.5,2,17.37,car,50,cloudy,25
702280,2025-04-10 19:49:00,7,thai,17.1,midtown,3.5,1,11.92,bike,291,clear,33
702281,2025-04-10 20:12:00,124,indian,17.6,downtown,2.5,6,75.18,scooter,258,cloudy,36
702282,2025-04-10 20:17:00,27,thai,16.7,downtown,1.8,1,12.26,car,399,clear,31
702283,2025-04-10 20:18:00,156,salads,12.7,downtown,1,4,46.77,car,216,cloudy,23
702284,2025-04-10 20:36:00,104,thai,11.5,suburbs_south,8.1,2,30.71,car,21,cloudy,35
702286,2025-04-10 21:27:00,6,sushi,16.8,midtown,1.7,5,68.26,car,184,clear,22
702288,2025-04-10 21:49:00,132,mexican,13.3,downtown,1.8,7,99.98,car,57,cloudy,23
702289,2025-04-10 21:51:00,121,indian,13.9,suburbs_north,2.5,4,56.16,bike,530,clear,27
702290,2025-04-10 21:52:00,3,pizza,20.9,suburbs_north,3,1,11.31,car,,rain,27
702291,2025-04-10 21:53:00,67,chinese,17.8,uptown,3.4,2,25.46,bike,32,clear,34
702292,2025-04-10 22:05:00,52,mexican,5.5,uptown,2,1,12.72,bike,136,clear,15
702293,2025-04-10 22:28:00,8,burgers,12.1,uptown,4.4,1,13.6,scooter,891,clear,27
702294,2025-04-10 22:31:00,134,mexican,10.8,midtown,4.4,6,73.24,scooter,307,clear,32
702296,2025-04-10 22:55:00,87,burgers,6.5,downtown,1.1,1,9.31,car,287,cloudy,14
702297,2025-04-10 23:05:00,128,chinese,6.8,uptown,4.5,1,14.07,scooter,177,,21
702298,2025-04-10 23:21:00,34,mexican,12.2,midtown,2,1,11.48,bike,307,rain,23
702299,2025-04-11 10:00:00,78,mexican,9.1,downtown,0.8,3,35.8,scooter,134,clear,11
702300,2025-04-11 10:54:00,10,pizza,12.9,suburbs_north,9.8,4,32.06,car,28,cloudy,37
702301,2025-04-11 11:25:00,92,thai,7,uptown,5.5,1,15.54,bike,,clear,35
702302,2025-04-11 11:42:00,39,thai,21,downtown,2.9,6,56.02,car,9,clear,50
702303,2025-04-11 11:49:00,113,mexican,13.2,midtown,1,4,46.48,scooter,433,clear,22
702304,2025-04-11 11:53:00,23,burgers,11.6,downtown,2.7,3,28.44,car,16,clear,29
702305,2025-04-11 11:55:00,7,thai,17.1,midtown,3.7,2,24.22,scooter,738,clear,32
702307,2025-04-11 12:08:00,152,indian,18,suburbs_north,3.2,8,56.53,bike,431,clear,44
702308,2025-04-11 12:24:00,62,salads,6.7,downtown,1.5,2,27.27,car,43,clear,17
702309,2025-04-11 12:24:00,4,pizza,14,suburbs_south,6.5,3,41.97,car,,clear,33
702310,2025-04-11 12:47:00,12,thai,12.8,midtown,2.9,2,21.36,scooter,872,clear,27
702312,2025-04-11 12:58:00,71,burgers,14.5,uptown,5.3,3,47.64,car,410,clear,30
702313,2025-04-11 13:06:00,93,sushi,16.7,downtown,2.5,6,78.37,car,330,clear,40
702314,2025-04-11 13:07:00,99,thai,13.4,midtown,3,5,53.11,bike,998,clear,30
702315,2025-04-11 13:18:00,133,chinese,15.9,suburbs_north,7.2,1,8,scooter,142,cloudy,37
702316,2025-04-11 13:23:00,58,indian,21.6,uptown,2,3,25.38,bike,126,clear,42
702317,2025-04-11 13:31:00,60,chinese,10.4,suburbs_north,8.2,8,66.03,car,22,clear,42
702318,2025-04-11 13:34:00,63,pizza,12.6,downtown,2.5,8,71.09,car,128,clear,30
702319,2025-04-11 14:31:00,115,thai,13.4,downtown,2.2,2,15.08,bike,25,cloudy,34
702320,2025-04-11 14:46:00,145,pizza,12.3,suburbs_south,8.2,2,23.46,scooter,92,cloudy,39
702321,2025-04-11 14:58:00,108,mexican,10.1,suburbs_south,7.5,3,45.83,car,3442,cloudy,34
702322,2025-04-11 15:28:00,71,burgers,14.5,uptown,4.1,3,37.08,scooter,1120,rain,32
702323,2025-04-11 15:44:00,2,thai,10.5,downtown,1.5,4,34.79,car,145,cloudy,17
702324,2025-04-11 15:49:00,49,indian,14.4,uptown,5.3,6,92.93,bike,97,clear,40
702325,2025-04-11 16:26:00,100,pizza,12.8,uptown,4.8,1,8.13,scooter,46,,27
702326,2025-04-11 17:11:00,106,pizza,12.3,downtown,1.1,8,118.97,car,833,clear,21
702327,2025-04-11 17:14:00,84,chinese,11.5,suburbs_south,4.8,2,18.56,car,221,clear,34
702328,2025-04-11 17:26:00,140,chinese,17.8,downtown,1.3,6,77.74,bike,474,rain,31
702329,2025-04-11 17:48:00,72,burgers,12.2,suburbs_south,2.7,3,25.74,car,146,cloudy,27
702331,2025-04-11 18:04:00,9,thai,12.6,suburbs_south,5.9,4,39.29,bike,457,clear,39
702332,2025-04-11 18:07:00,41,thai,19,downtown,3.2,4,59.02,bike,115,cloudy,35
702333,2025-04-11 18:26:00,108,mexican,10.1,suburbs_south,2.2,3,44.71,scooter,1404,clear,16
702334,2025-04-11 18:32:00,12,thai,12.8,midtown,3.4,1,8,bike,60,clear,33
702335,2025-04-11 18:38:00,66,sushi,18.7,midtown,4.1,3,34.6,bike,123,cloudy,44
702336,2025-04-11 18:42:00,160,salads,5,uptown,3.2,3,29.61,bike,554,cloudy,21
702338,2025-04-11 19:11:00,7,thai,17.1,midtown,1,3,38.34,scooter,351,cloudy,28
702339,2025-04-11 19:18:00,59,pizza,11.7,suburbs_south,10,4,34.98,car,28,clear,45
702341,2025-04-11 19:38:00,74,thai,18.7,downtown,1.4,1,12.84,car,22,heavy_rain,35
702342,2025-04-11 19:57:00,67,chinese,17.8,uptown,4.5,2,23.97,scooter,96,clear,34
702343,2025-04-11 19:59:00,78,mexican,9.1,downtown,1.5,2,14.05,car,223,clear,19
702344,2025-04-11 20:03:00,110,thai,12.5,suburbs_north,7.7,2,28.43,car,839,clear,34
702345,2025-04-11 20:18:00,21,pizza,17,midtown,3.4,2,21.85,bike,125,clear,32
702346,2025-04-11 20:20:00,54,salads,9.4,downtown,0.9,2,27.86,bike,340,clear,19
702349,2025-04-11 20:54:00,155,indian,14.5,suburbs_south,7.2,2,14.24,car,57,clear,34
702350,2025-04-11 21:09:00,106,pizza,12.3,downtown,1.6,6,86.34,bike,31,clear,27
702351,2025-04-11 21:39:00,63,pizza,12.6,downtown,1.8,2,18.97,bike,303,clear,16
702352,2025-04-11 21:53:00,54,salads,9.4,downtown,1.1,4,59.01,bike,,clear,20
702353,2025-04-11 22:47:00,135,sushi,20.5,downtown,1.7,1,10.95,bike,272,,31
702356,2025-04-12 11:21:00,104,thai,11.5,suburbs_south,8,1,8.8,car,23,,43
702357,2025-04-12 11:22:00,106,pizza,12.3,downtown,2.5,1,13.57,bike,231,clear,30
702358,2025-04-12 11:56:00,66,sushi,18.7,midtown,3.7,4,61.78,bike,16,clear,48
702359,2025-04-12 12:11:00,67,chinese,17.8,uptown,5.1,2,19.29,bike,113,cloudy,44
702361,2025-04-12 12:29:00,68,thai,11.9,uptown,2,4,49.17,bike,120,clear,29
702362,2025-04-12 12:31:00,140,chinese,17.8,downtown,0.9,3,41.03,scooter,1117,clear,25
702363,2025-04-12 12:47:00,10,pizza,12.9,suburbs_north,4.3,6,62.99,bike,423,clear,42
702365,2025-04-12 13:33:00,105,pizza,12.9,midtown,3.3,1,8.49,car,711,cloudy,27
702366,2025-04-12 13:33:00,35,mexican,11.9,midtown,1.1,3,34.18,scooter,98,rain,32
702367,2025-04-12 13:40:00,48,mexican,8.8,midtown,3.9,6,74.9,bike,30,clear,34
702368,2025-04-12 13:46:00,53,thai,11.5,midtown,2,2,20.41,bike,263,heavy_rain,32
702370,2025-04-12 14:14:00,108,mexican,10.1,suburbs_south,9,1,8,car,16,clear,36
702371,2025-04-12 14:57:00,108,mexican,10.1,suburbs_south,6.9,1,15.54,scooter,141,,33
702372,2025-04-12 15:42:00,93,sushi,16.7,downtown,1.1,2,18.51,bike,670,cloudy,25
702373,2025-04-12 15:58:00,39,thai,21,downtown,2.7,8,58.99,scooter,318,cloudy,41
702374,2025-04-12 17:11:00,2,thai,10.5,downtown,2.4,2,31.38,scooter,174,cloudy,27
702375,2025-04-12 17:17:00,6,sushi,16.8,midtown,2.8,4,55.89,bike,14,cloudy,34
702376,2025-04-12 17:22:00,69,salads,8.8,midtown,2.8,1,13.85,bike,2074,clear,20
702377,2025-04-12 17:25:00,122,indian,20,midtown,4.6,2,25.06,car,15,clear,36
702378,2025-04-12 17:28:00,68,thai,11.9,uptown,2.4,5,79.79,car,432,cloudy,22
702379,2025-04-12 17:43:00,4,pizza,14,suburbs_south,4.1,4,50.2,bike,45,clear,35
702381,2025-04-12 18:06:00,79,salads,10,midtown,4.2,2,22.19,bike,216,clear,34
702382,2025-04-12 18:12:00,112,sushi,18.2,downtown,2.8,1,12.25,car,508,clear,37
702384,2025-04-12 18:41:00,84,chinese,11.5,suburbs_south,8.4,3,41.86,car,807,rain,44
702385,2025-04-12 19:16:00,61,thai,18,suburbs_north,5,1,9.79,bike,714,clear,46
702386,2025-04-12 19:18:00,8,burgers,12.1,uptown,3.8,4,31.33,bike,13,clear,42
702387,2025-04-12 19:18:00,22,mexican,9.1,suburbs_south,12,1,14.83,car,55,heavy_rain,56
702389,2025-04-12 19:45:00,147,chinese,17.7,midtown,2.8,3,23.08,scooter,3158,cloudy,36
702390,2025-04-12 19:49:00,91,salads,10.1,suburbs_south,9.5,2,23.32,car,86,cloudy,44
702391,2025-04-12 20:05:00,30,salads,5,suburbs_south,2.1,5,71.3,car,794,clear,12
702393,2025-04-12 20:55:00,21,pizza,17,midtown,2.6,3,29.38,bike,383,clear,37
702394,2025-04-12 21:20:00,29,salads,9.9,midtown,3.3,4,38.39,scooter,313,clear,20
702395,2025-04-13 11:04:00,37,pizza,17.5,midtown,1.7,8,58.59,car,295,rain,38
702398,2025-04-13 12:03:00,102,indian,17.4,uptown,3.8,5,61.27,bike,18,rain,50
702401,2025-04-13 12:29:00,125,sushi,18.8,uptown,5.3,1,11.71,bike,104,cloudy,49
702402,2025-04-13 12:30:00,29,salads,9.9,midtown,3.7,3,22.34,car,32,clear,22
702403,2025-04-13 12:48:00,132,mexican,13.3,downtown,2.6,1,11.68,scooter,283,heavy_rain,137
702404,2025-04-13 12:49:00,71,burgers,14.5,uptown,4.9,2,21.23,scooter,42,clear,36
702406,2025-04-13 13:18:00,143,chinese,12.4,uptown,3.9,7,98.41,scooter,76,clear,35
702409,2025-04-13 13:33:00,136,salads,9.3,downtown,0.9,2,31.6,car,115,clear,21
702411,2025-04-13 13:40:00,116,sushi,16.4,downtown,0.9,4,60.28,bike,149,cloudy,37
702412,2025-04-13 14:14:00,135,sushi,20.5,downtown,0.8,3,29.57,bike,26,,29
702413,2025-04-13 14:32:00,76,mexican,10,uptown,3.3,2,30.8,bike,61,rain,31
702415,2025-04-13 15:17:00,130,mexican,15.3,downtown,1.3,2,16.06,bike,182,rain,27
702416,2025-04-13 16:15:00,54,salads,9.4,downtown,1.8,5,65.24,car,74,cloudy,18
702417,2025-04-13 16:30:00,147,chinese,17.7,midtown,3,1,8,scooter,249,cloudy,33
702418,2025-04-13 17:11:00,10,pizza,12.9,suburbs_north,5,1,8.01,scooter,150,heavy_rain,35
702420,2025-04-13 17:34:00,6,sushi,16.8,midtown,3.2,3,23.77,bike,424,clear,30
702421,2025-04-13 17:36:00,120,pizza,12.2,downtown,1.6,3,28.61,bike,98,cloudy,23
702422,2025-04-13 17:58:00,99,thai,13.4,midtown,3.2,5,46.24,car,50,clear,22
702424,2025-04-13 18:08:00,53,thai,11.5,midtown,2.2,2,28.05,bike,85,cloudy,23
702425,2025-04-13 18:25:00,58,indian,21.6,uptown,2.5,3,24.08,scooter,54,clear,38
702426,2025-04-13 18:27:00,98,salads,11.1,midtown,2.8,3,24.32,bike,67,clear,35
702427,2025-04-13 18:27:00,47,mexican,14.1,downtown,1.8,3,46.15,scooter,83,clear,29
702429,2025-04-13 19:00:00,87,burgers,6.5,downtown,2,4,53.4,bike,247,clear,24
702430,2025-04-13 19:03:00,48,mexican,8.8,midtown,1.7,2,27.25,scooter,251,clear,20
702431,2025-04-13 19:12:00,30,salads,5,suburbs_south,9.3,7,50.45,scooter,,cloudy,43
702433,2025-04-13 19:32:00,73,pizza,10.6,midtown,2.4,3,31.75,bike,625,clear,26
702435,2025-04-13 19:48:00,20,mexican,9.2,midtown,2.1,1,14.38,car,,clear,23
702436,2025-04-13 19:58:00,146,thai,14.2,uptown,2.3,5,48.49,bike,655,clear,31
702437,2025-04-13 19:58:00,152,indian,18,suburbs_north,4.2,2,30.95,car,326,cloudy,33
702438,2025-04-13 20:40:00,27,thai,16.7,downtown,1.1,3,35.96,car,649,clear,28
702439,2025-04-13 20:49:00,91,salads,10.1,suburbs_south,2.7,1,10.31,scooter,37,cloudy,23
702440,2025-04-13 21:17:00,7,thai,17.1,midtown,4.5,1,8.16,bike,625,clear,44
702441,2025-04-13 21:31:00,84,chinese,11.5,suburbs_south,8.8,2,16.11,scooter,126,clear,39
702442,2025-04-13 21:37:00,95,pizza,11.9,suburbs_south,5.9,1,13.99,scooter,56,rain,33
702443,2025-04-13 22:44:00,112,sushi,18.2,downtown,1.1,8,108.41,bike,159,clear,35
702444,2025-04-13 23:26:00,84,chinese,11.5,suburbs_south,3.7,2,28.24,scooter,526,rain,26
702446,2025-04-14 11:37:00,105,pizza,12.9,midtown,1.1,8,74.68,scooter,224,clear,26
702447,2025-04-14 11:48:00,48,mexican,8.8,midtown,2.9,4,42.65,bike,302,clear,28
702448,2025-04-14 11:51:00,140,chinese,17.8,downtown,1.5,4,37.89,scooter,105,rain,29
702449,2025-04-14 11:51:00,26,pizza,14.9,midtown,1.4,4,47.79,car,314,clear,24
702450,2025-04-14 11:58:00,80,chinese,16.1,downtown,2.5,2,24.54,car,415,clear,33
702451,2025-04-14 12:04:00,101,thai,11.8,suburbs_north,5.6,1,8.21,bike,64,rain,47
702452,2025-04-14 12:05:00,40,pizza,18.4,midtown,1.8,7,81.39,scooter,48,rain,37
702453,2025-04-14 12:22:00,65,thai,16.7,uptown,4.3,3,36.64,bike,110,clear,40
702454,2025-04-14 12:41:00,5,mexican,12.4,uptown,1.5,1,13.18,bike,478,rain,27
702455,2025-04-14 12:43:00,122,indian,20,midtown,1.5,1,13.67,scooter,42,rain,32
702456,2025-04-14 12:47:00,85,pizza,11.8,uptown,4.2,1,9.45,car,783,cloudy,27
702458,2025-04-14 13:22:00,137,thai,13.3,suburbs_north,6.6,2,18.37,scooter,81,rain,43
702459,2025-04-14 13:23:00,100,pizza,12.8,uptown,2.2,4,31.23,car,10,clear,25
702461,2025-04-14 13:36:00,86,chinese,11.8,suburbs_south,7,1,14.9,car,216,clear,37
702462,2025-04-14 13:46:00,36,burgers,11.8,downtown,2.8,2,17.74,scooter,22,clear,28
702463,2025-04-14 14:19:00,66,sushi,18.7,midtown,2,2,24.35,bike,,clear,27
702464,2025-04-14 15:14:00,97,chinese,16.1,uptown,3.6,2,23.62,bike,30,cloudy,38
702465,2025-04-14 15:21:00,121,indian,13.9,suburbs_north,5.3,1,9.38,scooter,,clear,31
702466,2025-04-14 15:48:00,72,burgers,12.2,suburbs_south,7.6,2,19.32,scooter,58,rain,39
702467,2025-04-14 16:48:00,8,burgers,12.1,uptown,1.6,2,22.07,bike,576,cloudy,24
702468,2025-04-14 17:04:00,69,salads,8.8,midtown,3.4,2,24.98,car,317,clear,19
702469,2025-04-14 17:10:00,158,indian,12.1,midtown,1.5,6,44.21,bike,777,rain,19
702470,2025-04-14 17:29:00,160,salads,5,uptown,1.8,2,18.7,scooter,230,heavy_rain,11
702471,2025-04-14 17:41:00,92,thai,7,uptown,4.4,2,25.37,scooter,1211,clear,26
702473,2025-04-14 17:46:00,29,salads,9.9,midtown,3.1,2,23.49,scooter,36,clear,17
702474,2025-04-14 17:54:00,157,burgers,16.3,suburbs_south,7.2,3,34.07,car,69,clear,39
702475,2025-04-14 17:54:00,45,indian,15.4,midtown,1.1,2,17.74,bike,702,cloudy,22
702476,2025-04-14 18:15:00,101,thai,11.8,suburbs_north,8.2,2,30.1,car,246,clear,37
702477,2025-04-14 18:17:00,116,sushi,16.4,downtown,2.9,3,34.19,bike,,cloudy,33
702478,2025-04-14 18:18:00,80,chinese,16.1,downtown,1.2,5,68.81,scooter,29,heavy_rain,26
702479,2025-04-14 18:20:00,159,pizza,15,uptown,3,2,20.36,bike,1055,clear,33
702480,2025-04-14 19:00:00,91,salads,10.1,suburbs_south,7.4,4,34.96,car,498,clear,35
702481,2025-04-14 19:06:00,155,indian,14.5,suburbs_south,5.8,2,29.35,scooter,51,clear,40
702482,2025-04-14 19:11:00,39,thai,21,downtown,2,1,15.55,bike,80,clear,35
702483,2025-04-14 19:15:00,44,indian,21,midtown,1.4,1,8.46,scooter,83,clear,30
702484,2025-04-14 19:20:00,55,salads,5,midtown,2.1,1,10.17,scooter,147,cloudy,13
702485,2025-04-14 19:27:00,2,thai,10.5,downtown,1.8,4,30.6,bike,195,clear,20
702486,2025-04-14 19:28:00,31,sushi,14.7,midtown,1.9,1,15.33,scooter,,cloudy,26
702487,2025-04-14 19:29:00,98,salads,11.1,midtown,2.3,3,37.98,bike,333,clear,30
702488,2025-04-14 19:32:00,68,thai,11.9,uptown,2.3,2,27.47,scooter,295,cloudy,28
702489,2025-04-14 19:39:00,23,burgers,11.6,downtown,1.9,1,8,bike,50,clear,25
702490,2025-04-14 19:51:00,128,chinese,6.8,uptown,3.6,1,10.47,scooter,60,rain,27
702491,2025-04-14 19:52:00,109,burgers,10,downtown,1.4,1,9.08,bike,451,rain,22
702492,2025-04-14 19:57:00,130,mexican,15.3,downtown,0.7,4,45.52,scooter,466,clear,30
702494,2025-04-14 20:22:00,63,pizza,12.6,downtown,2.3,7,68.25,car,246,clear,27
702495,2025-04-14 20:30:00,93,sushi,16.7,downtown,2.5,3,35.79,scooter,146,rain,36
702496,2025-04-14 20:49:00,153,salads,5,suburbs_south,7.4,2,28.73,scooter,845,clear,27
702500,2025-04-14 22:32:00,94,sushi,20.2,downtown,1.2,2,20.14,scooter,891,clear,28
702501,2025-04-14 23:49:00,92,thai,7,uptown,1.9,2,21.11,scooter,136,cloudy,22
702502,2025-04-15 10:23:00,97,chinese,16.1,uptown,3.3,2,23.46,scooter,395,clear,28
702503,2025-04-15 10:40:00,41,thai,19,downtown,1.1,2,21.16,bike,237,clear,22
702504,2025-04-15 10:48:00,28,indian,19.5,downtown,2.4,1,10.5,scooter,393,clear,26
702505,2025-04-15 11:05:00,155,indian,14.5,suburbs_south,4.7,3,45.54,bike,32,cloudy,44
702506,2025-04-15 11:09:00,98,salads,11.1,midtown,2.3,2,18.12,scooter,26,clear,27
702507,2025-04-15 11:11:00,120,pizza,12.2,downtown,1.4,3,37.8,bike,172,rain,21
702508,2025-04-15 11:34:00,32,thai,16.7,uptown,1.4,1,14.62,scooter,314,clear,18
702509,2025-04-15 11:40:00,129,pizza,10.9,suburbs_north,3.7,1,12.1,car,152,,19
702510,2025-04-15 11:49:00,4,pizza,14,suburbs_south,2.6,1,10.9,bike,17,cloudy,24
702512,2025-04-15 12:18:00,130,mexican,15.3,downtown,3.4,1,11.08,bike,4,rain,38
702513,2025-04-15 12:32:00,72,burgers,12.2,suburbs_south,5.6,2,14.45,scooter,50,clear,36
702514,2025-04-15 12:33:00,95,pizza,11.9,suburbs_south,3,5,50.61,scooter,266,clear,27
702515,2025-04-15 12:56:00,10,pizza,12.9,suburbs_north,4.8,3,38.01,bike,543,clear,42
702516,2025-04-15 13:16:00,149,thai,15.5,downtown,2.6,3,34.41,scooter,6520,cloudy,28
702517,2025-04-15 13:39:00,57,sushi,15.1,midtown,3.6,5,71,scooter,536,cloudy,35
702518,2025-04-15 13:44:00,5,mexican,12.4,uptown,4.4,3,24.37,bike,170,rain,40
702519,2025-04-15 14:16:00,33,sushi,21.1,midtown,1.8,2,16.25,bike,61,cloudy,33
702520,2025-04-15 16:11:00,86,chinese,11.8,suburbs_south,2.8,1,9.97,scooter,185,clear,18
702521,2025-04-15 16:38:00,61,thai,18,suburbs_north,8.9,1,9.84,scooter,70,clear,48
702522,2025-04-15 16:59:00,131,indian,22.1,downtown,2.3,1,10.9,bike,436,cloudy,31
702523,2025-04-15 17:09:00,35,mexican,11.9,midtown,4.4,5,36.46,bike,333,clear,29
702524,2025-04-15 17:13:00,14,burgers,6.4,downtown,0.9,1,8.66,scooter,16,clear,18
702525,2025-04-15 18:08:00,147,chinese,17.7,midtown,2.2,3,46.42,bike,184,,31
702526,2025-04-15 18:09:00,31,sushi,14.7,midtown,1.4,2,18.83,bike,196,clear,115
702527,2025-04-15 18:10:00,41,thai,19,downtown,1.9,3,22.09,scooter,83,clear,90
702528,2025-04-15 18:19:00,74,thai,18.7,downtown,2.6,4,53.41,bike,19,cloudy,43
702529,2025-04-15 18:22:00,103,thai,16.4,midtown,4.2,1,13.33,car,51,clear,32
702530,2025-04-15 18:31:00,91,salads,10.1,suburbs_south,7.5,1,14.11,car,51,clear,34
702532,2025-04-15 18:49:00,142,indian,20.4,midtown,4.5,1,10.76,bike,14,,56
702533,2025-04-15 19:02:00,129,pizza,10.9,suburbs_north,8.5,7,57.36,car,26,clear,43
702534,2025-04-15 19:21:00,71,burgers,14.5,uptown,4.5,3,41.59,bike,37,clear,48
702535,2025-04-15 19:23:00,80,chinese,16.1,downtown,3.2,4,50.71,scooter,183,clear,30
702536,2025-04-15 19:27:00,74,thai,18.7,downtown,3.3,3,41.13,bike,1306,cloudy,44
702537,2025-04-15 19:29:00,160,salads,5,uptown,2,4,62.73,bike,36,cloudy,16
702538,2025-04-15 19:30:00,88,burgers,8.9,suburbs_south,4.4,4,43.94,car,437,clear,22
702539,2025-04-15 19:30:00,156,salads,12.7,downtown,1.1,1,10.09,car,83,heavy_rain,22
702541,2025-04-15 19:42:00,87,burgers,6.5,downtown,0.7,5,47.39,scooter,780,clear,14
702542,2025-04-15 19:58:00,74,thai,18.7,downtown,1.9,3,21.81,bike,101,rain,42
702543,2025-04-15 20:19:00,74,thai,18.7,downtown,2.2,1,13.54,scooter,316,clear,30
702544,2025-04-15 20:22:00,83,salads,8.7,midtown,3.7,4,37.24,bike,294,clear,26
702545,2025-04-15 20:23:00,116,sushi,16.4,downtown,0.6,1,8.58,scooter,,clear,28
702546,2025-04-15 20:25:00,95,pizza,11.9,suburbs_south,4.5,2,23.56,bike,2082,heavy_rain,40
702547,2025-04-15 20:39:00,103,thai,16.4,midtown,2.5,1,15.01,scooter,123,clear,31
702548,2025-04-15 20:42:00,66,sushi,18.7,midtown,2.5,2,26.68,car,416,clear,34
702550,2025-04-15 21:01:00,128,chinese,6.8,uptown,2.9,6,59.93,scooter,253,cloudy,16
702551,2025-04-15 21:17:00,68,thai,11.9,uptown,4.7,2,22.56,scooter,84,cloudy,25
702552,2025-04-15 21:43:00,118,thai,15.5,downtown,2,1,10.53,scooter,175,clear,25
702553,2025-04-15 21:52:00,5,mexican,12.4,uptown,6.7,1,13.49,car,617,clear,28
702554,2025-04-15 22:27:00,113,mexican,13.2,midtown,2.9,2,27.98,bike,154,cloudy,31
702555,2025-04-15 23:49:00,107,sushi,18,suburbs_south,4.6,4,48.16,scooter,144,cloudy,40
702557,2025-04-16 10:09:00,112,sushi,18.2,downtown,1.6,1,12.68,bike,1870,cloudy,31
702558,2025-04-16 10:13:00,23,burgers,11.6,downtown,2.8,5,53.92,scooter,224,,26
702559,2025-04-16 11:02:00,36,burgers,11.8,downtown,3.3,1,15.99,scooter,,heavy_rain,34
702560,2025-04-16 11:03:00,150,mexican,14.6,downtown,2,3,39.23,bike,49,clear,33
702561,2025-04-16 11:39:00,83,salads,8.7,midtown,2,3,34.98,scooter,55,rain,17
702562,2025-04-16 11:39:00,107,sushi,18,suburbs_south,10.8,2,23.04,scooter,347,cloudy,50
702563,2025-04-16 12:02:00,120,pizza,12.2,downtown,1.1,1,12.69,scooter,3962,cloudy,21
702564,2025-04-16 12:05:00,47,mexican,14.1,downtown,1.5,1,14.25,car,27,clear,30
702565,2025-04-16 12:05:00,152,indian,18,suburbs_north,2.7,5,44.89,bike,318,clear,36
702567,2025-04-16 12:23:00,117,pizza,16.2,suburbs_south,6,1,8,car,1339,cloudy,35
702571,2025-04-16 13:17:00,50,salads,8.2,midtown,3.3,3,27.27,bike,43,clear,32
702572,2025-04-16 13:29:00,66,sushi,18.7,midtown,4.2,1,15.96,scooter,103,cloudy,36
702573,2025-04-16 13:32:00,36,burgers,11.8,downtown,2.8,3,47.92,scooter,331,clear,31
702574,2025-04-16 13:35:00,24,pizza,15.8,uptown,2,5,79.26,car,216,rain,30
702575,2025-04-16 13:44:00,155,indian,14.5,suburbs_south,8.9,3,34.81,car,292,clear,44
702576,2025-04-16 13:51:00,5,mexican,12.4,uptown,6.4,1,10.77,car,657,cloudy,40
702577,2025-04-16 13:51:00,158,indian,12.1,midtown,2.8,2,16.36,scooter,288,clear,28
702578,2025-04-16 14:04:00,129,pizza,10.9,suburbs_north,8.5,4,58.92,car,387,clear,33
702580,2025-04-16 14:39:00,106,pizza,12.3,downtown,2.1,1,15.67,scooter,35,cloudy,26
702581,2025-04-16 15:05:00,31,sushi,14.7,midtown,4.7,2,30.08,bike,204,rain,45
702582,2025-04-16 15:13:00,104,thai,11.5,suburbs_south,8.5,4,52.63,car,101,cloudy,35
702583,2025-04-16 15:31:00,20,mexican,9.2,midtown,4.1,3,43.13,scooter,259,cloudy,21
702584,2025-04-16 15:46:00,151,chinese,11.8,downtown,1.7,3,21.1,car,152,clear,26
702585,2025-04-16 17:10:00,100,pizza,12.8,uptown,4.1,3,27.92,scooter,10,clear,27
702586,2025-04-16 17:18:00,31,sushi,14.7,midtown,1.3,2,17.82,bike,155,clear,29
702587,2025-04-16 17:43:00,85,pizza,11.8,uptown,5,1,15.78,car,66,clear,29
702592,2025-04-16 18:14:00,121,indian,13.9,suburbs_north,5.7,2,22.67,bike,169,rain,53
702593,2025-04-16 18:40:00,66,sushi,18.7,midtown,2.4,3,23.38,car,13,cloudy,32
702595,2025-04-16 18:52:00,102,indian,17.4,uptown,4.4,2,27,bike,60,clear,46
702596,2025-04-16 19:07:00,123,salads,7.7,uptown,1.8,1,11.8,scooter,370,clear,17
702597,2025-04-16 19:16:00,93,sushi,16.7,downtown,1.6,1,9.8,bike,16,clear,26
702598,2025-04-16 19:22:00,113,mexican,13.2,midtown,2.7,3,44.45,bike,3,,34
702599,2025-04-16 19:27:00,7,thai,17.1,midtown,1.7,5,60.27,scooter,201,rain,36
702601,2025-04-16 20:16:00,81,sushi,17.4,downtown,1.8,2,15.49,car,45,rain,36
702603,2025-04-16 20:22:00,58,indian,21.6,uptown,5,1,15.56,bike,329,cloudy,43
702604,2025-04-16 20:28:00,18,indian,20.8,suburbs_south,6.9,1,13.45,scooter,14,clear,52
702605,2025-04-16 20:31:00,133,chinese,15.9,suburbs_north,2.5,3,29.3,car,109,clear,23
702606,2025-04-16 20:42:00,37,pizza,17.5,midtown,2,6,75.43,bike,436,clear,33
702607,2025-04-16 20:48:00,17,thai,9.8,uptown,4.1,3,23.94,scooter,39,clear,33
702608,2025-04-16 20:59:00,72,burgers,12.2,suburbs_south,5.9,1,8,car,151,cloudy,33
702609,2025-04-16 21:13:00,92,thai,7,uptown,6.2,7,77.93,car,99,clear,30
702610,2025-04-16 22:02:00,131,indian,22.1,downtown,3.2,2,28.33,bike,35,rain,41
702611,2025-04-16 22:27:00,58,indian,21.6,uptown,5.7,1,9.91,scooter,53,clear,37
702612,2025-04-16 22:31:00,70,thai,14.2,suburbs_north,6.6,4,33.8,car,206,cloudy,36
702613,2025-04-16 23:18:00,68,thai,11.9,uptown,3.3,4,50.91,bike,4,rain,35
702615,2025-04-17 11:11:00,81,sushi,17.4,downtown,1.5,5,35.22,car,1055,clear,33
702616,2025-04-17 11:35:00,30,salads,5,suburbs_south,9.7,1,12,scooter,90,cloudy,39
702617,2025-04-17 11:39:00,9,thai,12.6,suburbs_south,12.9,1,8,car,202,clear,56
702618,2025-04-17 11:49:00,22,mexican,9.1,suburbs_south,12.3,1,9.65,car,25,clear,51
702619,2025-04-17 11:49:00,131,indian,22.1,downtown,1.3,2,26.48,scooter,84,clear,29
702620,2025-04-17 11:59:00,93,sushi,16.7,downtown,1.1,5,75.98,scooter,30,rain,29
702621,2025-04-17 12:00:00,51,indian,17,downtown,2,4,28,bike,4,rain,34
702623,2025-04-17 12:24:00,48,mexican,8.8,midtown,4.2,1,12.33,scooter,57,rain,30
702624,2025-04-17 12:24:00,80,chinese,16.1,downtown,2.5,1,14.44,scooter,406,clear,29
702626,2025-04-17 12:37:00,118,thai,15.5,downtown,0.6,2,24.09,car,346,heavy_rain,33
702627,2025-04-17 12:38:00,125,sushi,18.8,uptown,6,2,26.51,scooter,18,clear,42
702628,2025-04-17 12:51:00,75,mexican,13.3,midtown,2.3,2,28.29,car,,clear,30
702629,2025-04-17 13:01:00,104,thai,11.5,suburbs_south,3.6,3,35.75,scooter,155,cloudy,28
702630,2025-04-17 13:12:00,84,chinese,11.5,suburbs_south,10.4,6,94.46,car,149,clear,40
702632,2025-04-17 13:18:00,83,salads,8.7,midtown,3.4,2,31.05,bike,483,rain,28
702634,2025-04-17 13:27:00,101,thai,11.8,suburbs_north,7.3,1,13.42,car,77,clear,38
702635,2025-04-17 13:34:00,28,indian,19.5,downtown,2,2,19.95,scooter,469,cloudy,37
702636,2025-04-17 13:37:00,64,mexican,11.6,suburbs_north,9.3,2,25.95,scooter,1999,cloudy,48
702637,2025-04-17 13:53:00,140,chinese,17.8,downtown,1,2,14.68,car,275,clear,31
702638,2025-04-17 14:37:00,132,mexican,13.3,downtown,3.2,1,13.37,car,216,clear,28
702639,2025-04-17 14:42:00,6,sushi,16.8,midtown,4.5,3,44.61,scooter,300,clear,32
702640,2025-04-17 14:52:00,24,pizza,15.8,uptown,3.6,7,70.55,car,104,cloudy,27
702641,2025-04-17 15:23:00,96,thai,15.7,downtown,1.3,1,13.76,scooter,64,cloudy,21
702642,2025-04-17 16:04:00,116,sushi,16.4,downtown,2.4,4,42.61,bike,20,clear,29
702643,2025-04-17 16:31:00,120,pizza,12.2,downtown,2.4,1,15.46,bike,10,cloudy,29
702644,2025-04-17 16:55:00,101,thai,11.8,suburbs_north,8.8,4,51.61,car,101,clear,41
702645,2025-04-17 16:55:00,120,pizza,12.2,downtown,0.9,4,46.18,scooter,662,clear,17
702646,2025-04-17 17:00:00,120,pizza,12.2,downtown,2.7,3,21.81,scooter,226,clear,17
702647,2025-04-17 17:11:00,15,indian,18.1,midtown,2.6,5,36.86,scooter,61,cloudy,33
702649,2025-04-17 17:26:00,123,salads,7.7,uptown,3.1,4,31.3,bike,637,rain,24
702650,2025-04-17 17:44:00,6,sushi,16.8,midtown,2,2,25.36,bike,98,clear,31
702652,2025-04-17 18:07:00,28,indian,19.5,downtown,1.1,4,50.62,car,1218,rain,31
702653,2025-04-17 18:20:00,152,indian,18,suburbs_north,8,2,28.74,car,,cloudy,41
702654,2025-04-17 18:35:00,142,indian,20.4,midtown,2.7,4,46.83,car,402,clear,43
702656,2025-04-17 19:11:00,36,burgers,11.8,downtown,1.7,2,28.71,bike,311,clear,29
702657,2025-04-17 19:29:00,92,thai,7,uptown,2.3,3,22.95,bike,150,clear,23
702658,2025-04-17 19:40:00,129,pizza,10.9,suburbs_north,7.6,1,9.77,car,484,cloudy,35
702659,2025-04-17 19:42:00,102,indian,17.4,uptown,1.6,4,35.01,scooter,55,cloudy,32
702661,2025-04-17 19:55:00,98,salads,11.1,midtown,4.7,2,24.98,bike,79,clear,43
702662,2025-04-17 20:02:00,130,mexican,15.3,downtown,2,1,10.57,scooter,,,23
702663,2025-04-17 20:08:00,75,mexican,13.3,midtown,3.3,3,47.85,bike,44,clear,34
702664,2025-04-17 20:32:00,98,salads,11.1,midtown,1.4,3,35.23,bike,125,cloudy,19
702665,2025-04-17 20:38:00,98,salads,11.1,midtown,4.6,4,43.56,bike,37,cloudy,33
702666,2025-04-17 20:40:00,131,indian,22.1,downtown,1.9,5,46.87,scooter,65,clear,42
702668,2025-04-17 21:02:00,58,indian,21.6,uptown,5.7,1,13.28,bike,,clear,48
702671,2025-04-17 22:49:00,98,salads,11.1,midtown,2.6,2,19.77,bike,,clear,29
702672,2025-04-18 11:16:00,132,mexican,13.3,downtown,2.5,2,24.14,scooter,258,clear,19
702674,2025-04-18 11:29:00,88,burgers,8.9,suburbs_south,5,4,48.99,bike,31,heavy_rain,53
702675,2025-04-18 11:29:00,146,thai,14.2,uptown,3.6,1,9.93,bike,296,clear,33
702676,2025-04-18 11:36:00,107,sushi,18,suburbs_south,6.3,3,37.88,car,59,clear,49
702677,2025-04-18 12:10:00,81,sushi,17.4,downtown,2.5,2,16.09,bike,65,clear,33
702678,2025-04-18 12:12:00,115,thai,13.4,downtown,3,5,74.58,scooter,143,cloudy,31
702679,2025-04-18 12:19:00,97,chinese,16.1,uptown,3.1,2,16.48,scooter,29,clear,36
702680,2025-04-18 12:25:00,102,indian,17.4,uptown,2.2,3,26.2,bike,60,clear,38
702682,2025-04-18 12:33:00,36,burgers,11.8,downtown,3.3,1,12.88,bike,63,cloudy,36
702683,2025-04-18 12:38:00,69,salads,8.8,midtown,2.7,4,55.01,scooter,10,cloudy,24
702684,2025-04-18 12:55:00,56,thai,13,downtown,2.2,2,29.82,bike,216,cloudy,27
702685,2025-04-18 13:03:00,71,burgers,14.5,uptown,5.2,2,15.85,bike,31,heavy_rain,53
702686,2025-04-18 13:07:00,41,thai,19,downtown,1.2,2,29.42,car,50,cloudy,33
702687,2025-04-18 13:29:00,32,thai,16.7,uptown,4.8,2,28.58,bike,51,clear,48
702688,2025-04-18 14:10:00,156,salads,12.7,downtown,1.6,1,15.19,car,111,cloudy,17
702689,2025-04-18 14:27:00,155,indian,14.5,suburbs_south,9.1,3,44.24,car,3252,cloudy,43
702690,2025-04-18 14:41:00,153,salads,5,suburbs_south,6.2,4,59.08,car,1245,clear,26
702691,2025-04-18 15:09:00,96,thai,15.7,downtown,1.7,4,53.93,scooter,89,cloudy,25
702692,2025-04-18 17:00:00,51,indian,17,downtown,2,3,30.65,bike,1301,clear,31
702693,2025-04-18 17:11:00,114,chinese,12.4,suburbs_south,3.8,5,76.54,bike,347,clear,32
702694,2025-04-18 17:46:00,4,pizza,14,suburbs_south,9.8,1,14.34,car,89,clear,40
702695,2025-04-18 18:10:00,57,sushi,15.1,midtown,3.6,7,66.91,bike,,clear,39
702696,2025-04-18 18:20:00,141,thai,14.1,suburbs_north,6.4,8,85.71,car,60,clear,43
702697,2025-04-18 18:31:00,116,sushi,16.4,downtown,3,1,15.16,scooter,114,cloudy,32
702698,2025-04-18 18:41:00,12,thai,12.8,midtown,4,1,15.55,car,222,clear,28
702699,2025-04-18 18:45:00,47,mexican,14.1,downtown,2,3,26.09,bike,81,cloudy,32
702700,2025-04-18 18:53:00,147,chinese,17.7,midtown,1.9,1,9.15,scooter,102,clear,29
702701,2025-04-18 19:01:00,135,sushi,20.5,downtown,1.6,1,8.59,bike,76,cloudy,32
702702,2025-04-18 19:02:00,36,burgers,11.8,downtown,0.8,1,14.99,bike,89,clear,24
702703,2025-04-18 19:05:00,37,pizza,17.5,midtown,3.5,1,8.01,car,1074,cloudy,29
702704,2025-04-18 19:10:00,147,chinese,17.7,midtown,3.7,1,8.1,scooter,99,cloudy,35
702705,2025-04-18 19:13:00,29,salads,9.9,midtown,2.1,2,22.63,scooter,53,clear,24
702706,2025-04-18 19:15:00,27,thai,16.7,downtown,2.8,3,25.81,bike,79,cloudy,34
702708,2025-04-18 19:30:00,39,thai,21,downtown,1.5,3,21.15,scooter,148,clear,36
702709,2025-04-18 19:32:00,114,chinese,12.4,suburbs_south,6.2,1,13.45,car,50,cloudy,33
702710,2025-04-18 19:34:00,153,salads,5,suburbs_south,10,5,78.68,car,99,cloudy,33
702711,2025-04-18 19:42:00,111,pizza,8.5,downtown,2.2,2,30.9,car,77,clear,22
702714,2025-04-18 20:11:00,154,salads,8.5,midtown,4.1,1,8,scooter,178,clear,28
702715,2025-04-18 20:23:00,44,indian,21,midtown,2.6,3,30.98,scooter,77,cloudy,39
702716,2025-04-18 20:24:00,135,sushi,20.5,downtown,2.7,1,13.23,scooter,19,clear,35
702717,2025-04-18 20:36:00,68,thai,11.9,uptown,4.5,2,23.34,scooter,379,clear,33
702718,2025-04-18 20:48:00,76,mexican,10,uptown,2.3,7,92.27,scooter,,heavy_rain,26
702719,2025-04-18 20:51:00,83,salads,8.7,midtown,3.6,1,8,bike,39,rain,35
702720,2025-04-18 20:57:00,85,pizza,11.8,uptown,4.4,3,39.14,bike,18,clear,40
702721,2025-04-18 21:10:00,40,pizza,18.4,midtown,3.1,3,37.73,scooter,126,cloudy,30
702722,2025-04-18 21:31:00,45,indian,15.4,midtown,1.3,3,34.31,bike,259,cloudy,29
702725,2025-04-18 23:33:00,155,indian,14.5,suburbs_south,10.5,1,9.55,scooter,175,clear,52
702726,2025-04-19 10:03:00,92,thai,7,uptown,3.1,3,25.3,bike,104,clear,27
702727,2025-04-19 11:15:00,121,indian,13.9,suburbs_north,6.6,1,9.16,car,64,rain,41
702728,2025-04-19 11:20:00,84,chinese,11.5,suburbs_south,6.3,3,36.61,car,68,clear,36
702729,2025-04-19 11:44:00,91,salads,10.1,suburbs_south,10.5,5,39.42,car,205,cloudy,42
702730,2025-04-19 11:51:00,63,pizza,12.6,downtown,1.4,1,8,bike,52,,25
702731,2025-04-19 11:58:00,3,pizza,20.9,suburbs_north,8.5,2,22.02,scooter,,clear,57
702732,2025-04-19 12:14:00,12,thai,12.8,midtown,4,3,31.57,bike,141,cloudy,39
702733,2025-04-19 12:35:00,34,mexican,12.2,midtown,2.9,1,12.52,scooter,332,clear,26
702734,2025-04-19 12:37:00,135,sushi,20.5,downtown,3.4,1,12.05,bike,179,clear,41
702735,2025-04-19 12:46:00,145,pizza,12.3,suburbs_south,8.5,3,45.9,scooter,273,clear,44
702736,2025-04-19 12:47:00,92,thai,7,uptown,2.2,1,12.35,car,75,rain,18
702737,2025-04-19 12:48:00,151,chinese,11.8,downtown,2.1,2,14.28,bike,49,clear,25
702738,2025-04-19 12:49:00,2,thai,10.5,downtown,3,1,13.28,scooter,71,clear,27
702739,2025-04-19 12:49:00,14,burgers,6.4,downtown,2.4,4,52.5,bike,123,clear,22
702740,2025-04-19 12:58:00,39,thai,21,downtown,1.3,1,8,scooter,376,clear,31
702741,2025-04-19 13:12:00,4,pizza,14,suburbs_south,3.5,2,15.09,scooter,2189,clear,31
702742,2025-04-19 13:41:00,96,thai,15.7,downtown,1.6,2,23.98,car,49,clear,37
702743,2025-04-19 13:47:00,61,thai,18,suburbs_north,10.2,3,38.23,scooter,507,cloudy,61
702744,2025-04-19 14:16:00,137,thai,13.3,suburbs_north,4.1,2,21.75,car,62,clear,29
702746,2025-04-19 15:36:00,17,thai,9.8,uptown,5.5,4,34.82,car,188,clear,31
702747,2025-04-19 16:13:00,157,burgers,16.3,suburbs_south,11.8,1,15.72,scooter,27,clear,58
702748,2025-04-19 16:21:00,77,pizza,11.4,uptown,3.9,2,19.65,scooter,,cloudy,29
702749,2025-04-19 17:06:00,19,chinese,10.6,downtown,2,4,33.64,bike,105,clear,27
702750,2025-04-19 17:11:00,109,burgers,10,downtown,1.8,2,30.32,scooter,2956,clear,18
702751,2025-04-19 17:17:00,138,thai,16.2,uptown,2.2,8,75.2,scooter,122,clear,35
702752,2025-04-19 17:17:00,57,sushi,15.1,midtown,2,1,8,bike,169,rain,33
702753,2025-04-19 17:25:00,91,salads,10.1,suburbs_south,5.6,2,29.02,bike,195,clear,41
702755,2025-04-19 17:44:00,19,chinese,10.6,downtown,1,4,55.01,bike,1894,rain,17
702756,2025-04-19 17:49:00,118,thai,15.5,downtown,0.8,3,32.36,car,364,clear,20
702757,2025-04-19 17:57:00,28,indian,19.5,downtown,2,4,52.64,car,64,clear,29
702758,2025-04-19 18:01:00,158,indian,12.1,midtown,3.9,1,10.19,scooter,43,clear,33
702761,2025-04-19 18:35:00,138,thai,16.2,uptown,6.2,5,47.01,scooter,26,,50
702762,2025-04-19 18:37:00,106,pizza,12.3,downtown,1.6,2,14.86,bike,722,rain,28
702763,2025-04-19 18:39:00,57,sushi,15.1,midtown,4,3,47.8,car,64,clear,29
702765,2025-04-19 19:11:00,116,sushi,16.4,downtown,2.2,4,31.02,bike,357,cloudy,37
702768,2025-04-19 19:31:00,7,thai,17.1,midtown,1.7,1,14.87,bike,613,cloudy,31
702769,2025-04-19 19:52:00,100,pizza,12.8,uptown,2.5,1,9.51,scooter,136,cloudy,31
702770,2025-04-19 19:53:00,78,mexican,9.1,downtown,1.6,3,42.91,bike,2881,rain,15
702771,2025-04-19 20:27:00,143,chinese,12.4,uptown,3.5,1,12.21,scooter,191,clear,24
702772,2025-04-19 20:36:00,126,pizza,12,midtown,2.8,3,35.16,scooter,286,cloudy,24
702774,2025-04-19 20:39:00,52,mexican,5.5,uptown,2.4,2,15.93,car,43,cloudy,12
702775,2025-04-19 21:01:00,69,salads,8.8,midtown,4.1,3,46.24,scooter,184,rain,28
702776,2025-04-19 22:28:00,46,indian,19.4,downtown,2.2,3,36.38,bike,215,clear,29
702777,2025-04-19 23:55:00,40,pizza,18.4,midtown,5.2,4,44.63,bike,114,clear,45
702778,2025-04-19 23:55:00,1,mexican,12.7,downtown,1.6,3,42.3,car,22,clear,25
702779,2025-04-19 23:59:00,36,burgers,11.8,downtown,3.4,2,17.21,scooter,12,cloudy,24
702780,2025-04-20 10:23:00,66,sushi,18.7,midtown,3.5,3,40.83,scooter,64,rain,36
702781,2025-04-20 10:48:00,60,chinese,10.4,suburbs_north,7.5,2,18.56,car,,heavy_rain,34
702782,2025-04-20 12:02:00,132,mexican,13.3,downtown,3.7,3,28.85,bike,62,clear,37
702783,2025-04-20 12:03:00,88,burgers,8.9,suburbs_south,10.5,1,9.54,scooter,82,cloudy,47
702784,2025-04-20 12:05:00,160,salads,5,uptown,1.3,3,35.13,scooter,605,clear,12
702785,2025-04-20 12:36:00,100,pizza,12.8,uptown,2.3,2,21.71,bike,1456,clear,29
702787,2025-04-20 13:20:00,108,mexican,10.1,suburbs_south,10.6,1,12.11,car,222,clear,117
702788,2025-04-20 13:23:00,102,indian,17.4,uptown,2.5,2,31.23,car,221,rain,24
702789,2025-04-20 13:25:00,19,chinese,10.6,downtown,1.7,2,22.08,car,187,clear,25
702790,2025-04-20 13:28:00,90,sushi,20.7,midtown,3.1,1,14.97,bike,1152,clear,36
702791,2025-04-20 13:37:00,114,chinese,12.4,suburbs_south,8.2,2,21.28,car,18,cloudy,40
702792,2025-04-20 13:53:00,108,mexican,10.1,suburbs_south,6.2,7,66.44,scooter,833,clear,44
702794,2025-04-20 14:53:00,12,thai,12.8,midtown,3.2,3,30.81,car,178,cloudy,22
702795,2025-04-20 15:12:00,60,chinese,10.4,suburbs_north,3.1,2,15.58,bike,,clear,26
702796,2025-04-20 15:38:00,9,thai,12.6,suburbs_south,3.4,3,40.72,bike,2084,clear,27
702799,2025-04-20 16:18:00,18,indian,20.8,suburbs_south,2.7,7,67.97,scooter,21,clear,40
702800,2025-04-20 16:31:00,139,indian,20.7,midtown,3.3,2,26.56,car,800,cloudy,32
702801,2025-04-20 16:48:00,149,thai,15.5,downtown,2.4,4,38.76,bike,81,clear,32
702802,2025-04-20 16:50:00,16,salads,7.8,uptown,2.9,2,16.89,scooter,48,clear,19
702804,2025-04-20 17:10:00,23,burgers,11.6,downtown,1.1,2,22.61,bike,459,clear,16
702805,2025-04-20 17:15:00,74,thai,18.7,downtown,2.7,8,73.46,bike,188,cloudy,38
702806,2025-04-20 17:17:00,62,salads,6.7,downtown,2.8,3,25.52,car,184,cloudy,21
702807,2025-04-20 17:17:00,8,burgers,12.1,uptown,3.2,4,58.97,bike,59,clear,33
702808,2025-04-20 17:27:00,63,pizza,12.6,downtown,2.8,3,36.71,scooter,615,clear,34
702809,2025-04-20 17:51:00,66,sushi,18.7,midtown,1.8,6,93.39,scooter,148,clear,31
702810,2025-04-20 18:04:00,30,salads,5,suburbs_south,7.7,6,45.74,scooter,270,clear,32
702811,2025-04-20 18:09:00,54,salads,9.4,downtown,1.3,4,41.22,scooter,21,clear,22
702814,2025-04-20 18:23:00,2,thai,10.5,downtown,1,4,55.57,scooter,69,clear,19
702815,2025-04-20 18:26:00,17,thai,9.8,uptown,4.4,2,20.73,bike,349,,34
702816,2025-04-20 18:34:00,6,sushi,16.8,midtown,1.4,4,48.26,scooter,26,cloudy,31
702817,2025-04-20 18:43:00,129,pizza,10.9,suburbs_north,8.1,2,21.11,car,19,rain,35
702818,2025-04-20 18:45:00,94,sushi,20.2,downtown,3,2,21.05,scooter,94,cloudy,36
702819,2025-04-20 19:00:00,55,salads,5,midtown,2.1,3,23,scooter,175,clear,20
702820,2025-04-20 19:03:00,56,thai,13,downtown,3,4,56.36,bike,83,cloudy,33
702821,2025-04-20 19:19:00,111,pizza,8.5,downtown,1.5,1,8.5,bike,68,clear,23
702822,2025-04-20 19:32:00,49,indian,14.4,uptown,6.3,4,36.5,car,110,clear,40
702823,2025-04-20 19:36:00,120,pizza,12.2,downtown,3.8,3,31.23,scooter,139,clear,32
702825,2025-04-20 19:59:00,137,thai,13.3,suburbs_north,5.6,5,57.13,scooter,1326,clear,41
702826,2025-04-20 20:12:00,156,salads,12.7,downtown,2.9,2,28.36,scooter,,rain,25
702827,2025-04-20 20:12:00,129,pizza,10.9,suburbs_north,2.7,3,29.95,bike,47,clear,26
702828,2025-04-20 20:24:00,46,indian,19.4,downtown,1.6,2,14.66,car,244,clear,38
702829,2025-04-20 21:04:00,65,thai,16.7,uptown,4.5,4,55.19,bike,56,clear,44
702830,2025-04-20 21:12:00,45,indian,15.4,midtown,2.8,1,11.85,bike,449,clear,23
702832,2025-04-20 22:57:00,54,salads,9.4,downtown,1,2,14.68,scooter,133,clear,13
702833,2025-04-20 23:53:00,28,indian,19.5,downtown,2.7,3,30.85,car,646,cloudy,39
702834,2025-04-21 11:10:00,15,indian,18.1,midtown,3,3,30.24,scooter,607,clear,36
702835,2025-04-21 11:33:00,8,burgers,12.1,uptown,4.3,3,34.92,bike,1308,clear,32
702836,2025-04-21 11:41:00,27,thai,16.7,downtown,1.6,1,8.11,bike,58,cloudy,24
702837,2025-04-21 11:53:00,130,mexican,15.3,downtown,2.4,2,19.17,bike,198,clear,29
702838,2025-04-21 12:10:00,126,pizza,12,midtown,3.1,6,63.37,car,4021,clear,27
702839,2025-04-21 12:25:00,140,chinese,17.8,downtown,2.8,1,11.9,scooter,502,,31
702840,2025-04-21 12:40:00,74,thai,18.7,downtown,1.7,6,75.66,bike,844,cloudy,40
702841,2025-04-21 12:48:00,14,burgers,6.4,downtown,2.5,6,86.06,scooter,239,clear,14
702842,2025-04-21 12:53:00,127,indian,15.6,downtown,2,2,29.36,scooter,94,clear,28
702843,2025-04-21 12:58:00,112,sushi,18.2,downtown,2.1,1,13.91,bike,56,,36
702844,2025-04-21 13:22:00,127,indian,15.6,downtown,2.1,5,60.53,bike,128,heavy_rain,40
702845,2025-04-21 13:26:00,140,chinese,17.8,downtown,1.7,3,24.46,scooter,1176,cloudy,30
702846,2025-04-21 13:52:00,153,salads,5,suburbs_south,4.9,2,14.15,bike,6,clear,29
702847,2025-04-21 13:56:00,160,salads,5,uptown,4.8,3,22.4,bike,268,cloudy,31
702848,2025-04-21 14:30:00,143,chinese,12.4,uptown,2,2,23.02,scooter,147,clear,21
702850,2025-04-21 16:05:00,9,thai,12.6,suburbs_south,7.5,1,11.14,scooter,10,clear,36
702851,2025-04-21 17:02:00,82,salads,9.2,midtown,4.3,4,60.81,scooter,134,clear,24
702852,2025-04-21 17:07:00,70,thai,14.2,suburbs_north,6.8,2,15.95,car,387,clear,126
702854,2025-04-21 17:15:00,73,pizza,10.6,midtown,3.8,2,16.46,scooter,28,clear,23
702855,2025-04-21 17:25:00,52,mexican,5.5,uptown,3.6,2,20.37,bike,1343,cloudy,23
702856,2025-04-21 17:36:00,97,chinese,16.1,uptown,4.6,1,12.88,bike,946,rain,40
702858,2025-04-21 18:14:00,55,salads,5,midtown,3.8,2,27.05,car,1477,clear,16
702859,2025-04-21 18:20:00,104,thai,11.5,suburbs_south,6.8,6,58.34,car,370,clear,37
702861,2025-04-21 18:45:00,80,chinese,16.1,downtown,1.1,3,34.07,bike,61,cloudy,24
702863,2025-04-21 19:08:00,13,indian,15.1,downtown,2.8,3,38.01,scooter,503,clear,28
702865,2025-04-21 19:20:00,77,pizza,11.4,uptown,3.3,1,12.2,bike,445,clear,33
702867,2025-04-21 19:32:00,41,thai,19,downtown,3.6,2,17.35,scooter,97,clear,33
702868,2025-04-21 20:09:00,11,indian,20.4,uptown,4.2,2,26.51,scooter,,clear,37
702870,2025-04-21 20:25:00,30,salads,5,suburbs_south,8.2,3,40.23,car,204,clear,32
702871,2025-04-21 20:37:00,150,mexican,14.6,downtown,0.8,3,23.49,bike,167,cloudy,27
702872,2025-04-21 21:00:00,155,indian,14.5,suburbs_south,5.9,1,10.78,scooter,301,clear,33
702873,2025-04-21 21:04:00,115,thai,13.4,downtown,1.6,1,8,car,36,clear,20
702874,2025-04-21 21:06:00,141,thai,14.1,suburbs_north,2.7,3,34.39,bike,,clear,30
702875,2025-04-21 21:13:00,106,pizza,12.3,downtown,3.5,4,38.82,car,210,rain,24
702876,2025-04-21 21:21:00,153,salads,5,suburbs_south,5.5,1,10.58,bike,22,rain,34
702877,2025-04-21 21:54:00,70,thai,14.2,suburbs_north,7.7,2,26.47,car,75,clear,37
702878,2025-04-21 22:20:00,54,salads,9.4,downtown,1.8,4,30.13,scooter,158,cloudy,23
702880,2025-04-21 23:04:00,42,pizza,16.7,downtown,1.2,5,51.94,scooter,,cloudy,26
702881,2025-04-21 23:59:00,153,salads,5,suburbs_south,5.1,6,94.82,scooter,97,clear,23
702882,2025-04-22 11:17:00,66,sushi,18.7,midtown,2.9,3,45.23,scooter,52,clear,36
702883,2025-04-22 11:56:00,128,chinese,6.8,uptown,3.2,5,50.85,scooter,107,rain,27
702884,2025-04-22 12:10:00,61,thai,18,suburbs_north,8.9,2,20.64,scooter,769,cloudy,59
702885,2025-04-22 12:14:00,83,salads,8.7,midtown,4.4,5,76.74,scooter,302,clear,26
702886,2025-04-22 12:16:00,102,indian,17.4,uptown,5.2,3,27.88,car,110,clear,36
702887,2025-04-22 12:21:00,83,salads,8.7,midtown,2.7,3,45.59,scooter,10,clear,25
702888,2025-04-22 12:37:00,22,mexican,9.1,suburbs_south,7.7,2,21.29,car,45,clear,31
702889,2025-04-22 12:48:00,10,pizza,12.9,suburbs_north,2.3,1,8.94,scooter,89,heavy_rain,21
702890,2025-04-22 12:54:00,125,sushi,18.8,uptown,1.9,1,15.28,scooter,209,clear,28
702891,2025-04-22 13:10:00,25,mexican,14.5,midtown,1.3,4,56.03,scooter,3648,clear,21
702892,2025-04-22 13:13:00,9,thai,12.6,suburbs_south,6.6,1,8.81,car,146,clear,35
702893,2025-04-22 13:28:00,60,chinese,10.4,suburbs_north,7.8,1,8.25,car,49,cloudy,36
702895,2025-04-22 13:35:00,32,thai,16.7,uptown,1.4,1,8,bike,38,clear,25
702896,2025-04-22 13:41:00,97,chinese,16.1,uptown,5.8,5,61.08,bike,70,rain,58
702897,2025-04-22 14:21:00,114,chinese,12.4,suburbs_south,6.5,1,8,car,314,cloudy,30
702898,2025-04-22 14:24:00,16,salads,7.8,uptown,5.6,2,26.11,car,71,clear,26
702901,2025-04-22 17:58:00,15,indian,18.1,midtown,4.5,2,28.18,bike,103,,34
702902,2025-04-22 18:05:00,108,mexican,10.1,suburbs_south,10.6,4,58.39,car,121,rain,51
702903,2025-04-22 18:07:00,120,pizza,12.2,downtown,1.4,4,34.4,bike,159,clear,24
702904,2025-04-22 18:26:00,14,burgers,6.4,downtown,1.8,1,14.22,bike,96,cloudy,14
702905,2025-04-22 18:44:00,139,indian,20.7,midtown,1.6,6,85.79,car,112,clear,40
702906,2025-04-22 18:48:00,96,thai,15.7,downtown,1.8,1,15.81,car,172,clear,22
702907,2025-04-22 18:50:00,139,indian,20.7,midtown,3.4,1,8,car,293,rain,38
702908,2025-04-22 18:52:00,48,mexican,8.8,midtown,4.7,2,20.53,car,492,clear,28
702909,2025-04-22 18:59:00,117,pizza,16.2,suburbs_south,8.2,6,73.43,scooter,82,clear,47
702911,2025-04-22 19:20:00,146,thai,14.2,uptown,4.6,4,48.57,scooter,177,clear,36
702912,2025-04-22 19:26:00,31,sushi,14.7,midtown,1.9,4,35.4,bike,80,clear,36
702913,2025-04-22 19:30:00,122,indian,20,midtown,4,4,36.32,scooter,34,clear,43
702914,2025-04-22 19:46:00,151,chinese,11.8,downtown,2.7,2,30.16,bike,61,clear,29
702916,2025-04-22 20:12:00,29,salads,9.9,midtown,5,4,32.73,scooter,583,rain,32
702917,2025-04-22 20:23:00,11,indian,20.4,uptown,3.2,4,50.09,bike,118,rain,43
702918,2025-04-22 20:33:00,82,salads,9.2,midtown,3.5,1,9.25,scooter,41,clear,26
702919,2025-04-22 20:37:00,75,mexican,13.3,midtown,4.2,2,17.32,scooter,30,clear,32
702920,2025-04-22 21:00:00,127,indian,15.6,downtown,1.7,1,8.51,bike,189,clear,28
702921,2025-04-22 21:43:00,153,salads,5,suburbs_south,6,2,23.3,bike,997,clear,29
702922,2025-04-22 21:48:00,54,salads,9.4,downtown,1.8,2,27.58,bike,103,clear,79
702923,2025-04-22 21:54:00,33,sushi,21.1,midtown,2.4,1,13.01,bike,275,cloudy,37
702924,2025-04-22 22:02:00,91,salads,10.1,suburbs_south,9.5,1,15.09,car,35,clear,37
702925,2025-04-22 22:39:00,37,pizza,17.5,midtown,4.6,6,63.94,scooter,25,cloudy,40
702926,2025-04-22 23:14:00,128,chinese,6.8,uptown,5,3,33.05,scooter,268,rain,24
702927,2025-04-22 23:38:00,119,indian,16.8,suburbs_south,8.9,3,34.73,scooter,,rain,51
702929,2025-04-23 11:03:00,156,salads,12.7,downtown,2.1,5,70.05,car,80,clear,29
702931,2025-04-23 11:23:00,131,indian,22.1,downtown,1.7,3,40.06,car,197,cloudy,42
702932,2025-04-23 11:44:00,49,indian,14.4,uptown,2.6,3,24.74,car,777,rain,23
702933,2025-04-23 11:54:00,44,indian,21,midtown,4,1,8,bike,157,clear,47
702934,2025-04-23 12:10:00,138,thai,16.2,uptown,2.5,6,95.63,scooter,172,heavy_rain,37
702935,2025-04-23 12:11:00,62,salads,6.7,downtown,2.8,3,43.16,bike,50,heavy_rain,33
702936,2025-04-23 12:22:00,56,thai,13,downtown,1.8,7,58.69,car,13,,33
702937,2025-04-23 12:29:00,59,pizza,11.7,suburbs_south,2.3,4,63.8,scooter,573,cloudy,27
702941,2025-04-23 13:35:00,20,mexican,9.2,midtown,1.9,2,31.76,scooter,479,rain,23
702942,2025-04-23 13:48:00,78,mexican,9.1,downtown,1.8,1,15.74,bike,335,,19
702943,2025-04-23 13:53:00,90,sushi,20.7,midtown,2.5,1,12.7,car,,clear,33
702945,2025-04-23 14:32:00,25,mexican,14.5,midtown,4.6,1,14.05,bike,78,rain,46
702947,2025-04-23 14:40:00,128,chinese,6.8,uptown,2.6,8,119.06,scooter,113,clear,19
702948,2025-04-23 14:48:00,71,burgers,14.5,uptown,3.4,7,65.85,car,278,clear,31
702950,2025-04-23 17:14:00,35,mexican,11.9,midtown,3.8,3,26.51,scooter,,cloudy,27
702951,2025-04-23 17:21:00,29,salads,9.9,midtown,4,1,8.09,scooter,314,clear,19
702952,2025-04-23 17:35:00,137,thai,13.3,suburbs_north,5.1,2,29.88,bike,104,clear,36
702953,2025-04-23 17:37:00,113,mexican,13.2,midtown,3.1,2,30.56,bike,,clear,30
702954,2025-04-23 17:45:00,57,sushi,15.1,midtown,1.8,2,26.6,car,183,cloudy,22
702955,2025-04-23 17:55:00,74,thai,18.7,downtown,2.7,2,16.94,scooter,337,clear,27
702956,2025-04-23 17:57:00,2,thai,10.5,downtown,2.9,2,17.96,car,587,clear,16
702959,2025-04-23 18:13:00,83,salads,8.7,midtown,2.6,2,27.16,car,1167,cloudy,18
702961,2025-04-23 18:50:00,94,sushi,20.2,downtown,1.7,3,32.88,bike,492,clear,33
702962,2025-04-23 18:52:00,21,pizza,17,midtown,2.5,3,46.63,bike,167,rain,39
702965,2025-04-23 19:34:00,38,pizza,16.9,midtown,2.9,2,26.11,bike,1236,clear,33
702967,2025-04-23 19:37:00,75,mexican,13.3,midtown,0.9,4,62.98,scooter,17,cloudy,26
702968,2025-04-23 19:44:00,49,indian,14.4,uptown,3.7,3,31.28,scooter,690,rain,30
702971,2025-04-23 19:57:00,78,mexican,9.1,downtown,2.7,6,87.97,scooter,26,clear,25
702974,2025-04-23 20:37:00,96,thai,15.7,downtown,0.7,1,8.13,car,320,clear,21
702977,2025-04-23 21:11:00,92,thai,7,uptown,5.2,5,67.74,car,85,rain,27
702979,2025-04-23 22:30:00,110,thai,12.5,suburbs_north,3.4,2,24.02,bike,881,cloudy,36
702980,2025-04-23 22:40:00,132,mexican,13.3,downtown,2.2,2,17.92,car,206,cloudy,22
702981,2025-04-23 23:44:00,117,pizza,16.2,suburbs_south,7.1,2,25.37,car,1609,clear,38
702983,2025-04-24 11:02:00,62,salads,6.7,downtown,2,1,15.74,car,71,clear,20
702984,2025-04-24 11:06:00,33,sushi,21.1,midtown,5.1,4,35.23,scooter,,clear,44
702986,2025-04-24 11:26:00,152,indian,18,suburbs_north,7.8,2,18.88,scooter,50,cloudy,44
702988,2025-04-24 12:00:00,123,salads,7.7,uptown,3.6,2,27.44,car,4404,clear,15
702989,2025-04-24 12:16:00,111,pizza,8.5,downtown,1.9,3,45.29,scooter,109,cloudy,21
702991,2025-04-24 12:40:00,52,mexican,5.5,uptown,2.8,2,21.59,scooter,70,heavy_rain,29
702993,2025-04-24 12:49:00,70,thai,14.2,suburbs_north,3.5,1,8,bike,172,clear,32
702995,2025-04-24 12:52:00,140,chinese,17.8,downtown,1.1,3,39.86,car,257,clear,32
702996,2025-04-24 13:27:00,153,salads,5,suburbs_south,4.1,2,22.86,bike,691,clear,23
702997,2025-04-24 13:37:00,143,chinese,12.4,uptown,4.4,5,52.1,scooter,504,clear,30
702998,2025-04-24 13:48:00,49,indian,14.4,uptown,3.5,6,67.82,car,307,rain,30
702999,2025-04-24 14:42:00,101,thai,11.8,suburbs_north,2.9,3,34.96,scooter,983,clear,19
703000,2025-04-24 15:06:00,83,salads,8.7,midtown,1.5,1,8,bike,443,,20
703001,2025-04-24 16:39:00,155,indian,14.5,suburbs_south,3.3,2,22.25,scooter,1024,heavy_rain,30
703002,2025-04-24 17:05:00,121,indian,13.9,suburbs_north,7.8,2,15.02,car,80,cloudy,35
703003,2025-04-24 17:17:00,46,indian,19.4,downtown,1.8,3,21.93,bike,336,cloudy,31
703004,2025-04-24 17:28:00,103,thai,16.4,midtown,4.2,1,15.5,car,,clear,27
703005,2025-04-24 18:03:00,47,mexican,14.1,downtown,2.2,5,52.88,scooter,132,clear,27
703006,2025-04-24 18:37:00,129,pizza,10.9,suburbs_north,2.1,2,27.61,scooter,506,cloudy,19
703007,2025-04-24 19:01:00,98,salads,11.1,midtown,1.4,8,78.14,car,1191,heavy_rain,29
703008,2025-04-24 19:13:00,40,pizza,18.4,midtown,2.8,3,42.25,scooter,133,clear,34
703009,2025-04-24 19:25:00,10,pizza,12.9,suburbs_north,4.7,1,8.43,car,226,clear,32
703010,2025-04-24 19:41:00,46,indian,19.4,downtown,2.2,4,60.72,scooter,187,cloudy,35
703012,2025-04-24 19:53:00,47,mexican,14.1,downtown,2.3,2,25.01,scooter,99,clear,28
703013,2025-04-24 19:55:00,21,pizza,17,midtown,2,6,80.45,bike,117,clear,41
703014,2025-04-24 20:32:00,121,indian,13.9,suburbs_north,5.4,6,83.96,bike,288,clear,46
703015,2025-04-24 20:51:00,37,pizza,17.5,midtown,2.2,2,31.62,scooter,26,rain,35
703016,2025-04-24 20:59:00,68,thai,11.9,uptown,1.2,1,9.95,car,32,clear,20
703017,2025-04-24 21:34:00,98,salads,11.1,midtown,1.2,6,72.28,scooter,251,clear,24
703018,2025-04-24 21:41:00,49,indian,14.4,uptown,6,5,52.59,scooter,524,clear,33
703020,2025-04-24 22:20:00,14,burgers,6.4,downtown,2.2,2,15.37,scooter,356,cloudy,15
703022,2025-04-24 22:27:00,46,indian,19.4,downtown,1.1,4,37.65,scooter,22,cloudy,29
703023,2025-04-24 22:38:00,80,chinese,16.1,downtown,1.6,3,42.13,bike,64,clear,29
703024,2025-04-24 22:44:00,86,chinese,11.8,suburbs_south,9.5,1,8,car,74,clear,37
703026,2025-04-24 22:56:00,137,thai,13.3,suburbs_north,2.7,2,24.55,car,147,clear,24
703027,2025-04-24 23:18:00,132,mexican,13.3,downtown,1.3,6,80.76,bike,128,cloudy,23
703028,2025-04-25 10:08:00,51,indian,17,downtown,2.7,3,23.26,scooter,,clear,24
703029,2025-04-25 10:13:00,88,burgers,8.9,suburbs_south,7.6,1,12.4,car,352,clear,31
703030,2025-04-25 10:25:00,2,thai,10.5,downtown,1.5,3,30.98,bike,72,rain,28
703031,2025-04-25 10:35:00,127,indian,15.6,downtown,1.1,2,14.25,car,46,clear,21
703032,2025-04-25 11:02:00,57,sushi,15.1,midtown,3.7,2,31.05,scooter,734,clear,37
703033,2025-04-25 11:05:00,82,salads,9.2,midtown,2.2,1,8,bike,229,clear,18
703034,2025-04-25 11:24:00,2,thai,10.5,downtown,2,6,85.83,bike,586,,26
703035,2025-04-25 11:38:00,46,indian,19.4,downtown,1.6,2,29.39,car,178,cloudy,35
703036,2025-04-25 12:12:00,131,indian,22.1,downtown,2,2,14.85,bike,1339,clear,32
703037,2025-04-25 12:18:00,129,pizza,10.9,suburbs_north,7.6,2,25.72,car,239,cloudy,37
703038,2025-04-25 13:05:00,78,mexican,9.1,downtown,2.1,1,9.52,scooter,809,rain,19
703040,2025-04-25 13:36:00,24,pizza,15.8,uptown,2.5,2,20.63,bike,50,clear,30
703041,2025-04-25 13:38:00,105,pizza,12.9,midtown,3.5,4,36,scooter,119,rain,32
703043,2025-04-25 13:53:00,144,chinese,7.6,midtown,1.9,1,12.47,scooter,206,cloudy,16
703044,2025-04-25 14:19:00,90,sushi,20.7,midtown,2.9,4,58.21,scooter,49,cloudy,33
703045,2025-04-25 14:34:00,6,sushi,16.8,midtown,3,3,45.92,scooter,55,rain,26
703048,2025-04-25 16:33:00,151,chinese,11.8,downtown,1.6,2,24.06,bike,84,,24
703051,2025-04-25 17:06:00,1,mexican,12.7,downtown,1,5,68.47,car,,clear,19
703053,2025-04-25 17:18:00,93,sushi,16.7,downtown,1,2,15.36,bike,33,cloudy,28
703054,2025-04-25 17:20:00,42,pizza,16.7,downtown,3.8,2,19.67,car,79,cloudy,26
703055,2025-04-25 17:20:00,50,salads,8.2,midtown,3.6,2,20.75,car,97,clear,18
703056,2025-04-25 17:59:00,85,pizza,11.8,uptown,4.6,5,36.13,bike,1325,clear,30
703057,2025-04-25 18:07:00,125,sushi,18.8,uptown,5.4,4,60.63,scooter,43,clear,50
703059,2025-04-25 18:25:00,6,sushi,16.8,midtown,3.8,3,34.56,bike,395,cloudy,42
703060,2025-04-25 18:25:00,118,thai,15.5,downtown,1.1,2,25.61,car,572,cloudy,22
703061,2025-04-25 18:29:00,82,salads,9.2,midtown,2.9,6,56.91,bike,226,clear,29
703062,2025-04-25 18:30:00,95,pizza,11.9,suburbs_south,7.8,1,13.09,scooter,151,clear,44
703063,2025-04-25 18:36:00,63,pizza,12.6,downtown,2.4,6,44.98,car,216,cloudy,32
703064,2025-04-25 18:40:00,100,pizza,12.8,uptown,2.5,2,15.74,bike,150,clear,34
703066,2025-04-25 18:50:00,4,pizza,14,suburbs_south,4.7,2,14.41,scooter,119,cloudy,39
703068,2025-04-25 19:01:00,56,thai,13,downtown,1.3,1,12.49,bike,395,,28
703069,2025-04-25 19:01:00,2,thai,10.5,downtown,1.1,1,15.12,car,159,clear,18
703070,2025-04-25 19:06:00,122,indian,20,midtown,2.2,3,28.95,scooter,8867,clear,40
703071,2025-04-25 19:18:00,144,chinese,7.6,midtown,1.6,1,14.31,car,219,clear,16
703072,2025-04-25 19:20:00,150,mexican,14.6,downtown,1.1,3,21.17,car,66,cloudy,28
703074,2025-04-25 19:24:00,48,mexican,8.8,midtown,2,3,46.21,bike,27,cloudy,26
703075,2025-04-25 20:05:00,91,salads,10.1,suburbs_south,7.1,2,14.79,car,51,clear,34
703076,2025-04-25 20:26:00,144,chinese,7.6,midtown,2.4,2,17.58,scooter,96,cloudy,23
703077,2025-04-25 20:36:00,126,pizza,12,midtown,4.5,4,32.13,car,1007,rain,35
703078,2025-04-25 20:48:00,22,mexican,9.1,suburbs_south,4.6,3,30.41,bike,345,clear,27
703079,2025-04-25 20:50:00,134,mexican,10.8,midtown,3,1,8,bike,43,clear,25
703080,2025-04-25 20:51:00,62,salads,6.7,downtown,1.7,2,30.28,car,29,clear,12
703081,2025-04-25 20:53:00,111,pizza,8.5,downtown,2.6,5,67.4,bike,179,clear,24
703082,2025-04-25 21:45:00,21,pizza,17,midtown,3,2,15.98,bike,35,clear,33
703083,2025-04-25 21:48:00,104,thai,11.5,suburbs_south,9.4,5,68.49,scooter,79,clear,52
703084,2025-04-25 22:22:00,98,salads,11.1,midtown,1.2,3,36.17,bike,589,clear,18
703087,2025-04-26 10:17:00,143,chinese,12.4,uptown,1.7,1,10.3,scooter,8,clear,18
703088,2025-04-26 11:08:00,29,salads,9.9,midtown,3.8,2,28.59,bike,2999,,32
703089,2025-04-26 11:36:00,4,pizza,14,suburbs_south,4.3,3,23.24,bike,30,clear,43
703090,2025-04-26 11:38:00,25,mexican,14.5,midtown,1.2,1,8.91,car,241,clear,20
703092,2025-04-26 12:13:00,56,thai,13,downtown,1.1,4,29.33,scooter,138,rain,25
703093,2025-04-26 12:17:00,23,burgers,11.6,downtown,1.1,3,25.41,scooter,446,heavy_rain,11
703094,2025-04-26 12:50:00,77,pizza,11.4,uptown,2.5,1,10.66,car,609,cloudy,22
703095,2025-04-26 13:10:00,22,mexican,9.1,suburbs_south,7.2,2,25.36,car,579,clear,26
703096,2025-04-26 14:13:00,24,pizza,15.8,uptown,1.8,7,97.93,bike,84,cloudy,34
703097,2025-04-26 14:33:00,135,sushi,20.5,downtown,1.4,2,18.01,bike,124,rain,32
703098,2025-04-26 15:08:00,135,sushi,20.5,downtown,2.2,1,15.18,car,98,clear,30
703100,2025-04-26 16:27:00,24,pizza,15.8,uptown,2.6,4,42.69,bike,212,clear,35
703101,2025-04-26 17:01:00,22,mexican,9.1,suburbs_south,8.9,5,46,car,59,clear,36
703103,2025-04-26 17:06:00,103,thai,16.4,midtown,1,5,50.15,bike,429,clear,25
703104,2025-04-26 17:25:00,61,thai,18,suburbs_north,7.8,1,9.83,scooter,124,heavy_rain,53
703105,2025-04-26 17:41:00,8,burgers,12.1,uptown,1.2,3,34,scooter,201,rain,23
703106,2025-04-26 18:09:00,68,thai,11.9,uptown,4.4,2,25.18,scooter,297,clear,32
703107,2025-04-26 18:12:00,43,chinese,12.4,uptown,2.9,2,15.07,scooter,679,clear,29
703110,2025-04-26 18:56:00,118,thai,15.5,downtown,2.5,4,45.53,bike,16,clear,37
703111,2025-04-26 18:58:00,53,thai,11.5,midtown,3.6,3,45.66,bike,792,clear,34
703112,2025-04-26 19:01:00,103,thai,16.4,midtown,4.6,4,61.81,bike,33,heavy_rain,57
703113,2025-04-26 19:12:00,135,sushi,20.5,downtown,2.3,4,45.84,bike,83,clear,45
703115,2025-04-26 19:36:00,22,mexican,9.1,suburbs_south,2.1,6,89.22,bike,206,clear,29
703116,2025-04-26 19:37:00,92,thai,7,uptown,2.6,1,15.9,bike,120,clear,20
703117,2025-04-26 19:49:00,144,chinese,7.6,midtown,2.6,5,54.56,bike,107,clear,21
703118,2025-04-26 19:59:00,64,mexican,11.6,suburbs_north,6.4,2,31.75,car,183,cloudy,40
703119,2025-04-26 20:03:00,136,salads,9.3,downtown,3.3,7,50.94,car,418,cloudy,32
703120,2025-04-26 20:16:00,47,mexican,14.1,downtown,2,2,27.31,bike,600,cloudy,30
703121,2025-04-26 20:23:00,79,salads,10,midtown,3.7,1,13.3,scooter,216,clear,22
703122,2025-04-26 20:52:00,66,sushi,18.7,midtown,2.2,1,13.75,bike,125,clear,40
703123,2025-04-26 20:54:00,126,pizza,12,midtown,2.8,2,26.96,car,,clear,24
703124,2025-04-26 20:58:00,142,indian,20.4,midtown,3.8,1,13.45,scooter,503,clear,39
703125,2025-04-26 21:13:00,126,pizza,12,midtown,2,3,44.55,car,1648,clear,15
703126,2025-04-26 21:24:00,53,thai,11.5,midtown,1.8,1,8.27,bike,649,clear,19
703127,2025-04-26 21:39:00,100,pizza,12.8,uptown,6.4,4,52.5,car,970,cloudy,25
703128,2025-04-26 22:05:00,14,burgers,6.4,downtown,1.2,4,48.75,scooter,25,clear,13
703130,2025-04-26 23:54:00,70,thai,14.2,suburbs_north,5.7,1,9.3,car,139,cloudy,36
703131,2025-04-26 23:56:00,144,chinese,7.6,midtown,2.4,5,41.11,scooter,28,cloudy,22
703132,2025-04-27 10:46:00,103,thai,16.4,midtown,3.6,1,8,bike,31,heavy_rain,50
703133,2025-04-27 10:57:00,81,sushi,17.4,downtown,1.8,2,20.95,car,20,clear,24
703134,2025-04-27 11:03:00,35,mexican,11.9,midtown,4.4,2,29.06,bike,19,cloudy,41
703135,2025-04-27 11:17:00,133,chinese,15.9,suburbs_north,5,3,39.9,scooter,537,clear,39
703138,2025-04-27 11:44:00,147,chinese,17.7,midtown,2.1,2,14.79,scooter,630,clear,29
703139,2025-04-27 11:54:00,27,thai,16.7,downtown,3.5,1,13.56,scooter,252,clear,40
703140,2025-04-27 12:05:00,108,mexican,10.1,suburbs_south,2.3,1,11.39,car,280,rain,24
703141,2025-04-27 12:06:00,74,thai,18.7,downtown,2.4,2,18.27,bike,616,clear,37
703142,2025-04-27 12:07:00,41,thai,19,downtown,0.8,3,39.02,scooter,22,clear,34
703143,2025-04-27 12:09:00,143,chinese,12.4,uptown,3,1,10.97,bike,1205,clear,26
703144,2025-04-27 12:18:00,139,indian,20.7,midtown,2.6,3,41.84,bike,785,cloudy,44
703146,2025-04-27 12:20:00,41,thai,19,downtown,3,8,102.01,scooter,171,clear,44
703147,2025-04-27 12:30:00,134,mexican,10.8,midtown,2.3,3,45.44,scooter,94,,25
703148,2025-04-27 12:50:00,117,pizza,16.2,suburbs_south,7.4,2,16.51,car,988,clear,47
703149,2025-04-27 13:03:00,82,salads,9.2,midtown,3.8,2,19.66,bike,706,cloudy,33
703150,2025-04-27 13:13:00,124,indian,17.6,downtown,3.3,6,81.86,bike,24,clear,48
703151,2025-04-27 13:29:00,129,pizza,10.9,suburbs_north,6.7,1,12.4,scooter,15,clear,35
703152,2025-04-27 13:54:00,148,indian,16.9,suburbs_north,10.8,4,33.05,scooter,74,clear,53
703154,2025-04-27 14:58:00,27,thai,16.7,downtown,1.1,3,25.87,bike,51,cloudy,26
703156,2025-04-27 15:49:00,141,thai,14.1,suburbs_north,7.2,2,16.12,car,229,clear,35
703157,2025-04-27 15:56:00,142,indian,20.4,midtown,2.9,3,41.86,bike,470,clear,38
703158,2025-04-27 16:42:00,139,indian,20.7,midtown,4.6,1,8,car,367,clear,37
703159,2025-04-27 17:45:00,30,salads,5,suburbs_south,9.7,1,13.71,car,36,rain,28
703161,2025-04-27 17:55:00,112,sushi,18.2,downtown,2.2,3,44.84,bike,48,clear,34
703162,2025-04-27 17:57:00,29,salads,9.9,midtown,2.4,5,68.76,bike,92,clear,26
703163,2025-04-27 18:00:00,88,burgers,8.9,suburbs_south,5.5,4,40.23,car,,clear,32
703164,2025-04-27 18:10:00,115,thai,13.4,downtown,1.6,5,35.03,scooter,43,,29
703165,2025-04-27 18:13:00,122,indian,20,midtown,2.4,1,10.07,bike,,clear,39
703166,2025-04-27 18:26:00,108,mexican,10.1,suburbs_south,4.8,1,8.83,car,156,clear,31
703167,2025-04-27 18:43:00,95,pizza,11.9,suburbs_south,9.7,1,10.08,car,30,clear,42
703168,2025-04-27 18:50:00,115,thai,13.4,downtown,1.1,5,70.46,car,142,cloudy,28
703169,2025-04-27 18:52:00,106,pizza,12.3,downtown,3.4,2,22.98,scooter,202,clear,29
703171,2025-04-27 19:24:00,10,pizza,12.9,suburbs_north,8.7,7,86.76,car,45,cloudy,46
703172,2025-04-27 19:29:00,106,pizza,12.3,downtown,2,3,39.95,scooter,71,heavy_rain,25
703173,2025-04-27 19:42:00,151,chinese,11.8,downtown,2.3,3,44.1,scooter,60,clear,27
703174,2025-04-27 19:46:00,50,salads,8.2,midtown,1.5,2,20.35,scooter,146,clear,21
703175,2025-04-27 19:56:00,111,pizza,8.5,downtown,2.2,3,32.54,car,67,clear,18
703176,2025-04-27 19:56:00,40,pizza,18.4,midtown,2.1,1,14.42,scooter,336,clear,35
703177,2025-04-27 20:01:00,62,salads,6.7,downtown,1.6,4,36.71,car,174,cloudy,19
703178,2025-04-27 20:21:00,87,burgers,6.5,downtown,1.6,2,30.08,car,78,clear,15
703180,2025-04-27 20:52:00,102,indian,17.4,uptown,4.6,4,44.5,bike,93,cloudy,51
703181,2025-04-27 21:21:00,113,mexican,13.2,midtown,2.3,6,93.43,bike,258,cloudy,28
703182,2025-04-27 21:58:00,31,sushi,14.7,midtown,3.4,2,19.11,bike,40,clear,32
703183,2025-04-27 22:18:00,9,thai,12.6,suburbs_south,3.3,3,37.39,bike,36,rain,36
703185,2025-04-28 10:52:00,54,salads,9.4,downtown,3.1,6,57.04,bike,51,heavy_rain,40
703186,2025-04-28 11:12:00,154,salads,8.5,midtown,3.2,5,46.82,bike,264,cloudy,28
703188,2025-04-28 11:59:00,74,thai,18.7,downtown,1.2,3,41.29,bike,29,,33
703189,2025-04-28 12:11:00,118,thai,15.5,downtown,1.6,7,96.15,bike,167,rain,35
703190,2025-04-28 12:14:00,114,chinese,12.4,suburbs_south,10.1,4,30.88,car,60,cloudy,43
703191,2025-04-28 12:15:00,117,pizza,16.2,suburbs_south,5.9,3,34.86,bike,90,cloudy,50
703193,2025-04-28 12:31:00,11,indian,20.4,uptown,4.3,2,26.21,scooter,966,heavy_rain,41
703195,2025-04-28 12:51:00,29,salads,9.9,midtown,4.1,5,40.46,bike,29,cloudy,33
703197,2025-04-28 13:13:00,119,indian,16.8,suburbs_south,2.6,1,9.36,car,1375,cloudy,31
703198,2025-04-28 13:21:00,157,burgers,16.3,suburbs_south,2.9,2,20.44,scooter,355,cloudy,29
703199,2025-04-28 13:31:00,134,mexican,10.8,midtown,2.7,5,60.81,car,,clear,27
703201,2025-04-28 13:48:00,157,burgers,16.3,suburbs_south,6,2,15.38,bike,341,clear,48
703202,2025-04-28 15:31:00,123,salads,7.7,uptown,3.4,2,17.67,scooter,478,clear,19
703203,2025-04-28 15:38:00,137,thai,13.3,suburbs_north,6.5,1,9.49,scooter,352,clear,36
703204,2025-04-28 15:46:00,36,burgers,11.8,downtown,1.1,4,59.62,bike,267,clear,19
703206,2025-04-28 17:16:00,76,mexican,10,uptown,2.1,4,32.85,car,106,cloudy,18
703207,2025-04-28 17:32:00,98,salads,11.1,midtown,4.2,2,31.26,scooter,96,clear,28
703208,2025-04-28 18:02:00,70,thai,14.2,suburbs_north,10.9,2,27.92,car,665,clear,47
703209,2025-04-28 18:10:00,156,salads,12.7,downtown,1.4,2,30.45,car,66,cloudy,19
703210,2025-04-28 18:17:00,136,salads,9.3,downtown,1.4,5,73.55,scooter,45,cloudy,24
703212,2025-04-28 18:21:00,29,salads,9.9,midtown,1.7,5,71.93,bike,129,cloudy,21
703214,2025-04-28 19:04:00,2,thai,10.5,downtown,2.1,2,20.57,bike,30,clear,24
703216,2025-04-28 19:10:00,89,sushi,22.3,suburbs_north,6.1,6,75.13,scooter,,clear,49
703217,2025-04-28 19:12:00,128,chinese,6.8,uptown,5.9,1,11.82,scooter,2806,clear,28
703218,2025-04-28 19:42:00,32,thai,16.7,uptown,3,2,20.1,bike,233,clear,32
703219,2025-04-28 19:48:00,64,mexican,11.6,suburbs_north,6.6,1,15.84,scooter,1483,clear,36
703220,2025-04-28 19:48:00,7,thai,17.1,midtown,3.9,1,13.48,scooter,469,cloudy,34
703221,2025-04-28 19:50:00,89,sushi,22.3,suburbs_north,6.4,6,78.78,car,816,cloudy,48
703222,2025-04-28 19:56:00,48,mexican,8.8,midtown,1.1,2,26.58,scooter,34,heavy_rain,17
703223,2025-04-28 19:59:00,77,pizza,11.4,uptown,4.6,5,61.16,car,2154,clear,28
703224,2025-04-28 20:17:00,71,burgers,14.5,uptown,2.4,2,23.62,car,106,clear,25
703225,2025-04-28 20:43:00,120,pizza,12.2,downtown,3.4,2,25.14,car,395,clear,33
703226,2025-04-28 21:05:00,118,thai,15.5,downtown,1.6,1,8,bike,236,clear,19
703227,2025-04-28 21:47:00,142,indian,20.4,midtown,2.8,2,26.55,car,68,clear,28
703228,2025-04-28 22:18:00,40,pizza,18.4,midtown,1.9,5,56.72,car,39,heavy_rain,28
703229,2025-04-28 22:23:00,88,burgers,8.9,suburbs_south,4,3,36.81,bike,57,heavy_rain,40
703230,2025-04-28 23:12:00,155,indian,14.5,suburbs_south,10.9,3,36.51,scooter,114,clear,52
703231,2025-04-29 10:00:00,155,indian,14.5,suburbs_south,9.9,2,25.85,scooter,183,cloudy,53
703232,2025-04-29 10:02:00,140,chinese,17.8,downtown,1,2,19.91,bike,128,rain,28
703233,2025-04-29 10:20:00,144,chinese,7.6,midtown,3.7,1,9.96,bike,105,heavy_rain,36
703234,2025-04-29 11:16:00,155,indian,14.5,suburbs_south,3.8,3,34.08,bike,40,cloudy,44
703236,2025-04-29 11:19:00,25,mexican,14.5,midtown,3.1,2,26.44,car,545,heavy_rain,32
703237,2025-04-29 11:19:00,21,pizza,17,midtown,3.1,4,29.78,bike,18,cloudy,38
703238,2025-04-29 11:43:00,58,indian,21.6,uptown,6.1,1,9.04,car,122,clear,37
703239,2025-04-29 11:44:00,122,indian,20,midtown,3.2,2,21.65,bike,132,clear,34
703240,2025-04-29 11:55:00,96,thai,15.7,downtown,3.1,4,38.13,bike,968,rain,39
703242,2025-04-29 12:08:00,61,thai,18,suburbs_north,7.5,6,70.72,scooter,262,clear,46
703243,2025-04-29 12:18:00,2,thai,10.5,downtown,1.5,3,42.46,bike,195,cloudy,20
703244,2025-04-29 12:19:00,149,thai,15.5,downtown,1.6,4,47.71,car,291,clear,35
703245,2025-04-29 12:22:00,77,pizza,11.4,uptown,3.1,1,15.87,scooter,57,rain,20
703246,2025-04-29 12:44:00,149,thai,15.5,downtown,1.8,1,11.1,bike,198,clear,26
703247,2025-04-29 12:49:00,110,thai,12.5,suburbs_north,8.8,1,15.92,scooter,,rain,40
703248,2025-04-29 12:53:00,90,sushi,20.7,midtown,3.2,2,31.03,car,149,clear,33
703249,2025-04-29 13:22:00,109,burgers,10,downtown,2.4,1,13.82,bike,130,heavy_rain,27
703250,2025-04-29 13:48:00,13,indian,15.1,downtown,2,2,21.24,bike,27,clear,31
703251,2025-04-29 13:56:00,71,burgers,14.5,uptown,4,2,23.22,car,316,cloudy,29
703252,2025-04-29 13:57:00,160,salads,5,uptown,4.4,3,32.03,bike,1545,cloudy,20
703253,2025-04-29 13:58:00,130,mexican,15.3,downtown,1.6,3,40.84,scooter,558,cloudy,28
703254,2025-04-29 14:32:00,80,chinese,16.1,downtown,3.5,1,15.37,scooter,297,cloudy,33
703255,2025-04-29 15:11:00,73,pizza,10.6,midtown,3.4,2,17.08,bike,735,clear,29
703256,2025-04-29 16:21:00,40,pizza,18.4,midtown,2,3,39.99,scooter,237,clear,31
703257,2025-04-29 16:25:00,20,mexican,9.2,midtown,1.1,2,18.73,bike,48,cloudy,18
703258,2025-04-29 17:00:00,70,thai,14.2,suburbs_north,5.1,2,26.36,car,,cloudy,28
703259,2025-04-29 17:14:00,81,sushi,17.4,downtown,1.9,3,37.03,scooter,400,clear,23
703260,2025-04-29 17:14:00,159,pizza,15,uptown,5.1,3,29.42,scooter,29,cloudy,37
703261,2025-04-29 17:16:00,40,pizza,18.4,midtown,3.7,1,12.32,bike,,clear,33
703263,2025-04-29 17:31:00,133,chinese,15.9,suburbs_north,5.4,2,24.7,car,7,clear,133
703264,2025-04-29 18:02:00,123,salads,7.7,uptown,3.2,2,25.6,scooter,88,cloudy,23
703265,2025-04-29 18:14:00,49,indian,14.4,uptown,6,5,60.34,bike,2433,clear,50
703266,2025-04-29 18:15:00,141,thai,14.1,suburbs_north,5.7,2,29.28,scooter,82,clear,36
703267,2025-04-29 18:26:00,73,pizza,10.6,midtown,2.9,2,30.49,car,82,clear,26
703268,2025-04-29 18:30:00,47,mexican,14.1,downtown,2,2,31.55,scooter,487,cloudy,26
703271,2025-04-29 18:58:00,139,indian,20.7,midtown,1.4,1,13.72,scooter,54,cloudy,37
703273,2025-04-29 19:15:00,119,indian,16.8,suburbs_south,8.1,1,13.53,scooter,216,clear,45
703274,2025-04-29 19:32:00,133,chinese,15.9,suburbs_north,10.8,5,58.93,scooter,27,cloudy,69
703276,2025-04-29 19:45:00,135,sushi,20.5,downtown,2,2,27.03,scooter,38,clear,27
703278,2025-04-29 20:05:00,135,sushi,20.5,downtown,2,1,10.62,bike,87,rain,44
703279,2025-04-29 20:08:00,1,mexican,12.7,downtown,2.2,3,24.34,scooter,612,cloudy,27
703280,2025-04-29 21:07:00,41,thai,19,downtown,2.1,3,24.71,bike,18,clear,29
703281,2025-04-29 21:33:00,159,pizza,15,uptown,3.7,2,16.43,scooter,97,clear,30
703282,2025-04-29 21:38:00,4,pizza,14,suburbs_south,6.7,2,28.27,scooter,,clear,37
703283,2025-04-29 21:48:00,37,pizza,17.5,midtown,4.9,3,34.84,scooter,83,cloudy,38
703284,2025-04-29 21:48:00,62,salads,6.7,downtown,1.3,2,29.66,scooter,190,clear,9
703286,2025-04-29 22:39:00,57,sushi,15.1,midtown,2.3,2,14.3,car,2330,clear,25
703287,2025-04-29 23:27:00,32,thai,16.7,uptown,4.2,3,44.58,bike,225,cloudy,34
703288,2025-04-30 10:39:00,99,thai,13.4,midtown,2.7,2,18.18,bike,36,clear,34
703289,2025-04-30 11:04:00,23,burgers,11.6,downtown,1.7,3,42.95,car,141,clear,27
703290,2025-04-30 11:04:00,147,chinese,17.7,midtown,1.3,3,31.94,bike,299,clear,29
703292,2025-04-30 11:11:00,121,indian,13.9,suburbs_north,11.2,2,30.07,car,130,clear,46
703293,2025-04-30 11:16:00,70,thai,14.2,suburbs_north,9.7,1,14.8,car,164,clear,44
703294,2025-04-30 11:37:00,21,pizza,17,midtown,3.9,3,43.59,scooter,35,clear,37
703295,2025-04-30 11:47:00,129,pizza,10.9,suburbs_north,8.1,4,38.3,car,316,,39
703296,2025-04-30 11:50:00,101,thai,11.8,suburbs_north,11.4,3,47.08,car,94,clear,50
703297,2025-04-30 12:05:00,33,sushi,21.1,midtown,2.7,2,23.98,bike,611,cloudy,38
703298,2025-04-30 12:09:00,79,salads,10,midtown,2,2,27.73,bike,551,heavy_rain,29
703300,2025-04-30 12:45:00,117,pizza,16.2,suburbs_south,5.9,1,9.1,scooter,279,heavy_rain,42
703301,2025-04-30 12:59:00,125,sushi,18.8,uptown,1.8,5,52.01,bike,385,rain,39
703302,2025-04-30 13:44:00,59,pizza,11.7,suburbs_south,12.6,2,15.92,car,641,clear,47
703303,2025-04-30 13:46:00,131,indian,22.1,downtown,1.2,2,16.32,scooter,263,clear,33
703304,2025-04-30 14:03:00,150,mexican,14.6,downtown,0.6,3,27.06,car,240,clear,15
703305,2025-04-30 14:21:00,15,indian,18.1,midtown,2.4,1,12.71,scooter,190,clear,32
703306,2025-04-30 14:26:00,103,thai,16.4,midtown,1.8,4,36.3,bike,614,rain,24
703307,2025-04-30 14:43:00,123,salads,7.7,uptown,3.6,1,15.32,scooter,403,clear,21
703309,2025-04-30 16:15:00,125,sushi,18.8,uptown,5.1,2,20.92,scooter,60,clear,36
703310,2025-04-30 16:36:00,150,mexican,14.6,downtown,2.2,2,23.12,car,22,cloudy,19
703311,2025-04-30 17:13:00,117,pizza,16.2,suburbs_south,8.9,8,115.15,car,560,rain,47
703312,2025-04-30 17:24:00,54,salads,9.4,downtown,1.3,2,23.51,car,77,cloudy,23
703314,2025-04-30 17:29:00,116,sushi,16.4,downtown,2.1,3,28.35,bike,179,heavy_rain,35
703315,2025-04-30 17:33:00,23,burgers,11.6,downtown,1.9,3,41.84,scooter,21,clear,22
703316,2025-04-30 18:09:00,16,salads,7.8,uptown,5.8,5,60.97,scooter,66,clear,35
703317,2025-04-30 18:13:00,155,indian,14.5,suburbs_south,7.9,3,33.87,car,586,cloudy,42
703318,2025-04-30 18:27:00,20,mexican,9.2,midtown,5.5,2,20.6,bike,112,rain,44
703319,2025-04-30 18:37:00,117,pizza,16.2,suburbs_south,9.9,7,97.03,car,51,clear,53
703320,2025-04-30 18:44:00,42,pizza,16.7,downtown,1.4,2,26.32,car,317,rain,29
703321,2025-04-30 18:44:00,48,mexican,8.8,midtown,4,2,22.87,scooter,322,clear,27
703322,2025-04-30 19:09:00,140,chinese,17.8,downtown,2.3,3,39.21,scooter,320,clear,29
703323,2025-04-30 19:16:00,56,thai,13,downtown,2,2,22.87,car,78,rain,30
703324,2025-04-30 19:19:00,123,salads,7.7,uptown,5.3,3,36,scooter,91,cloudy,27
703325,2025-04-30 19:21:00,97,chinese,16.1,uptown,2.5,2,19.68,bike,658,clear,35
703326,2025-04-30 19:22:00,28,indian,19.5,downtown,2.3,5,79.91,car,689,clear,34
703327,2025-04-30 19:25:00,50,salads,8.2,midtown,3.8,2,14.16,bike,681,cloudy,32
703328,2025-04-30 19:34:00,135,sushi,20.5,downtown,1.8,2,27.12,bike,37,clear,31
703329,2025-04-30 19:34:00,35,mexican,11.9,midtown,1.6,6,75.15,scooter,104,,21
703330,2025-04-30 20:06:00,77,pizza,11.4,uptown,5.8,2,26.49,scooter,813,clear,28
703331,2025-04-30 20:11:00,115,thai,13.4,downtown,2.7,3,25.8,car,199,rain,29
703332,2025-04-30 20:33:00,145,pizza,12.3,suburbs_south,5.1,6,53.65,scooter,215,cloudy,33
703333,2025-04-30 20:36:00,93,sushi,16.7,downtown,1.9,1,10.08,car,188,heavy_rain,28
703334,2025-04-30 21:42:00,131,indian,22.1,downtown,0.8,2,24.7,scooter,871,clear,24
703335,2025-04-30 21:54:00,89,sushi,22.3,suburbs_north,7.9,2,24.7,car,230,clear,47
703336,2025-04-30 22:31:00,78,mexican,9.1,downtown,1.8,3,26.22,scooter,749,cloudy,14
703337,2025-04-30 22:45:00,69,salads,8.8,midtown,2.6,6,47.3,scooter,1185,clear,20
703339,2025-05-01 10:40:00,152,indian,18,suburbs_north,9.2,5,69.52,car,367,clear,41
703340,2025-05-01 11:06:00,86,chinese,11.8,suburbs_south,6.3,2,29.26,car,1187,clear,28
703341,2025-05-01 11:23:00,10,pizza,12.9,suburbs_north,5.2,4,49.81,scooter,665,clear,38
703342,2025-05-01 11:23:00,58,indian,21.6,uptown,1.8,2,23.27,scooter,51,clear,38
703343,2025-05-01 11:53:00,57,sushi,15.1,midtown,1.7,8,61.41,scooter,107,clear,27
703344,2025-05-01 11:56:00,132,mexican,13.3,downtown,1.5,1,12.1,scooter,191,clear,20
703345,2025-05-01 11:57:00,50,salads,8.2,midtown,2.8,4,63.08,scooter,115,clear,20
703346,2025-05-01 12:02:00,130,mexican,15.3,downtown,1.4,6,81.17,bike,43,cloudy,34
703347,2025-05-01 12:05:00,27,thai,16.7,downtown,2.8,2,18.64,car,254,clear,39
703348,2025-05-01 12:17:00,35,mexican,11.9,midtown,3,4,30.14,car,871,clear,21
703349,2025-05-01 12:18:00,37,pizza,17.5,midtown,2.6,7,104.18,bike,579,clear,40
703350,2025-05-01 12:20:00,130,mexican,15.3,downtown,1,5,73.24,bike,100,clear,34
703351,2025-05-01 12:21:00,68,thai,11.9,uptown,2.8,1,9.61,scooter,300,clear,22
703352,2025-05-01 12:22:00,47,mexican,14.1,downtown,3,2,29.4,scooter,94,clear,26
703353,2025-05-01 12:35:00,2,thai,10.5,downtown,0.8,4,44.41,scooter,16,clear,21
703355,2025-05-01 12:39:00,54,salads,9.4,downtown,1,1,13.25,car,193,clear,18
703356,2025-05-01 12:40:00,59,pizza,11.7,suburbs_south,9.1,1,8.24,car,25,rain,44
703357,2025-05-01 12:43:00,65,thai,16.7,uptown,2.8,4,53.51,bike,358,clear,37
703358,2025-05-01 12:45:00,13,indian,15.1,downtown,1.7,8,100.04,bike,110,cloudy,31
703359,2025-05-01 12:56:00,117,pizza,16.2,suburbs_south,7.6,3,36.13,car,35,clear,39
703360,2025-05-01 13:09:00,63,pizza,12.6,downtown,1.6,5,79.32,car,10,cloudy,33
703361,2025-05-01 13:16:00,160,salads,5,uptown,4.6,3,24.92,car,1273,rain,23
703362,2025-05-01 13:21:00,137,thai,13.3,suburbs_north,10.3,3,33.05,scooter,151,clear,48
703363,2025-05-01 13:24:00,99,thai,13.4,midtown,2.7,2,26.95,car,,clear,27
703364,2025-05-01 13:27:00,71,burgers,14.5,uptown,2,5,40.92,bike,145,clear,29
703365,2025-05-01 13:40:00,111,pizza,8.5,downtown,2.4,3,36.56,scooter,,cloudy,16
703366,2025-05-01 13:42:00,36,burgers,11.8,downtown,3,3,45.84,car,149,clear,33
703367,2025-05-01 14:18:00,106,pizza,12.3,downtown,2.5,3,34.84,scooter,33,cloudy,25
703368,2025-05-01 14:34:00,11,indian,20.4,uptown,4.2,2,31.93,scooter,411,clear,40
703369,2025-05-01 15:17:00,79,salads,10,midtown,2.9,1,14.45,bike,483,cloudy,22
703370,2025-05-01 15:27:00,1,mexican,12.7,downtown,1.5,3,44.34,car,261,cloudy,22
703371,2025-05-01 15:30:00,54,salads,9.4,downtown,1,1,9.05,bike,64,cloudy,14
703372,2025-05-01 15:58:00,40,pizza,18.4,midtown,2.8,1,13.21,bike,47,rain,41
703373,2025-05-01 16:43:00,89,sushi,22.3,suburbs_north,7.6,5,46.74,scooter,100,cloudy,48
703374,2025-05-01 17:31:00,111,pizza,8.5,downtown,2.5,2,23.8,scooter,1243,heavy_rain,22
703375,2025-05-01 17:39:00,11,indian,20.4,uptown,3.2,2,22.67,scooter,41,cloudy,36
703376,2025-05-01 17:50:00,46,indian,19.4,downtown,2.6,5,50.3,scooter,81,clear,36
703377,2025-05-01 17:53:00,76,mexican,10,uptown,3.3,1,13.67,bike,62,heavy_rain,33
703378,2025-05-01 18:17:00,122,indian,20,midtown,2.3,7,105.11,scooter,209,clear,42
703379,2025-05-01 18:25:00,152,indian,18,suburbs_north,6.2,6,85.55,car,635,cloudy,36
703381,2025-05-01 18:37:00,137,thai,13.3,suburbs_north,4.7,4,31.58,car,215,clear,32
703382,2025-05-01 18:38:00,54,salads,9.4,downtown,0.9,1,10.8,bike,13,cloudy,24
703383,2025-05-01 18:59:00,17,thai,9.8,uptown,3.5,2,24.73,scooter,30,rain,26
703384,2025-05-01 19:02:00,62,salads,6.7,downtown,1.4,1,12.44,scooter,9,clear,17
703385,2025-05-01 19:03:00,97,chinese,16.1,uptown,3.5,6,59.71,scooter,42,clear,35
703386,2025-05-01 19:11:00,44,indian,21,midtown,1.4,1,11.71,scooter,613,rain,27
703388,2025-05-01 19:27:00,131,indian,22.1,downtown,1.6,3,41.02,scooter,87,cloudy,31
703389,2025-05-01 19:33:00,89,sushi,22.3,suburbs_north,7.9,1,9.76,car,96,cloudy,50
703390,2025-05-01 19:44:00,47,mexican,14.1,downtown,1.8,8,117.35,scooter,8,rain,37
703392,2025-05-01 20:10:00,8,burgers,12.1,uptown,6.1,2,24.47,car,,clear,34
703394,2025-05-01 20:36:00,130,mexican,15.3,downtown,1.1,3,36.32,scooter,42,rain,25
703395,2025-05-01 21:20:00,120,pizza,12.2,downtown,2.9,2,26.32,car,33,clear,28
703397,2025-05-01 21:34:00,136,salads,9.3,downtown,1,1,8,bike,42,,17
703398,2025-05-01 22:23:00,109,burgers,10,downtown,1.2,3,43.53,bike,289,cloudy,21
703399,2025-05-02 10:25:00,78,mexican,9.1,downtown,2.1,4,60.45,scooter,1383,heavy_rain,24
703400,2025-05-02 11:28:00,67,chinese,17.8,uptown,1.7,1,14.71,bike,203,clear,29
703401,2025-05-02 11:48:00,22,mexican,9.1,suburbs_south,7.9,1,10.24,car,20,cloudy,43
703402,2025-05-02 12:01:00,33,sushi,21.1,midtown,2.8,5,38.24,scooter,17,clear,44
703403,2025-05-02 12:15:00,102,indian,17.4,uptown,2.9,6,94.55,scooter,230,,41
703404,2025-05-02 12:15:00,68,thai,11.9,uptown,3.9,3,37.28,bike,1989,cloudy,28
703407,2025-05-02 12:37:00,120,pizza,12.2,downtown,2,2,29.22,bike,2184,clear,27
703408,2025-05-02 12:42:00,88,burgers,8.9,suburbs_south,7.7,3,30.17,car,32,cloudy,43
703409,2025-05-02 12:43:00,97,chinese,16.1,uptown,3.9,2,17.09,bike,24,clear,36
703410,2025-05-02 12:45:00,155,indian,14.5,suburbs_south,10.8,2,20.58,car,196,,36
703412,2025-05-02 12:54:00,105,pizza,12.9,midtown,4,1,9.95,scooter,38,cloudy,28
703413,2025-05-02 13:26:00,13,indian,15.1,downtown,1.3,2,27.77,bike,182,rain,32
703414,2025-05-02 13:51:00,18,indian,20.8,suburbs_south,10.6,4,46.63,car,159,clear,57
703415,2025-05-02 13:59:00,32,thai,16.7,uptown,2,3,37.21,bike,18,clear,30
703416,2025-05-02 14:47:00,34,mexican,12.2,midtown,2.6,1,12.23,car,43,cloudy,17
703417,2025-05-02 15:18:00,25,mexican,14.5,midtown,4.4,3,47.98,scooter,417,clear,30
703419,2025-05-02 16:37:00,120,pizza,12.2,downtown,0.7,3,23.48,scooter,1065,rain,11
703421,2025-05-02 16:58:00,60,chinese,10.4,suburbs_north,3.8,2,30.1,scooter,147,cloudy,21
703422,2025-05-02 17:17:00,76,mexican,10,uptown,1.9,1,12.87,scooter,120,clear,18
703423,2025-05-02 17:25:00,25,mexican,14.5,midtown,4.2,2,25.96,car,572,clear,29
703424,2025-05-02 17:32:00,62,salads,6.7,downtown,1.8,1,14.17,scooter,644,clear,21
703425,2025-05-02 17:33:00,119,indian,16.8,suburbs_south,5.7,4,38.22,scooter,233,clear,38
703426,2025-05-02 17:46:00,56,thai,13,downtown,1.8,2,30.2,bike,340,clear,26
703427,2025-05-02 17:57:00,5,mexican,12.4,uptown,2.3,4,59.28,bike,364,cloudy,26
703428,2025-05-02 18:02:00,4,pizza,14,suburbs_south,3.9,2,20.48,scooter,139,clear,30
703429,2025-05-02 18:13:00,22,mexican,9.1,suburbs_south,7.7,3,31.99,car,,clear,37
703430,2025-05-02 18:14:00,78,mexican,9.1,downtown,2.3,1,10.64,bike,16,cloudy,22
703431,2025-05-02 18:17:00,20,mexican,9.2,midtown,3,3,39.75,bike,123,clear,26
703433,2025-05-02 18:43:00,30,salads,5,suburbs_south,8,2,21.71,car,92,clear,29
703434,2025-05-02 18:48:00,10,pizza,12.9,suburbs_north,3.3,1,8.25,bike,140,clear,29
703436,2025-05-02 19:12:00,57,sushi,15.1,midtown,3.3,4,43.93,bike,102,clear,39
703437,2025-05-02 19:24:00,117,pizza,16.2,suburbs_south,4.2,1,11.57,scooter,199,cloudy,35
703440,2025-05-02 19:37:00,96,thai,15.7,downtown,1.5,5,54.6,bike,,cloudy,30
703442,2025-05-02 20:20:00,160,salads,5,uptown,5.5,2,24.37,bike,33,clear,29
703443,2025-05-02 20:30:00,144,chinese,7.6,midtown,2.3,2,22.24,scooter,544,clear,23
703444,2025-05-02 20:36:00,53,thai,11.5,midtown,1.8,6,61.44,bike,214,clear,31
703445,2025-05-02 20:49:00,36,burgers,11.8,downtown,2.1,4,63.35,scooter,127,cloudy,29
703446,2025-05-02 20:51:00,142,indian,20.4,midtown,3.6,3,28.95,bike,6897,clear,37
703448,2025-05-02 21:10:00,112,sushi,18.2,downtown,2.7,2,15.61,car,1192,clear,29
703449,2025-05-02 21:10:00,63,pizza,12.6,downtown,2.5,2,16.9,scooter,,clear,20
703450,2025-05-02 21:14:00,34,mexican,12.2,midtown,1,2,30.37,bike,411,clear,21
703451,2025-05-02 21:24:00,38,pizza,16.9,midtown,1.6,3,26.31,car,9,clear,22
703452,2025-05-02 21:42:00,156,salads,12.7,downtown,1,5,77.39,bike,287,clear,24
703454,2025-05-02 22:42:00,142,indian,20.4,midtown,4.4,6,88.53,bike,336,clear,40
703455,2025-05-03 10:54:00,120,pizza,12.2,downtown,2.9,5,66.14,car,74,clear,30
703456,2025-05-03 11:03:00,138,thai,16.2,uptown,2.1,3,34.74,bike,173,clear,36
703457,2025-05-03 11:25:00,31,sushi,14.7,midtown,1.7,1,13.09,scooter,66,clear,30
703458,2025-05-03 11:36:00,139,indian,20.7,midtown,1.5,2,31.05,scooter,529,cloudy,34
703459,2025-05-03 12:04:00,127,indian,15.6,downtown,3.2,8,66.34,bike,119,cloudy,44
703460,2025-05-03 12:11:00,24,pizza,15.8,uptown,3.9,4,51.19,bike,139,cloudy,45
703461,2025-05-03 12:13:00,116,sushi,16.4,downtown,2.7,6,58.72,bike,4,cloudy,42
703462,2025-05-03 12:25:00,159,pizza,15,uptown,4.9,2,27.57,scooter,56,clear,40
703463,2025-05-03 12:26:00,43,chinese,12.4,uptown,4.5,2,28.85,bike,55,heavy_rain,51
703465,2025-05-03 12:38:00,85,pizza,11.8,uptown,5.9,2,27.05,car,53,clear,34
703467,2025-05-03 13:23:00,3,pizza,20.9,suburbs_north,6.7,2,22.21,car,54,clear,45
703470,2025-05-03 13:35:00,91,salads,10.1,suburbs_south,9.4,4,34.84,car,126,cloudy,40
703471,2025-05-03 13:40:00,153,salads,5,suburbs_south,6.9,1,10.46,car,235,rain,32
703472,2025-05-03 14:15:00,100,pizza,12.8,uptown,2.4,1,11.58,car,73,clear,19
703473,2025-05-03 14:31:00,151,chinese,11.8,downtown,1.6,2,31.16,bike,72,cloudy,23
703474,2025-05-03 15:43:00,151,chinese,11.8,downtown,2.6,2,21.85,scooter,531,,22
703475,2025-05-03 15:52:00,88,burgers,8.9,suburbs_south,7.5,2,27.96,scooter,259,clear,33
703476,2025-05-03 16:25:00,94,sushi,20.2,downtown,1.6,2,14.23,car,91,clear,27
703477,2025-05-03 16:39:00,99,thai,13.4,midtown,1.9,1,10.76,scooter,117,clear,24
703478,2025-05-03 17:12:00,22,mexican,9.1,suburbs_south,5.7,1,12.32,scooter,101,clear,30
703479,2025-05-03 17:32:00,108,mexican,10.1,suburbs_south,5.1,1,14.74,scooter,114,clear,26
703480,2025-05-03 17:36:00,46,indian,19.4,downtown,2,2,28.11,bike,51,clear,37
703481,2025-05-03 18:12:00,22,mexican,9.1,suburbs_south,3.8,2,31.63,scooter,23,,25
703483,2025-05-03 18:30:00,110,thai,12.5,suburbs_north,2.8,2,16.82,bike,20,clear,29
703484,2025-05-03 18:35:00,103,thai,16.4,midtown,2.2,2,27.67,bike,162,clear,29
703485,2025-05-03 18:37:00,49,indian,14.4,uptown,4.4,3,21.7,scooter,286,clear,30
703486,2025-05-03 18:54:00,133,chinese,15.9,suburbs_north,8.2,1,8,scooter,115,clear,46
703487,2025-05-03 19:00:00,19,chinese,10.6,downtown,3.3,2,17.52,car,190,clear,33
703488,2025-05-03 19:00:00,140,chinese,17.8,downtown,2.7,3,44.17,car,57,clear,40
703489,2025-05-03 19:11:00,140,chinese,17.8,downtown,2.1,1,11.85,scooter,128,cloudy,34
703491,2025-05-03 19:36:00,51,indian,17,downtown,1.3,8,87.73,scooter,380,rain,34
703493,2025-05-03 19:52:00,42,pizza,16.7,downtown,1.4,3,28.02,scooter,328,clear,28
703494,2025-05-03 20:29:00,136,salads,9.3,downtown,1.6,4,28.78,scooter,72,clear,25
703496,2025-05-03 22:04:00,34,mexican,12.2,midtown,2.7,4,51.33,scooter,164,cloudy,22
703497,2025-05-03 22:57:00,146,thai,14.2,uptown,4.9,2,18.22,scooter,4,cloudy,35
703498,2025-05-04 10:59:00,130,mexican,15.3,downtown,1.7,1,12.09,bike,169,heavy_rain,32
703499,2025-05-04 11:24:00,98,salads,11.1,midtown,3.4,1,15.66,bike,71,heavy_rain,35
703502,2025-05-04 12:15:00,108,mexican,10.1,suburbs_south,2.8,3,45.76,car,353,clear,22
703503,2025-05-04 12:15:00,15,indian,18.1,midtown,1.5,1,10.69,car,59,heavy_rain,26
703506,2025-05-04 12:55:00,60,chinese,10.4,suburbs_north,3,1,13.26,scooter,2269,clear,24
703507,2025-05-04 13:04:00,29,salads,9.9,midtown,2.5,3,29.39,car,439,cloudy,70
703508,2025-05-04 13:21:00,38,pizza,16.9,midtown,1.8,8,84.53,bike,368,rain,41
703509,2025-05-04 13:23:00,8,burgers,12.1,uptown,5.7,2,21.1,scooter,596,clear,38
703511,2025-05-04 13:58:00,81,sushi,17.4,downtown,2.2,1,8,scooter,257,clear,29
703513,2025-05-04 14:59:00,35,mexican,11.9,midtown,1.9,2,25.66,bike,528,rain,23
703514,2025-05-04 15:34:00,90,sushi,20.7,midtown,3.4,2,24.19,bike,957,clear,35
703517,2025-05-04 17:18:00,51,indian,17,downtown,1,3,26.8,car,101,rain,28
703518,2025-05-04 17:32:00,107,sushi,18,suburbs_south,7,6,75.13,car,,cloudy,43
703519,2025-05-04 17:36:00,136,salads,9.3,downtown,2.2,2,14.54,car,155,cloudy,19
703521,2025-05-04 17:54:00,142,indian,20.4,midtown,3.7,3,36.79,scooter,513,rain,36
703522,2025-05-04 18:05:00,146,thai,14.2,uptown,4.5,1,11.82,bike,333,clear,35
703524,2025-05-04 18:22:00,106,pizza,12.3,downtown,2.2,4,56.19,car,1516,clear,21
703526,2025-05-04 19:03:00,31,sushi,14.7,midtown,2.8,3,28.91,bike,17,rain,41
703527,2025-05-04 19:08:00,50,salads,8.2,midtown,3.8,6,72.01,car,37,clear,27
703528,2025-05-04 19:09:00,102,indian,17.4,uptown,3.7,6,90.62,car,1067,clear,37
703529,2025-05-04 19:17:00,124,indian,17.6,downtown,2.2,1,10.65,scooter,305,cloudy,36
703530,2025-05-04 19:23:00,84,chinese,11.5,suburbs_south,4.7,4,37.23,bike,155,cloudy,39
703531,2025-05-04 19:24:00,127,indian,15.6,downtown,2.4,1,13.87,bike,1722,clear,30
703533,2025-05-04 19:31:00,56,thai,13,downtown,2.7,2,20.09,bike,536,clear,27
703534,2025-05-04 19:44:00,10,pizza,12.9,suburbs_north,7.2,2,30.41,car,89,clear,38
703535,2025-05-04 19:46:00,40,pizza,18.4,midtown,4.7,1,8,car,2083,clear,41
703536,2025-05-04 19:55:00,12,thai,12.8,midtown,2.7,3,28.63,bike,94,clear,32
703537,2025-05-04 20:01:00,109,burgers,10,downtown,1.9,5,37.14,bike,45,clear,26
703538,2025-05-04 20:17:00,39,thai,21,downtown,1.4,2,19.72,car,197,rain,30
703539,2025-05-04 20:20:00,35,mexican,11.9,midtown,2.3,2,18.65,scooter,50,clear,23
703540,2025-05-04 20:21:00,124,indian,17.6,downtown,2,2,16.35,scooter,147,,27
703541,2025-05-04 20:37:00,132,mexican,13.3,downtown,2.1,2,30.11,car,31,cloudy,36
703542,2025-05-04 20:50:00,96,thai,15.7,downtown,1.7,3,41.51,bike,33,clear,34
703543,2025-05-04 20:53:00,85,pizza,11.8,uptown,4.2,3,26.73,car,55,clear,34
703544,2025-05-04 20:59:00,106,pizza,12.3,downtown,2.7,2,17.2,bike,274,clear,27
703545,2025-05-04 21:06:00,53,thai,11.5,midtown,3.5,2,27.39,scooter,124,rain,30
703546,2025-05-04 21:11:00,129,pizza,10.9,suburbs_north,5.6,8,122.57,bike,70,heavy_rain,52
703547,2025-05-04 21:42:00,99,thai,13.4,midtown,1.8,7,55.2,car,213,clear,26
703549,2025-05-05 10:36:00,26,pizza,14.9,midtown,1.8,3,37.35,scooter,74,clear,23
703550,2025-05-05 10:50:00,47,mexican,14.1,downtown,2.4,1,15.87,scooter,87,clear,20
703551,2025-05-05 11:00:00,150,mexican,14.6,downtown,1,2,25.35,scooter,274,clear,16
703553,2025-05-05 11:39:00,75,mexican,13.3,midtown,1.5,3,26.8,scooter,285,clear,24
703554,2025-05-05 11:49:00,28,indian,19.5,downtown,0.7,7,104.14,scooter,78,clear,30
703555,2025-05-05 11:53:00,20,mexican,9.2,midtown,3.9,4,44.6,scooter,44,rain,37
703556,2025-05-05 11:59:00,82,salads,9.2,midtown,2.5,2,17.9,scooter,256,cloudy,20
703557,2025-05-05 12:30:00,157,burgers,16.3,suburbs_south,6.1,5,45.82,car,107,rain,47
703559,2025-05-05 13:12:00,27,thai,16.7,downtown,1.7,1,13.38,car,233,clear,27
703560,2025-05-05 13:15:00,63,pizza,12.6,downtown,2.4,2,27.43,bike,54,rain,28
703561,2025-05-05 13:27:00,46,indian,19.4,downtown,2.1,3,26.34,bike,54,clear,36
703562,2025-05-05 13:34:00,46,indian,19.4,downtown,2.5,2,17.16,bike,31,cloudy,36
703563,2025-05-05 13:38:00,65,thai,16.7,uptown,2.2,1,9.18,scooter,151,clear,24
703564,2025-05-05 14:10:00,85,pizza,11.8,uptown,3.9,3,25.9,bike,257,clear,34
703565,2025-05-05 14:18:00,63,pizza,12.6,downtown,1.4,6,71.51,car,,clear,86
703566,2025-05-05 14:27:00,145,pizza,12.3,suburbs_south,6.5,1,13.16,scooter,181,cloudy,38
703567,2025-05-05 14:35:00,100,pizza,12.8,uptown,3.2,1,11.5,bike,197,clear,28
703569,2025-05-05 15:58:00,89,sushi,22.3,suburbs_north,3.2,2,24.35,car,641,cloudy,30
703570,2025-05-05 16:20:00,160,salads,5,uptown,5.3,5,65.62,car,82,cloudy,24
703571,2025-05-05 16:30:00,144,chinese,7.6,midtown,2.9,3,35.27,bike,,clear,20
703573,2025-05-05 17:27:00,114,chinese,12.4,suburbs_south,4.6,3,23.2,scooter,63,clear,30
703574,2025-05-05 17:36:00,121,indian,13.9,suburbs_north,5.9,2,25.7,bike,243,cloudy,40
703575,2025-05-05 17:38:00,67,chinese,17.8,uptown,2.7,5,49.91,scooter,56,rain,39
703576,2025-05-05 17:40:00,41,thai,19,downtown,2.3,2,18.19,car,72,cloudy,25
703577,2025-05-05 17:58:00,133,chinese,15.9,suburbs_north,6.3,1,11.63,car,266,clear,28
703578,2025-05-05 17:59:00,125,sushi,18.8,uptown,2.5,3,44.02,bike,52,cloudy,28
703579,2025-05-05 18:06:00,35,mexican,11.9,midtown,2.1,2,21.53,bike,29,clear,20
703580,2025-05-05 18:10:00,5,mexican,12.4,uptown,2.8,3,35.56,scooter,82,cloudy,31
703582,2025-05-05 18:24:00,105,pizza,12.9,midtown,3,2,14.36,scooter,87,clear,27
703583,2025-05-05 18:28:00,13,indian,15.1,downtown,0.9,1,9.86,bike,135,clear,26
703584,2025-05-05 18:30:00,5,mexican,12.4,uptown,4.7,1,15.9,scooter,263,clear,32
703585,2025-05-05 18:44:00,121,indian,13.9,suburbs_north,5.4,3,27.76,car,40,clear,36
703586,2025-05-05 19:01:00,87,burgers,6.5,downtown,1.1,1,10.93,bike,189,cloudy,19
703587,2025-05-05 19:03:00,117,pizza,16.2,suburbs_south,10,4,34.38,scooter,57,clear,60
703588,2025-05-05 19:11:00,29,salads,9.9,midtown,4.3,4,42.57,bike,644,cloudy,34
703589,2025-05-05 19:17:00,143,chinese,12.4,uptown,1.7,4,28.89,bike,2905,clear,23
703590,2025-05-05 19:19:00,140,chinese,17.8,downtown,2.6,3,34.88,car,638,clear,38
703591,2025-05-05 19:34:00,108,mexican,10.1,suburbs_south,2.6,4,32.58,bike,103,rain,30
703593,2025-05-05 19:52:00,157,burgers,16.3,suburbs_south,7.2,2,23.38,scooter,2456,clear,35
703594,2025-05-05 19:52:00,69,salads,8.8,midtown,2.6,1,11.3,car,228,clear,22
703596,2025-05-05 20:03:00,15,indian,18.1,midtown,3.2,2,31.78,car,194,clear,28
703597,2025-05-05 20:13:00,110,thai,12.5,suburbs_north,5.2,2,28.34,car,556,clear,30
703599,2025-05-05 20:35:00,132,mexican,13.3,downtown,1.6,1,11.62,bike,168,clear,25
703600,2025-05-05 21:17:00,62,salads,6.7,downtown,1,3,42.48,bike,124,rain,16
703601,2025-05-05 21:35:00,33,sushi,21.1,midtown,1.3,5,43.24,bike,56,clear,34
703602,2025-05-05 21:45:00,52,mexican,5.5,uptown,3.5,2,25.81,bike,469,cloudy,25
703603,2025-05-05 21:57:00,135,sushi,20.5,downtown,2.4,2,17.65,scooter,830,heavy_rain,32
703604,2025-05-05 22:16:00,124,indian,17.6,downtown,1.2,3,44.73,bike,41,clear,76
703605,2025-05-05 22:26:00,92,thai,7,uptown,1.7,2,15.33,bike,24,clear,16
703606,2025-05-05 22:42:00,54,salads,9.4,downtown,1.3,2,16.57,scooter,9,clear,16
703608,2025-05-05 23:08:00,66,sushi,18.7,midtown,1.4,2,27.3,car,790,clear,30
703609,2025-05-05 23:20:00,122,indian,20,midtown,4.2,2,25.61,car,2837,clear,31
703610,2025-05-05 23:21:00,46,indian,19.4,downtown,0.8,2,29.94,scooter,8,clear,27
703611,2025-05-06 10:18:00,88,burgers,8.9,suburbs_south,4.8,2,23.88,scooter,81,clear,20
703612,2025-05-06 11:46:00,62,salads,6.7,downtown,1.5,5,61.97,bike,80,clear,20
703613,2025-05-06 12:05:00,79,salads,10,midtown,3.7,1,14.52,scooter,35,rain,29
703614,2025-05-06 12:07:00,130,mexican,15.3,downtown,1.6,8,78.59,scooter,988,rain,34
703617,2025-05-06 12:21:00,129,pizza,10.9,suburbs_north,3.5,1,9.09,scooter,1569,clear,25
703618,2025-05-06 12:34:00,75,mexican,13.3,midtown,2.4,4,61.52,car,298,clear,29
703619,2025-05-06 12:40:00,128,chinese,6.8,uptown,3.6,1,9.33,car,2454,rain,21
703620,2025-05-06 12:45:00,32,thai,16.7,uptown,3.1,3,37.02,scooter,23,cloudy,41
703621,2025-05-06 12:47:00,60,chinese,10.4,suburbs_north,4.8,1,9.54,bike,1156,clear,32
703624,2025-05-06 13:49:00,133,chinese,15.9,suburbs_north,6.3,4,37.56,scooter,93,clear,45
703625,2025-05-06 14:00:00,145,pizza,12.3,suburbs_south,5.5,1,9.76,car,8824,heavy_rain,30
703628,2025-05-06 15:50:00,131,indian,22.1,downtown,1,3,21.71,scooter,72,rain,30
703629,2025-05-06 15:58:00,8,burgers,12.1,uptown,5.1,1,9,scooter,,cloudy,28
703632,2025-05-06 16:50:00,95,pizza,11.9,suburbs_south,4.2,3,31.47,car,440,clear,26
703633,2025-05-06 17:02:00,30,salads,5,suburbs_south,8.2,3,21.88,car,27,rain,27
703634,2025-05-06 17:02:00,11,indian,20.4,uptown,2.1,2,26.73,bike,,clear,39
703635,2025-05-06 17:32:00,141,thai,14.1,suburbs_north,6.7,1,14.23,scooter,47,rain,39
703636,2025-05-06 17:42:00,136,salads,9.3,downtown,1.5,4,44.18,car,235,clear,16
703637,2025-05-06 18:07:00,84,chinese,11.5,suburbs_south,6.3,3,21.85,scooter,28,clear,41
703638,2025-05-06 18:24:00,134,mexican,10.8,midtown,1.4,1,11.35,scooter,5,cloudy,16
703639,2025-05-06 18:25:00,66,sushi,18.7,midtown,3.5,1,12.75,scooter,413,clear,36
703640,2025-05-06 18:25:00,70,thai,14.2,suburbs_north,9.5,8,68.35,car,145,clear,46
703642,2025-05-06 18:52:00,68,thai,11.9,uptown,3.2,5,48.31,scooter,25,clear,32
703644,2025-05-06 18:55:00,75,mexican,13.3,midtown,1.4,2,31.61,scooter,193,,19
703645,2025-05-06 18:57:00,78,mexican,9.1,downtown,2.3,5,48.14,bike,,clear,23
703648,2025-05-06 19:32:00,38,pizza,16.9,midtown,1.8,4,30.19,scooter,263,rain,31
703649,2025-05-06 19:38:00,150,mexican,14.6,downtown,2.1,1,10.83,scooter,13,cloudy,26
703650,2025-05-06 19:39:00,3,pizza,20.9,suburbs_north,7,3,41.79,car,366,rain,54
703651,2025-05-06 19:48:00,88,burgers,8.9,suburbs_south,8.5,2,21.56,car,92,clear,30
703652,2025-05-06 19:53:00,19,chinese,10.6,downtown,1.2,3,25.84,scooter,924,cloudy,25
703654,2025-05-06 20:25:00,57,sushi,15.1,midtown,1.7,4,52.98,scooter,4,clear,28
703656,2025-05-06 20:36:00,155,indian,14.5,suburbs_south,10.9,1,13.89,car,35,cloudy,49
703658,2025-05-06 20:47:00,146,thai,14.2,uptown,1.4,4,32.36,bike,76,heavy_rain,31
703660,2025-05-06 21:02:00,123,salads,7.7,uptown,2.2,5,72.28,bike,119,cloudy,17
703661,2025-05-06 21:03:00,147,chinese,17.7,midtown,2.1,3,47.76,scooter,6,clear,28
703662,2025-05-06 21:37:00,13,indian,15.1,downtown,0.9,1,11.28,car,176,cloudy,20
703663,2025-05-06 21:48:00,143,chinese,12.4,uptown,3,3,34.13,bike,99,clear,31
703666,2025-05-06 22:17:00,31,sushi,14.7,midtown,1,2,29.43,scooter,71,cloudy,22
703667,2025-05-06 22:30:00,154,salads,8.5,midtown,1.4,3,41.35,scooter,134,rain,22
703668,2025-05-06 22:47:00,75,mexican,13.3,midtown,1.5,1,13.19,scooter,71,clear,22
703669,2025-05-06 22:51:00,79,salads,10,midtown,3.6,5,75.02,scooter,445,heavy_rain,30
703671,2025-05-07 10:10:00,27,thai,16.7,downtown,0.9,3,37.24,scooter,531,clear,21
703672,2025-05-07 11:03:00,2,thai,10.5,downtown,1.9,3,28.23,scooter,31,cloudy,25
703673,2025-05-07 11:06:00,50,salads,8.2,midtown,1.4,2,15.59,scooter,56,clear,21
703674,2025-05-07 11:47:00,27,thai,16.7,downtown,2.2,2,19.76,scooter,,clear,33
703676,2025-05-07 12:03:00,141,thai,14.1,suburbs_north,3.2,1,8.68,scooter,206,clear,30
703677,2025-05-07 12:04:00,56,thai,13,downtown,2.2,8,73.21,car,152,clear,39
703679,2025-05-07 12:12:00,83,salads,8.7,midtown,1.4,2,27.44,bike,68,clear,13
703680,2025-05-07 12:16:00,50,salads,8.2,midtown,4.5,1,9.29,car,203,cloudy,24
703682,2025-05-07 12:18:00,91,salads,10.1,suburbs_south,8.2,4,50,scooter,121,clear,43
703683,2025-05-07 12:28:00,36,burgers,11.8,downtown,1.3,4,29.06,scooter,1500,heavy_rain,24
703684,2025-05-07 12:38:00,143,chinese,12.4,uptown,1.8,5,74.42,scooter,173,heavy_rain,27
703685,2025-05-07 12:43:00,101,thai,11.8,suburbs_north,10.7,2,26.88,car,148,rain,43
703686,2025-05-07 12:44:00,130,mexican,15.3,downtown,2.8,4,33.55,bike,94,cloudy,37
703687,2025-05-07 12:54:00,37,pizza,17.5,midtown,1,3,47.61,bike,74,clear,27
703688,2025-05-07 13:01:00,29,salads,9.9,midtown,2,2,22.24,car,14,rain,22
703689,2025-05-07 13:04:00,33,sushi,21.1,midtown,1.8,1,8.41,bike,457,cloudy,31
703692,2025-05-07 13:37:00,30,salads,5,suburbs_south,6.8,2,23.27,car,20,clear,28
703694,2025-05-07 13:48:00,13,indian,15.1,downtown,0.9,3,39.4,bike,285,clear,31
703695,2025-05-07 13:52:00,82,salads,9.2,midtown,2.4,4,55.19,bike,,clear,31
703696,2025-05-07 13:56:00,130,mexican,15.3,downtown,2.4,2,19.28,bike,,clear,33
703697,2025-05-07 15:40:00,40,pizza,18.4,midtown,2,3,27.57,bike,150,clear,32
703698,2025-05-07 15:43:00,145,pizza,12.3,suburbs_south,10.9,5,46.02,car,26,clear,45
703699,2025-05-07 15:57:00,124,indian,17.6,downtown,3.3,6,47.4,scooter,300,clear,32
703700,2025-05-07 16:20:00,71,burgers,14.5,uptown,2.5,2,18.4,scooter,108,clear,29
703701,2025-05-07 16:54:00,147,chinese,17.7,midtown,2.3,3,39.58,bike,12,clear,34
703702,2025-05-07 17:22:00,3,pizza,20.9,suburbs_north,6.9,5,76.3,car,29,cloudy,43
703705,2025-05-07 17:40:00,12,thai,12.8,midtown,1.8,3,24.77,scooter,822,clear,22
703707,2025-05-07 17:56:00,147,chinese,17.7,midtown,3,1,8.12,bike,60,cloudy,28
703709,2025-05-07 18:12:00,60,chinese,10.4,suburbs_north,3.1,3,39.59,bike,101,cloudy,27
703710,2025-05-07 18:29:00,36,burgers,11.8,downtown,2.8,2,22.45,scooter,771,clear,30
703712,2025-05-07 19:22:00,78,mexican,9.1,downtown,0.9,4,40.31,bike,106,clear,18
703714,2025-05-07 19:35:00,156,salads,12.7,downtown,1.6,4,32.87,scooter,155,cloudy,27
703715,2025-05-07 19:39:00,6,sushi,16.8,midtown,1.9,1,9.61,scooter,595,cloudy,27
703716,2025-05-07 19:42:00,102,indian,17.4,uptown,2.6,3,39.45,bike,517,clear,39
703717,2025-05-07 19:52:00,151,chinese,11.8,downtown,1,4,46.95,car,671,cloudy,20
703718,2025-05-07 19:53:00,104,thai,11.5,suburbs_south,11.2,2,27.84,car,56,clear,45
703719,2025-05-07 20:12:00,58,indian,21.6,uptown,2.6,2,31.48,bike,99,cloudy,41
703720,2025-05-07 20:32:00,78,mexican,9.1,downtown,1.2,3,45.23,scooter,207,clear,16
703722,2025-05-07 20:46:00,121,indian,13.9,suburbs_north,6.6,3,30.76,car,17,clear,44
703724,2025-05-07 20:59:00,116,sushi,16.4,downtown,1,1,8,scooter,259,clear,26
703725,2025-05-07 21:02:00,139,indian,20.7,midtown,2.9,7,71.06,scooter,28,cloudy,37
703726,2025-05-07 21:25:00,3,pizza,20.9,suburbs_north,4.9,1,12.52,scooter,241,rain,43
703727,2025-05-07 21:44:00,11,indian,20.4,uptown,5.5,1,15.61,scooter,181,clear,39
703728,2025-05-07 21:46:00,71,burgers,14.5,uptown,5.4,2,29,car,47,clear,31
703729,2025-05-07 22:07:00,64,mexican,11.6,suburbs_north,3.1,2,20.8,car,9,clear,21
703730,2025-05-07 22:25:00,23,burgers,11.6,downtown,0.7,1,10.75,car,263,clear,12
703731,2025-05-07 22:28:00,26,pizza,14.9,midtown,4.3,7,63.04,bike,271,cloudy,37
703733,2025-05-07 23:01:00,83,salads,8.7,midtown,4.5,2,20.86,scooter,,,38
703734,2025-05-08 10:33:00,101,thai,11.8,suburbs_north,2.3,3,35.75,car,118,cloudy,22
703735,2025-05-08 10:51:00,94,sushi,20.2,downtown,1.4,1,8.36,bike,315,heavy_rain,30
703736,2025-05-08 11:22:00,110,thai,12.5,suburbs_north,6.1,5,62.81,scooter,62,clear,41
703737,2025-05-08 11:46:00,17,thai,9.8,uptown,4.2,4,33.85,scooter,175,cloudy,28
703739,2025-05-08 11:55:00,146,thai,14.2,uptown,2.1,2,27.12,scooter,5,rain,29
703740,2025-05-08 11:58:00,2,thai,10.5,downtown,1.6,2,16.53,scooter,207,rain,23
703741,2025-05-08 12:00:00,26,pizza,14.9,midtown,4.5,2,16.14,scooter,16,,33
703742,2025-05-08 12:14:00,105,pizza,12.9,midtown,1.9,1,14.45,scooter,398,cloudy,24
703743,2025-05-08 12:27:00,91,salads,10.1,suburbs_south,5.7,1,8,car,222,cloudy,29
703744,2025-05-08 12:30:00,11,indian,20.4,uptown,3.2,2,14.02,scooter,365,cloudy,36
703748,2025-05-08 13:13:00,8,burgers,12.1,uptown,2.1,4,52.14,car,304,clear,26
703749,2025-05-08 13:25:00,10,pizza,12.9,suburbs_north,8.6,2,18.55,car,571,clear,43
703750,2025-05-08 14:54:00,103,thai,16.4,midtown,3.9,1,8,car,33,clear,32
703751,2025-05-08 15:31:00,71,burgers,14.5,uptown,4.2,7,87.54,scooter,239,rain,41
703753,2025-05-08 16:26:00,109,burgers,10,downtown,1,8,75.93,bike,267,cloudy,22
703754,2025-05-08 16:38:00,17,thai,9.8,uptown,1.7,4,31.2,bike,55,clear,26
703756,2025-05-08 17:09:00,115,thai,13.4,downtown,1.8,2,25.54,scooter,167,clear,23
703757,2025-05-08 17:26:00,16,salads,7.8,uptown,3.3,1,8.07,bike,905,cloudy,25
703758,2025-05-08 18:11:00,36,burgers,11.8,downtown,1.8,2,15.89,car,133,clear,22
703759,2025-05-08 18:16:00,137,thai,13.3,suburbs_north,10.4,1,8.96,car,47,cloudy,44
703760,2025-05-08 18:18:00,74,thai,18.7,downtown,3.7,4,38.41,scooter,12,clear,42
703761,2025-05-08 18:22:00,152,indian,18,suburbs_north,7.4,4,59.79,car,381,rain,53
703763,2025-05-08 18:28:00,6,sushi,16.8,midtown,4.2,5,45.51,scooter,398,clear,36
703764,2025-05-08 18:29:00,11,indian,20.4,uptown,6.6,5,63.74,scooter,40,cloudy,49
703765,2025-05-08 18:30:00,20,mexican,9.2,midtown,3.6,2,19.83,scooter,72,cloudy,24
703766,2025-05-08 18:32:00,153,salads,5,suburbs_south,5.8,3,27.21,bike,44,clear,35
703767,2025-05-08 18:34:00,47,mexican,14.1,downtown,3,2,16.12,scooter,1382,cloudy,73
703768,2025-05-08 18:36:00,107,sushi,18,suburbs_south,7.7,4,43.56,car,390,clear,46
703769,2025-05-08 18:44:00,15,indian,18.1,midtown,2.8,4,37.62,scooter,150,clear,38
703771,2025-05-08 18:49:00,46,indian,19.4,downtown,1.1,2,16.55,scooter,11,clear,32
703772,2025-05-08 18:51:00,66,sushi,18.7,midtown,2.4,1,10.32,bike,729,clear,32
703774,2025-05-08 18:59:00,29,salads,9.9,midtown,3.2,3,42.51,scooter,382,clear,26
703776,2025-05-08 19:21:00,125,sushi,18.8,uptown,1.4,2,25.11,car,228,clear,28
703777,2025-05-08 19:24:00,104,thai,11.5,suburbs_south,8.9,1,12.54,car,147,clear,36
703779,2025-05-08 19:28:00,160,salads,5,uptown,2.5,1,15.81,car,258,,18
703780,2025-05-08 19:38:00,80,chinese,16.1,downtown,0.9,2,26.68,car,52,cloudy,28
703781,2025-05-08 19:41:00,10,pizza,12.9,suburbs_north,4.5,2,26.08,bike,197,clear,34
703782,2025-05-08 19:48:00,143,chinese,12.4,uptown,3.1,2,19.85,bike,249,,33
703783,2025-05-08 19:58:00,57,sushi,15.1,midtown,4.2,2,28.59,scooter,622,clear,34
703784,2025-05-08 20:21:00,56,thai,13,downtown,1.9,1,15.19,scooter,198,clear,24
703786,2025-05-08 20:37:00,102,indian,17.4,uptown,3.7,2,23.04,scooter,198,clear,35
703787,2025-05-08 21:16:00,47,mexican,14.1,downtown,1,3,24.54,car,40,clear,24
703788,2025-05-08 21:58:00,28,indian,19.5,downtown,2.1,2,21.47,scooter,20,,25
703789,2025-05-08 22:36:00,79,salads,10,midtown,4.8,2,14.08,scooter,42,clear,29
703790,2025-05-08 22:51:00,36,burgers,11.8,downtown,2.7,1,12.33,bike,419,clear,18
703791,2025-05-08 22:58:00,132,mexican,13.3,downtown,0.8,1,13.06,bike,1183,clear,19
703792,2025-05-08 23:39:00,89,sushi,22.3,suburbs_north,9.2,3,26.44,car,451,clear,47
703793,2025-05-09 10:33:00,129,pizza,10.9,suburbs_north,6,4,56.93,scooter,103,clear,32
703794,2025-05-09 10:42:00,156,salads,12.7,downtown,0.7,3,36.51,scooter,44,clear,18
703795,2025-05-09 10:44:00,132,mexican,13.3,downtown,2.6,2,16.82,car,905,clear,25
703796,2025-05-09 11:26:00,25,mexican,14.5,midtown,2,6,73.74,car,165,clear,28
703798,2025-05-09 12:03:00,107,sushi,18,suburbs_south,6.7,7,66.9,scooter,199,rain,58
703799,2025-05-09 12:24:00,107,sushi,18,suburbs_south,8.1,2,25.95,car,592,clear,48
703800,2025-05-09 12:27:00,152,indian,18,suburbs_north,11.3,6,76.18,car,73,rain,62
703801,2025-05-09 12:36:00,103,thai,16.4,midtown,3.4,1,14.48,scooter,389,clear,33
703802,2025-05-09 12:41:00,30,salads,5,suburbs_south,8.1,3,47.05,scooter,57,clear,34
703803,2025-05-09 12:49:00,103,thai,16.4,midtown,1.9,5,50.82,scooter,90,clear,30
703805,2025-05-09 13:17:00,37,pizza,17.5,midtown,3,3,32.33,scooter,291,clear,35
703806,2025-05-09 13:25:00,68,thai,11.9,uptown,5,7,71.57,scooter,152,clear,31
703807,2025-05-09 13:49:00,103,thai,16.4,midtown,4.8,3,26.97,bike,120,rain,51
703809,2025-05-09 15:44:00,54,salads,9.4,downtown,2.3,2,17.48,scooter,98,rain,25
703810,2025-05-09 16:15:00,134,mexican,10.8,midtown,2.3,1,9.03,bike,755,clear,19
703811,2025-05-09 16:27:00,98,salads,11.1,midtown,2,8,86.84,scooter,69,clear,26
703812,2025-05-09 16:54:00,69,salads,8.8,midtown,4.3,1,8,car,5269,clear,20
703813,2025-05-09 17:20:00,36,burgers,11.8,downtown,2.6,4,48.52,car,1567,clear,23
703816,2025-05-09 18:01:00,9,thai,12.6,suburbs_south,3.2,2,14.67,scooter,167,cloudy,24
703817,2025-05-09 18:05:00,99,thai,13.4,midtown,4.9,3,24.57,bike,,rain,46
703818,2025-05-09 18:06:00,122,indian,20,midtown,1.5,2,17.57,car,88,clear,31
703819,2025-05-09 18:06:00,69,salads,8.8,midtown,2.9,8,119.15,scooter,118,cloudy,27
703821,2025-05-09 18:32:00,49,indian,14.4,uptown,2.3,2,19.19,car,69,,27
703823,2025-05-09 19:07:00,43,chinese,12.4,uptown,1.8,4,32.13,car,134,rain,25
703824,2025-05-09 19:26:00,117,pizza,16.2,suburbs_south,8.8,1,14.67,scooter,,rain,48
703825,2025-05-09 19:31:00,42,pizza,16.7,downtown,2.2,8,101.05,bike,109,cloudy,43
703826,2025-05-09 19:47:00,4,pizza,14,suburbs_south,6.3,2,17.95,scooter,800,clear,39
703827,2025-05-09 19:58:00,129,pizza,10.9,suburbs_north,5,4,54.02,car,34,clear,28
703830,2025-05-09 20:30:00,127,indian,15.6,downtown,2,2,20.95,car,5729,rain,25
703831,2025-05-09 21:00:00,32,thai,16.7,uptown,4.4,2,29.64,scooter,376,,34
703833,2025-05-09 21:44:00,118,thai,15.5,downtown,1.3,2,29.98,scooter,515,rain,18
703834,2025-05-09 21:44:00,42,pizza,16.7,downtown,1.7,3,46.74,scooter,1080,clear,25
703835,2025-05-09 21:52:00,119,indian,16.8,suburbs_south,6.5,4,50.23,scooter,86,clear,42
703836,2025-05-09 22:36:00,134,mexican,10.8,midtown,3,5,76.25,scooter,96,cloudy,27
703837,2025-05-09 22:52:00,26,pizza,14.9,midtown,2.9,1,10.44,bike,28,cloudy,32
703838,2025-05-10 10:39:00,35,mexican,11.9,midtown,2.4,4,35.57,car,,rain,23
703839,2025-05-10 11:13:00,138,thai,16.2,uptown,4.6,1,8,bike,1058,cloudy,42
703840,2025-05-10 11:26:00,120,pizza,12.2,downtown,1.5,2,26.56,bike,207,clear,24
703841,2025-05-10 11:38:00,97,chinese,16.1,uptown,4,2,21.76,bike,19,cloudy,44
703842,2025-05-10 11:39:00,113,mexican,13.2,midtown,2.6,2,30.48,scooter,15,clear,32
703844,2025-05-10 12:29:00,103,thai,16.4,midtown,4.3,2,30.94,bike,82,rain,55
703846,2025-05-10 12:43:00,133,chinese,15.9,suburbs_north,3.6,6,94.5,scooter,147,rain,37
703847,2025-05-10 12:53:00,95,pizza,11.9,suburbs_south,9.5,1,9.96,scooter,15,clear,44
703848,2025-05-10 12:57:00,23,burgers,11.6,downtown,1,4,48.99,bike,664,cloudy,25
703849,2025-05-10 13:03:00,135,sushi,20.5,downtown,1.7,2,21.55,scooter,134,heavy_rain,40
703850,2025-05-10 13:06:00,106,pizza,12.3,downtown,2.5,1,8,scooter,53,clear,25
703851,2025-05-10 13:13:00,91,salads,10.1,suburbs_south,7.6,4,51.12,car,102,clear,42
703852,2025-05-10 14:02:00,74,thai,18.7,downtown,1.6,3,29.24,bike,49,rain,34
703854,2025-05-10 15:23:00,2,thai,10.5,downtown,2.6,4,49.96,car,412,clear,18
703855,2025-05-10 15:45:00,44,indian,21,midtown,3.4,2,21.54,bike,35,rain,46
703856,2025-05-10 15:58:00,14,burgers,6.4,downtown,1.9,1,8,scooter,434,rain,14
703857,2025-05-10 16:03:00,141,thai,14.1,suburbs_north,10.7,2,20.38,car,14,rain,49
703858,2025-05-10 16:11:00,122,indian,20,midtown,4.4,4,44.38,scooter,196,clear,41
703860,2025-05-10 16:43:00,88,burgers,8.9,suburbs_south,4.6,4,60.25,scooter,157,rain,27
703863,2025-05-10 17:15:00,86,chinese,11.8,suburbs_south,4.4,3,30.19,bike,222,rain,45
703864,2025-05-10 17:28:00,158,indian,12.1,midtown,2.3,1,11.21,scooter,197,,20
703865,2025-05-10 17:32:00,86,chinese,11.8,suburbs_south,2.8,3,28.72,car,511,cloudy,19
703866,2025-05-10 17:43:00,11,indian,20.4,uptown,3.4,2,19.66,scooter,103,clear,33
703868,2025-05-10 18:21:00,36,burgers,11.8,downtown,0.9,3,24.88,scooter,2123,clear,20
703869,2025-05-10 18:24:00,102,indian,17.4,uptown,5,3,39.67,car,75,clear,43
703872,2025-05-10 18:39:00,22,mexican,9.1,suburbs_south,7,2,24.71,scooter,442,clear,34
703874,2025-05-10 18:55:00,149,thai,15.5,downtown,0.9,1,8,bike,102,cloudy,29
703875,2025-05-10 19:08:00,38,pizza,16.9,midtown,3.3,1,9.51,bike,9,clear,37
703877,2025-05-10 19:14:00,118,thai,15.5,downtown,3,3,43.37,bike,43,cloudy,41
703878,2025-05-10 19:21:00,149,thai,15.5,downtown,0.7,4,46.15,bike,61,cloudy,30
703879,2025-05-10 19:32:00,115,thai,13.4,downtown,1.1,5,48.16,bike,180,cloudy,20
703880,2025-05-10 19:40:00,65,thai,16.7,uptown,5.1,1,8,bike,63,clear,47
703881,2025-05-10 19:40:00,36,burgers,11.8,downtown,2.4,2,30.06,scooter,4576,clear,26
703882,2025-05-10 20:57:00,37,pizza,17.5,midtown,4,5,36.37,car,172,clear,36
703885,2025-05-10 23:12:00,33,sushi,21.1,midtown,4.7,2,30.96,car,4952,rain,44
703886,2025-05-11 10:37:00,140,chinese,17.8,downtown,2.6,3,26.61,scooter,309,clear,29
703888,2025-05-11 12:13:00,94,sushi,20.2,downtown,1.7,2,28.8,scooter,283,clear,29
703889,2025-05-11 12:15:00,136,salads,9.3,downtown,1.4,5,35.03,car,79,clear,24
703891,2025-05-11 12:58:00,41,thai,19,downtown,1.3,2,21.66,scooter,419,rain,31
703892,2025-05-11 13:38:00,5,mexican,12.4,uptown,1.7,1,14.41,scooter,61,clear,25
703893,2025-05-11 13:46:00,124,indian,17.6,downtown,2.7,4,37.76,scooter,38,clear,40
703894,2025-05-11 14:26:00,93,sushi,16.7,downtown,1.6,2,20.14,bike,246,clear,27
703895,2025-05-11 14:44:00,17,thai,9.8,uptown,2.2,3,32.41,car,506,cloudy,18
703896,2025-05-11 14:47:00,60,chinese,10.4,suburbs_north,5.4,2,31.14,scooter,24,clear,25
703897,2025-05-11 14:58:00,157,burgers,16.3,suburbs_south,12,7,63.48,car,238,clear,55
703898,2025-05-11 15:03:00,132,mexican,13.3,downtown,1.1,1,12.04,scooter,889,clear,14
703899,2025-05-11 15:52:00,125,sushi,18.8,uptown,1.2,5,68.49,scooter,152,clear,30
703900,2025-05-11 16:00:00,137,thai,13.3,suburbs_north,3.8,2,24.31,scooter,,cloudy,31
703901,2025-05-11 16:06:00,43,chinese,12.4,uptown,4.7,4,61.27,bike,505,rain,44
703902,2025-05-11 16:39:00,32,thai,16.7,uptown,3.6,2,25.07,scooter,215,rain,42
703905,2025-05-11 17:31:00,100,pizza,12.8,uptown,2.9,4,36.13,car,36,clear,21
703906,2025-05-11 17:39:00,155,indian,14.5,suburbs_south,8.7,3,47.77,car,99,clear,44
703907,2025-05-11 17:59:00,137,thai,13.3,suburbs_north,9.2,1,13.51,car,79,cloudy,38
703908,2025-05-11 18:02:00,53,thai,11.5,midtown,1.8,2,21.12,bike,253,clear,27
703909,2025-05-11 18:10:00,74,thai,18.7,downtown,1.6,1,13.46,bike,275,heavy_rain,27
703910,2025-05-11 18:18:00,51,indian,17,downtown,0.9,3,30.53,bike,61,clear,28
703911,2025-05-11 18:22:00,151,chinese,11.8,downtown,3.4,4,35.04,scooter,115,clear,31
703913,2025-05-11 18:31:00,95,pizza,11.9,suburbs_south,11.3,2,25.8,scooter,119,rain,63
703914,2025-05-11 18:32:00,9,thai,12.6,suburbs_south,7.4,1,13.21,car,122,clear,36
703915,2025-05-11 19:12:00,117,pizza,16.2,suburbs_south,1.9,2,30.06,bike,214,clear,35
703916,2025-05-11 19:28:00,51,indian,17,downtown,3.5,3,47.81,scooter,41,clear,40
703917,2025-05-11 19:58:00,20,mexican,9.2,midtown,3.2,5,49.16,scooter,,clear,25
703919,2025-05-11 20:21:00,105,pizza,12.9,midtown,2.6,1,13.38,scooter,404,cloudy,24
703920,2025-05-11 20:37:00,100,pizza,12.8,uptown,3.6,2,29.01,bike,191,clear,40
703921,2025-05-11 20:48:00,105,pizza,12.9,midtown,3.7,8,72.59,bike,76,heavy_rain,52
703922,2025-05-11 20:55:00,76,mexican,10,uptown,2.1,2,21.24,car,31,cloudy,17
703924,2025-05-11 22:37:00,10,pizza,12.9,suburbs_north,3.3,2,28.23,scooter,1063,cloudy,30
703926,2025-05-12 10:26:00,64,mexican,11.6,suburbs_north,3.1,2,30.36,scooter,75,clear,28
703928,2025-05-12 11:03:00,82,salads,9.2,midtown,4.4,7,59.87,bike,244,cloudy,30
703929,2025-05-12 11:05:00,151,chinese,11.8,downtown,1.4,2,27.36,car,103,clear,21
703931,2025-05-12 11:19:00,12,thai,12.8,midtown,4.9,2,16.73,bike,45,clear,38
703932,2025-05-12 11:23:00,65,thai,16.7,uptown,5.6,3,46.47,bike,337,cloudy,50
703933,2025-05-12 11:28:00,146,thai,14.2,uptown,1.7,3,30.56,scooter,547,cloudy,29
703935,2025-05-12 11:38:00,79,salads,10,midtown,5,5,47.85,bike,3679,cloudy,36
703939,2025-05-12 12:31:00,18,indian,20.8,suburbs_south,4.8,3,34.98,scooter,445,clear,44
703940,2025-05-12 12:41:00,140,chinese,17.8,downtown,2.5,1,13.95,scooter,104,clear,37
703941,2025-05-12 12:47:00,92,thai,7,uptown,5.3,3,46.89,scooter,111,clear,27
703942,2025-05-12 12:52:00,11,indian,20.4,uptown,2.2,3,23.58,car,222,rain,34
703943,2025-05-12 13:25:00,123,salads,7.7,uptown,4.4,3,34.45,scooter,,rain,30
703944,2025-05-12 13:26:00,56,thai,13,downtown,1.9,1,15.47,bike,116,heavy_rain,27
703945,2025-05-12 13:28:00,23,burgers,11.6,downtown,1.8,1,15.86,scooter,146,cloudy,26
703946,2025-05-12 13:29:00,151,chinese,11.8,downtown,1.1,2,29.63,bike,42,rain,19
703947,2025-05-12 13:49:00,126,pizza,12,midtown,3.9,3,24.54,scooter,731,rain,34
703948,2025-05-12 13:55:00,73,pizza,10.6,midtown,2.7,1,9.39,car,62,clear,24
703949,2025-05-12 13:56:00,103,thai,16.4,midtown,3.7,2,19.78,scooter,68,clear,34
703952,2025-05-12 15:55:00,160,salads,5,uptown,4.7,1,12.12,car,31,clear,22
703953,2025-05-12 17:24:00,40,pizza,18.4,midtown,4.2,3,28.11,car,7,clear,37
703955,2025-05-12 17:38:00,144,chinese,7.6,midtown,2.7,2,20.83,bike,66,heavy_rain,29
703957,2025-05-12 18:06:00,128,chinese,6.8,uptown,4.5,2,16.58,scooter,1027,clear,25
703959,2025-05-12 18:39:00,116,sushi,16.4,downtown,1.3,5,77.22,bike,190,rain,32
703961,2025-05-12 18:56:00,91,salads,10.1,suburbs_south,2.1,2,19.29,car,209,clear,19
703962,2025-05-12 18:58:00,84,chinese,11.5,suburbs_south,6.4,1,8,car,174,rain,36
703963,2025-05-12 19:02:00,114,chinese,12.4,suburbs_south,8.1,3,28.27,car,117,clear,40
703964,2025-05-12 19:07:00,159,pizza,15,uptown,4.1,3,43.63,car,371,clear,29
703965,2025-05-12 19:12:00,69,salads,8.8,midtown,2.3,3,39.24,bike,53,clear,27
703967,2025-05-12 19:32:00,26,pizza,14.9,midtown,2.8,1,8.63,bike,389,rain,33
703968,2025-05-12 19:37:00,157,burgers,16.3,suburbs_south,5.8,1,11.28,scooter,70,clear,39
703970,2025-05-12 20:13:00,136,salads,9.3,downtown,2.9,3,22.46,car,208,cloudy,31
703971,2025-05-12 20:20:00,128,chinese,6.8,uptown,1.3,3,37.11,scooter,253,clear,19
703972,2025-05-12 20:33:00,132,mexican,13.3,downtown,3.6,3,38.66,scooter,881,rain,29
703973,2025-05-12 20:35:00,144,chinese,7.6,midtown,4.3,3,25.82,bike,462,cloudy,128
703974,2025-05-12 20:35:00,98,salads,11.1,midtown,1.3,2,23.62,bike,1507,clear,64
703975,2025-05-12 20:36:00,23,burgers,11.6,downtown,1.8,3,43.87,scooter,27,cloudy,22
703976,2025-05-12 20:36:00,158,indian,12.1,midtown,2.2,2,15.5,scooter,321,rain,21
703977,2025-05-12 20:41:00,86,chinese,11.8,suburbs_south,5.4,5,68.35,scooter,169,clear,37
703978,2025-05-12 20:50:00,151,chinese,11.8,downtown,1.3,5,67.86,bike,259,rain,28
703979,2025-05-12 21:07:00,26,pizza,14.9,midtown,2.7,2,18.27,scooter,96,clear,21
703980,2025-05-12 21:18:00,115,thai,13.4,downtown,1.3,1,8.85,scooter,151,clear,20
703981,2025-05-12 21:28:00,136,salads,9.3,downtown,1.4,3,33.52,bike,682,rain,21
703982,2025-05-12 21:34:00,17,thai,9.8,uptown,4.7,4,46.29,bike,69,clear,36
703983,2025-05-12 21:55:00,83,salads,8.7,midtown,3.4,2,30.58,scooter,16,heavy_rain,30
703984,2025-05-12 22:33:00,92,thai,7,uptown,4.4,5,46.05,scooter,210,rain,25
703985,2025-05-13 11:06:00,51,indian,17,downtown,2.8,1,11.29,scooter,25,cloudy,29
703986,2025-05-13 11:34:00,10,pizza,12.9,suburbs_north,4.6,1,8,scooter,,clear,33
703987,2025-05-13 12:22:00,141,thai,14.1,suburbs_north,3.9,2,29.84,bike,107,rain,41
703989,2025-05-13 12:44:00,48,mexican,8.8,midtown,2.8,1,13.84,car,37,clear,24
703990,2025-05-13 12:44:00,39,thai,21,downtown,1.1,1,8,car,,rain,33
703991,2025-05-13 12:48:00,96,thai,15.7,downtown,2.5,1,12.46,bike,287,clear,30
703992,2025-05-13 12:52:00,73,pizza,10.6,midtown,3.4,4,29.22,car,34,clear,25
703993,2025-05-13 12:58:00,118,thai,15.5,downtown,1.4,3,37.02,bike,8,clear,32
703994,2025-05-13 13:17:00,69,salads,8.8,midtown,2.8,4,29.86,bike,136,clear,20
703995,2025-05-13 13:27:00,72,burgers,12.2,suburbs_south,9.1,1,12.88,car,164,rain,44
703996,2025-05-13 13:31:00,34,mexican,12.2,midtown,2.2,2,27.31,car,90,,119
703997,2025-05-13 13:43:00,76,mexican,10,uptown,3,6,52.15,bike,101,clear,32
703998,2025-05-13 14:02:00,129,pizza,10.9,suburbs_north,2.6,4,39.55,scooter,53,clear,14
703999,2025-05-13 14:03:00,77,pizza,11.4,uptown,5.7,2,21.93,scooter,149,clear,34
704000,2025-05-13 14:31:00,93,sushi,16.7,downtown,2.6,2,17.04,scooter,60,clear,22
704001,2025-05-13 17:06:00,114,chinese,12.4,suburbs_south,8.2,4,47.04,scooter,218,cloudy,39
704002,2025-05-13 17:16:00,38,pizza,16.9,midtown,2.4,2,30.86,bike,946,clear,35
704003,2025-05-13 17:19:00,40,pizza,18.4,midtown,4.9,2,22.42,scooter,16,cloudy,32
704004,2025-05-13 17:26:00,142,indian,20.4,midtown,3.7,4,61.35,bike,64,clear,42
704005,2025-05-13 17:55:00,113,mexican,13.2,midtown,3.4,3,25.61,car,368,clear,21
704006,2025-05-13 18:12:00,17,thai,9.8,uptown,6.5,1,8.6,car,24,clear,31
704007,2025-05-13 18:31:00,107,sushi,18,suburbs_south,3.4,2,19.99,bike,18,rain,46
704008,2025-05-13 18:36:00,112,sushi,18.2,downtown,2.5,3,45.47,bike,187,clear,39
704012,2025-05-13 19:23:00,116,sushi,16.4,downtown,2,3,22.31,bike,216,clear,28
704013,2025-05-13 19:34:00,43,chinese,12.4,uptown,2,1,14.08,bike,104,rain,26
704014,2025-05-13 19:41:00,106,pizza,12.3,downtown,1.1,1,8,scooter,204,clear,15
704015,2025-05-13 19:50:00,143,chinese,12.4,uptown,4.1,2,14.74,car,4,cloudy,36
704016,2025-05-13 19:57:00,31,sushi,14.7,midtown,4.3,1,13.95,bike,27,cloudy,34
704017,2025-05-13 20:23:00,116,sushi,16.4,downtown,1.4,6,57.21,car,1932,clear,32
704018,2025-05-13 20:29:00,44,indian,21,midtown,3.1,2,25.82,bike,234,heavy_rain,54
704019,2025-05-13 20:40:00,83,salads,8.7,midtown,3.8,1,8.04,bike,43,cloudy,26
704020,2025-05-13 20:56:00,66,sushi,18.7,midtown,3.7,3,37.72,bike,177,clear,39
704021,2025-05-13 21:20:00,68,thai,11.9,uptown,1.9,3,42.37,scooter,57,clear,25
704022,2025-05-13 21:22:00,12,thai,12.8,midtown,3.8,1,8.23,scooter,40,cloudy,25
704027,2025-05-14 10:48:00,155,indian,14.5,suburbs_south,2.4,1,9.15,scooter,1132,rain,24
704029,2025-05-14 11:36:00,34,mexican,12.2,midtown,5.4,1,9.6,scooter,39,clear,33
704030,2025-05-14 11:44:00,140,chinese,17.8,downtown,2.1,4,36.94,scooter,186,cloudy,34
704031,2025-05-14 11:53:00,2,thai,10.5,downtown,1.5,1,15.99,car,164,clear,17
704032,2025-05-14 11:56:00,54,salads,9.4,downtown,1.9,4,61.19,scooter,59,clear,24
704033,2025-05-14 12:03:00,60,chinese,10.4,suburbs_north,7.8,5,50.13,car,83,rain,41
704034,2025-05-14 12:10:00,32,thai,16.7,uptown,2.5,2,20.89,scooter,107,clear,32
704035,2025-05-14 12:17:00,100,pizza,12.8,uptown,4,1,11.65,car,763,clear,27
704036,2025-05-14 12:21:00,31,sushi,14.7,midtown,1.6,1,8,bike,101,clear,30
704037,2025-05-14 12:28:00,21,pizza,17,midtown,3.8,1,10.55,bike,110,clear,40
704038,2025-05-14 12:46:00,115,thai,13.4,downtown,1.1,3,21.03,scooter,116,clear,25
704039,2025-05-14 12:46:00,7,thai,17.1,midtown,1.9,2,19.36,bike,2659,clear,26
704040,2025-05-14 12:59:00,138,thai,16.2,uptown,1.9,3,45.22,car,432,rain,30
704042,2025-05-14 13:53:00,152,indian,18,suburbs_north,4.5,2,23.87,scooter,899,cloudy,37
704043,2025-05-14 13:58:00,81,sushi,17.4,downtown,1.2,1,13.64,scooter,601,clear,25
704044,2025-05-14 14:09:00,10,pizza,12.9,suburbs_north,10.1,2,18.96,car,4087,cloudy,41
704046,2025-05-14 14:38:00,117,pizza,16.2,suburbs_south,5.9,2,26.55,car,816,clear,37
704047,2025-05-14 14:40:00,17,thai,9.8,uptown,1.9,1,12.49,bike,20,rain,23
704048,2025-05-14 14:54:00,58,indian,21.6,uptown,2.5,2,27.86,scooter,903,clear,26
704049,2025-05-14 15:07:00,85,pizza,11.8,uptown,4.7,4,57.26,scooter,736,clear,33
704050,2025-05-14 15:12:00,80,chinese,16.1,downtown,3.1,5,77.67,scooter,149,clear,32
704053,2025-05-14 17:16:00,150,mexican,14.6,downtown,2.4,2,24.93,scooter,41,rain,27
704054,2025-05-14 17:48:00,104,thai,11.5,suburbs_south,8.8,2,19.16,scooter,118,rain,50
704055,2025-05-14 17:59:00,39,thai,21,downtown,2.2,2,27.19,car,49,clear,26
704056,2025-05-14 17:59:00,157,burgers,16.3,suburbs_south,3.9,1,8,scooter,63,clear,33
704057,2025-05-14 18:02:00,108,mexican,10.1,suburbs_south,3,2,30.3,scooter,39,clear,24
704058,2025-05-14 18:39:00,143,chinese,12.4,uptown,3.7,2,31.66,car,352,clear,24
704060,2025-05-14 18:54:00,39,thai,21,downtown,1.6,1,8.57,bike,226,clear,31
704062,2025-05-14 18:59:00,136,salads,9.3,downtown,2.9,3,32.36,car,111,clear,21
704063,2025-05-14 19:06:00,24,pizza,15.8,uptown,3.7,1,10.9,scooter,107,clear,34
704064,2025-05-14 19:11:00,96,thai,15.7,downtown,2,5,40.89,bike,185,clear,31
704065,2025-05-14 19:24:00,97,chinese,16.1,uptown,4,3,28.86,scooter,1193,clear,34
704066,2025-05-14 19:28:00,20,mexican,9.2,midtown,3.1,3,38.22,bike,31,clear,30
704067,2025-05-14 19:41:00,63,pizza,12.6,downtown,1.7,2,29.25,bike,176,clear,25
704068,2025-05-14 19:51:00,15,indian,18.1,midtown,1.7,6,46.43,car,1022,cloudy,34
704069,2025-05-14 19:53:00,127,indian,15.6,downtown,2.7,4,45.83,car,268,cloudy,33
704072,2025-05-14 20:37:00,154,salads,8.5,midtown,5.7,4,56.34,bike,2121,clear,35
704073,2025-05-14 20:52:00,61,thai,18,suburbs_north,3.7,2,31.42,scooter,1222,cloudy,31
704074,2025-05-14 20:54:00,141,thai,14.1,suburbs_north,8.4,2,31.99,car,419,clear,37
704077,2025-05-14 21:45:00,93,sushi,16.7,downtown,1.6,3,37.47,bike,254,clear,23
704078,2025-05-14 21:58:00,34,mexican,12.2,midtown,4.4,3,25.39,bike,29,cloudy,37
704081,2025-05-14 22:53:00,57,sushi,15.1,midtown,4.3,2,25.29,bike,299,clear,47
704082,2025-05-14 22:58:00,97,chinese,16.1,uptown,4.8,3,42.89,scooter,427,cloudy,30
704083,2025-05-15 10:57:00,88,burgers,8.9,suburbs_south,3.9,5,71.13,car,714,clear,17
704084,2025-05-15 11:00:00,10,pizza,12.9,suburbs_north,2.9,1,9.59,bike,31,clear,31
704085,2025-05-15 11:10:00,135,sushi,20.5,downtown,1.2,4,57.65,bike,455,clear,35
704087,2025-05-15 11:58:00,32,thai,16.7,uptown,1.8,3,33.07,car,194,clear,25
704088,2025-05-15 12:01:00,105,pizza,12.9,midtown,3.9,3,34.19,scooter,42,clear,31
704090,2025-05-15 12:24:00,157,burgers,16.3,suburbs_south,10,2,16.76,car,46,clear,39
704091,2025-05-15 12:55:00,157,burgers,16.3,suburbs_south,10,2,28.33,car,115,clear,40
704092,2025-05-15 12:58:00,68,thai,11.9,uptown,5.8,2,20.58,scooter,25,clear,41
704093,2025-05-15 13:24:00,142,indian,20.4,midtown,2.3,1,10.69,scooter,12,clear,40
704094,2025-05-15 13:38:00,135,sushi,20.5,downtown,2.4,4,35.22,bike,275,rain,50
704095,2025-05-15 13:50:00,46,indian,19.4,downtown,1.1,4,57.99,car,4169,clear,32
704096,2025-05-15 14:40:00,136,salads,9.3,downtown,2.7,4,50.77,bike,112,rain,28
704097,2025-05-15 14:56:00,12,thai,12.8,midtown,1.4,2,25.68,car,226,clear,20
704098,2025-05-15 15:55:00,144,chinese,7.6,midtown,2.1,1,8.12,bike,122,clear,21
704099,2025-05-15 16:09:00,107,sushi,18,suburbs_south,5.1,5,37,scooter,170,clear,40
704101,2025-05-15 16:26:00,122,indian,20,midtown,1.9,2,21.5,scooter,70,cloudy,26
704102,2025-05-15 17:08:00,31,sushi,14.7,midtown,1.1,5,78.27,bike,74,clear,21
704103,2025-05-15 17:16:00,134,mexican,10.8,midtown,2.8,8,69.23,bike,389,cloudy,29
704104,2025-05-15 17:33:00,109,burgers,10,downtown,2.4,2,18.96,car,75,clear,17
704105,2025-05-15 17:45:00,94,sushi,20.2,downtown,2.6,1,14.96,scooter,956,cloudy,25
704107,2025-05-15 18:08:00,52,mexican,5.5,uptown,1.2,2,16.95,scooter,36,clear,12
704108,2025-05-15 18:09:00,103,thai,16.4,midtown,2.4,3,39.92,scooter,355,clear,36
704109,2025-05-15 18:27:00,90,sushi,20.7,midtown,2.2,1,10.26,scooter,254,clear,33
704111,2025-05-15 18:47:00,56,thai,13,downtown,2.4,1,14.82,bike,16,cloudy,26
704112,2025-05-15 18:49:00,53,thai,11.5,midtown,4.2,3,45.43,car,290,clear,23
704113,2025-05-15 19:01:00,37,pizza,17.5,midtown,4,3,22.73,bike,21,clear,41
704114,2025-05-15 19:02:00,117,pizza,16.2,suburbs_south,5.2,2,23.11,scooter,,cloudy,29
704115,2025-05-15 19:19:00,125,sushi,18.8,uptown,4,1,12.32,scooter,292,cloudy,31
704116,2025-05-15 19:27:00,125,sushi,18.8,uptown,3,6,73.3,bike,18,clear,39
704117,2025-05-15 19:41:00,143,chinese,12.4,uptown,1.5,3,28.33,car,194,clear,19
704118,2025-05-15 19:45:00,57,sushi,15.1,midtown,4.6,5,67.49,scooter,41,rain,44
704119,2025-05-15 19:47:00,82,salads,9.2,midtown,1.7,5,43.71,scooter,32,cloudy,22
704120,2025-05-15 19:47:00,145,pizza,12.3,suburbs_south,3.9,2,25.57,car,45,rain,29
704121,2025-05-15 19:48:00,120,pizza,12.2,downtown,1,3,33.39,bike,197,clear,23
704124,2025-05-15 19:54:00,144,chinese,7.6,midtown,1.6,7,91.84,car,501,clear,17
704125,2025-05-15 19:55:00,7,thai,17.1,midtown,3,1,12.38,car,281,clear,29
704126,2025-05-15 20:11:00,93,sushi,16.7,downtown,1.3,2,20.15,car,186,,24
704127,2025-05-15 20:13:00,33,sushi,21.1,midtown,2,3,23.02,bike,194,clear,37
704129,2025-05-15 20:33:00,81,sushi,17.4,downtown,0.8,1,13.46,scooter,46,cloudy,26
704130,2025-05-15 20:41:00,38,pizza,16.9,midtown,2.5,1,12.79,car,108,clear,31
704131,2025-05-15 21:15:00,25,mexican,14.5,midtown,1,2,27.89,scooter,504,cloudy,17
704132,2025-05-15 21:42:00,8,burgers,12.1,uptown,1.4,6,45.42,bike,,rain,21
704133,2025-05-15 21:47:00,78,mexican,9.1,downtown,2.1,2,26.14,scooter,270,rain,22
704134,2025-05-15 21:53:00,116,sushi,16.4,downtown,0.9,1,11.77,scooter,83,clear,80
704135,2025-05-15 21:55:00,140,chinese,17.8,downtown,2.2,2,18.67,car,144,rain,26
704136,2025-05-15 22:57:00,95,pizza,11.9,suburbs_south,4.9,1,8,scooter,10,clear,34
704137,2025-05-15 23:02:00,85,pizza,11.8,uptown,6.6,2,14.8,scooter,222,clear,31
704138,2025-05-15 23:34:00,141,thai,14.1,suburbs_north,3.4,2,21.65,scooter,9,clear,27
704139,2025-05-15 23:41:00,130,mexican,15.3,downtown,1.8,1,12.23,car,26,clear,25
704140,2025-05-16 10:22:00,33,sushi,21.1,midtown,1.4,1,9.11,bike,13,rain,31
704144,2025-05-16 11:13:00,71,burgers,14.5,uptown,1.7,1,9.54,car,29,cloudy,24
704145,2025-05-16 11:22:00,62,salads,6.7,downtown,1.2,2,21.1,scooter,79,clear,15
704147,2025-05-16 11:53:00,89,sushi,22.3,suburbs_north,5.9,2,21.72,car,51,clear,48
704148,2025-05-16 12:11:00,20,mexican,9.2,midtown,3.3,4,49.31,scooter,20,clear,31
704149,2025-05-16 12:20:00,47,mexican,14.1,downtown,2.5,2,25.36,bike,2537,clear,28
704150,2025-05-16 12:23:00,8,burgers,12.1,uptown,2.3,1,8.41,scooter,18,clear,21
704153,2025-05-16 12:50:00,133,chinese,15.9,suburbs_north,8.7,1,15.44,scooter,122,clear,49
704155,2025-05-16 12:57:00,128,chinese,6.8,uptown,2.3,6,63.92,car,189,clear,12
704156,2025-05-16 13:23:00,119,indian,16.8,suburbs_south,12.7,1,11.06,car,114,clear,53
704157,2025-05-16 13:56:00,15,indian,18.1,midtown,2.8,2,22.56,scooter,65,clear,32
704158,2025-05-16 14:05:00,102,indian,17.4,uptown,3.5,2,24.06,scooter,41,clear,33
704160,2025-05-16 14:25:00,89,sushi,22.3,suburbs_north,6.2,1,10.19,car,73,heavy_rain,48
704161,2025-05-16 14:54:00,74,thai,18.7,downtown,1.4,6,95.89,car,164,clear,26
704162,2025-05-16 16:00:00,36,burgers,11.8,downtown,1.5,4,37.91,car,528,cloudy,21
704164,2025-05-16 16:56:00,141,thai,14.1,suburbs_north,8.2,1,15.87,car,871,clear,29
704165,2025-05-16 17:04:00,75,mexican,13.3,midtown,4.2,4,37.25,bike,55,cloudy,33
704166,2025-05-16 17:11:00,160,salads,5,uptown,4.3,4,62.96,car,29,cloudy,20
704167,2025-05-16 17:24:00,71,burgers,14.5,uptown,3.1,3,22.26,bike,329,clear,33
704168,2025-05-16 17:49:00,92,thai,7,uptown,3,2,17.46,scooter,244,heavy_rain,22
704169,2025-05-16 18:18:00,118,thai,15.5,downtown,2.3,3,46.4,car,11,clear,34
704170,2025-05-16 18:44:00,95,pizza,11.9,suburbs_south,6.4,5,54.5,scooter,705,clear,31
704171,2025-05-16 18:53:00,28,indian,19.5,downtown,1.1,1,14.71,scooter,237,clear,23
704172,2025-05-16 19:24:00,99,thai,13.4,midtown,2.4,2,21.35,bike,65,cloudy,28
704173,2025-05-16 19:27:00,67,chinese,17.8,uptown,4.6,4,34.2,bike,226,cloudy,46
704174,2025-05-16 19:58:00,87,burgers,6.5,downtown,1.4,4,33.48,car,2134,clear,24
704175,2025-05-16 20:03:00,54,salads,9.4,downtown,2.2,2,14.42,scooter,51,clear,21
704176,2025-05-16 20:46:00,104,thai,11.5,suburbs_south,10.3,3,30.06,car,55,cloudy,51
704177,2025-05-16 20:59:00,17,thai,9.8,uptown,4.2,2,29.51,scooter,343,cloudy,32
704181,2025-05-16 23:32:00,112,sushi,18.2,downtown,2.3,4,29.38,bike,168,rain,35
704182,2025-05-17 10:07:00,37,pizza,17.5,midtown,1.9,5,52.08,scooter,65,cloudy,25
704183,2025-05-17 10:50:00,143,chinese,12.4,uptown,3.9,2,15.36,scooter,85,cloudy,32
704184,2025-05-17 11:06:00,52,mexican,5.5,uptown,3,1,8,scooter,81,rain,23
704185,2025-05-17 11:21:00,31,sushi,14.7,midtown,3.3,1,11.45,bike,74,clear,35
704187,2025-05-17 11:46:00,23,burgers,11.6,downtown,3.3,6,65.24,bike,1082,clear,33
704188,2025-05-17 11:50:00,101,thai,11.8,suburbs_north,6.8,3,35.16,car,98,clear,32
704189,2025-05-17 12:02:00,115,thai,13.4,downtown,0.6,2,27.85,bike,284,rain,25
704190,2025-05-17 12:03:00,66,sushi,18.7,midtown,4,2,19.29,bike,127,clear,44
704192,2025-05-17 12:47:00,147,chinese,17.7,midtown,2.5,5,76.74,scooter,64,rain,44
704193,2025-05-17 12:56:00,157,burgers,16.3,suburbs_south,2.1,4,59.39,bike,29,clear,35
704194,2025-05-17 13:06:00,32,thai,16.7,uptown,6.7,2,24.94,scooter,397,clear,46
704195,2025-05-17 13:16:00,9,thai,12.6,suburbs_south,8.7,2,27.93,car,70,cloudy,40
704196,2025-05-17 13:37:00,67,chinese,17.8,uptown,4.3,2,23.17,scooter,33,cloudy,41
704198,2025-05-17 14:20:00,146,thai,14.2,uptown,4.9,2,31.06,scooter,55,clear,35
704199,2025-05-17 14:21:00,66,sushi,18.7,midtown,4.3,2,19.94,car,124,cloudy,36
704200,2025-05-17 14:43:00,115,thai,13.4,downtown,1,5,59.94,bike,4,clear,26
704201,2025-05-17 15:56:00,158,indian,12.1,midtown,4.2,3,28.45,bike,,cloudy,29
704202,2025-05-17 16:38:00,11,indian,20.4,uptown,3,2,20.38,bike,275,clear,33
704203,2025-05-17 17:02:00,10,pizza,12.9,suburbs_north,3.1,1,8,car,110,cloudy,21
704204,2025-05-17 17:05:00,139,indian,20.7,midtown,3.6,1,13.91,car,134,clear,36
704205,2025-05-17 17:34:00,86,chinese,11.8,suburbs_south,9,4,55.98,car,,rain,43
704206,2025-05-17 17:37:00,2,thai,10.5,downtown,1.9,3,46,car,238,clear,24
704207,2025-05-17 17:40:00,20,mexican,9.2,midtown,1.8,7,56.53,scooter,571,clear,20
704208,2025-05-17 17:49:00,74,thai,18.7,downtown,2.7,4,34.99,bike,32,rain,44
704209,2025-05-17 17:58:00,108,mexican,10.1,suburbs_south,8.7,8,66.81,car,66,rain,48
704210,2025-05-17 18:05:00,77,pizza,11.4,uptown,2.2,2,24.2,scooter,64,rain,24
704211,2025-05-17 18:13:00,155,indian,14.5,suburbs_south,7.4,4,52.24,car,85,clear,44
704212,2025-05-17 18:16:00,82,salads,9.2,midtown,1.5,6,60.28,car,171,cloudy,21
704213,2025-05-17 18:16:00,108,mexican,10.1,suburbs_south,3.4,3,44.12,bike,22,clear,34
704214,2025-05-17 18:27:00,125,sushi,18.8,uptown,5.4,2,19.81,bike,394,clear,46
704215,2025-05-17 18:31:00,103,thai,16.4,midtown,1.6,2,30.84,scooter,671,,28
704216,2025-05-17 18:33:00,93,sushi,16.7,downtown,1.1,7,62.23,scooter,202,cloudy,32
704217,2025-05-17 18:34:00,40,pizza,18.4,midtown,3.6,2,26.6,bike,41,clear,41
704218,2025-05-17 18:35:00,79,salads,10,midtown,1.7,3,35.77,bike,103,cloudy,27
704220,2025-05-17 18:47:00,87,burgers,6.5,downtown,2.6,2,31.15,scooter,25,rain,18
704221,2025-05-17 18:50:00,81,sushi,17.4,downtown,3.5,2,30.85,scooter,67,clear,34
704222,2025-05-17 19:08:00,85,pizza,11.8,uptown,5.6,1,15.39,scooter,516,clear,31
704224,2025-05-17 19:37:00,16,salads,7.8,uptown,4,2,18.93,scooter,407,rain,27
704225,2025-05-17 19:46:00,24,pizza,15.8,uptown,1.9,2,26.96,scooter,56,heavy_rain,34
704227,2025-05-17 19:54:00,12,thai,12.8,midtown,3.6,2,21.64,scooter,599,clear,34
704228,2025-05-17 20:01:00,140,chinese,17.8,downtown,1.8,2,19.97,car,259,clear,34
704229,2025-05-17 20:12:00,85,pizza,11.8,uptown,3.4,4,48.54,bike,954,clear,33
704230,2025-05-17 20:23:00,99,thai,13.4,midtown,2.2,2,25.75,bike,40,clear,29
704231,2025-05-17 20:49:00,29,salads,9.9,midtown,5.5,4,29.2,scooter,36,clear,33
704232,2025-05-17 20:51:00,37,pizza,17.5,midtown,4.8,8,69.09,scooter,14,rain,50
704235,2025-05-17 20:59:00,6,sushi,16.8,midtown,2.7,1,14.76,scooter,217,clear,25
704236,2025-05-17 21:16:00,6,sushi,16.8,midtown,4.2,2,23.6,bike,200,clear,39
704237,2025-05-17 21:20:00,16,salads,7.8,uptown,3.1,2,20.96,scooter,196,clear,20
704238,2025-05-17 21:21:00,17,thai,9.8,uptown,1.3,1,10.55,scooter,48,clear,19
704239,2025-05-17 21:52:00,38,pizza,16.9,midtown,1.5,4,42.64,bike,38,cloudy,28
704240,2025-05-17 22:06:00,131,indian,22.1,downtown,0.9,4,30.13,car,127,clear,30
704241,2025-05-17 22:18:00,94,sushi,20.2,downtown,2.3,5,48.33,scooter,230,clear,35
704242,2025-05-17 22:50:00,135,sushi,20.5,downtown,2.1,2,30.76,car,81,cloudy,32
704243,2025-05-17 23:56:00,125,sushi,18.8,uptown,3.6,2,16.88,scooter,55,rain,42
704244,2025-05-18 11:06:00,136,salads,9.3,downtown,2.1,2,27.57,bike,165,clear,25
704245,2025-05-18 11:08:00,27,thai,16.7,downtown,2.4,4,36.41,bike,185,clear,36
704246,2025-05-18 11:22:00,42,pizza,16.7,downtown,1.9,2,14.23,car,,cloudy,32
704247,2025-05-18 11:24:00,21,pizza,17,midtown,4.4,3,28.38,bike,364,clear,45
704248,2025-05-18 12:03:00,58,indian,21.6,uptown,3.6,1,10.18,car,137,clear,37
704249,2025-05-18 12:15:00,102,indian,17.4,uptown,3.3,1,15.89,bike,94,clear,36
704250,2025-05-18 12:21:00,78,mexican,9.1,downtown,2,4,39.51,bike,121,heavy_rain,25
704251,2025-05-18 12:28:00,134,mexican,10.8,midtown,3.5,2,16.54,bike,87,heavy_rain,46
704252,2025-05-18 12:32:00,70,thai,14.2,suburbs_north,9.8,3,41.14,scooter,8,cloudy,53
704253,2025-05-18 12:42:00,120,pizza,12.2,downtown,1.8,2,16.5,bike,292,clear,30
704254,2025-05-18 12:51:00,80,chinese,16.1,downtown,2.5,4,52.36,scooter,85,rain,32
704255,2025-05-18 12:58:00,74,thai,18.7,downtown,3,3,41.37,bike,138,clear,41
704256,2025-05-18 13:08:00,147,chinese,17.7,midtown,3.3,2,21.04,scooter,174,clear,39
704257,2025-05-18 13:23:00,156,salads,12.7,downtown,0.8,3,34.24,bike,62,rain,22
704258,2025-05-18 13:29:00,54,salads,9.4,downtown,2.2,1,13.23,car,137,clear,24
704259,2025-05-18 13:30:00,44,indian,21,midtown,1.8,1,8.6,scooter,,cloudy,33
704260,2025-05-18 13:50:00,8,burgers,12.1,uptown,5.7,1,10.22,scooter,69,clear,39
704261,2025-05-18 15:19:00,131,indian,22.1,downtown,1.3,3,35.29,scooter,294,clear,37
704262,2025-05-18 16:25:00,121,indian,13.9,suburbs_north,9.8,2,26.07,scooter,584,heavy_rain,57
704263,2025-05-18 17:06:00,65,thai,16.7,uptown,3,1,12.11,scooter,98,rain,28
704264,2025-05-18 17:11:00,81,sushi,17.4,downtown,0.9,4,32.48,car,25,cloudy,25
704265,2025-05-18 17:38:00,63,pizza,12.6,downtown,1.8,1,8.38,car,32,clear,18
704266,2025-05-18 17:45:00,70,thai,14.2,suburbs_north,10.9,2,16.17,car,102,clear,45
704267,2025-05-18 17:51:00,20,mexican,9.2,midtown,3.4,2,31.09,bike,318,cloudy,33
704268,2025-05-18 18:01:00,27,thai,16.7,downtown,1.8,2,24.31,scooter,76,clear,22
704269,2025-05-18 18:32:00,69,salads,8.8,midtown,1.6,3,29.02,scooter,199,clear,26
704270,2025-05-18 18:33:00,111,pizza,8.5,downtown,1.9,5,57.59,bike,164,clear,24
704271,2025-05-18 18:47:00,16,salads,7.8,uptown,2.4,2,28.27,bike,,cloudy,20
704273,2025-05-18 19:13:00,46,indian,19.4,downtown,0.8,8,123.87,scooter,1164,clear,35
704274,2025-05-18 19:16:00,19,chinese,10.6,downtown,1.4,3,38.25,car,49,cloudy,30
704275,2025-05-18 19:24:00,42,pizza,16.7,downtown,2.2,2,31.99,car,136,rain,31
704276,2025-05-18 19:28:00,98,salads,11.1,midtown,4,4,60.09,car,34,clear,25
704277,2025-05-18 19:28:00,136,salads,9.3,downtown,2.1,1,8.79,scooter,54,rain,27
704278,2025-05-18 19:58:00,85,pizza,11.8,uptown,3.5,2,24.98,bike,463,rain,34
704279,2025-05-18 20:16:00,79,salads,10,midtown,2.5,1,8,scooter,276,clear,26
704280,2025-05-18 20:22:00,64,mexican,11.6,suburbs_north,2.9,2,20.35,scooter,216,clear,24
704281,2025-05-18 20:26:00,35,mexican,11.9,midtown,5.3,2,21.32,scooter,115,cloudy,34
704284,2025-05-18 21:17:00,91,salads,10.1,suburbs_south,9.9,3,39.11,car,115,clear,39
704286,2025-05-18 21:53:00,30,salads,5,suburbs_south,2.8,2,22.69,scooter,83,clear,19
704287,2025-05-18 22:45:00,116,sushi,16.4,downtown,2.3,1,8.29,car,26,clear,18
704288,2025-05-18 22:48:00,29,salads,9.9,midtown,1.9,2,16.7,scooter,65,rain,16
704289,2025-05-18 23:43:00,156,salads,12.7,downtown,2.3,2,15.14,scooter,396,cloudy,26
704291,2025-05-19 11:06:00,37,pizza,17.5,midtown,2.1,2,24.35,car,277,rain,32
704292,2025-05-19 11:07:00,44,indian,21,midtown,1.9,2,22.21,car,299,clear,34
704293,2025-05-19 11:17:00,93,sushi,16.7,downtown,2.7,2,25.97,bike,67,clear,35
704294,2025-05-19 11:23:00,157,burgers,16.3,suburbs_south,9.7,4,54.92,car,429,clear,45
704295,2025-05-19 11:27:00,122,indian,20,midtown,2.4,3,42.85,bike,84,clear,40
704296,2025-05-19 11:31:00,116,sushi,16.4,downtown,0.6,2,24.65,bike,136,clear,26
704298,2025-05-19 11:47:00,139,indian,20.7,midtown,1.7,2,30.71,scooter,197,rain,34
704299,2025-05-19 11:49:00,54,salads,9.4,downtown,2.2,3,21.65,car,77,cloudy,27
704300,2025-05-19 11:54:00,38,pizza,16.9,midtown,4.2,5,55.48,car,154,clear,37
704301,2025-05-19 11:56:00,32,thai,16.7,uptown,1.8,4,52.62,car,75,clear,32
704302,2025-05-19 12:06:00,4,pizza,14,suburbs_south,4.2,2,24.64,bike,201,,38
704303,2025-05-19 12:07:00,97,chinese,16.1,uptown,1.7,3,28.55,scooter,59,heavy_rain,31
704304,2025-05-19 12:17:00,84,chinese,11.5,suburbs_south,6.3,5,44.75,car,230,clear,36
704307,2025-05-19 13:03:00,95,pizza,11.9,suburbs_south,12.8,1,13.3,car,22,clear,53
704308,2025-05-19 13:16:00,16,salads,7.8,uptown,3,2,14.95,scooter,55,heavy_rain,24
704309,2025-05-19 13:22:00,156,salads,12.7,downtown,1.4,5,78.23,bike,134,clear,32
704310,2025-05-19 13:30:00,146,thai,14.2,uptown,3.3,4,54.1,scooter,107,clear,33
704311,2025-05-19 13:43:00,20,mexican,9.2,midtown,2.7,1,8,scooter,44,cloudy,23
704312,2025-05-19 13:57:00,74,thai,18.7,downtown,2.8,4,42.93,scooter,441,heavy_rain,37
704313,2025-05-19 14:10:00,70,thai,14.2,suburbs_north,10.3,2,14.45,car,386,clear,44
704314,2025-05-19 14:10:00,21,pizza,17,midtown,2.9,8,93.03,scooter,27,cloudy,36
704316,2025-05-19 15:24:00,46,indian,19.4,downtown,1.3,1,14.24,bike,2345,clear,22
704317,2025-05-19 15:52:00,116,sushi,16.4,downtown,1.1,5,46.91,scooter,119,cloudy,27
704318,2025-05-19 16:29:00,5,mexican,12.4,uptown,1.9,2,30.98,scooter,23,cloudy,23
704319,2025-05-19 16:39:00,134,mexican,10.8,midtown,4.5,2,17.01,bike,601,cloudy,28
704320,2025-05-19 16:52:00,122,indian,20,midtown,1.2,4,47.88,scooter,503,heavy_rain,27
704321,2025-05-19 16:58:00,143,chinese,12.4,uptown,2.8,3,28.1,scooter,67,clear,24
704323,2025-05-19 17:29:00,23,burgers,11.6,downtown,3,3,26.43,car,141,clear,25
704324,2025-05-19 17:47:00,36,burgers,11.8,downtown,2.6,2,15.27,scooter,2365,clear,23
704325,2025-05-19 17:51:00,136,salads,9.3,downtown,0.9,7,52.11,car,420,rain,17
704326,2025-05-19 18:00:00,24,pizza,15.8,uptown,1.9,1,10.48,car,376,clear,20
704328,2025-05-19 18:06:00,52,mexican,5.5,uptown,2.4,4,39.83,bike,46,cloudy,22
704329,2025-05-19 18:12:00,32,thai,16.7,uptown,3.8,2,30.43,car,108,clear,36
704330,2025-05-19 18:13:00,24,pizza,15.8,uptown,1.7,3,36.12,bike,643,clear,26
704331,2025-05-19 18:16:00,126,pizza,12,midtown,4.7,3,28.83,car,177,clear,27
704332,2025-05-19 18:56:00,98,salads,11.1,midtown,2.9,3,40.26,bike,699,clear,25
704333,2025-05-19 19:00:00,22,mexican,9.1,suburbs_south,6.1,6,85.93,scooter,21,cloudy,32
704334,2025-05-19 19:00:00,2,thai,10.5,downtown,1.2,8,110.3,bike,168,clear,23
704335,2025-05-19 19:05:00,26,pizza,14.9,midtown,1.6,3,40.42,scooter,50,cloudy,28
704336,2025-05-19 19:07:00,49,indian,14.4,uptown,4.5,4,41.87,scooter,75,cloudy,31
704337,2025-05-19 19:12:00,89,sushi,22.3,suburbs_north,3,1,14.14,scooter,72,rain,42
704338,2025-05-19 19:15:00,35,mexican,11.9,midtown,3.6,5,53.76,car,67,clear,31
704339,2025-05-19 19:26:00,10,pizza,12.9,suburbs_north,6.6,3,21.17,scooter,854,clear,40
704341,2025-05-19 19:32:00,51,indian,17,downtown,2,5,79.37,car,701,clear,34
704342,2025-05-19 19:41:00,119,indian,16.8,suburbs_south,7.6,1,15.44,scooter,549,,45
704343,2025-05-19 19:54:00,64,mexican,11.6,suburbs_north,6.5,3,27.89,scooter,127,rain,49
704346,2025-05-19 20:31:00,19,chinese,10.6,downtown,2.6,2,19.25,bike,74,clear,29
704347,2025-05-19 20:40:00,92,thai,7,uptown,1.7,1,12.47,bike,118,clear,19
704348,2025-05-19 20:43:00,146,thai,14.2,uptown,4.3,5,38.22,scooter,176,clear,33
704349,2025-05-19 21:32:00,146,thai,14.2,uptown,2.7,1,9.12,scooter,30,rain,22
704350,2025-05-19 21:33:00,121,indian,13.9,suburbs_north,5.3,2,31.86,scooter,325,clear,37
704351,2025-05-19 21:53:00,50,salads,8.2,midtown,1.8,2,31.87,car,65,clear,18
704352,2025-05-19 22:31:00,23,burgers,11.6,downtown,2.1,2,23.43,scooter,400,clear,20
704354,2025-05-19 23:54:00,8,burgers,12.1,uptown,2.2,1,15.62,scooter,211,clear,23
704355,2025-05-19 23:57:00,85,pizza,11.8,uptown,2.3,1,8,bike,81,clear,21
704356,2025-05-20 10:02:00,128,chinese,6.8,uptown,3.3,3,32.91,scooter,22,clear,20
704358,2025-05-20 11:19:00,7,thai,17.1,midtown,3.6,6,84.67,scooter,34,cloudy,33
704362,2025-05-20 12:07:00,104,thai,11.5,suburbs_south,5.9,2,23.14,bike,157,cloudy,38
704364,2025-05-20 12:22:00,132,mexican,13.3,downtown,3.2,5,52.92,bike,22,clear,36
704366,2025-05-20 12:29:00,13,indian,15.1,downtown,2,3,27.87,bike,85,clear,33
704367,2025-05-20 12:37:00,42,pizza,16.7,downtown,1,2,17.8,scooter,234,rain,23
704368,2025-05-20 12:39:00,58,indian,21.6,uptown,3,4,57.42,bike,,heavy_rain,53
704369,2025-05-20 12:42:00,64,mexican,11.6,suburbs_north,8.3,4,62.76,car,126,cloudy,37
704371,2025-05-20 13:13:00,37,pizza,17.5,midtown,4.6,4,46.52,bike,3728,clear,44
704373,2025-05-20 13:30:00,38,pizza,16.9,midtown,4.2,4,59.91,bike,46,clear,51
704374,2025-05-20 13:36:00,131,indian,22.1,downtown,1.6,2,15.29,scooter,137,clear,37
704375,2025-05-20 13:38:00,109,burgers,10,downtown,1.7,6,93.15,bike,170,rain,27
704376,2025-05-20 13:40:00,117,pizza,16.2,suburbs_south,4.8,2,20.44,bike,76,clear,42
704377,2025-05-20 14:09:00,118,thai,15.5,downtown,2.3,5,41.3,scooter,13,rain,33
704378,2025-05-20 14:20:00,100,pizza,12.8,uptown,3.9,3,33.3,scooter,44,cloudy,24
704379,2025-05-20 14:47:00,156,salads,12.7,downtown,3.1,3,22.16,scooter,129,,31
704380,2025-05-20 14:52:00,107,sushi,18,suburbs_south,7.1,1,15.05,scooter,89,rain,45
704381,2025-05-20 15:24:00,108,mexican,10.1,suburbs_south,2.3,2,19.21,scooter,66,clear,19
704384,2025-05-20 16:04:00,54,salads,9.4,downtown,1.1,8,92.68,car,186,cloudy,17
704385,2025-05-20 16:11:00,108,mexican,10.1,suburbs_south,6,5,62.57,car,1207,rain,32
704386,2025-05-20 16:53:00,56,thai,13,downtown,2.4,3,41.28,bike,228,clear,24
704387,2025-05-20 17:08:00,120,pizza,12.2,downtown,1.2,2,15.23,bike,12,cloudy,19
704388,2025-05-20 17:15:00,152,indian,18,suburbs_north,5.5,2,19.4,bike,,clear,41
704389,2025-05-20 17:31:00,143,chinese,12.4,uptown,1.3,2,25.78,scooter,,rain,18
704390,2025-05-20 17:37:00,74,thai,18.7,downtown,2.5,3,23.8,car,16,clear,29
704391,2025-05-20 17:38:00,59,pizza,11.7,suburbs_south,4.4,4,56.88,scooter,171,clear,32
704392,2025-05-20 18:05:00,12,thai,12.8,midtown,3.2,1,10.09,scooter,84,clear,34
704393,2025-05-20 18:16:00,18,indian,20.8,suburbs_south,9.8,4,40.01,car,5,clear,57
704394,2025-05-20 18:28:00,84,chinese,11.5,suburbs_south,5.8,5,69.49,bike,,clear,39
704395,2025-05-20 18:30:00,156,salads,12.7,downtown,2.5,2,20.42,scooter,203,clear,24
704396,2025-05-20 18:56:00,4,pizza,14,suburbs_south,7.1,2,21.24,car,79,clear,34
704397,2025-05-20 19:08:00,99,thai,13.4,midtown,3.6,3,47.48,scooter,26,clear,28
704399,2025-05-20 19:14:00,131,indian,22.1,downtown,2.4,1,15.32,car,47,rain,48
704400,2025-05-20 19:16:00,27,thai,16.7,downtown,3.3,3,27.97,bike,134,clear,40
704401,2025-05-20 19:17:00,100,pizza,12.8,uptown,3.8,2,26.02,car,19,clear,35
704403,2025-05-20 19:24:00,55,salads,5,midtown,2.3,7,101.74,bike,59,cloudy,17
704404,2025-05-20 20:39:00,90,sushi,20.7,midtown,5,4,37.5,car,160,cloudy,46
704405,2025-05-20 20:45:00,119,indian,16.8,suburbs_south,4.3,2,29.27,car,202,cloudy,35
704407,2025-05-20 20:57:00,74,thai,18.7,downtown,2.7,3,29.7,bike,10,clear,40
704408,2025-05-20 20:57:00,126,pizza,12,midtown,2.8,1,10.39,scooter,606,cloudy,24
704409,2025-05-20 21:08:00,83,salads,8.7,midtown,2.5,7,89.9,bike,53,rain,27
704410,2025-05-20 21:13:00,153,salads,5,suburbs_south,4.9,2,16.12,car,84,clear,21
704411,2025-05-20 21:14:00,71,burgers,14.5,uptown,2.8,1,12.63,car,405,clear,24
704412,2025-05-20 21:18:00,52,mexican,5.5,uptown,2.7,1,14.49,bike,380,cloudy,21
704413,2025-05-20 21:46:00,16,salads,7.8,uptown,3.9,2,27.68,scooter,1334,clear,15
704415,2025-05-20 21:55:00,113,mexican,13.2,midtown,1.3,6,48.6,bike,19,rain,33
704416,2025-05-20 21:58:00,75,mexican,13.3,midtown,4.2,7,56.44,bike,203,clear,39
704418,2025-05-20 22:30:00,76,mexican,10,uptown,3,7,95.23,bike,,clear,31
704419,2025-05-20 22:33:00,140,chinese,17.8,downtown,2.3,6,76.79,car,9,,27
704420,2025-05-20 22:41:00,139,indian,20.7,midtown,2,1,15.14,car,66,cloudy,26
704422,2025-05-21 10:33:00,66,sushi,18.7,midtown,1.3,8,119.81,car,1636,cloudy,33
704423,2025-05-21 11:18:00,34,mexican,12.2,midtown,2.9,3,31.07,scooter,137,,34
704424,2025-05-21 11:24:00,83,salads,8.7,midtown,3.3,2,31.69,scooter,103,clear,25
704425,2025-05-21 11:42:00,64,mexican,11.6,suburbs_north,7.2,5,55.18,car,41,rain,41
704426,2025-05-21 11:52:00,57,sushi,15.1,midtown,1.6,2,30.64,scooter,,cloudy,26
704427,2025-05-21 12:03:00,132,mexican,13.3,downtown,2,2,19.89,bike,45,clear,29
704428,2025-05-21 12:08:00,101,thai,11.8,suburbs_north,3.2,2,20.56,car,258,clear,25
704429,2025-05-21 12:15:00,125,sushi,18.8,uptown,4.3,4,37.06,scooter,15,clear,39
704430,2025-05-21 12:30:00,95,pizza,11.9,suburbs_south,12.6,3,21.44,car,363,cloudy,49
704431,2025-05-21 12:42:00,27,thai,16.7,downtown,2.9,3,29.96,scooter,27,clear,34
704432,2025-05-21 12:49:00,78,mexican,9.1,downtown,2.7,1,8.64,bike,262,clear,24
704433,2025-05-21 12:50:00,115,thai,13.4,downtown,3,4,43.94,bike,369,clear,32
704434,2025-05-21 13:07:00,57,sushi,15.1,midtown,3.4,2,31.48,car,43,clear,26
704435,2025-05-21 13:10:00,20,mexican,9.2,midtown,3.9,2,27.59,bike,4301,clear,28
704436,2025-05-21 14:02:00,87,burgers,6.5,downtown,1.4,2,19.36,scooter,,cloudy,17
704438,2025-05-21 15:11:00,60,chinese,10.4,suburbs_north,4.4,1,15.2,bike,333,clear,29
704439,2025-05-21 16:00:00,23,burgers,11.6,downtown,1.5,2,17.55,car,406,clear,25
704441,2025-05-21 17:31:00,157,burgers,16.3,suburbs_south,2,6,87.04,bike,966,clear,30
704442,2025-05-21 17:34:00,159,pizza,15,uptown,3.2,3,27.82,scooter,253,,37
704443,2025-05-21 17:41:00,95,pizza,11.9,suburbs_south,3.6,1,10.61,car,5,clear,30
704444,2025-05-21 17:50:00,1,mexican,12.7,downtown,2.1,3,23.41,car,70,clear,23
704445,2025-05-21 17:55:00,66,sushi,18.7,midtown,2,3,38.44,scooter,216,clear,25
704446,2025-05-21 18:06:00,22,mexican,9.1,suburbs_south,8.9,2,28.1,scooter,949,clear,42
704447,2025-05-21 18:16:00,14,burgers,6.4,downtown,2.9,3,39.86,scooter,322,clear,22
704448,2025-05-21 18:53:00,37,pizza,17.5,midtown,3.2,4,53.36,bike,120,clear,42
704449,2025-05-21 18:59:00,104,thai,11.5,suburbs_south,7.3,2,30.3,car,160,clear,36
704450,2025-05-21 19:03:00,91,salads,10.1,suburbs_south,8.9,4,31.49,car,14,clear,37
704451,2025-05-21 19:08:00,70,thai,14.2,suburbs_north,4.7,2,29.82,scooter,79,cloudy,36
704452,2025-05-21 19:18:00,141,thai,14.1,suburbs_north,3.6,6,52.6,bike,46,clear,44
704453,2025-05-21 19:22:00,117,pizza,16.2,suburbs_south,2.2,5,53.76,scooter,127,clear,41
704454,2025-05-21 19:25:00,96,thai,15.7,downtown,2.7,1,10.91,bike,124,clear,33
704456,2025-05-21 19:35:00,143,chinese,12.4,uptown,4.2,1,10.52,scooter,16,clear,32
704457,2025-05-21 19:37:00,113,mexican,13.2,midtown,4.3,1,8,bike,158,clear,36
704458,2025-05-21 19:40:00,37,pizza,17.5,midtown,3.9,2,27.01,scooter,16,heavy_rain,40
704459,2025-05-21 19:45:00,153,salads,5,suburbs_south,9.6,4,28.04,car,,heavy_rain,44
704460,2025-05-21 19:46:00,60,chinese,10.4,suburbs_north,4.1,2,25.63,car,1000,cloudy,27
704461,2025-05-21 20:02:00,153,salads,5,suburbs_south,10.1,3,29.9,scooter,306,clear,36
704462,2025-05-21 20:08:00,14,burgers,6.4,downtown,1.9,5,46.19,scooter,28,clear,21
704463,2025-05-21 20:56:00,125,sushi,18.8,uptown,4.7,2,24.61,bike,30,heavy_rain,59
704464,2025-05-21 21:44:00,157,burgers,16.3,suburbs_south,10.1,6,62.21,car,35,clear,46
704467,2025-05-21 23:10:00,62,salads,6.7,downtown,1,3,45.82,bike,866,heavy_rain,17
704468,2025-05-22 10:15:00,153,salads,5,suburbs_south,3.4,2,17.17,car,16,clear,15
704470,2025-05-22 10:29:00,144,chinese,7.6,midtown,1.4,1,8,bike,92,clear,15
704472,2025-05-22 11:19:00,147,chinese,17.7,midtown,1.6,2,24.24,bike,64,clear,29
704474,2025-05-22 11:37:00,35,mexican,11.9,midtown,3.1,2,16.9,scooter,249,cloudy,27
704475,2025-05-22 11:48:00,152,indian,18,suburbs_north,6.9,1,15.35,car,133,clear,44
704476,2025-05-22 11:50:00,130,mexican,15.3,downtown,2.2,4,36.34,scooter,136,clear,33
704477,2025-05-22 12:08:00,87,burgers,6.5,downtown,2.7,1,14.34,bike,57,clear,22
704478,2025-05-22 12:13:00,41,thai,19,downtown,3.2,3,44.23,scooter,153,clear,37
704479,2025-05-22 12:13:00,54,salads,9.4,downtown,1.1,3,46.6,bike,249,clear,16
704480,2025-05-22 12:21:00,112,sushi,18.2,downtown,1,2,19.23,car,36,cloudy,26
704481,2025-05-22 12:50:00,122,indian,20,midtown,3.4,4,41.62,car,99,clear,39
704482,2025-05-22 12:53:00,24,pizza,15.8,uptown,4.9,3,32.31,scooter,62,cloudy,41
704487,2025-05-22 14:20:00,66,sushi,18.7,midtown,2.7,1,14.53,bike,11,cloudy,30
704488,2025-05-22 14:48:00,13,indian,15.1,downtown,3,1,8.26,bike,63,heavy_rain,37
704489,2025-05-22 16:25:00,29,salads,9.9,midtown,1.8,3,46.27,car,25,clear,18
704490,2025-05-22 17:00:00,32,thai,16.7,uptown,2.3,1,15.21,bike,336,clear,28
704491,2025-05-22 17:03:00,89,sushi,22.3,suburbs_north,4.8,4,31.35,bike,254,rain,53
704492,2025-05-22 17:16:00,108,mexican,10.1,suburbs_south,7.7,2,16.99,scooter,165,clear,32
704494,2025-05-22 17:40:00,5,mexican,12.4,uptown,3.7,1,10.68,scooter,696,clear,30
704495,2025-05-22 17:43:00,129,pizza,10.9,suburbs_north,11.9,8,90.51,car,330,rain,49
704496,2025-05-22 17:44:00,132,mexican,13.3,downtown,1.9,2,25.13,bike,90,rain,27
704497,2025-05-22 18:02:00,15,indian,18.1,midtown,1.2,2,23.66,scooter,518,clear,29
704498,2025-05-22 18:02:00,62,salads,6.7,downtown,1.5,1,15.55,bike,9482,clear,12
704499,2025-05-22 18:11:00,122,indian,20,midtown,1.5,4,39.11,car,1214,clear,28
704500,2025-05-22 18:13:00,79,salads,10,midtown,3.5,1,8.78,bike,201,clear,26
704502,2025-05-22 18:20:00,149,thai,15.5,downtown,2.8,2,27.11,car,1067,clear,28
704505,2025-05-22 18:28:00,37,pizza,17.5,midtown,4.9,1,8,scooter,67,rain,44
704506,2025-05-22 18:39:00,80,chinese,16.1,downtown,2.5,2,14.71,bike,553,heavy_rain,35
704507,2025-05-22 18:55:00,66,sushi,18.7,midtown,1.8,1,12.53,scooter,24,cloudy,33
704508,2025-05-22 18:56:00,119,indian,16.8,suburbs_south,3.6,3,32.87,bike,41,rain,46
704509,2025-05-22 19:02:00,78,mexican,9.1,downtown,2.7,1,8.14,car,92,heavy_rain,28
704510,2025-05-22 19:04:00,81,sushi,17.4,downtown,3.1,1,15.39,scooter,132,clear,28
704511,2025-05-22 19:07:00,49,indian,14.4,uptown,3.8,2,27.78,scooter,99,clear,34
704512,2025-05-22 19:16:00,54,salads,9.4,downtown,1.6,3,30.37,car,228,cloudy,24
704513,2025-05-22 19:28:00,20,mexican,9.2,midtown,2.1,2,15.65,bike,1728,clear,20
704515,2025-05-22 19:41:00,81,sushi,17.4,downtown,1.2,3,27.9,car,638,cloudy,28
704516,2025-05-22 19:45:00,16,salads,7.8,uptown,3.7,2,14.67,bike,64,clear,31
704517,2025-05-22 19:59:00,146,thai,14.2,uptown,4.1,1,11.53,scooter,,clear,27
704518,2025-05-22 20:00:00,69,salads,8.8,midtown,3.3,2,26.49,bike,76,clear,32
704521,2025-05-22 21:08:00,33,sushi,21.1,midtown,2.3,2,28.11,car,39,clear,26
704525,2025-05-23 10:37:00,109,burgers,10,downtown,0.8,2,17.1,bike,49,cloudy,16
704527,2025-05-23 11:51:00,54,salads,9.4,downtown,2.2,1,8.85,bike,422,clear,16
704528,2025-05-23 11:56:00,22,mexican,9.1,suburbs_south,2.2,1,8,scooter,27,rain,27
704532,2025-05-23 12:16:00,142,indian,20.4,midtown,4,2,27.96,bike,459,cloudy,43
704533,2025-05-23 12:37:00,41,thai,19,downtown,1.1,3,43.67,bike,62,rain,33
704534,2025-05-23 12:40:00,81,sushi,17.4,downtown,1.8,1,12.53,bike,909,clear,27
704535,2025-05-23 12:50:00,112,sushi,18.2,downtown,1.3,2,30.32,scooter,406,clear,25
704536,2025-05-23 12:50:00,117,pizza,16.2,suburbs_south,4.6,7,96.45,car,187,clear,45
704537,2025-05-23 12:53:00,50,salads,8.2,midtown,1.1,5,48.92,scooter,166,cloudy,18
704538,2025-05-23 12:58:00,62,salads,6.7,downtown,1.2,4,40.3,scooter,232,cloudy,17
704539,2025-05-23 13:07:00,61,thai,18,suburbs_north,2,1,13.57,scooter,157,cloudy,30
704542,2025-05-23 13:39:00,38,pizza,16.9,midtown,1.8,4,45.1,scooter,153,clear,31
704543,2025-05-23 13:42:00,159,pizza,15,uptown,2,2,22.7,car,86,clear,20
704544,2025-05-23 13:44:00,21,pizza,17,midtown,1.9,2,16.9,bike,192,clear,28
704545,2025-05-23 13:53:00,79,salads,10,midtown,4.5,1,13.56,car,118,clear,30
704546,2025-05-23 16:14:00,118,thai,15.5,downtown,2.4,4,43.51,car,2429,clear,26
704547,2025-05-23 16:41:00,56,thai,13,downtown,1.8,2,19.76,scooter,120,clear,22
704548,2025-05-23 16:57:00,1,mexican,12.7,downtown,1.6,1,8.98,bike,350,cloudy,18
704550,2025-05-23 17:21:00,112,sushi,18.2,downtown,2.5,2,16.22,scooter,76,cloudy,31
704551,2025-05-23 17:40:00,11,indian,20.4,uptown,6.3,3,40.09,scooter,29,cloudy,42
704552,2025-05-23 17:50:00,76,mexican,10,uptown,4.1,2,19.83,scooter,296,cloudy,26
704553,2025-05-23 18:06:00,136,salads,9.3,downtown,2.4,3,40.31,car,138,clear,22
704554,2025-05-23 18:21:00,62,salads,6.7,downtown,1.8,2,26.24,bike,119,clear,18
704555,2025-05-23 18:44:00,151,chinese,11.8,downtown,2,1,14.69,bike,10,clear,26
704557,2025-05-23 18:52:00,41,thai,19,downtown,1.5,1,14.93,car,35,rain,32
704558,2025-05-23 19:05:00,20,mexican,9.2,midtown,4.3,2,23.47,scooter,336,clear,30
704559,2025-05-23 19:14:00,149,thai,15.5,downtown,2.2,2,14.42,scooter,136,heavy_rain,33
704561,2025-05-23 19:44:00,112,sushi,18.2,downtown,2.9,1,15.68,scooter,137,clear,30
704562,2025-05-23 19:50:00,50,salads,8.2,midtown,3,6,57.83,scooter,21,cloudy,30
704563,2025-05-23 19:51:00,132,mexican,13.3,downtown,1.6,2,26.27,bike,619,cloudy,30
704564,2025-05-23 20:39:00,65,thai,16.7,uptown,5.8,2,24.6,car,302,cloudy,36
704565,2025-05-23 20:40:00,113,mexican,13.2,midtown,3.8,5,55.76,scooter,358,cloudy,31
704566,2025-05-23 20:41:00,30,salads,5,suburbs_south,4.7,2,23.57,scooter,177,cloudy,27
704568,2025-05-23 20:52:00,89,sushi,22.3,suburbs_north,6.5,2,15.34,car,39,clear,51
704569,2025-05-23 20:53:00,84,chinese,11.5,suburbs_south,5.8,3,43.56,bike,44,clear,45
704573,2025-05-23 22:23:00,90,sushi,20.7,midtown,3.4,3,42.46,bike,206,clear,41
704574,2025-05-23 22:41:00,98,salads,11.1,midtown,1.4,1,13.24,bike,139,cloudy,19
704575,2025-05-23 22:51:00,131,indian,22.1,downtown,2.3,5,62.24,bike,226,clear,36
704576,2025-05-24 10:54:00,101,thai,11.8,suburbs_north,9.6,2,25.34,car,77,clear,40
704577,2025-05-24 11:11:00,69,salads,8.8,midtown,1.9,2,27.92,scooter,723,rain,22
704578,2025-05-24 11:16:00,10,pizza,12.9,suburbs_north,10.4,3,28.31,scooter,62,clear,51
704579,2025-05-24 11:28:00,104,thai,11.5,suburbs_south,2.9,4,43.9,car,109,cloudy,24
704580,2025-05-24 11:47:00,15,indian,18.1,midtown,4.1,3,45.05,car,41,clear,120
704581,2025-05-24 11:53:00,73,pizza,10.6,midtown,3.7,1,15.24,scooter,94,cloudy,27
704583,2025-05-24 12:00:00,76,mexican,10,uptown,2.7,1,12.42,scooter,89,rain,16
704585,2025-05-24 12:24:00,117,pizza,16.2,suburbs_south,9.8,2,18.92,scooter,270,clear,49
704588,2025-05-24 12:40:00,102,indian,17.4,uptown,3.9,3,32.58,car,128,rain,42
704589,2025-05-24 12:47:00,104,thai,11.5,suburbs_south,9.6,1,10.59,scooter,47,clear,51
704590,2025-05-24 13:09:00,77,pizza,11.4,uptown,4.1,1,12.3,scooter,268,heavy_rain,36
704593,2025-05-24 13:29:00,158,indian,12.1,midtown,2.3,5,38.78,bike,25,clear,30
704594,2025-05-24 13:33:00,104,thai,11.5,suburbs_south,10.5,2,30.24,car,429,,47
704595,2025-05-24 13:35:00,61,thai,18,suburbs_north,3.2,1,8.11,scooter,28,rain,38
704596,2025-05-24 13:42:00,94,sushi,20.2,downtown,2.6,3,33.13,scooter,40,clear,38
704597,2025-05-24 13:46:00,11,indian,20.4,uptown,3.7,4,45.12,bike,77,clear,54
704598,2025-05-24 14:35:00,148,indian,16.9,suburbs_north,4.6,2,20.58,car,634,rain,35
704599,2025-05-24 15:18:00,46,indian,19.4,downtown,2.5,7,106.18,car,77,clear,39
704600,2025-05-24 15:57:00,29,salads,9.9,midtown,3.3,6,44.13,car,240,cloudy,26
704601,2025-05-24 16:16:00,158,indian,12.1,midtown,4.2,5,51.31,scooter,39,clear,28
704602,2025-05-24 17:42:00,151,chinese,11.8,downtown,1.9,5,49.14,scooter,,clear,25
704603,2025-05-24 17:46:00,88,burgers,8.9,suburbs_south,4.3,2,27.43,car,137,heavy_rain,31
704604,2025-05-24 17:58:00,135,sushi,20.5,downtown,3.1,2,14.09,bike,76,clear,38
704605,2025-05-24 18:01:00,61,thai,18,suburbs_north,6.9,5,77.51,car,92,clear,54
704606,2025-05-24 18:10:00,132,mexican,13.3,downtown,2.8,2,17.13,scooter,332,cloudy,22
704607,2025-05-24 18:19:00,93,sushi,16.7,downtown,1.5,5,75.58,car,20,clear,35
704608,2025-05-24 18:21:00,44,indian,21,midtown,3.2,2,26.47,car,66,clear,37
704609,2025-05-24 18:56:00,24,pizza,15.8,uptown,4.2,5,62.38,car,,clear,38
704610,2025-05-24 19:35:00,65,thai,16.7,uptown,3.4,6,55.51,car,1051,cloudy,38
704611,2025-05-24 19:38:00,95,pizza,11.9,suburbs_south,3,4,51.38,bike,1624,cloudy,31
704612,2025-05-24 19:53:00,44,indian,21,midtown,3.2,4,61.55,bike,144,heavy_rain,51
704613,2025-05-24 20:08:00,146,thai,14.2,uptown,1.9,4,63.28,scooter,80,,29
704615,2025-05-24 20:28:00,23,burgers,11.6,downtown,2.1,1,13.43,car,352,rain,33
704617,2025-05-24 20:48:00,4,pizza,14,suburbs_south,8.5,2,18.9,car,18,clear,48
704618,2025-05-24 20:51:00,66,sushi,18.7,midtown,3.5,5,55.4,bike,288,rain,51
704620,2025-05-24 20:56:00,8,burgers,12.1,uptown,5.6,1,15.44,car,,clear,27
704621,2025-05-24 20:59:00,96,thai,15.7,downtown,1.4,2,15.98,scooter,254,clear,30
704622,2025-05-24 21:04:00,103,thai,16.4,midtown,2.2,4,63.33,car,538,clear,25
704623,2025-05-24 21:09:00,138,thai,16.2,uptown,3.1,2,30.67,car,68,rain,25
704625,2025-05-24 22:07:00,98,salads,11.1,midtown,1.7,2,15.94,bike,492,clear,14
704626,2025-05-24 23:27:00,140,chinese,17.8,downtown,3,5,56.94,car,127,clear,33
704628,2025-05-25 10:04:00,110,thai,12.5,suburbs_north,6.4,2,18.77,scooter,728,clear,39
704630,2025-05-25 11:35:00,10,pizza,12.9,suburbs_north,8.6,2,19.75,scooter,9,clear,43
704633,2025-05-25 12:08:00,59,pizza,11.7,suburbs_south,4.8,8,102.07,bike,25,clear,42
704634,2025-05-25 12:15:00,108,mexican,10.1,suburbs_south,7.9,3,31.39,car,340,clear,33
704635,2025-05-25 12:20:00,100,pizza,12.8,uptown,3.2,3,32.32,car,1478,clear,27
704636,2025-05-25 12:39:00,21,pizza,17,midtown,2.3,4,55.53,car,220,heavy_rain,36
704638,2025-05-25 13:00:00,48,mexican,8.8,midtown,3.5,4,38.67,bike,,heavy_rain,34
704639,2025-05-25 13:01:00,114,chinese,12.4,suburbs_south,3.5,2,30.7,scooter,146,cloudy,27
704640,2025-05-25 13:07:00,141,thai,14.1,suburbs_north,6.7,1,11.07,scooter,118,clear,35
704641,2025-05-25 13:19:00,18,indian,20.8,suburbs_south,5.4,2,20.6,bike,,clear,58
704642,2025-05-25 13:36:00,12,thai,12.8,midtown,3.7,2,18.91,car,103,clear,32
704645,2025-05-25 13:55:00,25,mexican,14.5,midtown,1.3,2,23.82,car,8469,cloudy,18
704646,2025-05-25 14:12:00,129,pizza,10.9,suburbs_north,5.2,2,22.6,car,54,heavy_rain,35
704647,2025-05-25 14:25:00,27,thai,16.7,downtown,0.7,3,21.52,car,105,clear,30
704648,2025-05-25 14:38:00,109,burgers,10,downtown,2.7,2,22.19,scooter,387,clear,18
704649,2025-05-25 14:40:00,150,mexican,14.6,downtown,3.6,3,26.02,scooter,19,rain,31
704650,2025-05-25 14:47:00,132,mexican,13.3,downtown,2.3,3,46.35,scooter,119,rain,28
704651,2025-05-25 15:22:00,83,salads,8.7,midtown,2.3,4,36.68,bike,64,rain,27
704653,2025-05-25 15:25:00,98,salads,11.1,midtown,2.7,2,29.29,scooter,127,rain,30
704654,2025-05-25 15:30:00,11,indian,20.4,uptown,4.9,4,55.95,car,53,clear,42
704656,2025-05-25 16:17:00,2,thai,10.5,downtown,2.3,2,17.47,car,773,rain,17
704659,2025-05-25 17:07:00,61,thai,18,suburbs_north,2.9,4,61.28,scooter,295,rain,33
704660,2025-05-25 17:38:00,38,pizza,16.9,midtown,1.2,4,33.34,car,59,clear,30
704661,2025-05-25 17:50:00,141,thai,14.1,suburbs_north,8.7,1,8.02,car,1699,rain,40
704662,2025-05-25 17:53:00,128,chinese,6.8,uptown,1.2,2,19.85,car,238,heavy_rain,13
704663,2025-05-25 18:04:00,144,chinese,7.6,midtown,1,8,63.74,car,79,cloudy,23
704664,2025-05-25 18:04:00,157,burgers,16.3,suburbs_south,8.2,2,22.1,car,74,clear,45
704665,2025-05-25 18:10:00,148,indian,16.9,suburbs_north,5.4,4,29.71,bike,28,cloudy,48
704666,2025-05-25 18:12:00,19,chinese,10.6,downtown,1.7,1,15.48,bike,221,clear,21
704667,2025-05-25 18:37:00,96,thai,15.7,downtown,1.1,2,22.05,bike,25,clear,29
704668,2025-05-25 18:41:00,63,pizza,12.6,downtown,2.4,4,55.51,scooter,454,cloudy,32
704669,2025-05-25 18:55:00,110,thai,12.5,suburbs_north,6.2,1,14.17,scooter,31,clear,39
704670,2025-05-25 19:04:00,16,salads,7.8,uptown,2.9,2,22.32,car,199,clear,18
704672,2025-05-25 19:18:00,39,thai,21,downtown,2.7,2,24.93,car,915,cloudy,38
704673,2025-05-25 19:22:00,102,indian,17.4,uptown,4.9,2,27.58,scooter,67,clear,39
704675,2025-05-25 19:29:00,24,pizza,15.8,uptown,1.9,3,45.25,scooter,22,clear,33
704676,2025-05-25 19:49:00,157,burgers,16.3,suburbs_south,7.3,4,53.16,scooter,39,cloudy,53
704677,2025-05-25 19:51:00,100,pizza,12.8,uptown,5,7,87.4,bike,43,cloudy,45
704678,2025-05-25 19:53:00,64,mexican,11.6,suburbs_north,5.6,4,30.09,scooter,67,clear,32
704679,2025-05-25 20:04:00,47,mexican,14.1,downtown,1.5,2,18.86,scooter,51,cloudy,28
704680,2025-05-25 20:16:00,120,pizza,12.2,downtown,0.9,2,31.21,bike,77,cloudy,20
704681,2025-05-25 20:25:00,97,chinese,16.1,uptown,4.3,1,13.29,scooter,317,clear,35
704682,2025-05-25 20:35:00,133,chinese,15.9,suburbs_north,6.7,1,15.65,scooter,100,clear,42
704683,2025-05-25 22:29:00,125,sushi,18.8,uptown,2.3,1,8,bike,138,cloudy,34
704684,2025-05-26 11:00:00,1,mexican,12.7,downtown,3,1,10.37,scooter,446,clear,27
704685,2025-05-26 11:11:00,43,chinese,12.4,uptown,5.4,1,8,bike,195,clear,39
704687,2025-05-26 11:32:00,103,thai,16.4,midtown,5.2,6,71.9,scooter,54,cloudy,43
704689,2025-05-26 11:48:00,36,burgers,11.8,downtown,1.9,1,13.9,scooter,127,rain,25
704690,2025-05-26 12:04:00,122,indian,20,midtown,2.3,2,21.99,car,186,cloudy,30
704691,2025-05-26 12:14:00,133,chinese,15.9,suburbs_north,7.9,3,47.53,car,180,cloudy,44
704692,2025-05-26 12:14:00,11,indian,20.4,uptown,3.2,3,42.74,bike,219,clear,45
704693,2025-05-26 12:35:00,158,indian,12.1,midtown,1.8,1,14.77,bike,183,clear,29
704694,2025-05-26 12:37:00,121,indian,13.9,suburbs_north,3.2,2,31.06,scooter,23,cloudy,21
704695,2025-05-26 12:53:00,94,sushi,20.2,downtown,1.3,1,13.67,car,142,heavy_rain,39
704696,2025-05-26 12:57:00,21,pizza,17,midtown,2.2,6,42.37,bike,,rain,42
704700,2025-05-26 13:16:00,81,sushi,17.4,downtown,1.5,3,22.95,bike,149,clear,34
704701,2025-05-26 13:46:00,90,sushi,20.7,midtown,4.1,5,72.46,bike,216,clear,44
704702,2025-05-26 13:51:00,19,chinese,10.6,downtown,1.7,4,28.48,scooter,29,clear,24
704703,2025-05-26 13:53:00,31,sushi,14.7,midtown,3.7,3,40.81,bike,1549,clear,36
704706,2025-05-26 15:00:00,4,pizza,14,suburbs_south,6.4,3,28.85,car,149,clear,33
704707,2025-05-26 15:30:00,119,indian,16.8,suburbs_south,8,4,40.47,scooter,153,clear,48
704708,2025-05-26 16:37:00,15,indian,18.1,midtown,3,3,24.66,scooter,50,rain,32
704711,2025-05-26 17:49:00,26,pizza,14.9,midtown,2.3,3,32.86,car,49,clear,21
704713,2025-05-26 17:57:00,47,mexican,14.1,downtown,1.8,2,19.29,scooter,56,cloudy,23
704715,2025-05-26 18:22:00,71,burgers,14.5,uptown,2.7,3,22.76,bike,195,cloudy,34
704716,2025-05-26 18:32:00,133,chinese,15.9,suburbs_north,5.6,4,38.91,bike,45,rain,54
704717,2025-05-26 18:33:00,106,pizza,12.3,downtown,1.3,6,81.76,car,86,clear,17
704718,2025-05-26 18:34:00,102,indian,17.4,uptown,1.9,2,14.95,scooter,357,clear,130
704719,2025-05-26 19:02:00,84,chinese,11.5,suburbs_south,6.1,3,44.87,scooter,352,cloudy,41
704720,2025-05-26 19:05:00,158,indian,12.1,midtown,1.7,2,21.77,bike,315,rain,26
704721,2025-05-26 19:10:00,140,chinese,17.8,downtown,1.9,4,42.01,bike,331,rain,42
704722,2025-05-26 19:14:00,69,salads,8.8,midtown,2.2,5,51.43,car,36,clear,19
704723,2025-05-26 19:42:00,122,indian,20,midtown,3.2,4,50.19,bike,363,cloudy,48
704724,2025-05-26 19:49:00,79,salads,10,midtown,3.4,4,39.48,bike,,clear,31
704726,2025-05-26 20:29:00,117,pizza,16.2,suburbs_south,2.6,1,8.68,bike,79,cloudy,28
704728,2025-05-26 20:29:00,70,thai,14.2,suburbs_north,2.9,3,43.8,bike,817,cloudy,36
704729,2025-05-26 20:33:00,129,pizza,10.9,suburbs_north,8.9,1,15.85,car,210,clear,39
704730,2025-05-26 20:39:00,55,salads,5,midtown,4.5,2,17.22,scooter,13,clear,19
704731,2025-05-26 20:45:00,17,thai,9.8,uptown,3.9,2,19.51,bike,60,clear,83
704732,2025-05-26 20:51:00,109,burgers,10,downtown,3.1,4,29.42,bike,847,cloudy,25
704733,2025-05-26 20:53:00,7,thai,17.1,midtown,1.9,1,8.88,bike,22,clear,28
704734,2025-05-26 20:54:00,46,indian,19.4,downtown,3.4,3,42.16,car,27,cloudy,39
704735,2025-05-26 21:04:00,80,chinese,16.1,downtown,3.2,3,27.46,bike,22,cloudy,30
704736,2025-05-26 21:27:00,15,indian,18.1,midtown,3.1,3,36.14,scooter,79,heavy_rain,35
704737,2025-05-26 21:31:00,156,salads,12.7,downtown,1.6,3,30,bike,151,cloudy,27
704738,2025-05-26 21:34:00,84,chinese,11.5,suburbs_south,2.2,1,10.58,car,663,clear,20
704739,2025-05-26 21:47:00,92,thai,7,uptown,3.8,5,44.86,scooter,51,cloudy,29
704740,2025-05-26 22:00:00,34,mexican,12.2,midtown,1.7,3,37.85,scooter,251,clear,23
704742,2025-05-26 22:10:00,115,thai,13.4,downtown,1.7,2,24.98,car,418,cloudy,22
704743,2025-05-26 22:19:00,149,thai,15.5,downtown,2.3,4,35.92,bike,534,clear,27
704744,2025-05-26 22:26:00,46,indian,19.4,downtown,1.5,1,13.48,bike,879,clear,29
704745,2025-05-26 22:26:00,29,salads,9.9,midtown,2.7,6,53.69,bike,81,cloudy,26
704746,2025-05-26 22:44:00,74,thai,18.7,downtown,3.3,2,20.05,bike,65,clear,33
704747,2025-05-26 22:53:00,1,mexican,12.7,downtown,1,3,32.95,car,31,cloudy,21
704748,2025-05-26 23:49:00,69,salads,8.8,midtown,4.5,3,33.68,bike,66,clear,34
704749,2025-05-27 10:05:00,36,burgers,11.8,downtown,2.1,2,28.16,bike,807,clear,24
704752,2025-05-27 11:24:00,128,chinese,6.8,uptown,2.1,2,31.04,bike,725,,24
704753,2025-05-27 11:24:00,50,salads,8.2,midtown,1.6,4,42.39,car,77,clear,22
704754,2025-05-27 11:33:00,117,pizza,16.2,suburbs_south,7.7,1,9.16,car,,rain,43
704755,2025-05-27 11:42:00,120,pizza,12.2,downtown,3.4,2,31.14,scooter,11,rain,32
704756,2025-05-27 11:55:00,141,thai,14.1,suburbs_north,10,1,13.44,car,7,clear,50
704757,2025-05-27 11:56:00,129,pizza,10.9,suburbs_north,10,6,49.77,car,111,clear,45
704758,2025-05-27 12:37:00,71,burgers,14.5,uptown,5.1,3,26.98,scooter,491,clear,38
704759,2025-05-27 13:01:00,144,chinese,7.6,midtown,3.2,2,22.09,bike,30,clear,25
704760,2025-05-27 13:11:00,154,salads,8.5,midtown,3.2,2,21.67,bike,716,clear,24
704761,2025-05-27 13:18:00,124,indian,17.6,downtown,2.7,4,38.36,bike,1583,clear,38
704762,2025-05-27 13:22:00,3,pizza,20.9,suburbs_north,6.5,1,11.71,car,410,heavy_rain,49
704763,2025-05-27 13:29:00,144,chinese,7.6,midtown,3.4,2,14.47,scooter,98,clear,23
704764,2025-05-27 13:35:00,39,thai,21,downtown,0.9,2,27.81,scooter,372,clear,28
704765,2025-05-27 13:46:00,158,indian,12.1,midtown,1.6,3,25.15,scooter,116,clear,25
704766,2025-05-27 14:40:00,72,burgers,12.2,suburbs_south,4,1,15.7,scooter,59,clear,29
704767,2025-05-27 15:06:00,36,burgers,11.8,downtown,3,1,8,car,56,clear,24
704768,2025-05-27 15:56:00,115,thai,13.4,downtown,2.6,4,36.75,car,105,cloudy,23
704769,2025-05-27 16:49:00,53,thai,11.5,midtown,4.4,1,9.86,scooter,100,clear,25
704770,2025-05-27 17:12:00,124,indian,17.6,downtown,2.7,3,31.82,bike,141,cloudy,33
704771,2025-05-27 17:46:00,93,sushi,16.7,downtown,2.4,4,58.16,car,171,clear,32
704772,2025-05-27 17:47:00,58,indian,21.6,uptown,3.4,1,12.29,bike,136,clear,40
704776,2025-05-27 18:09:00,9,thai,12.6,suburbs_south,3.6,4,55.41,scooter,156,cloudy,32
704777,2025-05-27 18:20:00,112,sushi,18.2,downtown,0.9,6,93.95,scooter,1290,clear,31
704778,2025-05-27 18:27:00,160,salads,5,uptown,2,1,9.77,scooter,376,clear,15
704779,2025-05-27 18:29:00,76,mexican,10,uptown,1.7,3,22.57,scooter,76,rain,27
704780,2025-05-27 18:32:00,93,sushi,16.7,downtown,1,4,58.49,scooter,33,clear,30
704781,2025-05-27 18:34:00,21,pizza,17,midtown,1.2,3,44.34,scooter,113,clear,38
704783,2025-05-27 18:51:00,117,pizza,16.2,suburbs_south,7,1,10.83,scooter,,cloudy,45
704784,2025-05-27 18:54:00,151,chinese,11.8,downtown,3.3,3,36.28,bike,430,clear,29
704785,2025-05-27 19:02:00,150,mexican,14.6,downtown,1,5,57.68,bike,113,rain,26
704786,2025-05-27 19:11:00,40,pizza,18.4,midtown,2,1,8.14,scooter,272,cloudy,26
704788,2025-05-27 19:15:00,98,salads,11.1,midtown,1.9,4,36.68,bike,110,rain,29
704789,2025-05-27 19:18:00,44,indian,21,midtown,2.3,4,45.14,car,44,clear,29
704791,2025-05-27 19:36:00,22,mexican,9.1,suburbs_south,3.5,4,50.72,scooter,116,clear,26
704792,2025-05-27 19:43:00,112,sushi,18.2,downtown,1.2,1,14.42,car,294,rain,31
704793,2025-05-27 19:44:00,29,salads,9.9,midtown,3.1,2,14.34,bike,259,clear,21
704795,2025-05-27 20:03:00,4,pizza,14,suburbs_south,6.1,7,110.52,car,9,clear,44
704796,2025-05-27 20:17:00,156,salads,12.7,downtown,3.1,6,46.16,scooter,99,clear,31
704797,2025-05-27 20:43:00,95,pizza,11.9,suburbs_south,2.4,2,21.17,bike,372,cloudy,30
704798,2025-05-27 20:54:00,111,pizza,8.5,downtown,1.8,4,55.41,car,617,clear,21
704799,2025-05-27 21:09:00,122,indian,20,midtown,2.6,1,11.71,scooter,1640,clear,24
704800,2025-05-27 21:26:00,21,pizza,17,midtown,2.5,4,56.67,scooter,169,rain,28
704801,2025-05-27 21:48:00,17,thai,9.8,uptown,4.4,5,76.93,scooter,169,clear,28
704803,2025-05-27 22:42:00,61,thai,18,suburbs_north,7.8,5,77.6,scooter,621,clear,43
704804,2025-05-28 10:08:00,93,sushi,16.7,downtown,2.4,1,10.31,bike,29,clear,30
704805,2025-05-28 10:16:00,33,sushi,21.1,midtown,2.7,5,37.66,car,208,rain,29
704806,2025-05-28 10:32:00,140,chinese,17.8,downtown,1.6,1,15.21,bike,5,clear,36
704807,2025-05-28 10:45:00,81,sushi,17.4,downtown,3,2,16.69,scooter,,clear,30
704808,2025-05-28 10:52:00,106,pizza,12.3,downtown,1,5,47.89,scooter,243,cloudy,20
704810,2025-05-28 12:03:00,129,pizza,10.9,suburbs_north,8.3,7,64.3,car,8,clear,45
704811,2025-05-28 12:42:00,49,indian,14.4,uptown,2.8,6,43.27,scooter,173,clear,33
704812,2025-05-28 13:00:00,151,chinese,11.8,downtown,1.6,2,19.43,scooter,109,clear,17
704813,2025-05-28 13:00:00,72,burgers,12.2,suburbs_south,10.4,5,69.73,car,283,cloudy,48
704814,2025-05-28 13:17:00,160,salads,5,uptown,5.9,7,102.06,car,386,cloudy,25
704815,2025-05-28 13:33:00,123,salads,7.7,uptown,5.4,1,8.8,car,200,clear,26
704816,2025-05-28 13:53:00,121,indian,13.9,suburbs_north,4.7,2,25,scooter,327,cloudy,37
704817,2025-05-28 13:56:00,107,sushi,18,suburbs_south,9.2,4,52.56,car,78,clear,51
704818,2025-05-28 13:59:00,136,salads,9.3,downtown,2.3,3,21.45,scooter,38,clear,19
704819,2025-05-28 14:38:00,46,indian,19.4,downtown,2.2,2,18.22,bike,24,clear,31
704820,2025-05-28 17:09:00,101,thai,11.8,suburbs_north,4.9,3,31.97,scooter,71,clear,33
704821,2025-05-28 17:26:00,43,chinese,12.4,uptown,5.2,2,21.22,bike,180,clear,36
704823,2025-05-28 18:08:00,58,indian,21.6,uptown,3.9,5,51.2,car,510,rain,46
704824,2025-05-28 18:15:00,63,pizza,12.6,downtown,2.4,2,26.92,scooter,1706,heavy_rain,31
704825,2025-05-28 18:21:00,15,indian,18.1,midtown,3.4,7,58.55,bike,68,cloudy,48
704826,2025-05-28 18:36:00,87,burgers,6.5,downtown,1.7,2,25.52,scooter,57,clear,19
704827,2025-05-28 18:37:00,96,thai,15.7,downtown,1.4,2,30.36,bike,1097,clear,29
704829,2025-05-28 18:44:00,151,chinese,11.8,downtown,2.1,3,42,bike,166,clear,26
704831,2025-05-28 18:50:00,136,salads,9.3,downtown,3.5,3,30.23,bike,517,clear,34
704832,2025-05-28 18:55:00,135,sushi,20.5,downtown,0.9,6,58.95,car,89,clear,36
704835,2025-05-28 19:35:00,159,pizza,15,uptown,2.6,1,8.89,scooter,137,clear,31
704836,2025-05-28 19:39:00,78,mexican,9.1,downtown,1.8,3,39.21,car,123,clear,23
704838,2025-05-28 19:52:00,100,pizza,12.8,uptown,3.1,1,11.2,car,,cloudy,23
704839,2025-05-28 19:53:00,15,indian,18.1,midtown,2,4,60.51,scooter,97,clear,36
704840,2025-05-28 20:20:00,126,pizza,12,midtown,4.3,5,73.45,car,171,cloudy,32
704841,2025-05-28 20:26:00,59,pizza,11.7,suburbs_south,3.3,2,24.47,scooter,3,clear,33
704842,2025-05-28 20:29:00,116,sushi,16.4,downtown,1.4,2,25.21,scooter,72,clear,26
704843,2025-05-28 20:36:00,33,sushi,21.1,midtown,2.8,6,62.59,scooter,798,heavy_rain,44
704844,2025-05-28 20:55:00,44,indian,21,midtown,1.5,8,126.7,car,74,rain,39
704845,2025-05-28 22:22:00,97,chinese,16.1,uptown,4.2,1,9.71,bike,38,clear,39
704846,2025-05-29 11:36:00,89,sushi,22.3,suburbs_north,3.7,1,13.67,scooter,1384,,38
704848,2025-05-29 12:18:00,127,indian,15.6,downtown,3.2,2,31.9,scooter,180,clear,33
704849,2025-05-29 12:26:00,117,pizza,16.2,suburbs_south,6,2,15.76,bike,95,clear,45
704850,2025-05-29 13:00:00,113,mexican,13.2,midtown,2.7,2,14.5,bike,387,cloudy,31
704851,2025-05-29 13:11:00,95,pizza,11.9,suburbs_south,7.9,2,31.87,car,518,cloudy,32
704852,2025-05-29 13:51:00,55,salads,5,midtown,4.7,1,8.53,scooter,37,clear,28
704853,2025-05-29 14:02:00,99,thai,13.4,midtown,3,2,17.85,bike,234,clear,29
704854,2025-05-29 14:10:00,145,pizza,12.3,suburbs_south,4.9,1,9.46,bike,68,clear,35
704855,2025-05-29 14:20:00,31,sushi,14.7,midtown,3.7,8,57.14,scooter,8,cloudy,35
704856,2025-05-29 14:35:00,111,pizza,8.5,downtown,1.4,2,21.11,scooter,,clear,23
704857,2025-05-29 14:46:00,106,pizza,12.3,downtown,2.5,1,12.62,bike,279,heavy_rain,29
704858,2025-05-29 14:54:00,73,pizza,10.6,midtown,2.6,4,33.3,car,159,rain,23
704860,2025-05-29 15:22:00,94,sushi,20.2,downtown,2.4,3,25,car,283,clear,25
704863,2025-05-29 16:22:00,69,salads,8.8,midtown,2.7,8,127.64,scooter,187,rain,26
704864,2025-05-29 17:04:00,89,sushi,22.3,suburbs_north,4.8,2,20.33,bike,1368,clear,44
704867,2025-05-29 17:52:00,35,mexican,11.9,midtown,2.3,3,44.93,bike,57,rain,30
704868,2025-05-29 18:12:00,118,thai,15.5,downtown,1.6,2,17.58,scooter,,clear,31
704869,2025-05-29 18:12:00,87,burgers,6.5,downtown,1.2,4,39.39,bike,37,clear,16
704870,2025-05-29 18:14:00,128,chinese,6.8,uptown,5.8,5,61.11,scooter,208,cloudy,27
704871,2025-05-29 18:21:00,73,pizza,10.6,midtown,3.2,2,23.23,scooter,29,clear,25
704872,2025-05-29 18:22:00,148,indian,16.9,suburbs_north,2.1,1,10.57,scooter,122,clear,28
704873,2025-05-29 18:27:00,72,burgers,12.2,suburbs_south,6.9,3,26.75,scooter,629,clear,40
704874,2025-05-29 18:46:00,135,sushi,20.5,downtown,0.9,2,15.5,bike,26,clear,35
704875,2025-05-29 18:56:00,156,salads,12.7,downtown,1.1,3,40.71,bike,24,clear,25
704876,2025-05-29 18:59:00,69,salads,8.8,midtown,3.8,5,62.51,scooter,158,rain,25
704877,2025-05-29 19:23:00,70,thai,14.2,suburbs_north,9.3,5,40.01,car,152,clear,46
704878,2025-05-29 19:25:00,129,pizza,10.9,suburbs_north,2.5,1,14.76,bike,238,clear,28
704879,2025-05-29 19:27:00,146,thai,14.2,uptown,3.9,3,27.57,scooter,344,clear,26
704880,2025-05-29 19:39:00,47,mexican,14.1,downtown,1,3,37.62,scooter,233,cloudy,19
704881,2025-05-29 19:48:00,91,salads,10.1,suburbs_south,6.7,4,31.34,car,161,cloudy,30
704882,2025-05-29 19:49:00,89,sushi,22.3,suburbs_north,3.7,3,45.3,scooter,,cloudy,43
704885,2025-05-29 21:11:00,120,pizza,12.2,downtown,2.1,4,60.13,bike,328,rain,22
704886,2025-05-29 21:29:00,32,thai,16.7,uptown,2.7,3,27.47,scooter,28,clear,31
704888,2025-05-29 22:15:00,74,thai,18.7,downtown,2.3,2,14.02,bike,269,rain,35
704889,2025-05-29 22:41:00,147,chinese,17.7,midtown,2.3,1,13.55,bike,390,clear,27
704890,2025-05-30 11:02:00,19,chinese,10.6,downtown,1.2,7,69.22,bike,163,cloudy,22
704891,2025-05-30 11:26:00,47,mexican,14.1,downtown,0.9,2,26.38,scooter,229,cloudy,24
704892,2025-05-30 11:38:00,104,thai,11.5,suburbs_south,8.3,2,30.6,car,19,clear,38
704893,2025-05-30 11:46:00,120,pizza,12.2,downtown,2.6,7,86.16,scooter,220,clear,28
704894,2025-05-30 11:53:00,47,mexican,14.1,downtown,2.4,4,57.42,scooter,99,clear,27
704895,2025-05-30 12:08:00,59,pizza,11.7,suburbs_south,5.8,4,33.35,scooter,186,clear,31
704896,2025-05-30 12:12:00,119,indian,16.8,suburbs_south,9.3,4,38.16,car,100,cloudy,48
704897,2025-05-30 12:15:00,54,salads,9.4,downtown,1.1,2,21.25,bike,124,clear,21
704898,2025-05-30 12:27:00,128,chinese,6.8,uptown,1.6,3,24.11,scooter,518,clear,14
704899,2025-05-30 12:31:00,75,mexican,13.3,midtown,2.8,1,12.42,scooter,7,clear,29
704900,2025-05-30 12:36:00,68,thai,11.9,uptown,2,1,10.49,scooter,42,clear,24
704901,2025-05-30 12:37:00,144,chinese,7.6,midtown,3.7,2,14.8,car,548,rain,21
704903,2025-05-30 12:58:00,59,pizza,11.7,suburbs_south,3.4,1,11.45,scooter,82,clear,30
704904,2025-05-30 13:03:00,24,pizza,15.8,uptown,2.9,2,19.75,bike,274,clear,35
704905,2025-05-30 13:06:00,83,salads,8.7,midtown,2.1,1,14.76,bike,255,cloudy,20
704907,2025-05-30 13:21:00,54,salads,9.4,downtown,1.4,5,50.44,scooter,70,cloudy,21
704908,2025-05-30 13:24:00,132,mexican,13.3,downtown,3.3,1,11.95,scooter,111,clear,31
704909,2025-05-30 13:27:00,16,salads,7.8,uptown,1.5,4,30.77,car,86,clear,17
704910,2025-05-30 13:28:00,95,pizza,11.9,suburbs_south,3.3,2,15.84,scooter,157,clear,31
704911,2025-05-30 13:30:00,97,chinese,16.1,uptown,2.6,2,19.4,bike,181,cloudy,38
704912,2025-05-30 13:35:00,43,chinese,12.4,uptown,1.4,2,19.47,bike,45,rain,22
704914,2025-05-30 13:55:00,81,sushi,17.4,downtown,1.1,2,16.81,scooter,133,clear,28
704915,2025-05-30 14:19:00,104,thai,11.5,suburbs_south,3.3,4,33.35,scooter,67,rain,24
704917,2025-05-30 15:14:00,146,thai,14.2,uptown,2.9,4,29.76,car,598,,19
704918,2025-05-30 15:28:00,123,salads,7.7,uptown,5.3,1,10.95,scooter,42,cloudy,23
704919,2025-05-30 16:28:00,82,salads,9.2,midtown,4,7,108.77,scooter,95,clear,28
704920,2025-05-30 16:40:00,145,pizza,12.3,suburbs_south,6.1,1,15.2,car,3732,clear,22
704921,2025-05-30 16:53:00,112,sushi,18.2,downtown,1.3,4,55.32,bike,67,rain,31
704922,2025-05-30 17:33:00,58,indian,21.6,uptown,3.8,3,35.98,car,61,clear,38
704924,2025-05-30 17:53:00,13,indian,15.1,downtown,2.4,1,11.68,scooter,94,clear,27
704925,2025-05-30 18:00:00,70,thai,14.2,suburbs_north,3.4,2,28.28,bike,117,rain,35
704926,2025-05-30 18:03:00,54,salads,9.4,downtown,1,2,24.08,car,11,cloudy,18
704927,2025-05-30 18:11:00,18,indian,20.8,suburbs_south,2.2,2,26.96,car,,cloudy,29
704928,2025-05-30 18:16:00,30,salads,5,suburbs_south,13.3,3,28.08,car,49,clear,38
704929,2025-05-30 18:20:00,92,thai,7,uptown,2.4,3,21.42,bike,18,clear,18
704930,2025-05-30 18:23:00,102,indian,17.4,uptown,3.5,4,50.62,scooter,382,heavy_rain,42
704934,2025-05-30 19:00:00,101,thai,11.8,suburbs_north,9.9,4,57.51,car,87,clear,46
704936,2025-05-30 19:19:00,102,indian,17.4,uptown,1.7,2,24.05,car,,clear,31
704937,2025-05-30 19:21:00,54,salads,9.4,downtown,1.6,2,21.47,scooter,885,rain,20
704938,2025-05-30 19:23:00,40,pizza,18.4,midtown,1.1,3,39.59,scooter,99,clear,29
704939,2025-05-30 19:27:00,16,salads,7.8,uptown,3.3,2,16.82,scooter,1005,clear,18
704940,2025-05-30 19:30:00,66,sushi,18.7,midtown,1.6,2,15.41,bike,342,cloudy,28
704941,2025-05-30 19:38:00,78,mexican,9.1,downtown,1.1,2,22.88,bike,10,clear,22
704942,2025-05-30 19:56:00,146,thai,14.2,uptown,6,3,22.47,bike,38,clear,45
704945,2025-05-30 20:06:00,6,sushi,16.8,midtown,2.3,1,11.59,car,687,clear,27
704946,2025-05-30 20:09:00,148,indian,16.9,suburbs_north,6.2,3,39.26,scooter,206,rain,51
704947,2025-05-30 20:50:00,67,chinese,17.8,uptown,1.4,2,26.8,car,19,clear,24
704948,2025-05-30 20:51:00,59,pizza,11.7,suburbs_south,3.5,2,30.67,bike,51,cloudy,33
704949,2025-05-30 20:53:00,154,salads,8.5,midtown,2.6,1,10.2,scooter,140,clear,20
704950,2025-05-30 21:21:00,31,sushi,14.7,midtown,3.8,8,57.28,bike,702,heavy_rain,43
704951,2025-05-30 21:23:00,34,mexican,12.2,midtown,3.4,3,23.3,bike,12,cloudy,33
704952,2025-05-30 21:42:00,141,thai,14.1,suburbs_north,10,2,24.3,scooter,345,cloudy,51
704953,2025-05-30 21:54:00,62,salads,6.7,downtown,2.6,2,28.7,bike,304,clear,23
704955,2025-05-30 21:58:00,52,mexican,5.5,uptown,1.4,5,51.56,car,210,clear,11
704957,2025-05-30 23:28:00,68,thai,11.9,uptown,4.3,4,43.28,scooter,131,clear,36
704958,2025-05-31 10:01:00,144,chinese,7.6,midtown,1.6,4,30.93,bike,53,clear,24
704959,2025-05-31 10:36:00,147,chinese,17.7,midtown,2.5,4,31.96,scooter,342,clear,32
704960,2025-05-31 11:02:00,20,mexican,9.2,midtown,2.8,1,8.44,bike,136,clear,22
704961,2025-05-31 11:28:00,24,pizza,15.8,uptown,3.3,2,29.36,bike,219,rain,46
704962,2025-05-31 11:43:00,9,thai,12.6,suburbs_south,4.3,3,24.87,scooter,180,cloudy,30
704964,2025-05-31 12:00:00,43,chinese,12.4,uptown,4.6,4,44.9,bike,235,heavy_rain,53
704966,2025-05-31 12:16:00,68,thai,11.9,uptown,2.6,1,15.67,bike,52,clear,28
704968,2025-05-31 12:26:00,95,pizza,11.9,suburbs_south,3.8,2,31.27,scooter,99,cloudy,28
704969,2025-05-31 12:34:00,73,pizza,10.6,midtown,1.5,4,58.73,bike,652,clear,19
704970,2025-05-31 12:36:00,139,indian,20.7,midtown,2.2,3,42.21,scooter,17,clear,46
704971,2025-05-31 13:01:00,16,salads,7.8,uptown,3.9,1,13.69,scooter,68,cloudy,23
704972,2025-05-31 13:11:00,101,thai,11.8,suburbs_north,11,2,22.54,car,81,clear,43
704973,2025-05-31 13:14:00,135,sushi,20.5,downtown,2.6,3,38.42,scooter,32,clear,43
704975,2025-05-31 13:34:00,91,salads,10.1,suburbs_south,7.2,5,38.27,car,59,rain,82
704976,2025-05-31 13:43:00,126,pizza,12,midtown,3.6,1,8,bike,97,clear,35
704977,2025-05-31 13:46:00,17,thai,9.8,uptown,3.5,1,15.78,car,159,clear,21
704978,2025-05-31 13:48:00,73,pizza,10.6,midtown,1.8,1,10.31,car,156,cloudy,18
704979,2025-05-31 15:57:00,99,thai,13.4,midtown,1.8,3,41.24,car,406,cloudy,22
704982,2025-05-31 17:24:00,29,salads,9.9,midtown,3.7,5,68.64,bike,213,clear,27
704983,2025-05-31 17:57:00,143,chinese,12.4,uptown,2.3,2,15.6,car,245,clear,23
704984,2025-05-31 17:58:00,58,indian,21.6,uptown,5.3,4,49.43,scooter,161,heavy_rain,57
704985,2025-05-31 18:00:00,122,indian,20,midtown,4.2,1,10.36,scooter,8,rain,46
704986,2025-05-31 18:09:00,97,chinese,16.1,uptown,2.2,4,30.26,scooter,26,rain,36
704987,2025-05-31 18:09:00,150,mexican,14.6,downtown,1.2,2,19.45,car,771,clear,26
704988,2025-05-31 18:21:00,68,thai,11.9,uptown,3.7,5,60.89,bike,599,clear,34
704990,2025-05-31 18:24:00,35,mexican,11.9,midtown,4,2,30.2,scooter,74,clear,30
704992,2025-05-31 19:04:00,9,thai,12.6,suburbs_south,5.8,2,22.86,car,153,clear,31
704993,2025-05-31 19:10:00,69,salads,8.8,midtown,2.9,2,14.53,scooter,102,cloudy,19
704994,2025-05-31 19:10:00,16,salads,7.8,uptown,5,2,30.69,car,5889,clear,20
704995,2025-05-31 19:16:00,89,sushi,22.3,suburbs_north,4.1,4,45.05,car,2717,clear,48
704997,2025-05-31 19:44:00,146,thai,14.2,uptown,3.9,3,43.72,car,72,heavy_rain,35
705000,2025-05-31 20:07:00,79,salads,10,midtown,1.5,1,14.3,scooter,836,clear,18
705001,2025-05-31 20:13:00,118,thai,15.5,downtown,1.9,8,71.15,scooter,529,clear,33
705002,2025-05-31 20:23:00,66,sushi,18.7,midtown,1.3,1,11.95,scooter,322,rain,29
705003,2025-05-31 20:32:00,60,chinese,10.4,suburbs_north,2.8,1,11.2,bike,203,rain,32
705004,2025-05-31 22:26:00,153,salads,5,suburbs_south,8,3,34.89,car,597,clear,29
705005,2025-05-31 22:57:00,90,sushi,20.7,midtown,1.7,1,10.78,bike,62,clear,33
705006,2025-05-31 23:24:00,8,burgers,12.1,uptown,3.4,1,8.94,bike,149,clear,35
705007,2025-06-01 10:14:00,4,pizza,14,suburbs_south,7.1,2,31.16,scooter,202,clear,33
705008,2025-06-01 10:23:00,28,indian,19.5,downtown,0.9,3,22.06,bike,40,cloudy,30
705010,2025-06-01 10:55:00,136,salads,9.3,downtown,2.4,2,27.59,bike,216,clear,18
705011,2025-06-01 11:34:00,80,chinese,16.1,downtown,3.1,1,12.38,scooter,,rain,36
705012,2025-06-01 12:11:00,22,mexican,9.1,suburbs_south,9.8,1,8,scooter,68,clear,44
705013,2025-06-01 12:16:00,67,chinese,17.8,uptown,3.6,2,14.82,car,114,rain,35
705014,2025-06-01 12:25:00,39,thai,21,downtown,2.9,3,28.4,scooter,362,rain,42
705016,2025-06-01 13:19:00,19,chinese,10.6,downtown,1.4,2,24.32,car,7,clear,21
705017,2025-06-01 13:27:00,29,salads,9.9,midtown,2.4,1,10.59,car,65,rain,21
705018,2025-06-01 13:28:00,93,sushi,16.7,downtown,3.8,1,12.8,bike,67,clear,35
705020,2025-06-01 13:55:00,22,mexican,9.1,suburbs_south,7.9,2,27.54,car,343,clear,37
705021,2025-06-01 13:58:00,101,thai,11.8,suburbs_north,7,3,38.67,car,173,clear,36
705022,2025-06-01 13:58:00,78,mexican,9.1,downtown,1.5,1,8.03,car,449,cloudy,20
705023,2025-06-01 14:09:00,112,sushi,18.2,downtown,2.3,1,8.34,scooter,157,clear,28
705024,2025-06-01 14:29:00,65,thai,16.7,uptown,2.2,2,16.64,car,72,clear,27
705025,2025-06-01 15:01:00,138,thai,16.2,uptown,2.8,2,21.81,bike,99,cloudy,34
705027,2025-06-01 16:44:00,81,sushi,17.4,downtown,2.2,1,14.01,scooter,250,rain,30
705028,2025-06-01 16:54:00,39,thai,21,downtown,2.1,1,15.52,scooter,154,clear,35
705029,2025-06-01 16:59:00,51,indian,17,downtown,1.6,2,22.72,bike,909,clear,26
705030,2025-06-01 17:00:00,59,pizza,11.7,suburbs_south,9.2,1,11.85,scooter,16,cloudy,44
705031,2025-06-01 17:45:00,15,indian,18.1,midtown,4,5,63.84,bike,417,cloudy,38
705032,2025-06-01 17:45:00,116,sushi,16.4,downtown,2.1,4,56.78,bike,193,rain,28
705033,2025-06-01 17:51:00,109,burgers,10,downtown,3.3,2,24.58,scooter,137,clear,22
705034,2025-06-01 17:58:00,73,pizza,10.6,midtown,3.7,1,13.97,car,87,clear,19
705035,2025-06-01 18:06:00,28,indian,19.5,downtown,1.6,7,110.54,bike,39,heavy_rain,49
705036,2025-06-01 18:18:00,67,chinese,17.8,uptown,2.8,2,25.43,scooter,50,cloudy,38
705037,2025-06-01 18:42:00,110,thai,12.5,suburbs_north,6.4,4,51.51,car,200,clear,38
705038,2025-06-01 18:44:00,53,thai,11.5,midtown,2.3,2,14.2,bike,52,clear,26
705039,2025-06-01 18:45:00,79,salads,10,midtown,1.2,1,14.29,scooter,92,clear,101
705040,2025-06-01 18:48:00,155,indian,14.5,suburbs_south,11.4,5,77.38,car,151,cloudy,53
705042,2025-06-01 18:51:00,26,pizza,14.9,midtown,3.6,2,23.59,bike,72,clear,38
705043,2025-06-01 19:14:00,123,salads,7.7,uptown,1.5,2,14.17,bike,417,clear,19
705044,2025-06-01 19:16:00,105,pizza,12.9,midtown,4,5,43.2,car,254,rain,38
705045,2025-06-01 19:19:00,127,indian,15.6,downtown,1.3,3,22.52,bike,153,rain,34
705046,2025-06-01 19:24:00,92,thai,7,uptown,3.3,1,8,bike,336,heavy_rain,28
705047,2025-06-01 19:57:00,143,chinese,12.4,uptown,1.8,2,18.51,scooter,356,clear,15
705048,2025-06-01 19:59:00,59,pizza,11.7,suburbs_south,12.6,1,8.7,car,181,clear,54
705050,2025-06-01 20:43:00,61,thai,18,suburbs_north,7.5,1,12.16,car,262,clear,45
705051,2025-06-01 20:53:00,136,salads,9.3,downtown,1.1,1,13.18,scooter,688,clear,18
705052,2025-06-01 21:12:00,5,mexican,12.4,uptown,3.7,5,71.26,scooter,,clear,25
705054,2025-06-01 22:32:00,100,pizza,12.8,uptown,3,3,38.57,scooter,613,cloudy,23
705055,2025-06-01 22:51:00,13,indian,15.1,downtown,3.3,4,39.44,car,69,clear,28
705059,2025-06-02 11:38:00,101,thai,11.8,suburbs_north,5.1,5,78.84,bike,509,,50
705060,2025-06-02 12:02:00,135,sushi,20.5,downtown,0.8,3,30.8,scooter,327,heavy_rain,34
705061,2025-06-02 12:10:00,99,thai,13.4,midtown,3.2,1,10.11,car,302,cloudy,27
705062,2025-06-02 12:28:00,117,pizza,16.2,suburbs_south,2,2,18.58,scooter,172,clear,29
705063,2025-06-02 12:31:00,125,sushi,18.8,uptown,3.4,3,27.09,bike,618,clear,42
705064,2025-06-02 12:38:00,146,thai,14.2,uptown,4.1,2,22.75,scooter,61,cloudy,36
705065,2025-06-02 12:53:00,113,mexican,13.2,midtown,2.8,2,29.7,bike,49,clear,29
705067,2025-06-02 13:21:00,78,mexican,9.1,downtown,2.6,3,34.93,scooter,62,cloudy,23
705068,2025-06-02 13:25:00,117,pizza,16.2,suburbs_south,7.1,1,13.2,car,37,heavy_rain,48
705069,2025-06-02 13:27:00,147,chinese,17.7,midtown,4.9,2,27.85,bike,35,heavy_rain,59
705071,2025-06-02 13:55:00,55,salads,5,midtown,1.9,1,8,car,307,,13
705072,2025-06-02 13:59:00,33,sushi,21.1,midtown,2.8,2,18.36,car,59,cloudy,40
705073,2025-06-02 14:03:00,27,thai,16.7,downtown,1.1,1,11.96,bike,155,cloudy,22
705074,2025-06-02 14:24:00,139,indian,20.7,midtown,2,2,16.9,scooter,34,clear,28
705075,2025-06-02 14:42:00,27,thai,16.7,downtown,2.3,6,59.09,bike,70,clear,36
705076,2025-06-02 14:58:00,108,mexican,10.1,suburbs_south,3.8,2,26.06,car,344,heavy_rain,26
705078,2025-06-02 17:01:00,104,thai,11.5,suburbs_south,7,2,30.49,car,,cloudy,29
705079,2025-06-02 17:06:00,107,sushi,18,suburbs_south,7.5,3,31.97,car,193,clear,39
705080,2025-06-02 17:12:00,81,sushi,17.4,downtown,0.9,2,23.36,scooter,1971,rain,23
705081,2025-06-02 17:14:00,138,thai,16.2,uptown,1.8,3,43.77,car,491,clear,23
705082,2025-06-02 17:42:00,73,pizza,10.6,midtown,3.2,2,18.61,bike,3078,clear,27
705083,2025-06-02 17:45:00,3,pizza,20.9,suburbs_north,7.9,3,44.37,car,60,clear,44
705084,2025-06-02 18:13:00,135,sushi,20.5,downtown,2.2,4,37.64,bike,55,cloudy,38
705085,2025-06-02 18:18:00,77,pizza,11.4,uptown,4.2,2,22.11,bike,169,rain,40
705086,2025-06-02 18:22:00,116,sushi,16.4,downtown,2.2,2,19.89,scooter,92,cloudy,23
705087,2025-06-02 18:25:00,135,sushi,20.5,downtown,2.5,2,14.18,scooter,376,clear,38
705088,2025-06-02 18:28:00,26,pizza,14.9,midtown,5,3,43.29,bike,77,clear,42
705089,2025-06-02 18:36:00,130,mexican,15.3,downtown,0.9,2,21.02,car,135,clear,26
705090,2025-06-02 18:59:00,16,salads,7.8,uptown,2.1,2,15.59,car,209,clear,12
705092,2025-06-02 19:15:00,26,pizza,14.9,midtown,2.3,3,37.6,scooter,250,clear,28
705094,2025-06-02 19:25:00,47,mexican,14.1,downtown,3.1,4,43.35,bike,85,rain,45
705095,2025-06-02 19:29:00,1,mexican,12.7,downtown,1,3,27.12,car,10,rain,25
705096,2025-06-02 19:29:00,143,chinese,12.4,uptown,2.5,2,26.16,bike,1093,cloudy,24
705097,2025-06-02 19:41:00,110,thai,12.5,suburbs_north,5.5,2,26.87,scooter,765,clear,34
705098,2025-06-02 19:48:00,25,mexican,14.5,midtown,1.4,2,28.37,car,269,cloudy,31
705100,2025-06-02 20:38:00,144,chinese,7.6,midtown,3.3,2,16.51,car,221,rain,21
705101,2025-06-02 20:39:00,7,thai,17.1,midtown,3.7,1,8,car,216,clear,139
705102,2025-06-02 20:43:00,118,thai,15.5,downtown,0.9,3,23.21,bike,17,rain,26
705103,2025-06-02 20:43:00,160,salads,5,uptown,2.3,3,45.17,scooter,62,clear,16
705104,2025-06-02 20:49:00,38,pizza,16.9,midtown,2,3,28.31,car,298,clear,30
705105,2025-06-02 20:52:00,141,thai,14.1,suburbs_north,4.2,3,39.77,scooter,410,cloudy,33
705106,2025-06-02 21:02:00,4,pizza,14,suburbs_south,2.2,2,16.76,scooter,30,clear,28
705107,2025-06-02 21:02:00,151,chinese,11.8,downtown,2.6,3,46.53,scooter,95,clear,17
705108,2025-06-02 21:29:00,124,indian,17.6,downtown,1.9,2,19.29,car,143,cloudy,26
705109,2025-06-02 21:40:00,127,indian,15.6,downtown,0.8,6,88.38,scooter,29,clear,28
705114,2025-06-03 11:16:00,24,pizza,15.8,uptown,1.9,5,41.93,scooter,276,heavy_rain,28
705115,2025-06-03 11:23:00,30,salads,5,suburbs_south,7,1,9.16,car,18,cloudy,26
705116,2025-06-03 12:09:00,30,salads,5,suburbs_south,2.2,3,35.38,scooter,107,clear,15
705117,2025-06-03 12:11:00,84,chinese,11.5,suburbs_south,6.1,3,34.47,scooter,935,clear,39
705118,2025-06-03 12:21:00,51,indian,17,downtown,1.3,6,84.07,scooter,159,clear,27
705119,2025-06-03 12:22:00,95,pizza,11.9,suburbs_south,6.8,3,24.39,car,96,heavy_rain,36
705120,2025-06-03 12:31:00,6,sushi,16.8,midtown,1.2,3,39.13,bike,71,clear,34
705121,2025-06-03 12:36:00,3,pizza,20.9,suburbs_north,4,5,50.72,scooter,156,cloudy,47
705122,2025-06-03 12:42:00,27,thai,16.7,downtown,1.7,2,17.9,bike,121,clear,29
705124,2025-06-03 12:52:00,115,thai,13.4,downtown,2.8,3,33.62,car,437,heavy_rain,37
705126,2025-06-03 13:03:00,23,burgers,11.6,downtown,0.9,4,49.96,scooter,363,cloudy,23
705127,2025-06-03 13:12:00,76,mexican,10,uptown,1.9,2,15.36,scooter,70,clear,20
705129,2025-06-03 13:48:00,69,salads,8.8,midtown,1.6,2,26.37,car,102,clear,24
705130,2025-06-03 14:29:00,151,chinese,11.8,downtown,1.4,2,27.06,scooter,417,heavy_rain,21
705131,2025-06-03 15:50:00,116,sushi,16.4,downtown,1.1,1,8.57,bike,166,heavy_rain,27
705132,2025-06-03 16:01:00,44,indian,21,midtown,1.4,2,21.96,scooter,,cloudy,29
705134,2025-06-03 16:18:00,7,thai,17.1,midtown,3.4,3,42.09,car,63,clear,27
705135,2025-06-03 16:20:00,155,indian,14.5,suburbs_south,8.3,1,9.75,car,38,clear,36
705136,2025-06-03 17:39:00,70,thai,14.2,suburbs_north,6.3,3,36.23,car,168,clear,35
705137,2025-06-03 18:02:00,136,salads,9.3,downtown,1.4,4,51.57,scooter,59,cloudy,25
705138,2025-06-03 18:14:00,148,indian,16.9,suburbs_north,6,1,14.22,scooter,98,cloudy,39
705143,2025-06-03 19:18:00,46,indian,19.4,downtown,1.7,3,21.04,car,,clear,32
705144,2025-06-03 19:21:00,69,salads,8.8,midtown,2.6,1,9.24,scooter,53,clear,18
705145,2025-06-03 19:24:00,120,pizza,12.2,downtown,2.2,1,10.86,bike,133,clear,30
705146,2025-06-03 19:44:00,23,burgers,11.6,downtown,0.8,3,21.79,bike,81,clear,20
705147,2025-06-03 20:14:00,17,thai,9.8,uptown,2.5,4,41.82,car,103,clear,22
705150,2025-06-03 20:23:00,158,indian,12.1,midtown,3.2,2,31.95,car,361,clear,25
705151,2025-06-03 20:34:00,80,chinese,16.1,downtown,2.4,3,41.85,scooter,1621,,34
705152,2025-06-03 20:45:00,39,thai,21,downtown,2.3,4,45.88,car,46,heavy_rain,46
705153,2025-06-03 20:47:00,56,thai,13,downtown,1.7,5,41.36,car,289,rain,31
705155,2025-06-03 20:52:00,131,indian,22.1,downtown,2.7,2,16.52,scooter,39,clear,41
705156,2025-06-03 20:56:00,46,indian,19.4,downtown,2.5,1,15.91,scooter,988,clear,33
705159,2025-06-03 21:45:00,7,thai,17.1,midtown,5.3,5,42.18,bike,383,clear,46
705161,2025-06-03 22:25:00,85,pizza,11.8,uptown,3.7,3,47.19,scooter,375,clear,29
705162,2025-06-04 11:11:00,129,pizza,10.9,suburbs_north,7.3,3,29.97,scooter,62,cloudy,44
705164,2025-06-04 11:42:00,98,salads,11.1,midtown,1.3,1,14.43,car,73,clear,11
705165,2025-06-04 12:24:00,74,thai,18.7,downtown,1.6,2,24.02,bike,947,clear,32
705166,2025-06-04 12:25:00,144,chinese,7.6,midtown,1.6,6,61.91,scooter,325,clear,21
705169,2025-06-04 12:42:00,145,pizza,12.3,suburbs_south,9.1,3,33.88,car,120,clear,44
705170,2025-06-04 13:03:00,138,thai,16.2,uptown,1.6,4,38.03,scooter,35,clear,30
705171,2025-06-04 13:55:00,136,salads,9.3,downtown,2.9,2,22.86,car,320,cloudy,29
705172,2025-06-04 14:01:00,155,indian,14.5,suburbs_south,7.2,3,38.6,car,398,heavy_rain,41
705173,2025-06-04 14:49:00,157,burgers,16.3,suburbs_south,3.7,3,44.26,scooter,26,clear,39
705174,2025-06-04 15:58:00,58,indian,21.6,uptown,5.1,7,56.93,scooter,560,clear,43
705175,2025-06-04 16:05:00,104,thai,11.5,suburbs_south,10,1,12.35,scooter,137,clear,48
705176,2025-06-04 16:32:00,134,mexican,10.8,midtown,3.4,3,33.33,bike,847,cloudy,23
705177,2025-06-04 17:02:00,109,burgers,10,downtown,1,3,41.13,bike,105,clear,22
705178,2025-06-04 17:05:00,27,thai,16.7,downtown,1,2,31.07,bike,169,clear,18
705179,2025-06-04 17:06:00,39,thai,21,downtown,1.3,4,42.09,bike,18,clear,30
705180,2025-06-04 17:21:00,85,pizza,11.8,uptown,2.3,1,8,car,48,clear,22
705181,2025-06-04 18:29:00,132,mexican,13.3,downtown,2.1,2,25.51,bike,74,clear,23
705183,2025-06-04 18:48:00,84,chinese,11.5,suburbs_south,6.1,2,27.94,scooter,122,clear,34
705185,2025-06-04 18:49:00,144,chinese,7.6,midtown,2.8,2,23.59,scooter,84,cloudy,23
705186,2025-06-04 18:55:00,73,pizza,10.6,midtown,3.1,2,19.7,scooter,609,clear,22
705187,2025-06-04 19:07:00,129,pizza,10.9,suburbs_north,9.3,2,24.41,car,209,rain,42
705188,2025-06-04 19:22:00,154,salads,8.5,midtown,2.5,1,12.92,car,146,cloudy,15
705189,2025-06-04 19:28:00,91,salads,10.1,suburbs_south,6.8,1,10.16,car,174,clear,34
705191,2025-06-04 19:36:00,75,mexican,13.3,midtown,1.5,7,49.01,scooter,67,clear,24
705194,2025-06-04 19:50:00,83,salads,8.7,midtown,3.4,1,12.99,bike,474,clear,26
705195,2025-06-04 19:53:00,121,indian,13.9,suburbs_north,7.5,1,9.21,car,258,rain,45
705196,2025-06-04 19:58:00,139,indian,20.7,midtown,3,2,27.11,scooter,342,,32
705197,2025-06-04 20:02:00,118,thai,15.5,downtown,1.7,2,16.16,scooter,249,cloudy,26
705198,2025-06-04 20:03:00,34,mexican,12.2,midtown,1.5,2,20.73,bike,194,rain,20
705199,2025-06-04 20:04:00,36,burgers,11.8,downtown,2.7,1,15.19,scooter,163,clear,23
705200,2025-06-04 20:08:00,85,pizza,11.8,uptown,1.3,1,8,scooter,117,heavy_rain,20
705201,2025-06-04 20:41:00,19,chinese,10.6,downtown,3,2,23.4,car,340,clear,25
705202,2025-06-04 20:42:00,85,pizza,11.8,uptown,3.9,2,27,scooter,1332,clear,22
705203,2025-06-04 20:44:00,78,mexican,9.1,downtown,1.7,1,8.53,scooter,51,rain,19
705204,2025-06-04 21:22:00,144,chinese,7.6,midtown,3.6,2,24.61,scooter,131,heavy_rain,26
705205,2025-06-04 21:35:00,119,indian,16.8,suburbs_south,11.1,8,77.97,car,108,cloudy,57
705206,2025-06-04 22:11:00,21,pizza,17,midtown,3.6,2,28.9,bike,595,clear,35
705207,2025-06-04 22:12:00,122,indian,20,midtown,2.7,1,11.05,scooter,115,cloudy,30
705208,2025-06-04 22:23:00,96,thai,15.7,downtown,1.3,5,78.09,scooter,67,cloudy,29
705209,2025-06-05 10:09:00,136,salads,9.3,downtown,2.1,2,21.73,scooter,64,clear,19
705210,2025-06-05 10:33:00,160,salads,5,uptown,1.4,3,43.66,scooter,428,cloudy,10
705211,2025-06-05 10:41:00,44,indian,21,midtown,3.4,4,56.13,scooter,21,clear,36
705212,2025-06-05 10:59:00,82,salads,9.2,midtown,3.1,1,9.12,scooter,149,cloudy,17
705213,2025-06-05 11:41:00,37,pizza,17.5,midtown,4.2,3,33.58,bike,647,clear,39
705216,2025-06-05 12:25:00,47,mexican,14.1,downtown,1.9,3,31.98,scooter,34,cloudy,30
705218,2025-06-05 12:30:00,124,indian,17.6,downtown,1.5,3,31.8,bike,192,clear,36
705219,2025-06-05 12:34:00,152,indian,18,suburbs_north,4,3,26.51,scooter,173,clear,39
705221,2025-06-05 12:44:00,103,thai,16.4,midtown,3.9,4,58.22,car,159,clear,33
705222,2025-06-05 12:45:00,12,thai,12.8,midtown,5,1,8.11,scooter,159,clear,33
705224,2025-06-05 13:08:00,4,pizza,14,suburbs_south,9.5,2,30.58,car,,clear,47
705225,2025-06-05 13:15:00,156,salads,12.7,downtown,2.1,1,8.69,car,216,clear,26
705226,2025-06-05 13:19:00,60,chinese,10.4,suburbs_north,9.8,2,24.79,scooter,125,rain,51
705229,2025-06-05 13:30:00,118,thai,15.5,downtown,2,1,15.14,scooter,183,clear,23
705230,2025-06-05 13:37:00,145,pizza,12.3,suburbs_south,7.3,1,11.96,car,805,cloudy,38
705232,2025-06-05 14:07:00,136,salads,9.3,downtown,0.8,1,14.67,scooter,223,rain,17
705233,2025-06-05 14:32:00,114,chinese,12.4,suburbs_south,6.6,2,23,car,194,clear,28
705234,2025-06-05 14:47:00,147,chinese,17.7,midtown,2.3,2,19.47,bike,107,clear,30
705236,2025-06-05 15:33:00,24,pizza,15.8,uptown,1.7,2,31.39,scooter,127,cloudy,24
705237,2025-06-05 16:01:00,112,sushi,18.2,downtown,1.6,2,16.05,car,21,clear,30
705238,2025-06-05 16:02:00,56,thai,13,downtown,3.4,1,8.5,bike,27,heavy_rain,41
705239,2025-06-05 16:23:00,96,thai,15.7,downtown,2.2,2,26.11,car,31,cloudy,26
705240,2025-06-05 16:54:00,108,mexican,10.1,suburbs_south,5.5,5,79.72,scooter,15,clear,29
705241,2025-06-05 17:30:00,31,sushi,14.7,midtown,2.8,3,24.7,car,1437,clear,26
705242,2025-06-05 17:59:00,80,chinese,16.1,downtown,3.6,2,14.39,car,869,clear,30
705243,2025-06-05 18:04:00,20,mexican,9.2,midtown,5.2,3,21.86,car,40,clear,29
705244,2025-06-05 18:07:00,158,indian,12.1,midtown,1.1,6,44.76,scooter,188,clear,20
705245,2025-06-05 18:10:00,114,chinese,12.4,suburbs_south,3.4,7,70.04,scooter,323,clear,28
705246,2025-06-05 18:24:00,7,thai,17.1,midtown,4.2,2,28.55,bike,,cloudy,41
705247,2025-06-05 18:26:00,81,sushi,17.4,downtown,2.3,2,22.29,bike,351,clear,29
705250,2025-06-05 18:40:00,79,salads,10,midtown,4.6,1,10.65,bike,12,cloudy,32
705251,2025-06-05 18:40:00,26,pizza,14.9,midtown,4,2,19.65,scooter,,clear,39
705252,2025-06-05 18:41:00,139,indian,20.7,midtown,3,5,57.29,scooter,35,cloudy,40
705254,2025-06-05 18:43:00,41,thai,19,downtown,0.8,2,29.68,bike,90,clear,33
705255,2025-06-05 18:47:00,106,pizza,12.3,downtown,1.7,2,18.62,car,50,clear,26
705256,2025-06-05 18:52:00,61,thai,18,suburbs_north,10.1,2,20.31,car,287,heavy_rain,62
705258,2025-06-05 19:03:00,79,salads,10,midtown,2.8,2,31.63,scooter,1909,clear,19
705259,2025-06-05 19:08:00,39,thai,21,downtown,2.4,5,51.42,car,621,clear,42
705260,2025-06-05 19:13:00,97,chinese,16.1,uptown,4.7,3,34.09,bike,105,cloudy,43
705261,2025-06-05 19:28:00,106,pizza,12.3,downtown,2.8,1,9.23,bike,168,clear,27
705262,2025-06-05 19:32:00,122,indian,20,midtown,1.8,2,14.89,car,30,cloudy,31
705263,2025-06-05 19:39:00,127,indian,15.6,downtown,1.6,4,52.6,bike,40,heavy_rain,41
705264,2025-06-05 19:40:00,19,chinese,10.6,downtown,1.2,1,10.48,car,163,cloudy,25
705265,2025-06-05 19:51:00,96,thai,15.7,downtown,2.4,6,66.94,bike,669,clear,34
705267,2025-06-05 20:25:00,142,indian,20.4,midtown,4,3,31.7,scooter,28,clear,44
705268,2025-06-05 20:36:00,139,indian,20.7,midtown,2,8,88.7,car,821,clear,40
705269,2025-06-05 20:37:00,136,salads,9.3,downtown,2.8,6,74.84,bike,48,clear,38
705270,2025-06-05 20:49:00,2,thai,10.5,downtown,1.8,2,27.02,scooter,77,clear,18
705271,2025-06-05 21:24:00,58,indian,21.6,uptown,3.1,2,17.16,scooter,72,cloudy,37
705272,2025-06-05 21:54:00,65,thai,16.7,uptown,1.4,1,8,bike,501,cloudy,23
705273,2025-06-05 22:01:00,92,thai,7,uptown,1.7,2,23.78,bike,40,clear,18
705274,2025-06-05 22:10:00,56,thai,13,downtown,0.9,1,10.11,scooter,42,cloudy,24
705275,2025-06-05 22:13:00,87,burgers,6.5,downtown,0.9,1,13.52,bike,120,cloudy,11
705276,2025-06-05 22:38:00,41,thai,19,downtown,2.4,1,11.08,scooter,98,rain,30
705277,2025-06-05 22:45:00,34,mexican,12.2,midtown,3.7,2,20.78,bike,637,,27
705278,2025-06-05 22:50:00,145,pizza,12.3,suburbs_south,3.4,3,35.56,bike,563,rain,38
705279,2025-06-06 10:42:00,55,salads,5,midtown,1.3,1,11.11,scooter,265,cloudy,15
705281,2025-06-06 11:52:00,13,indian,15.1,downtown,1.6,2,28.49,bike,,clear,25
705282,2025-06-06 11:57:00,32,thai,16.7,uptown,2.8,1,13.12,scooter,139,clear,27
705284,2025-06-06 12:03:00,70,thai,14.2,suburbs_north,4.9,2,20.65,scooter,785,,36
705285,2025-06-06 12:14:00,36,burgers,11.8,downtown,1.4,6,73.17,bike,61,cloudy,27
705286,2025-06-06 12:16:00,30,salads,5,suburbs_south,4.3,4,51.35,scooter,22,clear,24
705288,2025-06-06 12:19:00,91,salads,10.1,suburbs_south,3.3,1,11.03,scooter,188,clear,29
705289,2025-06-06 12:41:00,146,thai,14.2,uptown,2,5,70.96,bike,401,clear,32
705290,2025-06-06 12:51:00,33,sushi,21.1,midtown,4.5,4,51.79,scooter,165,cloudy,48
705294,2025-06-06 14:44:00,36,burgers,11.8,downtown,2.5,3,47.62,scooter,102,cloudy,21
705295,2025-06-06 15:27:00,118,thai,15.5,downtown,2.5,2,27.9,bike,563,clear,28
705297,2025-06-06 15:48:00,79,salads,10,midtown,2.7,3,32.49,car,272,rain,17
705298,2025-06-06 16:15:00,56,thai,13,downtown,1.9,5,35.54,scooter,73,clear,17
705299,2025-06-06 16:17:00,111,pizza,8.5,downtown,2.5,1,15.71,car,460,clear,19
705300,2025-06-06 16:21:00,139,indian,20.7,midtown,1.4,4,46.56,bike,174,clear,32
705302,2025-06-06 17:16:00,141,thai,14.1,suburbs_north,6.9,3,21.86,car,42,clear,36
705303,2025-06-06 17:35:00,18,indian,20.8,suburbs_south,9.8,5,38.35,car,81,cloudy,54
705304,2025-06-06 17:57:00,8,burgers,12.1,uptown,4.2,4,30.38,scooter,,clear,24
705306,2025-06-06 18:11:00,58,indian,21.6,uptown,4,1,8.86,car,21,clear,37
705307,2025-06-06 18:24:00,137,thai,13.3,suburbs_north,3.6,7,109.92,scooter,149,cloudy,35
705308,2025-06-06 18:25:00,113,mexican,13.2,midtown,1.9,8,122.91,bike,72,cloudy,33
705309,2025-06-06 18:27:00,12,thai,12.8,midtown,3.5,4,47.49,car,1164,heavy_rain,26
705313,2025-06-06 18:47:00,17,thai,9.8,uptown,5,3,22.41,scooter,55,,29
705314,2025-06-06 18:52:00,5,mexican,12.4,uptown,3.6,4,54,car,47,cloudy,31
705315,2025-06-06 18:52:00,26,pizza,14.9,midtown,4.9,3,30.76,car,809,clear,29
705316,2025-06-06 18:59:00,62,salads,6.7,downtown,2.9,2,29.97,car,20,clear,21
705318,2025-06-06 19:32:00,154,salads,8.5,midtown,5,8,115.58,car,,rain,26
705319,2025-06-06 19:52:00,15,indian,18.1,midtown,2.7,1,14.5,scooter,27,clear,34
705320,2025-06-06 20:05:00,94,sushi,20.2,downtown,3,2,18.93,scooter,344,clear,35
705321,2025-06-06 20:22:00,107,sushi,18,suburbs_south,6.7,3,21.99,scooter,109,clear,48
705322,2025-06-06 20:39:00,3,pizza,20.9,suburbs_north,8.3,1,8,car,1019,cloudy,52
705324,2025-06-06 21:22:00,104,thai,11.5,suburbs_south,4,5,79.24,bike,205,rain,34
705325,2025-06-06 21:42:00,130,mexican,15.3,downtown,1,4,53.88,scooter,118,clear,22
705326,2025-06-06 22:04:00,17,thai,9.8,uptown,3.7,3,22.34,bike,148,clear,23
705327,2025-06-06 22:23:00,131,indian,22.1,downtown,1.5,1,15.79,bike,155,rain,35
705328,2025-06-06 22:38:00,10,pizza,12.9,suburbs_north,10.5,3,39.7,car,248,heavy_rain,53
705329,2025-06-06 22:45:00,37,pizza,17.5,midtown,3.4,3,47.78,car,90,clear,30
705330,2025-06-06 22:45:00,5,mexican,12.4,uptown,3.6,1,13.8,car,893,clear,24
705331,2025-06-06 22:52:00,123,salads,7.7,uptown,3.5,5,64.63,scooter,131,clear,28
705333,2025-06-07 10:32:00,120,pizza,12.2,downtown,2.2,3,36.29,car,359,clear,25
705335,2025-06-07 11:43:00,160,salads,5,uptown,4.6,3,23.74,bike,28,cloudy,31
705338,2025-06-07 12:23:00,156,salads,12.7,downtown,1.1,1,9.22,scooter,30,clear,23
705339,2025-06-07 12:24:00,16,salads,7.8,uptown,1.3,1,9.08,car,124,clear,12
705340,2025-06-07 12:44:00,159,pizza,15,uptown,1.8,1,8,bike,348,clear,28
705341,2025-06-07 13:07:00,110,thai,12.5,suburbs_north,6.8,1,8.76,scooter,110,clear,42
705342,2025-06-07 13:09:00,24,pizza,15.8,uptown,4.6,4,51,bike,1175,clear,45
705344,2025-06-07 13:39:00,88,burgers,8.9,suburbs_south,4.1,2,20.72,scooter,71,clear,27
705345,2025-06-07 14:13:00,4,pizza,14,suburbs_south,3.5,4,55.62,bike,460,clear,32
705346,2025-06-07 14:31:00,33,sushi,21.1,midtown,1,2,24.84,bike,87,rain,29
705347,2025-06-07 15:02:00,34,mexican,12.2,midtown,1.3,1,8,bike,291,cloudy,19
705349,2025-06-07 15:22:00,72,burgers,12.2,suburbs_south,3.3,3,35.58,scooter,684,cloudy,22
705350,2025-06-07 15:24:00,125,sushi,18.8,uptown,1.4,1,15.33,bike,13286,cloudy,24
705351,2025-06-07 15:30:00,11,indian,20.4,uptown,1.6,4,47.86,scooter,4187,rain,31
705352,2025-06-07 16:14:00,63,pizza,12.6,downtown,1.2,3,47.35,bike,288,clear,26
705353,2025-06-07 16:19:00,87,burgers,6.5,downtown,3.4,2,16.41,car,5077,clear,16
705354,2025-06-07 16:35:00,147,chinese,17.7,midtown,2.6,4,30.83,bike,49,cloudy,34
705355,2025-06-07 17:03:00,87,burgers,6.5,downtown,1.9,4,33.13,car,318,cloudy,11
705356,2025-06-07 17:19:00,82,salads,9.2,midtown,3,5,52.8,car,183,rain,20
705357,2025-06-07 17:27:00,69,salads,8.8,midtown,1.2,3,32.39,scooter,350,rain,18
705358,2025-06-07 17:40:00,49,indian,14.4,uptown,4.6,2,20.27,scooter,89,clear,34
705360,2025-06-07 18:14:00,77,pizza,11.4,uptown,3.2,3,37.15,scooter,795,heavy_rain,35
705361,2025-06-07 18:28:00,107,sushi,18,suburbs_south,8.8,2,31.04,car,770,clear,49
705362,2025-06-07 18:31:00,75,mexican,13.3,midtown,2.2,5,43.42,bike,472,cloudy,32
705363,2025-06-07 18:49:00,21,pizza,17,midtown,4.3,1,10.37,bike,83,clear,43
705364,2025-06-07 18:52:00,21,pizza,17,midtown,3.3,1,9.19,bike,82,clear,44
705365,2025-06-07 19:02:00,132,mexican,13.3,downtown,0.8,2,15,bike,310,rain,20
705367,2025-06-07 19:06:00,70,thai,14.2,suburbs_north,4.2,4,62.2,scooter,371,rain,38
705371,2025-06-07 19:33:00,78,mexican,9.1,downtown,0.8,4,43.12,bike,131,clear,16
705373,2025-06-07 20:02:00,76,mexican,10,uptown,3.4,2,25.37,scooter,22,clear,27
705374,2025-06-07 20:06:00,37,pizza,17.5,midtown,5.3,4,62.01,bike,158,cloudy,45
705375,2025-06-07 20:06:00,79,salads,10,midtown,4,1,15.27,scooter,109,clear,26
705376,2025-06-07 20:16:00,152,indian,18,suburbs_north,4.8,5,51.57,scooter,74,cloudy,45
705377,2025-06-07 20:20:00,74,thai,18.7,downtown,2.1,4,61.81,scooter,353,cloudy,39
705378,2025-06-07 20:27:00,114,chinese,12.4,suburbs_south,4.8,1,13.86,scooter,29,clear,34
705379,2025-06-07 20:32:00,48,mexican,8.8,midtown,2.5,4,34.18,scooter,14,,24
705380,2025-06-07 20:49:00,103,thai,16.4,midtown,3.6,2,25.31,bike,258,clear,42
705381,2025-06-07 20:56:00,75,mexican,13.3,midtown,2,2,20.97,car,12,cloudy,24
705382,2025-06-07 21:06:00,69,salads,8.8,midtown,1.2,1,13.54,bike,153,clear,15
705383,2025-06-07 21:19:00,140,chinese,17.8,downtown,1.9,2,19.91,bike,28,cloudy,31
705385,2025-06-07 22:21:00,157,burgers,16.3,suburbs_south,5.7,3,36.37,bike,39,clear,45
705386,2025-06-07 22:26:00,155,indian,14.5,suburbs_south,7.1,3,44.87,car,324,clear,41
705387,2025-06-07 22:32:00,30,salads,5,suburbs_south,8.6,5,52.43,car,22,clear,32
705388,2025-06-07 23:07:00,139,indian,20.7,midtown,2.2,3,45.24,bike,52,rain,39
705389,2025-06-07 23:38:00,76,mexican,10,uptown,3.5,3,29.85,scooter,84,clear,32
705390,2025-06-08 10:15:00,107,sushi,18,suburbs_south,5.8,5,53.64,car,86,clear,39
705391,2025-06-08 10:55:00,66,sushi,18.7,midtown,3.1,2,28.56,scooter,212,rain,27
705392,2025-06-08 11:04:00,67,chinese,17.8,uptown,5.9,2,18.15,scooter,91,cloudy,44
705393,2025-06-08 11:19:00,68,thai,11.9,uptown,4,4,48.42,scooter,28,cloudy,33
705394,2025-06-08 11:38:00,48,mexican,8.8,midtown,3.3,2,20.91,scooter,1476,cloudy,28
705396,2025-06-08 11:50:00,138,thai,16.2,uptown,5.2,1,14.51,scooter,18,clear,39
705397,2025-06-08 11:59:00,98,salads,11.1,midtown,1.7,4,50.45,car,404,heavy_rain,23
705398,2025-06-08 12:13:00,24,pizza,15.8,uptown,4.4,1,9.49,car,65,rain,33
705399,2025-06-08 12:16:00,103,thai,16.4,midtown,1.3,3,28.64,scooter,2220,cloudy,31
705400,2025-06-08 12:25:00,14,burgers,6.4,downtown,1.6,1,11.35,bike,65,rain,27
705402,2025-06-08 12:40:00,5,mexican,12.4,uptown,3.1,2,26.59,car,179,clear,24
705403,2025-06-08 12:52:00,87,burgers,6.5,downtown,2.1,2,30.91,scooter,58,rain,21
705404,2025-06-08 12:53:00,3,pizza,20.9,suburbs_north,5.8,2,25.43,car,113,clear,49
705405,2025-06-08 13:10:00,158,indian,12.1,midtown,2.8,5,53.12,scooter,1201,clear,31
705406,2025-06-08 13:23:00,53,thai,11.5,midtown,3,2,29.47,scooter,75,,30
705407,2025-06-08 13:27:00,74,thai,18.7,downtown,2.2,3,28.05,bike,152,clear,37
705408,2025-06-08 13:39:00,55,salads,5,midtown,2.3,3,32.81,bike,171,clear,25
705409,2025-06-08 13:41:00,12,thai,12.8,midtown,1.1,8,78.89,scooter,327,clear,31
705411,2025-06-08 13:59:00,39,thai,21,downtown,2.2,6,49.5,scooter,36,heavy_rain,39
705412,2025-06-08 14:19:00,112,sushi,18.2,downtown,3.5,1,12.63,scooter,89,rain,31
705413,2025-06-08 14:43:00,127,indian,15.6,downtown,3,3,41.21,car,376,,28
705414,2025-06-08 15:18:00,51,indian,17,downtown,2.6,4,49.09,bike,23,cloudy,36
705415,2025-06-08 16:19:00,75,mexican,13.3,midtown,1.6,2,31.12,scooter,4240,cloudy,18
705416,2025-06-08 16:21:00,2,thai,10.5,downtown,2.1,3,27.44,scooter,323,clear,21
705417,2025-06-08 16:23:00,148,indian,16.9,suburbs_north,11.5,3,23.4,car,37,clear,49
705418,2025-06-08 16:33:00,44,indian,21,midtown,4.8,2,26.8,bike,152,cloudy,46
705420,2025-06-08 17:30:00,145,pizza,12.3,suburbs_south,8.1,3,35.93,car,12,clear,42
705421,2025-06-08 17:31:00,75,mexican,13.3,midtown,3,6,69.64,scooter,876,clear,29
705423,2025-06-08 17:44:00,139,indian,20.7,midtown,3.1,3,40.18,car,222,clear,34
705424,2025-06-08 18:02:00,53,thai,11.5,midtown,3,2,18.95,car,,cloudy,28
705425,2025-06-08 18:11:00,21,pizza,17,midtown,2.4,8,105.83,bike,58,clear,47
705426,2025-06-08 18:30:00,114,chinese,12.4,suburbs_south,7.1,1,8,car,124,clear,39
705428,2025-06-08 18:54:00,8,burgers,12.1,uptown,3.2,2,30.08,scooter,944,rain,29
705430,2025-06-08 19:02:00,43,chinese,12.4,uptown,5.7,4,44.21,scooter,2246,clear,32
705431,2025-06-08 19:15:00,124,indian,17.6,downtown,2.1,1,15.56,car,63,clear,33
705432,2025-06-08 19:19:00,75,mexican,13.3,midtown,2.1,3,33.6,scooter,186,rain,28
705435,2025-06-08 19:22:00,68,thai,11.9,uptown,2.5,4,55.17,car,1827,clear,23
705436,2025-06-08 19:22:00,146,thai,14.2,uptown,4.9,1,12.53,scooter,160,cloudy,29
705437,2025-06-08 19:33:00,81,sushi,17.4,downtown,3.4,3,47.84,bike,61,clear,43
705438,2025-06-08 19:35:00,92,thai,7,uptown,2.2,3,47.08,bike,316,clear,19
705440,2025-06-08 20:04:00,99,thai,13.4,midtown,3.2,3,22.85,scooter,132,clear,33
705441,2025-06-08 20:18:00,52,mexican,5.5,uptown,4.8,3,43.3,scooter,364,cloudy,22
705442,2025-06-08 20:20:00,105,pizza,12.9,midtown,5,1,14.09,scooter,68,heavy_rain,39
705443,2025-06-08 20:25:00,155,indian,14.5,suburbs_south,9.9,3,29.83,car,222,clear,112
705445,2025-06-08 20:49:00,94,sushi,20.2,downtown,0.8,3,27.8,car,38,clear,34
705446,2025-06-08 20:51:00,93,sushi,16.7,downtown,0.8,3,37.76,bike,496,clear,30
705447,2025-06-08 21:38:00,154,salads,8.5,midtown,3.6,3,34.94,scooter,8,rain,30
705448,2025-06-08 21:47:00,97,chinese,16.1,uptown,3.7,4,38.87,scooter,75,clear,36
705450,2025-06-08 22:24:00,149,thai,15.5,downtown,2.3,5,57.84,car,1559,cloudy,29
705451,2025-06-08 22:24:00,101,thai,11.8,suburbs_north,5.6,3,43.35,bike,205,cloudy,39
705452,2025-06-08 22:29:00,25,mexican,14.5,midtown,1.9,7,83.44,scooter,,rain,32
705453,2025-06-08 22:35:00,104,thai,11.5,suburbs_south,5,5,62.35,car,501,clear,24
705454,2025-06-08 23:52:00,52,mexican,5.5,uptown,6.1,1,14.32,car,62,clear,23
705455,2025-06-09 10:21:00,79,salads,10,midtown,2.2,2,16.34,scooter,229,clear,19
705458,2025-06-09 11:31:00,69,salads,8.8,midtown,5,1,15.21,scooter,86,rain,32
705459,2025-06-09 11:40:00,75,mexican,13.3,midtown,2.5,5,59.39,scooter,319,rain,27
705460,2025-06-09 11:53:00,157,burgers,16.3,suburbs_south,2.7,8,62.03,bike,73,rain,49
705461,2025-06-09 11:59:00,55,salads,5,midtown,3.6,2,31.26,bike,35,,22
705462,2025-06-09 12:03:00,107,sushi,18,suburbs_south,8.5,1,14.14,car,40,clear,50
705463,2025-06-09 12:06:00,43,chinese,12.4,uptown,5.3,1,12.22,bike,60,clear,35
705464,2025-06-09 12:11:00,25,mexican,14.5,midtown,5.5,5,67.87,bike,149,rain,50
705465,2025-06-09 12:14:00,156,salads,12.7,downtown,1.9,5,70.9,scooter,350,rain,28
705467,2025-06-09 12:32:00,144,chinese,7.6,midtown,1.5,2,23.99,scooter,33,clear,15
705469,2025-06-09 12:45:00,66,sushi,18.7,midtown,1.3,2,16.6,scooter,205,,34
705470,2025-06-09 12:50:00,119,indian,16.8,suburbs_south,2.5,3,30.5,scooter,121,heavy_rain,42
705471,2025-06-09 12:58:00,107,sushi,18,suburbs_south,5,3,41.55,scooter,16,clear,43
705472,2025-06-09 13:01:00,79,salads,10,midtown,1.7,1,12.32,scooter,,rain,20
705473,2025-06-09 13:05:00,35,mexican,11.9,midtown,3,2,18.01,bike,451,clear,29
705475,2025-06-09 13:21:00,8,burgers,12.1,uptown,2.9,4,55.63,scooter,117,cloudy,24
705476,2025-06-09 13:49:00,8,burgers,12.1,uptown,1.7,4,37.48,bike,,clear,25
705477,2025-06-09 13:52:00,129,pizza,10.9,suburbs_north,5.5,2,22.54,bike,236,clear,37
705478,2025-06-09 13:54:00,31,sushi,14.7,midtown,2.6,2,20.16,scooter,563,clear,26
705479,2025-06-09 15:27:00,42,pizza,16.7,downtown,1.3,2,28.23,car,167,clear,17
705480,2025-06-09 15:47:00,77,pizza,11.4,uptown,4.3,3,42.53,bike,1322,clear,28
705481,2025-06-09 16:09:00,152,indian,18,suburbs_north,3.4,3,33.85,bike,246,cloudy,45
705482,2025-06-09 16:20:00,24,pizza,15.8,uptown,4.5,3,46.63,car,800,heavy_rain,32
705484,2025-06-09 17:13:00,39,thai,21,downtown,1,1,12.67,scooter,160,clear,24
705485,2025-06-09 17:21:00,44,indian,21,midtown,2.9,6,50.84,scooter,65,heavy_rain,36
705486,2025-06-09 17:22:00,2,thai,10.5,downtown,2.2,6,65.74,bike,100,clear,22
705488,2025-06-09 17:37:00,17,thai,9.8,uptown,3,7,84.13,car,38,cloudy,22
705489,2025-06-09 17:54:00,75,mexican,13.3,midtown,3.6,3,30.51,scooter,94,clear,27
705490,2025-06-09 17:55:00,43,chinese,12.4,uptown,3,4,46.38,bike,169,rain,30
705491,2025-06-09 18:09:00,79,salads,10,midtown,2.2,3,38.8,car,254,clear,23
705492,2025-06-09 18:12:00,77,pizza,11.4,uptown,4.6,2,31.17,bike,106,,33
705493,2025-06-09 18:27:00,10,pizza,12.9,suburbs_north,11,3,22.03,car,40,clear,48
705494,2025-06-09 18:35:00,117,pizza,16.2,suburbs_south,8.1,1,8.54,car,184,cloudy,45
705495,2025-06-09 18:36:00,37,pizza,17.5,midtown,2,2,28.26,scooter,,clear,31
705496,2025-06-09 19:02:00,138,thai,16.2,uptown,4.1,2,27.54,scooter,88,clear,35
705497,2025-06-09 19:09:00,87,burgers,6.5,downtown,2.1,3,47.92,car,229,clear,24
705498,2025-06-09 19:10:00,61,thai,18,suburbs_north,4.7,1,8.69,scooter,1335,cloudy,30
705499,2025-06-09 19:18:00,102,indian,17.4,uptown,5.3,2,21.64,car,39,cloudy,39
705500,2025-06-09 19:24:00,47,mexican,14.1,downtown,1.6,3,30.54,car,21,cloudy,31
705501,2025-06-09 19:39:00,18,indian,20.8,suburbs_south,10.4,3,39.45,car,65,cloudy,59
705502,2025-06-09 19:47:00,28,indian,19.5,downtown,1,3,43.13,scooter,32,clear,33
705503,2025-06-09 19:49:00,153,salads,5,suburbs_south,2.7,3,22.36,car,143,cloudy,18
705504,2025-06-09 19:49:00,160,salads,5,uptown,6.3,1,8.55,car,102,cloudy,24
705505,2025-06-09 20:02:00,52,mexican,5.5,uptown,4.2,1,8.84,car,1302,cloudy,24
705506,2025-06-09 20:18:00,80,chinese,16.1,downtown,2,2,26.44,scooter,607,clear,23
705507,2025-06-09 20:45:00,14,burgers,6.4,downtown,1.9,2,17.69,bike,202,clear,21
705508,2025-06-09 21:37:00,34,mexican,12.2,midtown,3.6,1,8.21,scooter,65,cloudy,24
705510,2025-06-09 22:01:00,61,thai,18,suburbs_north,9.6,4,41.23,car,1422,clear,46
705511,2025-06-09 22:20:00,84,chinese,11.5,suburbs_south,8.2,1,8.94,car,308,cloudy,33
705512,2025-06-09 22:27:00,67,chinese,17.8,uptown,2.6,4,46.93,bike,308,cloudy,33
705513,2025-06-09 23:25:00,98,salads,11.1,midtown,2.7,1,12.56,bike,114,rain,25
705514,2025-06-09 23:35:00,20,mexican,9.2,midtown,2.1,2,15.08,car,149,clear,15
705515,2025-06-10 10:12:00,99,thai,13.4,midtown,1.9,2,16.66,bike,287,clear,21
705516,2025-06-10 10:59:00,135,sushi,20.5,downtown,1.1,1,8,car,19,cloudy,26
705517,2025-06-10 11:07:00,1,mexican,12.7,downtown,2.2,2,27.9,scooter,375,cloudy,28
705518,2025-06-10 11:41:00,69,salads,8.8,midtown,1,4,53.03,car,,clear,16
705519,2025-06-10 12:19:00,26,pizza,14.9,midtown,3.3,6,61.88,car,142,clear,33
705520,2025-06-10 13:12:00,83,salads,8.7,midtown,4.2,2,17.1,scooter,80,heavy_rain,22
705521,2025-06-10 13:22:00,146,thai,14.2,uptown,3.3,4,41.52,scooter,207,clear,29
705522,2025-06-10 13:29:00,83,salads,8.7,midtown,1.6,2,22.57,scooter,27,clear,20
705523,2025-06-10 13:31:00,123,salads,7.7,uptown,3.2,3,23.43,bike,572,clear,25
705524,2025-06-10 14:51:00,142,indian,20.4,midtown,2.1,1,15.24,bike,14,clear,31
705525,2025-06-10 15:04:00,105,pizza,12.9,midtown,2.3,3,36.82,bike,508,clear,22
705526,2025-06-10 15:46:00,53,thai,11.5,midtown,3.6,7,108.66,car,,clear,27
705527,2025-06-10 15:49:00,108,mexican,10.1,suburbs_south,4.3,1,13.71,scooter,46,,29
705528,2025-06-10 16:31:00,117,pizza,16.2,suburbs_south,7.9,1,8,scooter,138,cloudy,38
705531,2025-06-10 16:44:00,95,pizza,11.9,suburbs_south,5.7,8,83.76,car,449,clear,31
705532,2025-06-10 16:46:00,109,burgers,10,downtown,0.8,4,29.46,bike,803,clear,20
705533,2025-06-10 16:54:00,73,pizza,10.6,midtown,3.6,3,42.22,bike,218,clear,29
705534,2025-06-10 17:32:00,69,salads,8.8,midtown,3.4,2,29.33,car,830,clear,20
705535,2025-06-10 17:35:00,109,burgers,10,downtown,1.4,7,86.02,car,140,rain,21
705536,2025-06-10 17:39:00,121,indian,13.9,suburbs_north,2.9,4,54.55,scooter,65,clear,24
705537,2025-06-10 18:08:00,14,burgers,6.4,downtown,2,2,15.65,bike,297,rain,19
705538,2025-06-10 18:24:00,51,indian,17,downtown,3.6,3,25,scooter,146,cloudy,36
705539,2025-06-10 18:27:00,112,sushi,18.2,downtown,1.6,1,12.17,car,111,cloudy,32
705540,2025-06-10 18:41:00,159,pizza,15,uptown,4,7,49.2,bike,238,heavy_rain,53
705541,2025-06-10 18:43:00,58,indian,21.6,uptown,4.5,3,28.05,bike,310,cloudy,55
705542,2025-06-10 18:44:00,58,indian,21.6,uptown,3.5,1,15.37,bike,143,clear,42
705543,2025-06-10 18:44:00,102,indian,17.4,uptown,3.9,1,9.91,scooter,73,heavy_rain,38
705544,2025-06-10 18:45:00,145,pizza,12.3,suburbs_south,5.4,3,38.37,bike,51,rain,47
705545,2025-06-10 18:52:00,15,indian,18.1,midtown,3.2,2,18.23,scooter,79,clear,37
705546,2025-06-10 19:14:00,113,mexican,13.2,midtown,3.4,1,8,bike,46,cloudy,34
705547,2025-06-10 19:29:00,136,salads,9.3,downtown,1.7,7,49.18,scooter,18,rain,27
705549,2025-06-10 19:50:00,85,pizza,11.8,uptown,2.3,4,30.9,car,14,clear,30
705550,2025-06-10 20:07:00,59,pizza,11.7,suburbs_south,5.4,1,14.53,car,1051,clear,30
705551,2025-06-10 20:09:00,36,burgers,11.8,downtown,0.7,2,28.68,scooter,190,clear,21
705552,2025-06-10 20:10:00,9,thai,12.6,suburbs_south,6.8,1,15.33,car,25,,33
705553,2025-06-10 20:11:00,4,pizza,14,suburbs_south,5.7,2,19.29,bike,95,clear,39
705554,2025-06-10 20:20:00,16,salads,7.8,uptown,6.1,4,31.85,scooter,8,rain,38
705555,2025-06-10 20:25:00,6,sushi,16.8,midtown,1.1,3,21.47,scooter,174,clear,26
705556,2025-06-10 20:49:00,107,sushi,18,suburbs_south,5.2,1,8.17,car,,cloudy,33
705557,2025-06-10 20:49:00,29,salads,9.9,midtown,4.7,4,57.88,scooter,1294,clear,32
705558,2025-06-10 20:52:00,130,mexican,15.3,downtown,2.3,5,49.52,bike,272,cloudy,34
705560,2025-06-10 21:31:00,103,thai,16.4,midtown,1.4,5,72.74,car,148,cloudy,26
705561,2025-06-10 21:37:00,100,pizza,12.8,uptown,1.2,1,9.23,scooter,574,clear,17
705562,2025-06-10 21:40:00,49,indian,14.4,uptown,4.1,3,28.58,scooter,896,clear,26
705563,2025-06-10 21:57:00,152,indian,18,suburbs_north,9.9,8,79.55,car,194,rain,57
705564,2025-06-11 10:09:00,43,chinese,12.4,uptown,3.2,6,51.3,bike,,cloudy,27
705566,2025-06-11 10:37:00,54,salads,9.4,downtown,1.5,3,47.66,scooter,479,clear,15
705568,2025-06-11 10:52:00,80,chinese,16.1,downtown,1.2,5,46.18,scooter,32,,25
705569,2025-06-11 11:09:00,107,sushi,18,suburbs_south,5.2,2,21.44,car,47,,38
705570,2025-06-11 11:21:00,3,pizza,20.9,suburbs_north,3.7,3,37.53,scooter,167,clear,40
705571,2025-06-11 11:49:00,50,salads,8.2,midtown,3,2,27.39,car,51,clear,22
705573,2025-06-11 12:15:00,25,mexican,14.5,midtown,2.8,3,39.8,bike,94,clear,27
705574,2025-06-11 12:17:00,151,chinese,11.8,downtown,3.2,3,32.72,bike,49,clear,32
705575,2025-06-11 12:19:00,36,burgers,11.8,downtown,1.3,2,29.1,bike,173,clear,24
705576,2025-06-11 12:20:00,12,thai,12.8,midtown,3.5,3,35.84,scooter,34,cloudy,32
705577,2025-06-11 12:37:00,97,chinese,16.1,uptown,4.7,4,43.64,bike,119,clear,44
705578,2025-06-11 12:45:00,95,pizza,11.9,suburbs_south,2.7,2,21.2,scooter,64,clear,26
705580,2025-06-11 13:47:00,60,chinese,10.4,suburbs_north,7.1,1,8.64,scooter,486,clear,34
705582,2025-06-11 13:55:00,22,mexican,9.1,suburbs_south,4,2,23.36,scooter,724,heavy_rain,31
705584,2025-06-11 16:10:00,25,mexican,14.5,midtown,1.7,3,39.2,bike,186,cloudy,22
705586,2025-06-11 17:03:00,143,chinese,12.4,uptown,2.1,2,22.63,scooter,227,clear,30
705587,2025-06-11 17:11:00,11,indian,20.4,uptown,4.6,1,11.37,bike,321,clear,40
705588,2025-06-11 17:19:00,158,indian,12.1,midtown,2.3,3,33.43,scooter,104,clear,18
705589,2025-06-11 17:33:00,28,indian,19.5,downtown,3.3,2,25.99,scooter,139,rain,33
705590,2025-06-11 17:36:00,74,thai,18.7,downtown,2.4,4,63.88,scooter,112,rain,28
705592,2025-06-11 17:48:00,92,thai,7,uptown,4.6,2,26.53,scooter,116,clear,29
705593,2025-06-11 17:53:00,82,salads,9.2,midtown,0.9,1,8.67,scooter,36,clear,18
705594,2025-06-11 17:54:00,37,pizza,17.5,midtown,4.7,1,9.43,bike,250,clear,39
705595,2025-06-11 18:06:00,32,thai,16.7,uptown,2.6,5,70.94,bike,2752,cloudy,31
705596,2025-06-11 18:14:00,107,sushi,18,suburbs_south,8.6,1,14.72,car,194,clear,42
705597,2025-06-11 18:16:00,139,indian,20.7,midtown,2.5,2,26.33,bike,33,cloudy,37
705598,2025-06-11 18:26:00,47,mexican,14.1,downtown,3,2,15.02,bike,24,cloudy,29
705599,2025-06-11 18:33:00,73,pizza,10.6,midtown,4.6,2,28.48,bike,216,clear,39
705600,2025-06-11 18:54:00,73,pizza,10.6,midtown,4,3,46.4,car,273,clear,24
705601,2025-06-11 18:58:00,79,salads,10,midtown,2.3,6,90.52,bike,53,clear,31
705602,2025-06-11 18:59:00,64,mexican,11.6,suburbs_north,4.4,2,15.48,bike,255,clear,33
705603,2025-06-11 18:59:00,63,pizza,12.6,downtown,2.7,1,15.59,scooter,1909,cloudy,23
705604,2025-06-11 19:10:00,89,sushi,22.3,suburbs_north,8.4,2,26.61,scooter,185,clear,61
705605,2025-06-11 19:18:00,102,indian,17.4,uptown,3.7,5,74.6,scooter,121,clear,37
705606,2025-06-11 19:28:00,159,pizza,15,uptown,1.4,4,37.29,scooter,129,clear,30
705607,2025-06-11 19:35:00,64,mexican,11.6,suburbs_north,4.6,1,10.67,scooter,196,clear,26
705608,2025-06-11 19:41:00,91,salads,10.1,suburbs_south,5.3,2,15.02,scooter,41,heavy_rain,39
705610,2025-06-11 19:54:00,127,indian,15.6,downtown,1.9,6,84.51,scooter,24,clear,31
705611,2025-06-11 19:58:00,19,chinese,10.6,downtown,0.9,5,57.25,scooter,393,clear,24
705612,2025-06-11 20:08:00,126,pizza,12,midtown,2.8,3,36.14,car,205,clear,26
705613,2025-06-11 20:25:00,43,chinese,12.4,uptown,3.6,1,8.57,bike,110,clear,31
705614,2025-06-11 20:30:00,56,thai,13,downtown,2.2,1,10.67,bike,967,clear,28
705615,2025-06-11 20:31:00,106,pizza,12.3,downtown,2.1,1,15.86,scooter,81,heavy_rain,27
705616,2025-06-11 20:35:00,160,salads,5,uptown,4.7,2,17.92,bike,73,clear,26
705618,2025-06-11 20:38:00,72,burgers,12.2,suburbs_south,11.6,3,39.56,scooter,109,clear,59
705620,2025-06-11 21:16:00,159,pizza,15,uptown,3.3,5,40.39,scooter,13,clear,37
705621,2025-06-11 21:46:00,3,pizza,20.9,suburbs_north,2.9,4,51.32,scooter,50,cloudy,39
705622,2025-06-11 21:55:00,43,chinese,12.4,uptown,2.9,2,24.62,bike,1182,cloudy,32
705623,2025-06-11 22:20:00,14,burgers,6.4,downtown,1.4,1,9.15,bike,917,cloudy,12
705624,2025-06-11 22:21:00,132,mexican,13.3,downtown,2.2,3,39.34,bike,181,clear,28
705626,2025-06-11 22:37:00,46,indian,19.4,downtown,1.7,2,31.32,scooter,667,rain,25
705627,2025-06-11 22:50:00,37,pizza,17.5,midtown,2.7,1,8,bike,189,clear,27
705629,2025-06-12 10:08:00,80,chinese,16.1,downtown,1.7,1,8,scooter,213,clear,21
705630,2025-06-12 10:49:00,2,thai,10.5,downtown,3.1,5,52.93,scooter,276,cloudy,25
705631,2025-06-12 11:08:00,150,mexican,14.6,downtown,2.1,3,32.3,bike,,heavy_rain,35
705633,2025-06-12 11:31:00,143,chinese,12.4,uptown,2.7,7,83.92,bike,24,clear,37
705634,2025-06-12 12:12:00,63,pizza,12.6,downtown,1.6,2,22.89,bike,117,clear,21
705635,2025-06-12 12:33:00,37,pizza,17.5,midtown,2.8,2,16.32,scooter,203,heavy_rain,38
705637,2025-06-12 12:35:00,76,mexican,10,uptown,3.5,5,78.5,scooter,945,clear,25
705638,2025-06-12 12:38:00,57,sushi,15.1,midtown,1.2,4,28.61,bike,38,clear,25
705639,2025-06-12 12:50:00,43,chinese,12.4,uptown,4.1,2,25.34,scooter,,rain,32
705640,2025-06-12 12:51:00,52,mexican,5.5,uptown,3.7,1,15.21,bike,50,clear,23
705641,2025-06-12 12:51:00,14,burgers,6.4,downtown,2.3,3,31.83,scooter,21,clear,21
705642,2025-06-12 12:53:00,68,thai,11.9,uptown,2.6,6,75.8,scooter,238,clear,27
705643,2025-06-12 13:09:00,33,sushi,21.1,midtown,3.5,2,21.63,car,834,rain,39
705644,2025-06-12 13:15:00,65,thai,16.7,uptown,2.9,1,9.02,scooter,388,clear,32
705645,2025-06-12 13:35:00,8,burgers,12.1,uptown,5,2,26.62,bike,231,clear,48
705648,2025-06-12 13:47:00,150,mexican,14.6,downtown,2.1,2,22.05,bike,347,clear,35
705650,2025-06-12 13:58:00,141,thai,14.1,suburbs_north,7.8,2,27.93,car,179,clear,36
705652,2025-06-12 14:56:00,93,sushi,16.7,downtown,1,2,17.18,scooter,170,clear,24
705654,2025-06-12 16:47:00,104,thai,11.5,suburbs_south,5.7,4,53.13,bike,93,clear,43
705655,2025-06-12 16:56:00,52,mexican,5.5,uptown,1.9,3,36.23,scooter,135,clear,18
705656,2025-06-12 17:30:00,73,pizza,10.6,midtown,4.1,5,77.32,scooter,593,clear,25
705657,2025-06-12 17:35:00,152,indian,18,suburbs_north,6.1,3,36.85,scooter,825,cloudy,34
705658,2025-06-12 17:48:00,109,burgers,10,downtown,1.6,2,28.48,bike,671,rain,21
705660,2025-06-12 18:02:00,18,indian,20.8,suburbs_south,7.7,5,67.27,scooter,33,clear,60
705661,2025-06-12 18:04:00,126,pizza,12,midtown,2.8,4,56.36,scooter,42,,30
705662,2025-06-12 18:09:00,160,salads,5,uptown,1.4,3,34.07,bike,666,clear,101
705663,2025-06-12 18:12:00,114,chinese,12.4,suburbs_south,5.9,6,76.08,scooter,160,rain,37
705664,2025-06-12 18:17:00,89,sushi,22.3,suburbs_north,3,6,92.8,scooter,69,heavy_rain,51
705665,2025-06-12 18:29:00,86,chinese,11.8,suburbs_south,11.7,2,25.19,car,163,clear,41
705666,2025-06-12 18:57:00,45,indian,15.4,midtown,3.1,7,77.9,scooter,35,clear,41
705668,2025-06-12 19:21:00,27,thai,16.7,downtown,3.2,3,29.24,scooter,117,clear,42
705669,2025-06-12 19:32:00,113,mexican,13.2,midtown,2.3,5,61.36,scooter,459,rain,28
705670,2025-06-12 19:45:00,77,pizza,11.4,uptown,3.6,6,69.13,scooter,120,cloudy,37
705671,2025-06-12 19:49:00,147,chinese,17.7,midtown,2.6,2,29.61,scooter,109,cloudy,37
705672,2025-06-12 19:56:00,3,pizza,20.9,suburbs_north,7.6,1,14.24,car,15,rain,50
705673,2025-06-12 20:02:00,151,chinese,11.8,downtown,2.2,6,51.01,car,644,heavy_rain,35
705675,2025-06-12 20:21:00,95,pizza,11.9,suburbs_south,9.6,1,8.37,car,211,clear,37
705676,2025-06-12 20:25:00,27,thai,16.7,downtown,3.7,1,11.6,scooter,446,clear,33
705678,2025-06-12 21:57:00,106,pizza,12.3,downtown,3.1,4,36.55,car,118,clear,25
705679,2025-06-12 22:01:00,103,thai,16.4,midtown,3.8,2,24.54,bike,566,clear,33
705682,2025-06-13 10:32:00,158,indian,12.1,midtown,3.1,6,55.45,scooter,,,31
705683,2025-06-13 11:01:00,110,thai,12.5,suburbs_north,6.8,2,26.03,scooter,250,clear,39
705684,2025-06-13 11:05:00,71,burgers,14.5,uptown,2.9,2,17.81,bike,536,rain,40
705685,2025-06-13 11:50:00,111,pizza,8.5,downtown,2.7,2,25.55,bike,123,rain,28
705686,2025-06-13 11:51:00,76,mexican,10,uptown,3.4,3,24.62,bike,68,rain,36
705687,2025-06-13 11:57:00,152,indian,18,suburbs_north,7.1,4,39.98,scooter,161,clear,49
705688,2025-06-13 11:58:00,119,indian,16.8,suburbs_south,8.4,2,14.61,car,643,clear,45
705690,2025-06-13 12:07:00,153,salads,5,suburbs_south,7.2,2,17.41,scooter,62,clear,28
705691,2025-06-13 12:09:00,65,thai,16.7,uptown,5.5,4,62.66,scooter,90,cloudy,35
705692,2025-06-13 12:21:00,20,mexican,9.2,midtown,1.6,3,31.46,car,144,cloudy,13
705693,2025-06-13 12:24:00,109,burgers,10,downtown,2,2,15.93,scooter,49,rain,28
705695,2025-06-13 12:49:00,129,pizza,10.9,suburbs_north,2.6,3,32.95,scooter,48,clear,18
705697,2025-06-13 13:04:00,74,thai,18.7,downtown,2.3,2,16.25,car,638,clear,34
705698,2025-06-13 13:07:00,114,chinese,12.4,suburbs_south,2.4,2,27.51,bike,109,clear,29
705699,2025-06-13 13:10:00,149,thai,15.5,downtown,2.2,2,14.9,bike,74,cloudy,28
705701,2025-06-13 13:20:00,3,pizza,20.9,suburbs_north,8.4,1,9.14,car,499,clear,44
705702,2025-06-13 13:32:00,77,pizza,11.4,uptown,1.2,5,53.71,bike,410,clear,25
705703,2025-06-13 14:02:00,142,indian,20.4,midtown,3,2,27.75,car,111,cloudy,30
705704,2025-06-13 14:29:00,77,pizza,11.4,uptown,5.3,2,31.01,scooter,212,clear,26
705705,2025-06-13 14:40:00,49,indian,14.4,uptown,5.3,5,78.6,car,138,clear,30
705706,2025-06-13 14:57:00,105,pizza,12.9,midtown,1.9,3,38.8,scooter,82,clear,25
705707,2025-06-13 15:05:00,29,salads,9.9,midtown,1.7,2,29.6,bike,54,heavy_rain,20
705708,2025-06-13 16:20:00,33,sushi,21.1,midtown,2.7,4,40.66,car,,clear,34
705710,2025-06-13 17:09:00,108,mexican,10.1,suburbs_south,3.8,2,14.03,scooter,811,clear,24
705711,2025-06-13 17:21:00,17,thai,9.8,uptown,3,3,32.23,bike,247,cloudy,28
705712,2025-06-13 17:29:00,72,burgers,12.2,suburbs_south,12.4,7,88.72,scooter,84,heavy_rain,73
705713,2025-06-13 17:51:00,91,salads,10.1,suburbs_south,8.5,3,36.38,scooter,164,rain,44
705714,2025-06-13 17:59:00,102,indian,17.4,uptown,3.1,1,10.03,car,55,cloudy,28
705715,2025-06-13 18:07:00,116,sushi,16.4,downtown,1.4,2,21.23,bike,60,cloudy,32
705717,2025-06-13 18:22:00,83,salads,8.7,midtown,3.8,2,14.82,bike,39,clear,27
705718,2025-06-13 18:22:00,140,chinese,17.8,downtown,1.5,2,14.04,scooter,153,clear,26
705719,2025-06-13 18:29:00,130,mexican,15.3,downtown,2.8,6,89.4,bike,130,cloudy,38
705720,2025-06-13 18:30:00,146,thai,14.2,uptown,2.8,1,8,scooter,566,cloudy,28
705724,2025-06-13 18:59:00,153,salads,5,suburbs_south,8.6,1,8,scooter,321,clear,32
705725,2025-06-13 19:11:00,14,burgers,6.4,downtown,3.1,6,81.71,car,38,,23
705726,2025-06-13 19:17:00,15,indian,18.1,midtown,4.1,1,8,bike,282,rain,46
705727,2025-06-13 19:33:00,81,sushi,17.4,downtown,2.4,3,44.03,bike,130,clear,32
705728,2025-06-13 19:39:00,36,burgers,11.8,downtown,0.9,3,26.52,bike,302,rain,25
705729,2025-06-13 19:43:00,119,indian,16.8,suburbs_south,3,2,23.13,bike,90,rain,40
705731,2025-06-13 19:47:00,80,chinese,16.1,downtown,1.6,3,26.73,car,122,clear,27
705733,2025-06-13 19:52:00,119,indian,16.8,suburbs_south,2.6,1,12.73,scooter,83,clear,33
705736,2025-06-13 20:11:00,45,indian,15.4,midtown,2.6,2,30.58,scooter,231,cloudy,29
705737,2025-06-13 20:14:00,32,thai,16.7,uptown,3.1,2,31.35,bike,538,cloudy,33
705739,2025-06-13 20:28:00,135,sushi,20.5,downtown,1.1,1,9.85,scooter,30,clear,35
705740,2025-06-13 20:42:00,4,pizza,14,suburbs_south,6.1,3,36.55,scooter,845,cloudy,39
705741,2025-06-13 20:51:00,46,indian,19.4,downtown,1.1,2,15.59,bike,440,clear,25
705742,2025-06-13 21:28:00,27,thai,16.7,downtown,2,3,23.68,bike,32,cloudy,27
705743,2025-06-13 23:45:00,19,chinese,10.6,downtown,1.9,3,47.26,bike,122,cloudy,25
705744,2025-06-13 23:46:00,78,mexican,9.1,downtown,1.9,2,23.09,bike,1571,clear,19
705746,2025-06-14 10:11:00,125,sushi,18.8,uptown,4.2,7,94.38,car,15,clear,34
705747,2025-06-14 10:34:00,6,sushi,16.8,midtown,2.7,2,28.6,bike,76,clear,29
705749,2025-06-14 11:09:00,124,indian,17.6,downtown,2.7,1,13.06,car,1223,rain,42
705751,2025-06-14 12:11:00,56,thai,13,downtown,0.7,3,21.87,bike,10,clear,32
705754,2025-06-14 13:04:00,157,burgers,16.3,suburbs_south,7.6,3,46.11,car,549,heavy_rain,53
705755,2025-06-14 13:05:00,26,pizza,14.9,midtown,3.5,2,27.69,bike,9,heavy_rain,46
705756,2025-06-14 13:08:00,127,indian,15.6,downtown,1.1,3,42.83,scooter,94,clear,29
705757,2025-06-14 13:26:00,13,indian,15.1,downtown,2.3,2,17.37,bike,28,clear,34
705759,2025-06-14 13:42:00,66,sushi,18.7,midtown,3.8,3,27.66,bike,431,clear,42
705760,2025-06-14 13:53:00,60,chinese,10.4,suburbs_north,9.4,1,8.52,scooter,648,clear,47
705761,2025-06-14 14:13:00,134,mexican,10.8,midtown,2.5,6,87.82,car,72,cloudy,24
705762,2025-06-14 16:12:00,76,mexican,10,uptown,1.6,4,38.15,scooter,193,cloudy,22
705763,2025-06-14 16:40:00,118,thai,15.5,downtown,2.5,3,35.62,bike,559,clear,30
705764,2025-06-14 16:48:00,154,salads,8.5,midtown,0.9,1,10.63,bike,346,clear,14
705765,2025-06-14 17:09:00,52,mexican,5.5,uptown,2.1,2,22.2,bike,8,clear,19
705766,2025-06-14 17:12:00,67,chinese,17.8,uptown,5.1,2,19.37,bike,284,clear,37
705769,2025-06-14 18:00:00,4,pizza,14,suburbs_south,9.7,2,21.96,car,71,clear,46
705771,2025-06-14 18:27:00,112,sushi,18.2,downtown,1.3,1,9.46,scooter,35,rain,35
705772,2025-06-14 18:29:00,120,pizza,12.2,downtown,1.1,1,15.53,scooter,,clear,26
705773,2025-06-14 18:41:00,139,indian,20.7,midtown,2.8,4,51.37,bike,490,clear,45
705774,2025-06-14 18:46:00,9,thai,12.6,suburbs_south,6.9,2,20.88,car,154,cloudy,37
705775,2025-06-14 18:46:00,138,thai,16.2,uptown,3.9,2,16.9,scooter,36,cloudy,30
705778,2025-06-14 19:38:00,30,salads,5,suburbs_south,5.5,2,21.6,bike,74,cloudy,37
705779,2025-06-14 20:51:00,109,burgers,10,downtown,1.8,3,25.75,scooter,,clear,22
705782,2025-06-14 21:36:00,56,thai,13,downtown,2.3,4,53.51,car,636,heavy_rain,26
705783,2025-06-14 21:37:00,108,mexican,10.1,suburbs_south,10.6,1,12.17,scooter,682,clear,46
705784,2025-06-14 21:46:00,39,thai,21,downtown,1.1,8,89.08,scooter,1062,clear,35
705785,2025-06-14 21:52:00,102,indian,17.4,uptown,2.3,1,11.25,bike,115,cloudy,32
705786,2025-06-14 21:54:00,138,thai,16.2,uptown,3.5,2,30.77,bike,,clear,35
705787,2025-06-14 21:56:00,87,burgers,6.5,downtown,1.3,3,23.56,car,727,cloudy,12
705788,2025-06-14 22:06:00,154,salads,8.5,midtown,2.7,2,14,scooter,49,clear,26
705789,2025-06-14 22:29:00,64,mexican,11.6,suburbs_north,3.7,1,8.52,scooter,46,heavy_rain,34
705790,2025-06-14 23:07:00,21,pizza,17,midtown,4.5,3,43.26,scooter,94,cloudy,31
705791,2025-06-15 10:24:00,134,mexican,10.8,midtown,1.8,2,14.25,scooter,345,cloudy,22
705792,2025-06-15 11:03:00,34,mexican,12.2,midtown,5.3,4,56.23,bike,119,clear,42
705795,2025-06-15 12:03:00,66,sushi,18.7,midtown,2.3,2,21.65,bike,147,clear,32
705798,2025-06-15 12:46:00,145,pizza,12.3,suburbs_south,9.6,2,27.19,car,192,cloudy,43
705799,2025-06-15 12:49:00,77,pizza,11.4,uptown,4.8,5,79.99,bike,252,clear,37
705801,2025-06-15 13:05:00,6,sushi,16.8,midtown,3.9,1,14.53,scooter,462,clear,29
705802,2025-06-15 13:31:00,71,burgers,14.5,uptown,2.1,2,18.55,car,165,clear,26
705803,2025-06-15 13:33:00,127,indian,15.6,downtown,3.8,2,20.8,scooter,28,heavy_rain,41
705805,2025-06-15 14:34:00,15,indian,18.1,midtown,4.6,6,49.9,bike,84,clear,45
705806,2025-06-15 15:10:00,27,thai,16.7,downtown,2.2,2,31.73,scooter,86,clear,25
705808,2025-06-15 16:43:00,115,thai,13.4,downtown,3.2,1,8.87,car,58,clear,29
705809,2025-06-15 16:59:00,78,mexican,9.1,downtown,2.1,4,32.88,scooter,188,clear,21
705812,2025-06-15 17:53:00,138,thai,16.2,uptown,4,3,43.56,bike,,clear,40
705813,2025-06-15 17:54:00,49,indian,14.4,uptown,3,2,23.47,car,589,cloudy,31
705815,2025-06-15 18:23:00,75,mexican,13.3,midtown,1,2,28.5,bike,887,cloudy,31
705816,2025-06-15 18:25:00,63,pizza,12.6,downtown,1.5,3,27.6,bike,66,rain,37
705817,2025-06-15 18:27:00,143,chinese,12.4,uptown,5.4,2,14.58,car,45,clear,35
705818,2025-06-15 18:34:00,23,burgers,11.6,downtown,2.4,3,24.16,car,14,rain,29
705819,2025-06-15 18:39:00,63,pizza,12.6,downtown,2,1,8.77,scooter,712,rain,17
705820,2025-06-15 18:58:00,55,salads,5,midtown,2.6,4,48.61,scooter,97,rain,26
705821,2025-06-15 18:59:00,130,mexican,15.3,downtown,3.2,4,36.2,bike,99,clear,42
705824,2025-06-15 19:39:00,10,pizza,12.9,suburbs_north,6.8,2,27.65,car,53,clear,36
705826,2025-06-15 20:01:00,44,indian,21,midtown,2,1,14.7,bike,66,clear,32
705827,2025-06-15 20:30:00,42,pizza,16.7,downtown,3,3,44.76,scooter,357,clear,35
705828,2025-06-15 20:39:00,123,salads,7.7,uptown,1.9,1,15.03,car,599,rain,16
705829,2025-06-15 20:53:00,54,salads,9.4,downtown,3.5,5,79.35,scooter,609,clear,28
705830,2025-06-15 21:46:00,158,indian,12.1,midtown,3.7,3,37.09,bike,741,cloudy,31
705831,2025-06-15 22:38:00,47,mexican,14.1,downtown,3.2,3,31.4,scooter,150,clear,21
705832,2025-06-15 23:20:00,113,mexican,13.2,midtown,1.3,1,11.57,bike,53,heavy_rain,29
705833,2025-06-16 10:01:00,112,sushi,18.2,downtown,1.7,3,36.91,car,896,clear,23
705834,2025-06-16 10:05:00,134,mexican,10.8,midtown,4,3,25.38,car,636,cloudy,26
705835,2025-06-16 10:12:00,87,burgers,6.5,downtown,1.4,2,18.71,scooter,27,clear,11
705836,2025-06-16 10:15:00,111,pizza,8.5,downtown,2.6,2,23.07,bike,39,cloudy,19
705837,2025-06-16 11:27:00,98,salads,11.1,midtown,1.3,4,63.28,bike,77,clear,23
705838,2025-06-16 11:32:00,70,thai,14.2,suburbs_north,6.1,2,20.97,car,182,clear,34
705840,2025-06-16 11:55:00,27,thai,16.7,downtown,1,4,47.75,scooter,92,clear,29
705841,2025-06-16 11:56:00,77,pizza,11.4,uptown,3.2,6,83.88,car,556,rain,34
705842,2025-06-16 12:02:00,160,salads,5,uptown,1.5,2,29.02,scooter,495,cloudy,8
705843,2025-06-16 12:06:00,146,thai,14.2,uptown,3.3,2,26.66,bike,33,heavy_rain,45
705844,2025-06-16 12:13:00,64,mexican,11.6,suburbs_north,6.1,2,16.04,scooter,53,clear,39
705845,2025-06-16 12:33:00,127,indian,15.6,downtown,1.3,1,10.58,bike,126,clear,30
705846,2025-06-16 12:42:00,53,thai,11.5,midtown,4,2,29.5,scooter,259,clear,28
705847,2025-06-16 12:48:00,20,mexican,9.2,midtown,4.6,3,36.79,scooter,4890,cloudy,31
705850,2025-06-16 13:33:00,118,thai,15.5,downtown,2.2,8,58.31,scooter,107,clear,31
705851,2025-06-16 13:37:00,74,thai,18.7,downtown,1.7,2,21.15,car,144,clear,31
705852,2025-06-16 13:41:00,9,thai,12.6,suburbs_south,9.4,2,16.5,scooter,645,clear,49
705853,2025-06-16 13:48:00,122,indian,20,midtown,3.5,4,35.84,scooter,103,rain,45
705854,2025-06-16 13:51:00,43,chinese,12.4,uptown,5.2,1,10.82,scooter,543,heavy_rain,36
705856,2025-06-16 15:58:00,148,indian,16.9,suburbs_north,3.2,3,44.45,scooter,49,clear,32
705858,2025-06-16 16:50:00,116,sushi,16.4,downtown,1.7,3,23.55,bike,51,clear,23
705862,2025-06-16 17:39:00,157,burgers,16.3,suburbs_south,8.5,2,26.19,car,64,clear,46
705863,2025-06-16 18:15:00,139,indian,20.7,midtown,2.9,3,35.36,car,32,clear,37
705864,2025-06-16 18:29:00,54,salads,9.4,downtown,1.9,3,36.5,bike,338,clear,25
705866,2025-06-16 18:42:00,41,thai,19,downtown,2.5,1,8.53,scooter,128,clear,35
705867,2025-06-16 19:13:00,93,sushi,16.7,downtown,2.4,1,10.5,bike,995,clear,30
705868,2025-06-16 19:16:00,144,chinese,7.6,midtown,2,6,72.17,car,410,cloudy,23
705871,2025-06-16 20:10:00,159,pizza,15,uptown,1.7,1,14.83,scooter,52,cloudy,20
705872,2025-06-16 20:31:00,57,sushi,15.1,midtown,4.8,1,15.57,bike,85,clear,38
705873,2025-06-16 20:33:00,3,pizza,20.9,suburbs_north,2.2,1,15.31,car,70,clear,37
705875,2025-06-16 20:53:00,114,chinese,12.4,suburbs_south,2.2,3,31.41,bike,153,clear,23
705876,2025-06-16 21:37:00,40,pizza,18.4,midtown,3,5,67.69,scooter,1562,clear,37
705877,2025-06-16 22:17:00,90,sushi,20.7,midtown,1.9,3,33.29,bike,440,clear,35
705882,2025-06-17 10:30:00,105,pizza,12.9,midtown,3,1,15.62,bike,104,cloudy,23
705883,2025-06-17 10:38:00,55,salads,5,midtown,2,3,37.65,car,14,,14
705884,2025-06-17 11:01:00,9,thai,12.6,suburbs_south,6.9,2,18.63,car,464,clear,36
705885,2025-06-17 11:07:00,29,salads,9.9,midtown,4.8,6,85.17,scooter,,clear,30
705886,2025-06-17 11:10:00,135,sushi,20.5,downtown,2.8,3,36.64,car,103,clear,37
705887,2025-06-17 11:39:00,98,salads,11.1,midtown,2.1,4,55.38,bike,381,clear,28
705888,2025-06-17 11:54:00,110,thai,12.5,suburbs_north,8.9,1,15.21,scooter,20,clear,52
705891,2025-06-17 12:31:00,62,salads,6.7,downtown,2.2,3,27.11,scooter,234,clear,17
705892,2025-06-17 13:34:00,152,indian,18,suburbs_north,8.8,2,21.98,scooter,102,cloudy,54
705893,2025-06-17 13:53:00,149,thai,15.5,downtown,1.6,2,20.92,scooter,193,clear,24
705894,2025-06-17 13:58:00,143,chinese,12.4,uptown,3.4,2,28.95,bike,162,clear,33
705895,2025-06-17 14:14:00,33,sushi,21.1,midtown,3.4,2,31.75,scooter,38,clear,35
705896,2025-06-17 14:55:00,67,chinese,17.8,uptown,4.1,1,9.68,scooter,42,rain,35
705897,2025-06-17 15:06:00,115,thai,13.4,downtown,1.1,2,29.11,scooter,11,cloudy,19
705898,2025-06-17 15:09:00,108,mexican,10.1,suburbs_south,2.6,1,8.35,bike,711,clear,20
705899,2025-06-17 15:59:00,150,mexican,14.6,downtown,2.1,4,53.35,car,460,clear,26
705901,2025-06-17 16:41:00,138,thai,16.2,uptown,5.9,1,8.51,bike,32,heavy_rain,58
705902,2025-06-17 17:00:00,43,chinese,12.4,uptown,2.2,7,66.89,bike,133,cloudy,30
705903,2025-06-17 17:30:00,132,mexican,13.3,downtown,1,1,15.95,car,79,heavy_rain,15
705904,2025-06-17 17:30:00,43,chinese,12.4,uptown,3.3,6,54.87,scooter,92,cloudy,31
705905,2025-06-17 17:32:00,19,chinese,10.6,downtown,1.8,4,46.28,car,22,rain,24
705906,2025-06-17 18:25:00,106,pizza,12.3,downtown,2.2,3,41.93,scooter,331,heavy_rain,24
705907,2025-06-17 18:27:00,135,sushi,20.5,downtown,2.1,2,27.7,car,83,rain,45
705908,2025-06-17 18:36:00,62,salads,6.7,downtown,2.6,3,21.43,scooter,1148,cloudy,17
705910,2025-06-17 18:44:00,83,salads,8.7,midtown,2.6,2,18.25,scooter,787,clear,22
705911,2025-06-17 18:54:00,6,sushi,16.8,midtown,2.6,1,8.57,bike,25,heavy_rain,45
705912,2025-06-17 18:59:00,146,thai,14.2,uptown,3.8,1,12.9,scooter,496,clear,26
705913,2025-06-17 19:02:00,86,chinese,11.8,suburbs_south,6.5,5,73.34,scooter,132,clear,34
705914,2025-06-17 19:05:00,22,mexican,9.1,suburbs_south,2.2,3,32.22,bike,804,clear,22
705915,2025-06-17 19:08:00,71,burgers,14.5,uptown,5.4,8,104.87,bike,61,clear,48
705916,2025-06-17 19:09:00,46,indian,19.4,downtown,0.9,3,33.69,bike,262,clear,26
705918,2025-06-17 19:34:00,92,thai,7,uptown,2.8,5,55.41,car,50,clear,22
705919,2025-06-17 19:50:00,14,burgers,6.4,downtown,1.4,2,19.1,bike,133,rain,18
705920,2025-06-17 19:50:00,41,thai,19,downtown,2,4,56.74,bike,144,clear,41
705921,2025-06-17 19:52:00,74,thai,18.7,downtown,2.6,2,21.06,scooter,236,heavy_rain,46
705923,2025-06-17 19:54:00,30,salads,5,suburbs_south,3.6,4,57.6,scooter,178,rain,26
705924,2025-06-17 20:08:00,22,mexican,9.1,suburbs_south,4.9,5,67.34,bike,314,clear,36
705926,2025-06-17 20:25:00,38,pizza,16.9,midtown,1.2,3,23.02,car,,clear,32
705927,2025-06-17 20:32:00,124,indian,17.6,downtown,2.5,5,38.78,car,49,clear,41
705928,2025-06-17 20:37:00,4,pizza,14,suburbs_south,5.5,2,16.45,bike,518,clear,40
705929,2025-06-17 21:06:00,3,pizza,20.9,suburbs_north,4.7,4,38.21,bike,131,rain,47
705930,2025-06-17 21:12:00,124,indian,17.6,downtown,3.4,5,38.98,bike,432,,31
705931,2025-06-17 21:18:00,21,pizza,17,midtown,2.2,4,40.5,scooter,147,clear,32
705932,2025-06-17 21:50:00,87,burgers,6.5,downtown,1.1,8,83.04,scooter,40,,17
705934,2025-06-17 22:01:00,28,indian,19.5,downtown,0.9,1,11.46,car,12,heavy_rain,16
705935,2025-06-17 22:33:00,70,thai,14.2,suburbs_north,4.3,3,21.91,car,86,cloudy,31
705936,2025-06-18 10:25:00,17,thai,9.8,uptown,4.9,1,11.44,scooter,243,rain,32
705937,2025-06-18 10:30:00,10,pizza,12.9,suburbs_north,5.7,4,51.02,bike,151,clear,41
705938,2025-06-18 11:19:00,156,salads,12.7,downtown,3.8,3,45.84,bike,59,clear,106
705939,2025-06-18 11:20:00,92,thai,7,uptown,4.7,3,42.39,scooter,115,cloudy,19
705940,2025-06-18 11:22:00,80,chinese,16.1,downtown,2.2,4,50.27,car,49,rain,41
705941,2025-06-18 11:54:00,82,salads,9.2,midtown,3,2,31.57,scooter,487,clear,19
705943,2025-06-18 12:14:00,17,thai,9.8,uptown,2.3,2,21.14,car,333,cloudy,20
705946,2025-06-18 12:27:00,146,thai,14.2,uptown,2.5,4,47.26,bike,70,rain,36
705947,2025-06-18 12:31:00,120,pizza,12.2,downtown,1.5,8,74.49,scooter,24,clear,30
705948,2025-06-18 12:39:00,56,thai,13,downtown,3.3,2,29.38,car,161,clear,32
705949,2025-06-18 12:55:00,27,thai,16.7,downtown,2.4,5,43.09,bike,54,clear,42
705950,2025-06-18 12:55:00,57,sushi,15.1,midtown,3,2,19.38,scooter,126,clear,33
705951,2025-06-18 12:57:00,41,thai,19,downtown,1.4,4,41.66,scooter,84,clear,35
705952,2025-06-18 13:03:00,152,indian,18,suburbs_north,2.7,3,37.55,bike,21,clear,38
705953,2025-06-18 13:12:00,99,thai,13.4,midtown,4.4,3,38.82,car,79,cloudy,35
705954,2025-06-18 13:21:00,137,thai,13.3,suburbs_north,7.2,2,29.2,car,114,clear,31
705955,2025-06-18 13:29:00,29,salads,9.9,midtown,3.6,1,10.56,car,1558,cloudy,21
705956,2025-06-18 13:32:00,48,mexican,8.8,midtown,3.4,5,38.02,scooter,47,clear,21
705957,2025-06-18 13:33:00,157,burgers,16.3,suburbs_south,9.5,1,15.25,scooter,129,cloudy,51
705958,2025-06-18 13:59:00,42,pizza,16.7,downtown,2.5,5,50.63,car,460,rain,40
705959,2025-06-18 14:02:00,138,thai,16.2,uptown,1.7,1,8,scooter,72,clear,23
705960,2025-06-18 15:11:00,102,indian,17.4,uptown,2.9,4,35.3,car,136,clear,30
705961,2025-06-18 15:13:00,77,pizza,11.4,uptown,2.2,3,30.85,bike,270,cloudy,22
705962,2025-06-18 15:30:00,143,chinese,12.4,uptown,5.3,4,42.16,scooter,39,clear,37
705963,2025-06-18 17:51:00,72,burgers,12.2,suburbs_south,4.1,4,53.4,bike,18,rain,39
705966,2025-06-18 18:06:00,84,chinese,11.5,suburbs_south,2.9,3,24.32,scooter,58,clear,103
705967,2025-06-18 18:09:00,153,salads,5,suburbs_south,4.6,1,8,scooter,460,clear,22
705968,2025-06-18 18:10:00,46,indian,19.4,downtown,3,1,15.37,scooter,134,clear,34
705969,2025-06-18 18:12:00,116,sushi,16.4,downtown,1.2,4,31.56,bike,75,clear,30
705970,2025-06-18 18:30:00,130,mexican,15.3,downtown,1.8,3,35.56,car,36,clear,31
705972,2025-06-18 18:34:00,14,burgers,6.4,downtown,2.8,7,67.87,car,178,clear,24
705974,2025-06-18 18:39:00,130,mexican,15.3,downtown,2.1,4,58.79,scooter,92,rain,31
705975,2025-06-18 18:42:00,98,salads,11.1,midtown,1.5,3,44.06,car,8,clear,18
705976,2025-06-18 18:46:00,126,pizza,12,midtown,1.3,3,36.78,scooter,877,clear,27
705977,2025-06-18 18:48:00,149,thai,15.5,downtown,1.9,3,34.29,scooter,98,clear,24
705978,2025-06-18 18:53:00,133,chinese,15.9,suburbs_north,7,1,9.45,car,83,clear,39
705980,2025-06-18 18:55:00,61,thai,18,suburbs_north,10.5,7,50.77,scooter,58,cloudy,65
705982,2025-06-18 19:08:00,108,mexican,10.1,suburbs_south,7.7,6,57.1,car,29,cloudy,31
705983,2025-06-18 19:17:00,118,thai,15.5,downtown,2.5,2,26.54,bike,443,clear,31
705984,2025-06-18 19:31:00,36,burgers,11.8,downtown,1.9,5,64.8,car,170,clear,25
705985,2025-06-18 19:34:00,158,indian,12.1,midtown,3.3,4,36.84,scooter,51,clear,28
705987,2025-06-18 19:48:00,155,indian,14.5,suburbs_south,12,1,8,car,33,rain,55
705988,2025-06-18 19:49:00,115,thai,13.4,downtown,1,1,8.1,car,93,clear,21
705989,2025-06-18 20:04:00,56,thai,13,downtown,1.5,5,70.33,car,8,clear,30
705990,2025-06-18 20:17:00,106,pizza,12.3,downtown,1.1,2,15.11,bike,70,clear,23
705991,2025-06-18 20:23:00,89,sushi,22.3,suburbs_north,7.7,3,23.27,car,122,cloudy,46
705992,2025-06-18 20:29:00,132,mexican,13.3,downtown,1.9,4,55.39,car,519,clear,25
705993,2025-06-18 20:34:00,32,thai,16.7,uptown,2.7,1,12.23,bike,137,clear,38
705995,2025-06-18 20:45:00,66,sushi,18.7,midtown,2.9,2,17.42,bike,41,,35
705997,2025-06-18 22:17:00,25,mexican,14.5,midtown,3.5,1,15.09,bike,204,clear,33
705998,2025-06-18 22:28:00,22,mexican,9.1,suburbs_south,2.4,1,8.17,scooter,300,clear,15
705999,2025-06-18 22:29:00,123,salads,7.7,uptown,5.8,5,39.07,car,81,rain,32
706000,2025-06-18 22:48:00,98,salads,11.1,midtown,3,6,80.22,bike,165,clear,24
706001,2025-06-19 10:08:00,115,thai,13.4,downtown,3.1,4,42,scooter,332,cloudy,26
706003,2025-06-19 11:42:00,134,mexican,10.8,midtown,4.4,2,29.02,scooter,35,cloudy,28
706004,2025-06-19 11:44:00,88,burgers,8.9,suburbs_south,7.3,2,25.46,scooter,387,clear,35
706005,2025-06-19 12:06:00,34,mexican,12.2,midtown,2.8,4,39.76,car,151,cloudy,20
706006,2025-06-19 12:28:00,143,chinese,12.4,uptown,2.4,3,24.91,scooter,40,clear,29
706009,2025-06-19 14:11:00,27,thai,16.7,downtown,3,3,30.56,bike,356,clear,30
706010,2025-06-19 14:24:00,59,pizza,11.7,suburbs_south,10.6,3,26.87,car,883,clear,40
706011,2025-06-19 14:50:00,56,thai,13,downtown,1,1,11.99,bike,144,heavy_rain,21
706012,2025-06-19 17:00:00,76,mexican,10,uptown,2.6,1,14.83,scooter,,cloudy,24
706013,2025-06-19 17:01:00,110,thai,12.5,suburbs_north,8.9,8,57.68,car,27,cloudy,38
706014,2025-06-19 17:04:00,69,salads,8.8,midtown,1.6,2,31.67,scooter,43,clear,15
706015,2025-06-19 17:14:00,65,thai,16.7,uptown,2.1,6,53.62,scooter,234,clear,34
706016,2025-06-19 17:20:00,144,chinese,7.6,midtown,3.3,4,38.07,scooter,122,clear,17
706018,2025-06-19 17:53:00,8,burgers,12.1,uptown,4.8,8,121.75,bike,122,clear,41
706021,2025-06-19 18:39:00,105,pizza,12.9,midtown,1.1,1,14.8,car,,clear,23
706022,2025-06-19 18:43:00,22,mexican,9.1,suburbs_south,9,2,18.05,car,117,,37
706023,2025-06-19 18:48:00,135,sushi,20.5,downtown,1.5,1,8.5,bike,289,clear,29
706024,2025-06-19 18:50:00,92,thai,7,uptown,4.3,3,33.05,scooter,98,heavy_rain,28
706025,2025-06-19 18:57:00,118,thai,15.5,downtown,3,7,106.76,scooter,1004,clear,33
706026,2025-06-19 19:03:00,63,pizza,12.6,downtown,0.9,1,12.06,scooter,18,clear,18
706027,2025-06-19 19:17:00,81,sushi,17.4,downtown,1.5,1,12.09,car,781,clear,28
706029,2025-06-19 19:29:00,76,mexican,10,uptown,3.3,2,18.32,scooter,27,clear,28
706030,2025-06-19 19:32:00,43,chinese,12.4,uptown,5,1,12.27,scooter,114,rain,36
706031,2025-06-19 19:33:00,121,indian,13.9,suburbs_north,7.1,2,18.32,scooter,11,clear,43
706032,2025-06-19 19:36:00,150,mexican,14.6,downtown,1.2,1,12.46,scooter,26,heavy_rain,28
706033,2025-06-19 19:59:00,160,salads,5,uptown,3.2,4,35.55,scooter,39,clear,26
706034,2025-06-19 20:26:00,61,thai,18,suburbs_north,11.6,4,29.5,scooter,1416,clear,59
706035,2025-06-19 20:31:00,56,thai,13,downtown,3.2,3,23.02,bike,194,clear,33
706036,2025-06-19 21:04:00,106,pizza,12.3,downtown,2.4,1,9.92,bike,23,clear,21
706038,2025-06-19 21:43:00,131,indian,22.1,downtown,3.8,5,79.42,scooter,2101,clear,31
706039,2025-06-19 21:45:00,112,sushi,18.2,downtown,1,4,38.11,scooter,481,clear,21
706040,2025-06-19 21:52:00,57,sushi,15.1,midtown,3.3,3,28.95,bike,25,clear,33
706041,2025-06-19 21:55:00,160,salads,5,uptown,2.6,1,8,car,1054,clear,8
706042,2025-06-19 21:57:00,12,thai,12.8,midtown,3.8,1,14.35,bike,105,cloudy,34
706044,2025-06-19 22:08:00,103,thai,16.4,midtown,4.3,2,31.79,scooter,40,heavy_rain,38
706045,2025-06-19 22:16:00,57,sushi,15.1,midtown,3.1,1,12.6,bike,56,clear,31
706046,2025-06-19 23:57:00,104,thai,11.5,suburbs_south,6.5,1,8,car,22,cloudy,35
706047,2025-06-20 10:19:00,31,sushi,14.7,midtown,2.4,2,24.04,bike,133,clear,27
706048,2025-06-20 10:24:00,143,chinese,12.4,uptown,4.2,2,24.59,bike,95,rain,35
706049,2025-06-20 11:01:00,152,indian,18,suburbs_north,7.5,4,39.72,car,39,rain,42
706050,2025-06-20 11:19:00,156,salads,12.7,downtown,1.9,2,14.65,bike,213,clear,26
706051,2025-06-20 11:35:00,105,pizza,12.9,midtown,2.8,5,58.36,scooter,39,clear,27
706052,2025-06-20 11:47:00,94,sushi,20.2,downtown,1.4,1,15.61,scooter,19,cloudy,30
706053,2025-06-20 11:51:00,30,salads,5,suburbs_south,3.1,2,20.88,bike,28,clear,22
706054,2025-06-20 11:54:00,73,pizza,10.6,midtown,3.4,1,10.29,car,117,clear,23
706055,2025-06-20 11:58:00,79,salads,10,midtown,2.6,3,32.26,bike,19,clear,27
706056,2025-06-20 12:39:00,62,salads,6.7,downtown,1.8,3,42.8,car,,rain,16
706058,2025-06-20 13:06:00,71,burgers,14.5,uptown,2.4,1,13.06,bike,,clear,30
706060,2025-06-20 13:48:00,136,salads,9.3,downtown,2.4,3,35.25,car,72,rain,26
706061,2025-06-20 13:48:00,152,indian,18,suburbs_north,8.6,2,14.91,car,14,heavy_rain,60
706062,2025-06-20 14:05:00,28,indian,19.5,downtown,2.5,4,51.87,scooter,51,clear,30
706063,2025-06-20 16:08:00,23,burgers,11.6,downtown,2.6,4,43.73,bike,51,clear,29
706065,2025-06-20 17:14:00,30,salads,5,suburbs_south,6,1,8.28,bike,,clear,35
706067,2025-06-20 17:52:00,158,indian,12.1,midtown,1.9,2,16.32,scooter,276,clear,17
706068,2025-06-20 17:58:00,128,chinese,6.8,uptown,5.2,2,28.09,scooter,86,heavy_rain,29
706069,2025-06-20 18:13:00,58,indian,21.6,uptown,4.1,1,11.07,scooter,445,clear,38
706070,2025-06-20 18:20:00,131,indian,22.1,downtown,2.5,4,50.95,scooter,281,clear,41
706072,2025-06-20 18:47:00,56,thai,13,downtown,1.7,3,40.2,scooter,184,clear,24
706073,2025-06-20 19:01:00,78,mexican,9.1,downtown,1.9,4,40.41,car,,cloudy,23
706074,2025-06-20 19:03:00,123,salads,7.7,uptown,5.3,2,26.68,bike,149,rain,39
706075,2025-06-20 19:05:00,2,thai,10.5,downtown,1.8,5,49.32,scooter,55,heavy_rain,24
706078,2025-06-20 19:15:00,84,chinese,11.5,suburbs_south,6.9,1,13.74,scooter,339,cloudy,37
706079,2025-06-20 19:17:00,124,indian,17.6,downtown,2.9,2,17.96,scooter,648,cloudy,34
706081,2025-06-20 19:25:00,29,salads,9.9,midtown,3.4,3,41.65,bike,299,clear,32
706082,2025-06-20 19:31:00,27,thai,16.7,downtown,2.9,7,56.48,bike,351,cloudy,38
706083,2025-06-20 19:35:00,101,thai,11.8,suburbs_north,3.1,1,10.49,bike,58,clear,31
706084,2025-06-20 19:54:00,79,salads,10,midtown,2.5,1,12.21,bike,27,clear,28
706086,2025-06-20 19:58:00,48,mexican,8.8,midtown,3.9,1,14.61,scooter,440,,20
706087,2025-06-20 19:59:00,90,sushi,20.7,midtown,2.1,3,25.15,bike,423,clear,40
706088,2025-06-20 20:01:00,124,indian,17.6,downtown,2,3,26.13,bike,45,rain,39
706089,2025-06-20 20:11:00,68,thai,11.9,uptown,2.8,1,11.82,scooter,928,clear,28
706090,2025-06-20 20:17:00,59,pizza,11.7,suburbs_south,7.5,1,15.97,car,415,clear,37
706091,2025-06-20 20:24:00,41,thai,19,downtown,0.8,2,28.67,scooter,411,rain,29
706092,2025-06-20 20:50:00,50,salads,8.2,midtown,1.8,6,77.25,bike,24,clear,26
706093,2025-06-20 20:58:00,26,pizza,14.9,midtown,3.5,1,10.11,scooter,61,clear,37
706094,2025-06-20 21:11:00,136,salads,9.3,downtown,1,2,22.83,bike,42,heavy_rain,19
706095,2025-06-20 21:26:00,4,pizza,14,suburbs_south,9.2,2,16.28,scooter,134,clear,47
706096,2025-06-20 21:49:00,24,pizza,15.8,uptown,4.6,1,13.89,scooter,585,clear,30
706098,2025-06-20 22:29:00,145,pizza,12.3,suburbs_south,4.4,4,37.18,scooter,20,clear,26
706099,2025-06-20 22:33:00,21,pizza,17,midtown,1.9,2,30.96,scooter,136,clear,29
706100,2025-06-20 22:34:00,153,salads,5,suburbs_south,7.5,3,31.85,scooter,246,cloudy,27
706101,2025-06-20 22:42:00,100,pizza,12.8,uptown,1.7,2,24.59,car,572,clear,19
706102,2025-06-20 23:26:00,23,burgers,11.6,downtown,0.7,1,14.83,bike,380,clear,18
706104,2025-06-21 11:01:00,81,sushi,17.4,downtown,2.3,3,36.16,bike,4732,clear,34
706105,2025-06-21 11:19:00,155,indian,14.5,suburbs_south,9.8,8,84.76,car,245,clear,51
706106,2025-06-21 11:32:00,3,pizza,20.9,suburbs_north,2.5,8,126.02,scooter,17,clear,55
706107,2025-06-21 11:34:00,150,mexican,14.6,downtown,1,1,8,scooter,435,rain,30
706108,2025-06-21 12:19:00,154,salads,8.5,midtown,1.6,2,15.47,car,82,clear,24
706109,2025-06-21 12:28:00,37,pizza,17.5,midtown,3.6,3,33.62,scooter,497,clear,36
706110,2025-06-21 12:36:00,38,pizza,16.9,midtown,3.2,2,22.27,car,35,clear,33
706112,2025-06-21 13:12:00,27,thai,16.7,downtown,0.9,8,81.6,scooter,87,clear,136
706113,2025-06-21 13:18:00,93,sushi,16.7,downtown,2.1,1,14.01,scooter,276,clear,30
706114,2025-06-21 13:41:00,140,chinese,17.8,downtown,3.7,2,22.63,car,608,clear,43
706115,2025-06-21 14:28:00,12,thai,12.8,midtown,4,2,15.1,scooter,,clear,30
706116,2025-06-21 16:37:00,19,chinese,10.6,downtown,3.3,2,28.5,bike,396,clear,26
706118,2025-06-21 17:43:00,36,burgers,11.8,downtown,2.3,1,14.65,scooter,188,,30
706119,2025-06-21 17:53:00,57,sushi,15.1,midtown,1.8,4,49.22,scooter,231,cloudy,27
706120,2025-06-21 17:56:00,123,salads,7.7,uptown,3.6,3,38.28,scooter,83,cloudy,20
706121,2025-06-21 18:03:00,141,thai,14.1,suburbs_north,7.7,1,14.72,car,354,cloudy,40
706122,2025-06-21 18:11:00,54,salads,9.4,downtown,1.3,5,75.96,car,14,cloudy,21
706123,2025-06-21 18:12:00,68,thai,11.9,uptown,3.5,3,44.77,bike,752,clear,30
706124,2025-06-21 18:18:00,135,sushi,20.5,downtown,1.8,1,15.62,car,169,heavy_rain,39
706126,2025-06-21 18:33:00,125,sushi,18.8,uptown,4,5,77.71,car,38,clear,41
706128,2025-06-21 18:45:00,16,salads,7.8,uptown,5.6,6,64.17,scooter,172,clear,31
706129,2025-06-21 18:47:00,35,mexican,11.9,midtown,3.8,1,8,bike,560,cloudy,31
706130,2025-06-21 18:59:00,77,pizza,11.4,uptown,4,1,13.01,scooter,163,clear,27
706131,2025-06-21 19:25:00,31,sushi,14.7,midtown,1.6,3,34.77,car,1026,clear,26
706133,2025-06-21 20:33:00,101,thai,11.8,suburbs_north,7,3,25.22,car,80,clear,36
706135,2025-06-21 22:20:00,137,thai,13.3,suburbs_north,8.6,6,77.48,car,879,clear,43
706136,2025-06-21 22:42:00,146,thai,14.2,uptown,3.6,2,23.28,scooter,447,cloudy,28
706137,2025-06-22 10:18:00,160,salads,5,uptown,2.4,2,17.57,car,30,cloudy,14
706139,2025-06-22 11:22:00,122,indian,20,midtown,3.9,2,26.04,scooter,21,clear,41
706140,2025-06-22 11:50:00,91,salads,10.1,suburbs_south,3.4,1,8,car,336,clear,26
706142,2025-06-22 11:56:00,66,sushi,18.7,midtown,4.3,3,43.98,car,243,clear,38
706143,2025-06-22 11:57:00,92,thai,7,uptown,1.5,2,21.5,car,328,clear,16
706144,2025-06-22 12:00:00,142,indian,20.4,midtown,2.6,5,59.21,car,1712,clear,42
706145,2025-06-22 12:10:00,18,indian,20.8,suburbs_south,12.2,2,22.26,car,110,heavy_rain,71
706146,2025-06-22 12:21:00,3,pizza,20.9,suburbs_north,6.2,2,16.66,car,121,clear,47
706147,2025-06-22 12:28:00,51,indian,17,downtown,2.8,2,17.01,bike,176,rain,40
706148,2025-06-22 12:29:00,151,chinese,11.8,downtown,1,3,37.43,scooter,2289,rain,24
706149,2025-06-22 12:31:00,82,salads,9.2,midtown,2.2,1,10.11,car,374,cloudy,16
706151,2025-06-22 13:10:00,1,mexican,12.7,downtown,0.9,3,24.73,scooter,72,clear,31
706152,2025-06-22 13:29:00,82,salads,9.2,midtown,2.5,1,12.74,car,26,clear,19
706153,2025-06-22 13:30:00,129,pizza,10.9,suburbs_north,6.9,1,13.51,scooter,93,clear,37
706154,2025-06-22 13:30:00,39,thai,21,downtown,1.4,4,57.77,scooter,153,cloudy,34
706156,2025-06-22 13:40:00,71,burgers,14.5,uptown,3.6,6,87.07,scooter,35,clear,36
706158,2025-06-22 13:55:00,28,indian,19.5,downtown,2.9,5,48.46,scooter,53,clear,40
706159,2025-06-22 14:10:00,27,thai,16.7,downtown,1.2,3,32.99,scooter,404,clear,17
706160,2025-06-22 14:20:00,61,thai,18,suburbs_north,2.9,2,31.23,scooter,512,clear,27
706163,2025-06-22 16:10:00,24,pizza,15.8,uptown,6.5,2,19.82,car,148,cloudy,37
706164,2025-06-22 16:10:00,152,indian,18,suburbs_north,2.3,1,12.29,bike,137,clear,34
706166,2025-06-22 16:47:00,148,indian,16.9,suburbs_north,2.7,2,20.82,bike,2488,heavy_rain,38
706167,2025-06-22 16:48:00,20,mexican,9.2,midtown,3.9,4,48.96,car,103,heavy_rain,25
706168,2025-06-22 17:21:00,21,pizza,17,midtown,2.4,5,47.74,car,1222,clear,32
706169,2025-06-22 17:45:00,79,salads,10,midtown,1.3,3,21.29,scooter,77,rain,15
706170,2025-06-22 17:46:00,6,sushi,16.8,midtown,1.6,1,8.68,car,278,clear,27
706171,2025-06-22 17:53:00,116,sushi,16.4,downtown,1.1,1,14.87,bike,281,clear,21
706172,2025-06-22 18:01:00,132,mexican,13.3,downtown,1.2,1,12.86,scooter,752,clear,18
706174,2025-06-22 18:04:00,61,thai,18,suburbs_north,7.1,1,15.71,car,14,clear,46
706176,2025-06-22 18:08:00,58,indian,21.6,uptown,2,4,58.86,bike,50,heavy_rain,50
706177,2025-06-22 18:14:00,95,pizza,11.9,suburbs_south,8.4,3,22.11,car,43,rain,47
706178,2025-06-22 18:19:00,54,salads,9.4,downtown,2.2,3,41.84,bike,,clear,27
706179,2025-06-22 18:25:00,116,sushi,16.4,downtown,1.5,1,14.61,car,204,rain,27
706180,2025-06-22 18:34:00,63,pizza,12.6,downtown,2.3,2,28.68,bike,130,cloudy,26
706181,2025-06-22 18:34:00,60,chinese,10.4,suburbs_north,8.2,2,20.93,car,16,clear,113
706182,2025-06-22 18:54:00,59,pizza,11.7,suburbs_south,7.8,3,27.44,scooter,449,cloudy,42
706184,2025-06-22 19:05:00,46,indian,19.4,downtown,2.5,3,40.37,scooter,153,rain,35
706186,2025-06-22 19:13:00,124,indian,17.6,downtown,1,2,18.83,car,125,clear,33
706187,2025-06-22 19:26:00,14,burgers,6.4,downtown,3.1,2,14.13,car,978,clear,28
706189,2025-06-22 19:43:00,71,burgers,14.5,uptown,2.9,2,17.03,scooter,76,cloudy,34
706190,2025-06-22 19:45:00,29,salads,9.9,midtown,3.9,2,27.9,bike,14,clear,39
706191,2025-06-22 19:46:00,133,chinese,15.9,suburbs_north,5.1,5,65.53,bike,241,clear,49
706192,2025-06-22 19:58:00,58,indian,21.6,uptown,4.8,2,20.01,scooter,305,rain,55
706194,2025-06-22 20:13:00,156,salads,12.7,downtown,3.4,6,61.47,bike,130,clear,32
706195,2025-06-22 20:23:00,50,salads,8.2,midtown,1.8,4,35.76,bike,227,clear,19
706196,2025-06-22 20:45:00,87,burgers,6.5,downtown,3.1,2,20.42,scooter,1357,clear,20
706199,2025-06-22 21:03:00,143,chinese,12.4,uptown,3.3,2,22.18,bike,1008,clear,27
706201,2025-06-22 21:47:00,112,sushi,18.2,downtown,0.8,4,52.1,car,57,clear,20
706202,2025-06-22 21:53:00,158,indian,12.1,midtown,3.4,4,59.52,scooter,123,clear,29
706203,2025-06-22 22:16:00,43,chinese,12.4,uptown,1.7,2,15.84,bike,496,clear,20
706204,2025-06-22 22:18:00,28,indian,19.5,downtown,2.5,1,12.77,car,105,clear,29
706206,2025-06-22 23:07:00,90,sushi,20.7,midtown,4.9,4,32.82,scooter,404,clear,47
706209,2025-06-23 10:43:00,109,burgers,10,downtown,2.4,2,17.46,car,111,clear,23
706210,2025-06-23 10:52:00,156,salads,12.7,downtown,1.9,3,33.01,bike,1193,clear,22
706211,2025-06-23 11:00:00,26,pizza,14.9,midtown,2.7,1,10.62,scooter,260,clear,30
706212,2025-06-23 11:06:00,105,pizza,12.9,midtown,1.7,1,15.94,bike,593,rain,23
706213,2025-06-23 11:16:00,100,pizza,12.8,uptown,3.7,4,51.98,scooter,268,cloudy,34
706214,2025-06-23 11:19:00,17,thai,9.8,uptown,5.8,1,9.33,scooter,57,clear,25
706216,2025-06-23 11:36:00,139,indian,20.7,midtown,1.9,3,43.51,car,589,cloudy,30
706217,2025-06-23 11:58:00,98,salads,11.1,midtown,5,3,43.76,bike,30,clear,38
706218,2025-06-23 12:14:00,88,burgers,8.9,suburbs_south,5.5,5,56.3,bike,125,clear,39
706219,2025-06-23 12:23:00,83,salads,8.7,midtown,1.1,8,82.58,bike,33,clear,22
706220,2025-06-23 12:49:00,43,chinese,12.4,uptown,1.9,3,40.95,scooter,822,rain,29
706221,2025-06-23 13:11:00,30,salads,5,suburbs_south,8.4,4,41.28,car,236,heavy_rain,39
706222,2025-06-23 13:34:00,40,pizza,18.4,midtown,1.9,4,46.41,bike,75,cloudy,35
706223,2025-06-23 13:35:00,50,salads,8.2,midtown,4.6,2,18.43,car,125,clear,23
706224,2025-06-23 13:40:00,46,indian,19.4,downtown,2.3,2,22.92,scooter,316,cloudy,31
706225,2025-06-23 14:13:00,153,salads,5,suburbs_south,11.2,2,28.06,car,276,clear,39
706226,2025-06-23 16:44:00,137,thai,13.3,suburbs_north,9.8,2,21.02,scooter,77,clear,48
706227,2025-06-23 16:54:00,45,indian,15.4,midtown,2.2,4,59.3,bike,28,clear,32
706228,2025-06-23 16:55:00,25,mexican,14.5,midtown,1.3,8,60.89,bike,587,rain,33
706232,2025-06-23 17:44:00,150,mexican,14.6,downtown,2,1,8.42,bike,232,cloudy,26
706233,2025-06-23 18:09:00,10,pizza,12.9,suburbs_north,4.1,1,10.43,car,77,clear,28
706234,2025-06-23 18:16:00,152,indian,18,suburbs_north,5.4,3,25.28,bike,263,cloudy,45
706236,2025-06-23 18:57:00,152,indian,18,suburbs_north,5.4,3,42.4,scooter,168,clear,48
706237,2025-06-23 19:13:00,134,mexican,10.8,midtown,2.9,1,15.36,bike,466,clear,26
706238,2025-06-23 19:24:00,77,pizza,11.4,uptown,6.1,2,17.54,car,250,cloudy,25
706239,2025-06-23 19:26:00,18,indian,20.8,suburbs_south,10.9,3,39.14,car,1900,rain,56
706241,2025-06-23 19:35:00,114,chinese,12.4,suburbs_south,7.2,5,70.51,scooter,338,cloudy,47
706245,2025-06-23 19:47:00,129,pizza,10.9,suburbs_north,8.9,2,17.23,car,231,clear,35
706246,2025-06-23 19:51:00,16,salads,7.8,uptown,2.3,1,13.23,car,171,clear,10
706247,2025-06-23 19:52:00,106,pizza,12.3,downtown,0.7,1,15.71,car,452,rain,24
706248,2025-06-23 19:57:00,122,indian,20,midtown,2.7,2,30.11,scooter,14,cloudy,36
706249,2025-06-23 20:30:00,136,salads,9.3,downtown,1.7,1,11.07,scooter,75,clear,23
706250,2025-06-23 20:35:00,78,mexican,9.1,downtown,1.6,3,30.24,bike,1207,clear,16
706251,2025-06-23 20:46:00,54,salads,9.4,downtown,2.7,6,87.35,car,148,,26
706252,2025-06-23 20:48:00,66,sushi,18.7,midtown,2,1,12.15,bike,175,cloudy,34
706254,2025-06-23 20:59:00,79,salads,10,midtown,2.8,1,11.95,car,113,clear,17
706255,2025-06-23 21:17:00,114,chinese,12.4,suburbs_south,6.9,3,34.22,car,,rain,36
706256,2025-06-23 21:43:00,60,chinese,10.4,suburbs_north,5.8,4,32.3,bike,72,rain,45
706259,2025-06-23 22:29:00,105,pizza,12.9,midtown,2.2,4,51.18,car,122,clear,22
706261,2025-06-24 10:38:00,106,pizza,12.3,downtown,2.4,2,29.67,scooter,70,,25
706262,2025-06-24 11:02:00,148,indian,16.9,suburbs_north,4.2,2,19.24,bike,691,clear,39
706264,2025-06-24 11:57:00,82,salads,9.2,midtown,1.6,3,36.78,scooter,379,cloudy,24
706265,2025-06-24 12:04:00,158,indian,12.1,midtown,3.8,1,8,car,644,clear,84
706266,2025-06-24 12:10:00,157,burgers,16.3,suburbs_south,7.8,3,32.53,scooter,139,,51
706267,2025-06-24 12:26:00,13,indian,15.1,downtown,2.6,1,8,scooter,204,clear,34
706268,2025-06-24 12:45:00,79,salads,10,midtown,3.5,2,31.16,scooter,33,clear,22
706270,2025-06-24 13:03:00,72,burgers,12.2,suburbs_south,11.5,3,31.89,car,114,cloudy,49
706271,2025-06-24 13:04:00,60,chinese,10.4,suburbs_north,3.7,5,48.01,scooter,118,cloudy,30
706272,2025-06-24 13:08:00,160,salads,5,uptown,3.3,4,31.88,bike,691,clear,22
706273,2025-06-24 13:10:00,42,pizza,16.7,downtown,2.1,3,45.08,scooter,2125,,27
706274,2025-06-24 13:52:00,45,indian,15.4,midtown,3.1,1,14.54,bike,97,clear,33
706275,2025-06-24 13:55:00,18,indian,20.8,suburbs_south,6.7,4,60.55,car,738,cloudy,50
706276,2025-06-24 13:59:00,80,chinese,16.1,downtown,2.3,4,34.21,bike,225,clear,43
706277,2025-06-24 14:33:00,90,sushi,20.7,midtown,3.5,4,45.56,scooter,169,cloudy,36
706279,2025-06-24 16:33:00,65,thai,16.7,uptown,4.3,4,42.84,scooter,129,clear,39
706280,2025-06-24 17:07:00,44,indian,21,midtown,3.3,1,8.37,bike,138,rain,37
706281,2025-06-24 17:23:00,127,indian,15.6,downtown,0.6,3,32.16,scooter,115,clear,18
706282,2025-06-24 17:35:00,5,mexican,12.4,uptown,1.5,5,53.94,car,28,heavy_rain,18
706283,2025-06-24 17:44:00,63,pizza,12.6,downtown,2.5,2,23.96,bike,1853,cloudy,31
706284,2025-06-24 17:45:00,37,pizza,17.5,midtown,1.6,2,24.18,bike,838,cloudy,28
706285,2025-06-24 18:10:00,38,pizza,16.9,midtown,3.5,6,94.04,scooter,348,clear,28
706286,2025-06-24 18:13:00,54,salads,9.4,downtown,1.1,1,12.47,car,116,cloudy,22
706288,2025-06-24 18:25:00,15,indian,18.1,midtown,2.4,2,24.6,car,74,clear,27
706289,2025-06-24 18:40:00,129,pizza,10.9,suburbs_north,3.6,2,18.06,scooter,,cloudy,28
706290,2025-06-24 19:06:00,122,indian,20,midtown,2.6,3,39.02,bike,720,clear,38
706291,2025-06-24 19:13:00,96,thai,15.7,downtown,1.9,2,25.7,car,,,26
706292,2025-06-24 19:13:00,142,indian,20.4,midtown,3.5,3,33.05,scooter,1501,clear,131
706293,2025-06-24 19:14:00,100,pizza,12.8,uptown,4,2,15.67,bike,72,clear,36
706295,2025-06-24 19:38:00,91,salads,10.1,suburbs_south,2.8,2,16.53,bike,169,cloudy,26
706296,2025-06-24 19:42:00,63,pizza,12.6,downtown,1.6,1,10.38,bike,163,clear,26
706298,2025-06-24 19:59:00,113,mexican,13.2,midtown,2.4,5,46.8,bike,31,clear,31
706299,2025-06-24 20:01:00,21,pizza,17,midtown,3.4,1,9.02,bike,69,clear,35
706300,2025-06-24 20:04:00,99,thai,13.4,midtown,1.6,2,19.79,car,50,clear,27
706301,2025-06-24 20:17:00,60,chinese,10.4,suburbs_north,7.2,4,52.01,car,49,clear,34
706302,2025-06-24 20:31:00,131,indian,22.1,downtown,2.3,3,23.35,scooter,108,clear,49
706303,2025-06-24 20:41:00,33,sushi,21.1,midtown,3.6,3,25.67,bike,116,clear,40
706304,2025-06-24 20:47:00,124,indian,17.6,downtown,0.9,1,12.83,bike,191,cloudy,29
706305,2025-06-24 20:53:00,18,indian,20.8,suburbs_south,12.1,1,8,scooter,703,clear,58
706306,2025-06-24 21:16:00,26,pizza,14.9,midtown,4.9,1,10.12,scooter,100,cloudy,30
706307,2025-06-24 21:18:00,72,burgers,12.2,suburbs_south,3.3,5,60.94,car,55,clear,26
706308,2025-06-25 10:57:00,80,chinese,16.1,downtown,2.1,1,10.01,car,55,clear,23
706310,2025-06-25 11:46:00,66,sushi,18.7,midtown,2.3,4,36.98,car,446,cloudy,29
706314,2025-06-25 12:50:00,156,salads,12.7,downtown,1.6,1,11.42,scooter,354,clear,24
706315,2025-06-25 13:03:00,64,mexican,11.6,suburbs_north,7.7,6,44.58,car,156,clear,39
706316,2025-06-25 13:06:00,74,thai,18.7,downtown,1.6,4,55.33,car,26,clear,36
706317,2025-06-25 13:28:00,113,mexican,13.2,midtown,2.8,1,12.25,car,2709,clear,22
706319,2025-06-25 13:34:00,131,indian,22.1,downtown,2.1,2,16.95,bike,290,clear,38
706320,2025-06-25 13:41:00,155,indian,14.5,suburbs_south,12.2,3,38.08,scooter,208,rain,67
706321,2025-06-25 14:28:00,46,indian,19.4,downtown,3.4,2,16.74,scooter,360,clear,31
706322,2025-06-25 14:56:00,25,mexican,14.5,midtown,2,4,31.43,scooter,158,cloudy,15
706323,2025-06-25 16:30:00,34,mexican,12.2,midtown,4.3,2,28.05,bike,133,cloudy,32
706324,2025-06-25 16:56:00,29,salads,9.9,midtown,3.3,2,14.55,scooter,97,clear,21
706325,2025-06-25 17:00:00,29,salads,9.9,midtown,1.8,2,29.69,scooter,41,clear,21
706327,2025-06-25 17:19:00,17,thai,9.8,uptown,2,5,58,car,643,,17
706328,2025-06-25 17:57:00,111,pizza,8.5,downtown,1.7,4,35.26,scooter,266,clear,19
706329,2025-06-25 18:12:00,77,pizza,11.4,uptown,5,5,59.82,scooter,206,clear,29
706331,2025-06-25 18:19:00,84,chinese,11.5,suburbs_south,9.5,1,15.62,car,63,rain,46
706332,2025-06-25 18:22:00,15,indian,18.1,midtown,2.9,3,28.95,car,895,clear,36
706333,2025-06-25 18:22:00,29,salads,9.9,midtown,1.2,1,15.6,bike,48,clear,19
706334,2025-06-25 18:23:00,38,pizza,16.9,midtown,2.3,1,14.23,scooter,78,cloudy,30
706335,2025-06-25 18:33:00,5,mexican,12.4,uptown,1.4,2,17.74,scooter,281,clear,23
706336,2025-06-25 18:36:00,119,indian,16.8,suburbs_south,4.3,4,50.95,bike,881,clear,39
706338,2025-06-25 18:52:00,137,thai,13.3,suburbs_north,4.8,1,8,scooter,275,clear,29
706339,2025-06-25 18:57:00,41,thai,19,downtown,2.3,1,15.99,car,,clear,34
706340,2025-06-25 19:14:00,156,salads,12.7,downtown,3.2,2,16.36,bike,2750,clear,33
706341,2025-06-25 19:19:00,34,mexican,12.2,midtown,3.4,1,11.1,scooter,63,cloudy,26
706342,2025-06-25 19:39:00,87,burgers,6.5,downtown,1.6,1,15.42,scooter,70,heavy_rain,16
706343,2025-06-25 19:42:00,46,indian,19.4,downtown,2,1,8.41,scooter,103,cloudy,33
706344,2025-06-25 20:28:00,87,burgers,6.5,downtown,2,4,44.94,bike,133,clear,18
706346,2025-06-25 20:56:00,120,pizza,12.2,downtown,2.2,2,23.82,scooter,65,rain,28
706347,2025-06-25 21:04:00,92,thai,7,uptown,1.9,2,26.18,bike,33,clear,22
706348,2025-06-25 21:17:00,7,thai,17.1,midtown,3.9,3,45.43,bike,36,cloudy,34
706349,2025-06-25 21:34:00,100,pizza,12.8,uptown,6.3,2,28.31,car,219,clear,33
706351,2025-06-25 22:30:00,147,chinese,17.7,midtown,2,3,39.4,bike,127,clear,32
706352,2025-06-25 22:32:00,6,sushi,16.8,midtown,2.7,4,40.02,scooter,325,clear,30
706354,2025-06-25 22:47:00,37,pizza,17.5,midtown,2.3,6,49.23,scooter,127,clear,32
706357,2025-06-26 11:51:00,61,thai,18,suburbs_north,7,2,17.08,scooter,3000,clear,43
706358,2025-06-26 12:05:00,108,mexican,10.1,suburbs_south,3.2,4,49.42,scooter,50,cloudy,27
706360,2025-06-26 12:12:00,105,pizza,12.9,midtown,2.7,4,42.72,scooter,150,clear,30
706361,2025-06-26 12:13:00,80,chinese,16.1,downtown,2.1,7,71.71,car,138,clear,38
706362,2025-06-26 12:19:00,82,salads,9.2,midtown,3.7,2,20.11,bike,409,clear,29
706364,2025-06-26 12:35:00,113,mexican,13.2,midtown,2.4,2,24.32,bike,41,clear,26
706365,2025-06-26 12:39:00,7,thai,17.1,midtown,2,3,29.48,scooter,257,clear,32
706366,2025-06-26 12:57:00,51,indian,17,downtown,1.1,5,73,bike,208,clear,30
706367,2025-06-26 13:02:00,95,pizza,11.9,suburbs_south,10,3,46.3,car,7,rain,50
706369,2025-06-26 13:34:00,147,chinese,17.7,midtown,3.9,6,77.46,bike,138,cloudy,47
706370,2025-06-26 13:41:00,12,thai,12.8,midtown,4.9,2,14.02,bike,617,rain,50
706374,2025-06-26 15:55:00,29,salads,9.9,midtown,5,1,9.23,bike,98,rain,40
706375,2025-06-26 16:10:00,20,mexican,9.2,midtown,3.2,2,23.89,bike,36,clear,25
706377,2025-06-26 17:07:00,132,mexican,13.3,downtown,2.7,2,28.86,car,19,rain,19
706378,2025-06-26 17:16:00,137,thai,13.3,suburbs_north,10.2,1,11.68,car,496,cloudy,37
706379,2025-06-26 17:20:00,148,indian,16.9,suburbs_north,6.3,1,13.99,car,10,clear,36
706380,2025-06-26 17:31:00,85,pizza,11.8,uptown,5.2,1,15.57,scooter,1110,rain,29
706382,2025-06-26 17:45:00,110,thai,12.5,suburbs_north,7.7,2,27.18,scooter,42,cloudy,43
706383,2025-06-26 17:51:00,116,sushi,16.4,downtown,0.9,7,85.35,car,2149,rain,29
706384,2025-06-26 18:18:00,8,burgers,12.1,uptown,1.7,1,10.06,scooter,1261,,21
706386,2025-06-26 18:31:00,71,burgers,14.5,uptown,4.2,4,49.41,scooter,348,clear,36
706388,2025-06-26 19:00:00,81,sushi,17.4,downtown,3.2,2,25.87,bike,79,clear,34
706389,2025-06-26 19:12:00,94,sushi,20.2,downtown,2.4,2,23.86,bike,99,rain,44
706391,2025-06-26 19:19:00,112,sushi,18.2,downtown,2.1,4,28.73,scooter,327,clear,36
706392,2025-06-26 19:22:00,6,sushi,16.8,midtown,1.2,2,26.52,car,71,rain,24
706393,2025-06-26 19:27:00,31,sushi,14.7,midtown,0.9,2,31.36,scooter,1110,clear,24
706394,2025-06-26 19:49:00,54,salads,9.4,downtown,1.4,6,86.83,scooter,345,cloudy,24
706395,2025-06-26 20:00:00,39,thai,21,downtown,2.1,2,24.56,scooter,364,heavy_rain,34
706396,2025-06-26 20:02:00,85,pizza,11.8,uptown,2.3,3,34.76,bike,80,rain,32
706398,2025-06-26 20:08:00,109,burgers,10,downtown,2.3,1,11.68,car,31,rain,28
706399,2025-06-26 20:23:00,117,pizza,16.2,suburbs_south,9.3,2,27.89,car,32,cloudy,52
706400,2025-06-26 20:25:00,25,mexican,14.5,midtown,2.8,2,21.53,car,297,heavy_rain,27
706401,2025-06-26 20:31:00,152,indian,18,suburbs_north,6.7,3,46.09,car,162,cloudy,38
706402,2025-06-26 21:06:00,8,burgers,12.1,uptown,2,3,29.38,bike,96,clear,21
706405,2025-06-26 22:01:00,24,pizza,15.8,uptown,4.2,5,76.86,scooter,170,clear,31
706407,2025-06-26 22:32:00,46,indian,19.4,downtown,1.2,2,24.28,scooter,1920,cloudy,26
706408,2025-06-26 22:36:00,132,mexican,13.3,downtown,1.3,4,38.36,car,45,clear,29
706409,2025-06-26 22:59:00,121,indian,13.9,suburbs_north,3.2,3,40.67,scooter,1655,clear,30
706411,2025-06-26 23:57:00,4,pizza,14,suburbs_south,7.4,4,28.07,car,94,rain,42
706412,2025-06-27 11:16:00,71,burgers,14.5,uptown,4.1,4,41.1,bike,59,clear,37
706414,2025-06-27 11:29:00,129,pizza,10.9,suburbs_north,6.2,2,30.57,car,1390,rain,27
706416,2025-06-27 11:54:00,151,chinese,11.8,downtown,0.9,2,26.34,scooter,96,cloudy,24
706417,2025-06-27 12:00:00,62,salads,6.7,downtown,2,3,30.38,bike,102,clear,17
706418,2025-06-27 12:51:00,76,mexican,10,uptown,3.6,5,70.28,scooter,79,rain,25
706419,2025-06-27 12:52:00,17,thai,9.8,uptown,2.2,3,35.38,car,187,rain,23
706420,2025-06-27 13:04:00,22,mexican,9.1,suburbs_south,11.8,5,77.72,scooter,493,clear,54
706421,2025-06-27 13:12:00,135,sushi,20.5,downtown,2.6,2,24.98,bike,175,clear,39
706423,2025-06-27 13:40:00,143,chinese,12.4,uptown,5.1,2,26.81,scooter,133,cloudy,31
706425,2025-06-27 14:06:00,47,mexican,14.1,downtown,1.7,2,15.21,bike,483,,26
706426,2025-06-27 14:18:00,86,chinese,11.8,suburbs_south,8.4,3,36.76,car,182,heavy_rain,44
706427,2025-06-27 14:51:00,60,chinese,10.4,suburbs_north,6.7,1,10.96,car,92,clear,30
706428,2025-06-27 14:59:00,148,indian,16.9,suburbs_north,3.5,3,41.03,bike,86,cloudy,30
706429,2025-06-27 16:08:00,126,pizza,12,midtown,2.8,2,17.66,scooter,112,clear,22
706430,2025-06-27 17:21:00,68,thai,11.9,uptown,2.4,2,29.34,scooter,45,clear,26
706432,2025-06-27 17:41:00,98,salads,11.1,midtown,3.8,2,15.41,car,51,cloudy,18
706434,2025-06-27 17:50:00,80,chinese,16.1,downtown,2.9,4,43.32,bike,787,clear,29
706435,2025-06-27 17:51:00,64,mexican,11.6,suburbs_north,5.1,4,61.97,bike,72,clear,34
706436,2025-06-27 18:06:00,54,salads,9.4,downtown,3.1,3,22.63,scooter,59,cloudy,29
706437,2025-06-27 18:07:00,64,mexican,11.6,suburbs_north,4,4,45.55,scooter,29,clear,31
706438,2025-06-27 18:11:00,135,sushi,20.5,downtown,1.8,2,30.11,scooter,84,clear,35
706439,2025-06-27 18:24:00,90,sushi,20.7,midtown,1.5,3,39.13,bike,90,clear,40
706440,2025-06-27 18:27:00,71,burgers,14.5,uptown,2.4,3,40.38,scooter,1779,clear,31
706441,2025-06-27 18:27:00,128,chinese,6.8,uptown,4.4,1,13.35,scooter,,clear,23
706443,2025-06-27 18:32:00,129,pizza,10.9,suburbs_north,8.2,4,51.71,car,91,cloudy,36
706445,2025-06-27 18:44:00,23,burgers,11.6,downtown,2.6,4,43.76,car,294,heavy_rain,29
706447,2025-06-27 19:14:00,114,chinese,12.4,suburbs_south,6.5,1,8,scooter,935,cloudy,38
706449,2025-06-27 20:00:00,152,indian,18,suburbs_north,10.2,7,96.2,car,755,clear,53
706450,2025-06-27 20:08:00,39,thai,21,downtown,2.4,5,56.75,car,192,clear,45
706451,2025-06-27 20:19:00,118,thai,15.5,downtown,2.3,1,9.67,bike,270,cloudy,30
706452,2025-06-27 20:36:00,126,pizza,12,midtown,3.2,3,34.96,car,866,,28
706453,2025-06-27 20:45:00,95,pizza,11.9,suburbs_south,9.9,1,10.85,scooter,230,cloudy,40
706454,2025-06-27 21:38:00,66,sushi,18.7,midtown,4.4,3,24.51,bike,77,heavy_rain,49
706455,2025-06-27 21:55:00,131,indian,22.1,downtown,1.4,3,39.75,bike,136,clear,30
706456,2025-06-27 22:31:00,133,chinese,15.9,suburbs_north,6.8,3,25.69,car,213,clear,32
706457,2025-06-27 23:12:00,31,sushi,14.7,midtown,2.8,6,74.03,scooter,526,clear,21
706458,2025-06-27 23:23:00,88,burgers,8.9,suburbs_south,7.9,1,12.77,car,133,cloudy,31
706459,2025-06-28 11:09:00,6,sushi,16.8,midtown,1.6,1,14.3,bike,15,clear,32
706460,2025-06-28 11:16:00,126,pizza,12,midtown,1.6,2,20.44,car,20,clear,19
706462,2025-06-28 11:20:00,140,chinese,17.8,downtown,2.8,4,33.54,car,873,clear,41
706463,2025-06-28 11:51:00,147,chinese,17.7,midtown,3,4,29.76,car,989,clear,36
706464,2025-06-28 12:05:00,62,salads,6.7,downtown,3.7,2,27.78,bike,294,heavy_rain,37
706465,2025-06-28 12:05:00,46,indian,19.4,downtown,2.3,2,17.9,scooter,10,,34
706466,2025-06-28 12:18:00,153,salads,5,suburbs_south,3.1,3,40.08,bike,200,clear,31
706467,2025-06-28 12:45:00,54,salads,9.4,downtown,2,1,12.36,bike,191,clear,20
706468,2025-06-28 12:49:00,89,sushi,22.3,suburbs_north,7.2,4,32.99,scooter,85,cloudy,57
706469,2025-06-28 13:55:00,110,thai,12.5,suburbs_north,2.9,2,20.18,scooter,19,cloudy,38
706470,2025-06-28 14:39:00,149,thai,15.5,downtown,0.8,5,66.19,car,206,cloudy,25
706471,2025-06-28 15:38:00,155,indian,14.5,suburbs_south,3.5,1,9.96,scooter,301,clear,28
706474,2025-06-28 17:02:00,88,burgers,8.9,suburbs_south,8.1,4,37.92,car,309,,34
706475,2025-06-28 17:11:00,31,sushi,14.7,midtown,2.9,4,62.03,car,64,clear,36
706477,2025-06-28 17:15:00,108,mexican,10.1,suburbs_south,5.8,3,30.78,scooter,23,clear,34
706478,2025-06-28 17:26:00,99,thai,13.4,midtown,2.9,8,109.07,car,523,clear,33
706480,2025-06-28 17:41:00,4,pizza,14,suburbs_south,9.5,2,27.99,car,537,clear,42
706481,2025-06-28 17:51:00,5,mexican,12.4,uptown,2.7,5,75.49,scooter,472,clear,27
706482,2025-06-28 17:56:00,157,burgers,16.3,suburbs_south,4.6,2,25.93,bike,44,clear,35
706483,2025-06-28 18:02:00,142,indian,20.4,midtown,2.7,3,26.2,scooter,31,clear,38
706484,2025-06-28 18:20:00,13,indian,15.1,downtown,2.2,4,50.4,bike,487,rain,35
706485,2025-06-28 18:29:00,9,thai,12.6,suburbs_south,3.4,2,28.16,bike,55,clear,34
706486,2025-06-28 18:39:00,27,thai,16.7,downtown,1.1,2,31.18,bike,171,rain,30
706487,2025-06-28 18:44:00,25,mexican,14.5,midtown,1.3,3,24.78,bike,36,cloudy,27
706488,2025-06-28 19:07:00,75,mexican,13.3,midtown,3.8,2,19.12,car,503,clear,31
706489,2025-06-28 19:08:00,17,thai,9.8,uptown,3.3,2,27.53,bike,137,clear,34
706490,2025-06-28 19:10:00,136,salads,9.3,downtown,1.2,1,9.3,bike,258,clear,21
706491,2025-06-28 19:41:00,31,sushi,14.7,midtown,2.3,2,17.77,car,181,cloudy,27
706492,2025-06-28 19:46:00,116,sushi,16.4,downtown,1.9,1,8.88,scooter,317,clear,30
706493,2025-06-28 20:04:00,15,indian,18.1,midtown,3.7,2,31.18,bike,85,cloudy,39
706494,2025-06-28 20:28:00,16,salads,7.8,uptown,3.4,4,46.81,car,621,clear,25
706495,2025-06-28 21:03:00,46,indian,19.4,downtown,1.8,2,14.86,bike,62,clear,33
706497,2025-06-28 21:26:00,91,salads,10.1,suburbs_south,9.4,3,37.51,scooter,1016,rain,46
706501,2025-06-29 11:05:00,147,chinese,17.7,midtown,1.1,2,17.45,bike,245,clear,31
706503,2025-06-29 11:20:00,144,chinese,7.6,midtown,4.5,1,8.3,scooter,106,clear,18
706504,2025-06-29 12:02:00,8,burgers,12.1,uptown,4.2,3,42.76,bike,183,clear,36
706506,2025-06-29 12:41:00,47,mexican,14.1,downtown,0.8,1,10.98,car,42,clear,23
706507,2025-06-29 12:49:00,25,mexican,14.5,midtown,2.2,5,78.64,scooter,219,clear,33
706508,2025-06-29 12:50:00,88,burgers,8.9,suburbs_south,7,8,102.44,car,182,cloudy,37
706509,2025-06-29 12:53:00,149,thai,15.5,downtown,1.3,3,28.42,scooter,123,rain,28
706510,2025-06-29 12:58:00,43,chinese,12.4,uptown,2,3,33.64,bike,,clear,28
706511,2025-06-29 13:17:00,63,pizza,12.6,downtown,2.7,3,39.24,scooter,41,cloudy,23
706512,2025-06-29 13:19:00,28,indian,19.5,downtown,3.4,1,11.83,bike,144,clear,41
706513,2025-06-29 13:21:00,29,salads,9.9,midtown,2.4,2,17.27,scooter,31,clear,22
706515,2025-06-29 13:50:00,63,pizza,12.6,downtown,2.1,3,45.5,bike,65,clear,27
706517,2025-06-29 14:26:00,106,pizza,12.3,downtown,1.2,2,29,bike,124,clear,21
706518,2025-06-29 14:26:00,21,pizza,17,midtown,2.9,1,8.97,car,,clear,31
706519,2025-06-29 14:32:00,113,mexican,13.2,midtown,4.9,1,15.93,bike,735,clear,34
706521,2025-06-29 14:46:00,22,mexican,9.1,suburbs_south,9.6,6,60.78,car,228,cloudy,39
706523,2025-06-29 16:31:00,139,indian,20.7,midtown,1.8,1,8,car,380,clear,25
706524,2025-06-29 16:44:00,17,thai,9.8,uptown,3,4,58.49,bike,74,rain,28
706525,2025-06-29 17:07:00,154,salads,8.5,midtown,4,8,75.78,car,42,clear,27
706526,2025-06-29 17:18:00,120,pizza,12.2,downtown,0.9,6,93.69,bike,148,rain,23
706527,2025-06-29 17:21:00,22,mexican,9.1,suburbs_south,3.2,2,28.87,car,65,clear,23
706528,2025-06-29 17:34:00,131,indian,22.1,downtown,3,7,104.25,scooter,19,clear,41
706529,2025-06-29 17:44:00,43,chinese,12.4,uptown,3.3,2,20.45,bike,313,clear,29
706530,2025-06-29 17:44:00,155,indian,14.5,suburbs_south,3.4,2,20.96,scooter,511,rain,27
706531,2025-06-29 17:55:00,27,thai,16.7,downtown,2.9,3,33.78,scooter,39,clear,34
706535,2025-06-29 18:35:00,157,burgers,16.3,suburbs_south,5.2,2,31.87,bike,411,cloudy,46
706536,2025-06-29 18:36:00,116,sushi,16.4,downtown,2.6,3,31.03,bike,37,clear,38
706539,2025-06-29 19:08:00,48,mexican,8.8,midtown,3.8,2,23.31,bike,230,clear,32
706540,2025-06-29 19:15:00,110,thai,12.5,suburbs_north,8.8,2,14.53,car,44,rain,42
706541,2025-06-29 19:34:00,20,mexican,9.2,midtown,4.5,2,22.13,scooter,33,clear,25
706542,2025-06-29 19:44:00,28,indian,19.5,downtown,2.1,1,13.42,scooter,13,clear,40
706543,2025-06-29 19:48:00,5,mexican,12.4,uptown,3.6,2,31.83,bike,137,cloudy,34
706544,2025-06-29 20:21:00,15,indian,18.1,midtown,2.3,2,27.59,bike,141,clear,35
706545,2025-06-29 20:40:00,114,chinese,12.4,suburbs_south,10.6,3,23.81,scooter,98,cloudy,55
706548,2025-06-29 20:52:00,48,mexican,8.8,midtown,1.3,2,31.08,car,311,clear,13
706549,2025-06-29 21:15:00,115,thai,13.4,downtown,1.3,2,19.67,scooter,67,clear,18
706550,2025-06-29 21:20:00,35,mexican,11.9,midtown,3,1,12.22,bike,142,clear,29
706553,2025-06-30 10:14:00,138,thai,16.2,uptown,2.5,1,10.23,scooter,53,cloudy,30
706554,2025-06-30 10:32:00,1,mexican,12.7,downtown,2.9,8,97.63,bike,31,clear,29
706555,2025-06-30 11:05:00,18,indian,20.8,suburbs_south,6.7,1,11.56,scooter,62,clear,49
706556,2025-06-30 11:27:00,147,chinese,17.7,midtown,1.4,3,37.18,bike,605,clear,26
706557,2025-06-30 11:30:00,5,mexican,12.4,uptown,3.1,2,28.18,bike,176,cloudy,29
706558,2025-06-30 11:40:00,93,sushi,16.7,downtown,1.7,1,13.92,car,42,cloudy,27
706559,2025-06-30 11:52:00,16,salads,7.8,uptown,5,3,39.58,scooter,2719,heavy_rain,31
706560,2025-06-30 12:01:00,85,pizza,11.8,uptown,2.1,2,24.47,scooter,76,clear,22
706562,2025-06-30 12:57:00,87,burgers,6.5,downtown,1.4,6,76.26,car,,cloudy,20
706563,2025-06-30 13:09:00,158,indian,12.1,midtown,4,1,10.35,scooter,400,cloudy,28
706565,2025-06-30 13:16:00,155,indian,14.5,suburbs_south,8.1,1,12.51,car,,clear,34
706566,2025-06-30 13:21:00,5,mexican,12.4,uptown,3.5,4,56.36,car,574,cloudy,21
706567,2025-06-30 13:28:00,7,thai,17.1,midtown,2.3,3,34.21,bike,,clear,34
706568,2025-06-30 13:33:00,28,indian,19.5,downtown,3.6,3,45.62,bike,355,rain,47
706569,2025-06-30 13:38:00,143,chinese,12.4,uptown,1.1,2,17.13,bike,143,cloudy,27
706570,2025-06-30 13:38:00,27,thai,16.7,downtown,0.9,2,19.73,scooter,181,cloudy,26
706571,2025-06-30 13:54:00,110,thai,12.5,suburbs_north,8,1,8.38,car,225,cloudy,36
706573,2025-06-30 14:02:00,117,pizza,16.2,suburbs_south,9.4,1,14.4,scooter,114,clear,42
706574,2025-06-30 14:28:00,127,indian,15.6,downtown,2.6,5,43.27,bike,1087,rain,32
706575,2025-06-30 14:39:00,38,pizza,16.9,midtown,2.8,2,26.57,car,413,cloudy,28
706576,2025-06-30 15:24:00,84,chinese,11.5,suburbs_south,7.3,1,10.8,car,40,clear,34
706577,2025-06-30 15:48:00,1,mexican,12.7,downtown,1.9,2,25.49,scooter,121,clear,24
706578,2025-06-30 15:52:00,40,pizza,18.4,midtown,3.2,4,52.54,car,85,cloudy,37
706580,2025-06-30 16:38:00,111,pizza,8.5,downtown,1.3,2,19.89,scooter,261,cloudy,11
706581,2025-06-30 16:39:00,80,chinese,16.1,downtown,2.8,3,40.08,scooter,445,clear,27
706582,2025-06-30 17:07:00,38,pizza,16.9,midtown,1.3,2,16.05,bike,65,clear,22
706583,2025-06-30 17:13:00,118,thai,15.5,downtown,1,2,24.14,bike,1770,clear,19
706584,2025-06-30 17:21:00,47,mexican,14.1,downtown,2,2,28.44,bike,111,cloudy,27
706585,2025-06-30 18:01:00,135,sushi,20.5,downtown,2.5,2,17.03,scooter,21,cloudy,29
706586,2025-06-30 18:12:00,124,indian,17.6,downtown,2.5,4,34.28,scooter,224,heavy_rain,40
706587,2025-06-30 18:16:00,31,sushi,14.7,midtown,4.5,2,26.02,bike,224,rain,44
706588,2025-06-30 18:17:00,71,burgers,14.5,uptown,4.2,3,45.79,bike,1296,clear,40
706589,2025-06-30 18:18:00,57,sushi,15.1,midtown,2.6,4,52.19,bike,771,clear,32
706590,2025-06-30 18:21:00,14,burgers,6.4,downtown,2.1,1,9.42,bike,316,clear,20
706591,2025-06-30 18:21:00,53,thai,11.5,midtown,2.4,1,10.49,bike,28,clear,25
706593,2025-06-30 18:35:00,133,chinese,15.9,suburbs_north,2.8,4,28.49,scooter,393,cloudy,32
706594,2025-06-30 18:35:00,160,salads,5,uptown,1.7,4,50.94,bike,49,clear,14
706595,2025-06-30 18:52:00,91,salads,10.1,suburbs_south,3.2,2,18.77,scooter,47,clear,29
706596,2025-06-30 19:02:00,120,pizza,12.2,downtown,2.8,1,11.69,car,13,clear,75
706597,2025-06-30 19:03:00,103,thai,16.4,midtown,3.5,2,28.91,bike,588,cloudy,39
706598,2025-06-30 19:19:00,91,salads,10.1,suburbs_south,5.5,1,8,bike,261,clear,35
706599,2025-06-30 19:25:00,132,mexican,13.3,downtown,1.3,2,31.5,scooter,60,clear,26
706602,2025-06-30 20:38:00,146,thai,14.2,uptown,2.1,1,15.57,bike,7,cloudy,30
706604,2025-06-30 20:48:00,30,salads,5,suburbs_south,10.4,2,29.09,car,42,cloudy,37
706605,2025-06-30 21:12:00,97,chinese,16.1,uptown,6.3,2,28.73,car,409,clear,36
706606,2025-06-30 21:15:00,99,thai,13.4,midtown,4.6,4,44.63,bike,466,clear,38
706607,2025-06-30 21:19:00,4,pizza,14,suburbs_south,8.5,2,27.85,car,79,clear,36
706608,2025-06-30 21:26:00,41,thai,19,downtown,2,3,47.28,car,2,cloudy,27
706609,2025-06-30 21:40:00,160,salads,5,uptown,3,3,46.57,scooter,,cloudy,19
706611,2025-06-30 23:23:00,59,pizza,11.7,suburbs_south,9,6,67.14,scooter,23,clear,40
706612,2025-07-01 10:08:00,108,mexican,10.1,suburbs_south,9,3,26.87,scooter,111,cloudy,40
706613,2025-07-01 10:09:00,151,chinese,11.8,downtown,2.3,3,24.13,bike,10,cloudy,22
706614,2025-07-01 10:13:00,158,indian,12.1,midtown,3,3,35.7,car,39,rain,22
706615,2025-07-01 10:18:00,70,thai,14.2,suburbs_north,9.1,7,56.64,car,9,clear,42
706618,2025-07-01 11:14:00,55,salads,5,midtown,3.4,7,72.62,scooter,959,clear,16
706619,2025-07-01 11:24:00,112,sushi,18.2,downtown,3.4,5,71.58,scooter,162,clear,37
706620,2025-07-01 11:26:00,148,indian,16.9,suburbs_north,4.4,4,40.71,scooter,167,cloudy,35
706621,2025-07-01 11:28:00,94,sushi,20.2,downtown,1.2,2,19.4,bike,84,clear,35
706623,2025-07-01 11:54:00,80,chinese,16.1,downtown,3,8,125.81,scooter,99,clear,36
706625,2025-07-01 12:38:00,120,pizza,12.2,downtown,1.2,2,18.26,scooter,23,clear,21
706626,2025-07-01 12:39:00,143,chinese,12.4,uptown,4,1,12.15,bike,601,cloudy,33
706627,2025-07-01 12:43:00,68,thai,11.9,uptown,5.2,1,11.74,scooter,29,clear,35
706628,2025-07-01 12:44:00,42,pizza,16.7,downtown,3.6,2,14.87,car,106,clear,39
706629,2025-07-01 12:52:00,152,indian,18,suburbs_north,7.5,1,11.43,car,213,clear,42
706630,2025-07-01 13:15:00,81,sushi,17.4,downtown,1.1,2,15.07,car,114,clear,23
706631,2025-07-01 13:16:00,3,pizza,20.9,suburbs_north,3.6,1,9.8,car,1305,cloudy,37
706632,2025-07-01 13:28:00,96,thai,15.7,downtown,2.6,3,37.44,bike,195,heavy_rain,39
706634,2025-07-01 13:47:00,109,burgers,10,downtown,1.5,1,8.64,scooter,723,clear,18
706635,2025-07-01 14:00:00,42,pizza,16.7,downtown,1.9,1,15.28,bike,200,clear,26
706636,2025-07-01 14:05:00,31,sushi,14.7,midtown,4.4,1,14.54,car,244,clear,31
706638,2025-07-01 14:42:00,6,sushi,16.8,midtown,2.8,2,21.18,bike,,clear,31
706639,2025-07-01 14:50:00,48,mexican,8.8,midtown,3.2,3,29.15,car,47,clear,20
706640,2025-07-01 15:58:00,147,chinese,17.7,midtown,2.2,5,64.41,scooter,309,rain,33
706642,2025-07-01 16:32:00,157,burgers,16.3,suburbs_south,5,2,17.91,scooter,73,heavy_rain,43
706643,2025-07-01 16:40:00,102,indian,17.4,uptown,2.4,2,20.13,scooter,78,clear,30
706644,2025-07-01 16:46:00,67,chinese,17.8,uptown,4.7,3,47.57,car,77,clear,26
706645,2025-07-01 17:17:00,25,mexican,14.5,midtown,3.2,3,23.9,bike,138,clear,30
706646,2025-07-01 17:21:00,90,sushi,20.7,midtown,3.9,6,94.84,scooter,352,clear,43
706647,2025-07-01 17:34:00,39,thai,21,downtown,2.4,8,112.19,scooter,51,heavy_rain,38
706648,2025-07-01 17:36:00,100,pizza,12.8,uptown,5.6,1,11.48,bike,5,clear,38
706649,2025-07-01 17:43:00,94,sushi,20.2,downtown,2.3,2,26.52,car,660,clear,32
706650,2025-07-01 17:45:00,128,chinese,6.8,uptown,3.7,2,32,car,56,clear,21
706651,2025-07-01 18:06:00,53,thai,11.5,midtown,2.5,2,26.11,bike,274,cloudy,24
706652,2025-07-01 18:22:00,125,sushi,18.8,uptown,5,2,18.26,scooter,63,clear,45
706653,2025-07-01 18:33:00,27,thai,16.7,downtown,1.2,2,31.94,bike,414,clear,29
706654,2025-07-01 18:36:00,1,mexican,12.7,downtown,3.3,4,60.1,scooter,111,heavy_rain,36
706655,2025-07-01 18:38:00,71,burgers,14.5,uptown,3.4,1,13.1,scooter,70,cloudy,39
706656,2025-07-01 18:42:00,82,salads,9.2,midtown,2.8,3,30.31,bike,152,cloudy,23
706657,2025-07-01 18:47:00,45,indian,15.4,midtown,2.9,3,24.34,scooter,28,clear,29
706658,2025-07-01 18:50:00,113,mexican,13.2,midtown,3.2,2,16.85,car,48,rain,28
706659,2025-07-01 18:52:00,41,thai,19,downtown,1.2,3,35.47,bike,307,clear,35
706660,2025-07-01 18:53:00,128,chinese,6.8,uptown,2.7,2,27.12,bike,,clear,23
706662,2025-07-01 19:00:00,78,mexican,9.1,downtown,1.1,1,12.39,scooter,53,clear,22
706663,2025-07-01 19:43:00,59,pizza,11.7,suburbs_south,11.3,1,10.63,car,179,cloudy,47
706664,2025-07-01 20:10:00,120,pizza,12.2,downtown,1.4,3,47.41,scooter,19,rain,21
706665,2025-07-01 20:10:00,148,indian,16.9,suburbs_north,10.3,3,24.72,scooter,159,clear,57
706666,2025-07-01 20:34:00,104,thai,11.5,suburbs_south,4.2,2,20.13,bike,1307,clear,29
706669,2025-07-01 20:52:00,33,sushi,21.1,midtown,4.6,1,13.42,bike,1502,rain,53
706670,2025-07-01 20:58:00,38,pizza,16.9,midtown,2.9,1,11.16,bike,370,clear,37
706671,2025-07-01 21:01:00,129,pizza,10.9,suburbs_north,3.8,4,35.76,bike,222,clear,32
706672,2025-07-01 21:27:00,128,chinese,6.8,uptown,5.4,2,23.52,scooter,11,rain,31
706673,2025-07-01 21:50:00,156,salads,12.7,downtown,2.6,2,25.29,bike,546,rain,34
706675,2025-07-01 23:24:00,7,thai,17.1,midtown,1.3,3,45.8,scooter,33,,23
706677,2025-07-01 23:52:00,136,salads,9.3,downtown,1.7,2,23.29,scooter,285,cloudy,21
706679,2025-07-02 10:26:00,140,chinese,17.8,downtown,1,1,15.02,car,1139,cloudy,27
706681,2025-07-02 11:07:00,26,pizza,14.9,midtown,3,2,30.9,bike,107,clear,32
706682,2025-07-02 11:12:00,86,chinese,11.8,suburbs_south,3.2,3,22.78,scooter,433,cloudy,25
706683,2025-07-02 11:19:00,32,thai,16.7,uptown,1.7,3,35.99,scooter,,clear,29
706684,2025-07-02 11:34:00,124,indian,17.6,downtown,3,2,21.85,scooter,272,rain,35
706685,2025-07-02 12:01:00,136,salads,9.3,downtown,2.4,3,38.61,car,80,heavy_rain,33
706686,2025-07-02 12:42:00,50,salads,8.2,midtown,3.2,3,28.96,scooter,59,clear,19
706687,2025-07-02 12:48:00,66,sushi,18.7,midtown,4.1,1,10.3,bike,31,cloudy,41
706688,2025-07-02 12:55:00,151,chinese,11.8,downtown,1.4,1,8.31,bike,565,cloudy,20
706689,2025-07-02 13:05:00,68,thai,11.9,uptown,3,1,12.45,car,212,heavy_rain,29
706693,2025-07-02 13:20:00,70,thai,14.2,suburbs_north,7.3,1,8,car,2,cloudy,45
706694,2025-07-02 13:39:00,93,sushi,16.7,downtown,2.4,2,24.35,bike,146,clear,34
706695,2025-07-02 13:51:00,62,salads,6.7,downtown,3.1,3,34.2,bike,1539,clear,21
706696,2025-07-02 13:56:00,146,thai,14.2,uptown,1.9,2,28.01,scooter,220,cloudy,25
706697,2025-07-02 14:11:00,58,indian,21.6,uptown,6.1,1,10.66,car,153,cloudy,38
706699,2025-07-02 14:25:00,94,sushi,20.2,downtown,2,2,23.3,scooter,238,cloudy,22
706700,2025-07-02 14:36:00,146,thai,14.2,uptown,1.5,2,30.39,car,313,clear,21
706701,2025-07-02 14:54:00,131,indian,22.1,downtown,2.6,3,28.8,scooter,143,clear,32
706702,2025-07-02 15:03:00,139,indian,20.7,midtown,1.9,5,35.46,scooter,,clear,34
706704,2025-07-02 15:21:00,15,indian,18.1,midtown,3.5,3,35.51,bike,952,cloudy,34
706705,2025-07-02 15:53:00,75,mexican,13.3,midtown,4.7,2,24.49,car,503,cloudy,25
706706,2025-07-02 16:08:00,123,salads,7.7,uptown,3.7,2,14.46,bike,33,clear,23
706707,2025-07-02 16:20:00,115,thai,13.4,downtown,1.9,2,24.09,scooter,78,clear,26
706708,2025-07-02 16:21:00,27,thai,16.7,downtown,1.1,2,26.63,scooter,50,rain,19
706709,2025-07-02 16:27:00,130,mexican,15.3,downtown,2.7,2,18.2,scooter,6303,rain,32
706710,2025-07-02 16:30:00,119,indian,16.8,suburbs_south,7.8,4,57.35,car,1292,cloudy,40
706711,2025-07-02 16:32:00,21,pizza,17,midtown,3.2,5,35.79,car,172,,25
706712,2025-07-02 17:07:00,79,salads,10,midtown,3.4,2,26.5,bike,229,clear,28
706714,2025-07-02 18:07:00,109,burgers,10,downtown,1,5,77.97,scooter,,clear,24
706715,2025-07-02 18:11:00,149,thai,15.5,downtown,1.3,2,24.83,bike,2396,heavy_rain,35
706716,2025-07-02 18:15:00,98,salads,11.1,midtown,3.1,2,21.58,bike,109,clear,32
706717,2025-07-02 18:41:00,97,chinese,16.1,uptown,4.6,2,23.61,scooter,120,cloudy,38
706718,2025-07-02 19:17:00,156,salads,12.7,downtown,3.1,3,32.33,bike,2606,clear,31
706721,2025-07-02 19:33:00,65,thai,16.7,uptown,2.7,1,14.93,car,487,rain,34
706722,2025-07-02 19:47:00,113,mexican,13.2,midtown,3,2,29.34,scooter,17,clear,27
706723,2025-07-02 20:10:00,68,thai,11.9,uptown,2.5,2,31.96,bike,246,clear,21
706724,2025-07-02 20:11:00,27,thai,16.7,downtown,1.2,1,12.1,scooter,54,clear,21
706725,2025-07-02 20:39:00,17,thai,9.8,uptown,5.6,3,34.67,scooter,2327,clear,30
706726,2025-07-02 21:01:00,55,salads,5,midtown,2.2,3,34.26,scooter,519,rain,12
706727,2025-07-02 21:17:00,106,pizza,12.3,downtown,3.1,3,27.44,bike,96,clear,30
706728,2025-07-02 22:13:00,110,thai,12.5,suburbs_north,7,2,27.65,car,2001,rain,32
706729,2025-07-02 22:14:00,41,thai,19,downtown,1.6,3,30.44,scooter,1124,clear,21
706730,2025-07-02 22:42:00,128,chinese,6.8,uptown,3,4,28.11,bike,470,clear,21
706731,2025-07-03 10:37:00,121,indian,13.9,suburbs_north,6.8,3,38.13,scooter,200,clear,35
706732,2025-07-03 10:54:00,51,indian,17,downtown,1.2,3,36.98,scooter,37,heavy_rain,20
706733,2025-07-03 11:22:00,140,chinese,17.8,downtown,0.7,2,29.63,scooter,124,clear,27
706734,2025-07-03 11:56:00,109,burgers,10,downtown,2.5,3,47.93,scooter,53,clear,26
706737,2025-07-03 12:44:00,17,thai,9.8,uptown,3.4,3,46.93,bike,346,cloudy,29
706738,2025-07-03 12:51:00,62,salads,6.7,downtown,1.8,3,41.2,scooter,308,cloudy,16
706739,2025-07-03 13:21:00,159,pizza,15,uptown,3.9,2,30.12,car,127,clear,30
706740,2025-07-03 13:27:00,148,indian,16.9,suburbs_north,8.1,1,8,car,887,heavy_rain,43
706741,2025-07-03 13:30:00,147,chinese,17.7,midtown,1.7,3,35.54,car,224,clear,35
706742,2025-07-03 13:57:00,94,sushi,20.2,downtown,2.3,1,14.9,bike,43,rain,40
706744,2025-07-03 14:59:00,126,pizza,12,midtown,2.1,2,29.5,scooter,41,clear,20
706745,2025-07-03 15:04:00,80,chinese,16.1,downtown,1.9,1,8.72,car,74,clear,24
706746,2025-07-03 15:43:00,82,salads,9.2,midtown,3.1,4,62.96,bike,331,cloudy,25
706749,2025-07-03 17:24:00,45,indian,15.4,midtown,4,2,14.21,scooter,45,cloudy,33
706750,2025-07-03 17:30:00,131,indian,22.1,downtown,3.4,1,8.66,bike,20,clear,38
706751,2025-07-03 17:33:00,11,indian,20.4,uptown,2.6,2,22.88,car,198,rain,32
706752,2025-07-03 18:26:00,84,chinese,11.5,suburbs_south,9.6,2,31.34,car,157,clear,43
706753,2025-07-03 18:28:00,49,indian,14.4,uptown,3.1,6,91.82,scooter,49,clear,35
706755,2025-07-03 18:29:00,24,pizza,15.8,uptown,3,2,18.39,bike,161,clear,32
706756,2025-07-03 18:29:00,40,pizza,18.4,midtown,3.7,2,29,bike,149,clear,44
706758,2025-07-03 18:50:00,55,salads,5,midtown,2.6,2,19.49,car,174,clear,15
706760,2025-07-03 19:22:00,28,indian,19.5,downtown,1.5,1,8,car,83,clear,23
706761,2025-07-03 19:41:00,120,pizza,12.2,downtown,2.8,3,22.36,scooter,991,cloudy,24
706763,2025-07-03 19:44:00,147,chinese,17.7,midtown,4.4,3,31.36,scooter,69,cloudy,37
706765,2025-07-03 20:15:00,150,mexican,14.6,downtown,1.1,4,57.48,bike,309,clear,29
706766,2025-07-03 20:40:00,63,pizza,12.6,downtown,1.3,1,13.13,scooter,49,heavy_rain,23
706767,2025-07-03 20:41:00,138,thai,16.2,uptown,4.5,1,13.72,scooter,6,heavy_rain,37
706768,2025-07-03 20:53:00,153,salads,5,suburbs_south,3.8,2,27.87,car,333,rain,20
706770,2025-07-03 20:57:00,123,salads,7.7,uptown,4.9,1,9.72,bike,42,clear,28
706771,2025-07-03 21:04:00,70,thai,14.2,suburbs_north,9.9,1,15.15,car,91,clear,40
706773,2025-07-03 21:15:00,135,sushi,20.5,downtown,1.2,1,13.46,bike,9,clear,34
706774,2025-07-03 21:50:00,46,indian,19.4,downtown,1.2,3,26.86,car,29,rain,135
706775,2025-07-03 22:01:00,132,mexican,13.3,downtown,1.2,1,13.06,car,217,clear,16
706776,2025-07-03 22:04:00,122,indian,20,midtown,1.6,1,15.53,car,116,clear,24
706777,2025-07-03 22:15:00,87,burgers,6.5,downtown,2.9,1,12.22,bike,72,rain,22
706779,2025-07-04 10:19:00,61,thai,18,suburbs_north,3,2,16.52,bike,77,cloudy,39
706781,2025-07-04 11:34:00,149,thai,15.5,downtown,1,1,12.12,car,85,cloudy,18
706782,2025-07-04 11:36:00,121,indian,13.9,suburbs_north,5.6,2,15.22,bike,,clear,43
706783,2025-07-04 11:38:00,68,thai,11.9,uptown,3.7,2,20.18,scooter,168,clear,31
706784,2025-07-04 11:48:00,32,thai,16.7,uptown,3.8,3,42.02,scooter,255,clear,35
706785,2025-07-04 12:01:00,55,salads,5,midtown,3.8,2,27.47,car,28,clear,14
706786,2025-07-04 12:09:00,160,salads,5,uptown,1.7,6,59.78,scooter,251,clear,15
706787,2025-07-04 12:12:00,127,indian,15.6,downtown,1.2,1,10.45,bike,27,rain,30
706789,2025-07-04 12:18:00,76,mexican,10,uptown,3.4,2,18.35,car,509,cloudy,25
706790,2025-07-04 12:29:00,38,pizza,16.9,midtown,1.3,2,23.35,scooter,639,heavy_rain,22
706792,2025-07-04 12:37:00,111,pizza,8.5,downtown,1.6,1,14.43,car,34,cloudy,23
706793,2025-07-04 13:41:00,8,burgers,12.1,uptown,3.7,8,82.27,bike,144,cloudy,41
706794,2025-07-04 13:48:00,47,mexican,14.1,downtown,2.9,3,29.81,scooter,33,clear,28
706795,2025-07-04 13:49:00,68,thai,11.9,uptown,2.6,1,15.31,scooter,430,clear,23
706796,2025-07-04 13:57:00,12,thai,12.8,midtown,1.2,1,13.73,car,500,clear,23
706797,2025-07-04 14:07:00,29,salads,9.9,midtown,4.1,3,40.65,bike,118,rain,35
706800,2025-07-04 16:02:00,85,pizza,11.8,uptown,2.4,1,13.28,scooter,173,cloudy,23
706801,2025-07-04 16:03:00,51,indian,17,downtown,2.7,5,73.69,car,342,clear,30
706802,2025-07-04 17:30:00,110,thai,12.5,suburbs_north,2.8,2,14.24,car,85,clear,22
706804,2025-07-04 17:57:00,34,mexican,12.2,midtown,4.1,3,42.97,car,68,clear,25
706805,2025-07-04 18:03:00,119,indian,16.8,suburbs_south,9.3,2,19.25,car,143,rain,52
706806,2025-07-04 18:17:00,4,pizza,14,suburbs_south,8.8,4,43.38,car,87,clear,45
706807,2025-07-04 18:19:00,126,pizza,12,midtown,3.8,2,24.59,scooter,3986,cloudy,29
706808,2025-07-04 18:24:00,73,pizza,10.6,midtown,2.9,1,12.7,bike,32,cloudy,31
706810,2025-07-04 18:38:00,17,thai,9.8,uptown,4.3,2,22.48,scooter,134,,26
706811,2025-07-04 18:38:00,151,chinese,11.8,downtown,2.3,4,42.16,bike,123,cloudy,34
706812,2025-07-04 19:01:00,53,thai,11.5,midtown,3.8,6,56.87,scooter,154,clear,33
706813,2025-07-04 19:21:00,82,salads,9.2,midtown,1.6,3,37.28,bike,130,clear,23
706814,2025-07-04 19:22:00,99,thai,13.4,midtown,3.4,2,22.4,scooter,161,clear,32
706815,2025-07-04 19:24:00,135,sushi,20.5,downtown,2.1,1,9.43,scooter,22,clear,30
706817,2025-07-04 19:55:00,140,chinese,17.8,downtown,1.2,3,32.36,car,330,heavy_rain,35
706819,2025-07-04 20:06:00,112,sushi,18.2,downtown,2.6,2,16.84,scooter,102,clear,36
706821,2025-07-04 20:35:00,24,pizza,15.8,uptown,4.5,2,20.41,scooter,55,cloudy,36
706822,2025-07-04 21:01:00,17,thai,9.8,uptown,4.5,3,41.19,car,41,clear,29
706823,2025-07-04 21:36:00,108,mexican,10.1,suburbs_south,7.2,2,14.2,car,108,clear,32
706824,2025-07-04 21:44:00,111,pizza,8.5,downtown,1,1,15.7,car,74,cloudy,13
706826,2025-07-04 22:39:00,86,chinese,11.8,suburbs_south,5.4,6,64.58,car,92,cloudy,28
706827,2025-07-04 23:08:00,2,thai,10.5,downtown,1.1,2,19.04,scooter,313,heavy_rain,19
706828,2025-07-04 23:36:00,113,mexican,13.2,midtown,4.8,2,25.43,bike,87,clear,39
706830,2025-07-04 23:51:00,3,pizza,20.9,suburbs_north,4.9,2,29.93,scooter,53,rain,40
706831,2025-07-04 23:57:00,157,burgers,16.3,suburbs_south,2.8,5,48.58,car,355,rain,34
706832,2025-07-05 10:02:00,83,salads,8.7,midtown,1.8,2,20.66,scooter,148,clear,15
706834,2025-07-05 11:16:00,100,pizza,12.8,uptown,2.2,2,17.56,scooter,100,cloudy,25
706835,2025-07-05 11:46:00,50,salads,8.2,midtown,3.1,1,11.93,car,11,cloudy,18
706838,2025-07-05 12:07:00,138,thai,16.2,uptown,5,3,30.5,scooter,1255,clear,40
706839,2025-07-05 12:19:00,97,chinese,16.1,uptown,4.8,1,8,car,3605,clear,34
706840,2025-07-05 12:21:00,158,indian,12.1,midtown,3.1,5,62.98,bike,262,cloudy,31
706842,2025-07-05 12:39:00,73,pizza,10.6,midtown,1.4,4,50.42,scooter,17,clear,23
706844,2025-07-05 12:57:00,44,indian,21,midtown,3.3,7,101.27,scooter,1169,rain,48
706845,2025-07-05 13:20:00,26,pizza,14.9,midtown,1.6,1,15.01,scooter,98,cloudy,28
706847,2025-07-05 14:07:00,73,pizza,10.6,midtown,1.2,3,22.61,scooter,648,clear,16
706848,2025-07-05 14:41:00,156,salads,12.7,downtown,1.9,2,20.98,bike,,clear,27
706849,2025-07-05 15:44:00,35,mexican,11.9,midtown,3.7,3,35.43,bike,,cloudy,35
706850,2025-07-05 15:48:00,3,pizza,20.9,suburbs_north,2.6,7,49.48,scooter,168,clear,38
706851,2025-07-05 16:25:00,21,pizza,17,midtown,1.6,1,15.36,bike,83,rain,28
706852,2025-07-05 16:30:00,57,sushi,15.1,midtown,3.3,1,10.37,scooter,127,clear,32
706853,2025-07-05 16:31:00,14,burgers,6.4,downtown,1.9,2,20.13,car,54,clear,20
706854,2025-07-05 16:39:00,77,pizza,11.4,uptown,4.6,3,42.4,scooter,245,clear,32
706855,2025-07-05 16:48:00,61,thai,18,suburbs_north,10.1,3,47.59,car,75,rain,56
706856,2025-07-05 17:04:00,1,mexican,12.7,downtown,1.1,4,50.39,scooter,586,clear,24
706857,2025-07-05 17:08:00,126,pizza,12,midtown,4.5,2,30.14,scooter,16,cloudy,31
706859,2025-07-05 17:19:00,101,thai,11.8,suburbs_north,10.6,2,25.72,scooter,1374,clear,42
706860,2025-07-05 17:26:00,61,thai,18,suburbs_north,4.3,1,12.3,bike,407,cloudy,38
706861,2025-07-05 18:08:00,155,indian,14.5,suburbs_south,6.2,8,83.91,scooter,198,rain,51
706862,2025-07-05 18:33:00,95,pizza,11.9,suburbs_south,4.9,5,40.71,scooter,121,rain,37
706863,2025-07-05 18:45:00,66,sushi,18.7,midtown,2.9,2,16.73,bike,590,,38
706865,2025-07-05 19:20:00,122,indian,20,midtown,4.6,3,44.68,bike,508,clear,51
706866,2025-07-05 19:26:00,45,indian,15.4,midtown,1.5,6,71.14,scooter,125,rain,32
706867,2025-07-05 19:49:00,110,thai,12.5,suburbs_north,5.7,7,89.47,scooter,95,clear,40
706868,2025-07-05 19:50:00,148,indian,16.9,suburbs_north,9,1,9.28,car,70,clear,47
706869,2025-07-05 19:56:00,95,pizza,11.9,suburbs_south,7.6,7,50.03,scooter,13,cloudy,46
706870,2025-07-05 19:58:00,120,pizza,12.2,downtown,1.8,2,25.68,car,703,clear,23
706871,2025-07-05 19:58:00,23,burgers,11.6,downtown,1.9,3,22.5,scooter,275,cloudy,23
706872,2025-07-05 20:04:00,121,indian,13.9,suburbs_north,5.4,5,54.41,car,9,rain,41
706873,2025-07-05 20:21:00,2,thai,10.5,downtown,0.9,1,14.15,bike,368,rain,22
706874,2025-07-05 20:34:00,11,indian,20.4,uptown,2.3,5,70.78,bike,261,clear,42
706876,2025-07-05 21:09:00,115,thai,13.4,downtown,1.8,6,43.76,scooter,54,clear,25
706877,2025-07-05 21:09:00,153,salads,5,suburbs_south,2.6,1,14.21,car,92,clear,14
706879,2025-07-05 21:51:00,72,burgers,12.2,suburbs_south,7.5,3,35.65,scooter,1554,rain,43
706880,2025-07-05 22:00:00,49,indian,14.4,uptown,1.4,1,12.89,car,62,clear,19
706881,2025-07-05 22:03:00,111,pizza,8.5,downtown,1.1,1,15.62,scooter,21,cloudy,11
706883,2025-07-05 22:33:00,147,chinese,17.7,midtown,3.6,8,94.7,car,18,clear,42
706884,2025-07-05 22:39:00,129,pizza,10.9,suburbs_north,6.6,3,30.44,car,737,clear,28
706885,2025-07-05 23:17:00,30,salads,5,suburbs_south,10.1,4,53.12,car,66,clear,34
706886,2025-07-05 23:42:00,49,indian,14.4,uptown,5.3,8,68.27,scooter,36,clear,37
706887,2025-07-06 10:16:00,99,thai,13.4,midtown,3.6,1,11.03,bike,17,clear,38
706889,2025-07-06 11:08:00,88,burgers,8.9,suburbs_south,5.5,3,30.36,car,19,cloudy,28
706890,2025-07-06 11:33:00,17,thai,9.8,uptown,5.9,4,39.14,scooter,44,cloudy,35
706892,2025-07-06 11:54:00,105,pizza,12.9,midtown,2.3,1,9.27,bike,174,clear,32
706893,2025-07-06 12:00:00,87,burgers,6.5,downtown,3.4,2,31.57,bike,68,clear,30
706894,2025-07-06 12:03:00,85,pizza,11.8,uptown,5.4,1,12.42,car,80,,26
706896,2025-07-06 12:16:00,56,thai,13,downtown,1.8,3,29.61,bike,963,clear,25
706897,2025-07-06 12:28:00,109,burgers,10,downtown,2.2,6,52.47,scooter,80,clear,23
706898,2025-07-06 12:30:00,92,thai,7,uptown,4.7,1,9.26,bike,201,clear,29
706899,2025-07-06 12:43:00,130,mexican,15.3,downtown,2.4,3,23.95,car,369,rain,32
706900,2025-07-06 12:53:00,159,pizza,15,uptown,4.9,7,104.4,scooter,2,clear,40
706902,2025-07-06 12:58:00,16,salads,7.8,uptown,3.7,1,11.89,scooter,3879,rain,19
706903,2025-07-06 13:23:00,81,sushi,17.4,downtown,2.3,2,22.3,scooter,77,clear,37
706905,2025-07-06 13:30:00,126,pizza,12,midtown,2.1,3,26.97,bike,13,cloudy,33
706906,2025-07-06 13:31:00,13,indian,15.1,downtown,1.6,4,63.41,scooter,190,rain,28
706907,2025-07-06 13:37:00,146,thai,14.2,uptown,4.3,2,22.66,bike,134,cloudy,42
706908,2025-07-06 13:46:00,23,burgers,11.6,downtown,2.9,1,8,scooter,113,clear,24
706909,2025-07-06 13:52:00,117,pizza,16.2,suburbs_south,8.1,2,21.32,car,168,clear,47
706910,2025-07-06 14:48:00,9,thai,12.6,suburbs_south,3.9,3,33.91,bike,323,cloudy,35
706911,2025-07-06 15:27:00,45,indian,15.4,midtown,2.2,6,85.93,bike,42,rain,44
706912,2025-07-06 15:56:00,35,mexican,11.9,midtown,4.6,6,47.72,scooter,42,rain,35
706914,2025-07-06 16:24:00,106,pizza,12.3,downtown,1.8,6,65.87,bike,222,cloudy,28
706920,2025-07-06 18:00:00,51,indian,17,downtown,1.3,3,21.51,scooter,338,clear,32
706921,2025-07-06 18:35:00,74,thai,18.7,downtown,1.8,2,20.51,scooter,48,rain,34
706923,2025-07-06 18:37:00,81,sushi,17.4,downtown,2.3,5,59.77,bike,236,clear,36
706924,2025-07-06 18:41:00,8,burgers,12.1,uptown,4.8,4,44.15,bike,133,rain,40
706925,2025-07-06 18:43:00,56,thai,13,downtown,2.7,3,35.51,bike,362,cloudy,32
706926,2025-07-06 18:45:00,73,pizza,10.6,midtown,1.7,3,25.84,scooter,,clear,23
706927,2025-07-06 18:46:00,87,burgers,6.5,downtown,1.1,4,50.11,scooter,48,cloudy,14
706928,2025-07-06 18:50:00,151,chinese,11.8,downtown,2.2,2,25.59,bike,309,cloudy,31
706929,2025-07-06 18:52:00,150,mexican,14.6,downtown,3.3,2,16.94,bike,627,rain,34
706930,2025-07-06 19:14:00,52,mexican,5.5,uptown,3,1,15.16,scooter,586,clear,20
706931,2025-07-06 19:35:00,51,indian,17,downtown,3.2,4,54.97,scooter,18,cloudy,39
706934,2025-07-06 20:01:00,156,salads,12.7,downtown,3.1,3,38.03,scooter,49,cloudy,29
706935,2025-07-06 20:02:00,29,salads,9.9,midtown,1.8,3,45.08,scooter,307,rain,21
706937,2025-07-06 20:28:00,90,sushi,20.7,midtown,1.2,3,36.69,scooter,135,clear,36
706938,2025-07-06 20:32:00,146,thai,14.2,uptown,4.1,2,15.33,bike,114,cloudy,38
706939,2025-07-06 20:50:00,78,mexican,9.1,downtown,2.9,1,10,scooter,44,cloudy,25
706940,2025-07-06 20:55:00,38,pizza,16.9,midtown,3.4,2,28.14,car,662,clear,36
706941,2025-07-06 21:36:00,130,mexican,15.3,downtown,2.3,4,44.37,bike,162,clear,31
706943,2025-07-06 23:01:00,84,chinese,11.5,suburbs_south,4.9,8,118.02,bike,124,clear,30
706944,2025-07-07 10:01:00,104,thai,11.5,suburbs_south,2.8,2,18.53,scooter,159,clear,25
706945,2025-07-07 10:24:00,156,salads,12.7,downtown,1.5,3,35.86,car,258,rain,21
706946,2025-07-07 11:18:00,30,salads,5,suburbs_south,7.1,2,22.07,car,59,clear,29
706947,2025-07-07 11:19:00,123,salads,7.7,uptown,5.5,3,34.04,car,187,cloudy,28
706948,2025-07-07 11:37:00,105,pizza,12.9,midtown,2.8,2,14.9,bike,50,clear,35
706949,2025-07-07 11:42:00,119,indian,16.8,suburbs_south,5.5,2,14.27,scooter,438,rain,41
706951,2025-07-07 12:03:00,160,salads,5,uptown,2.1,1,11.81,scooter,827,clear,15
706952,2025-07-07 12:13:00,20,mexican,9.2,midtown,3.9,2,15.33,scooter,9,clear,22
706953,2025-07-07 12:14:00,41,thai,19,downtown,2.4,6,64.8,car,494,clear,40
706954,2025-07-07 12:51:00,35,mexican,11.9,midtown,3.4,4,30.48,car,419,cloudy,25
706955,2025-07-07 12:55:00,29,salads,9.9,midtown,1.8,4,55.91,scooter,71,cloudy,24
706957,2025-07-07 13:00:00,156,salads,12.7,downtown,2.5,2,23.43,scooter,114,cloudy,22
706958,2025-07-07 13:07:00,136,salads,9.3,downtown,2.1,5,51.45,bike,47,clear,22
706959,2025-07-07 13:36:00,71,burgers,14.5,uptown,3.9,3,30.91,bike,185,clear,39
706960,2025-07-07 14:13:00,127,indian,15.6,downtown,1.5,2,18.49,bike,31,rain,26
706961,2025-07-07 14:18:00,35,mexican,11.9,midtown,3,1,12.87,scooter,143,clear,23
706962,2025-07-07 14:32:00,101,thai,11.8,suburbs_north,2.6,2,29.65,scooter,333,cloudy,25
706963,2025-07-07 16:23:00,50,salads,8.2,midtown,3.8,2,29.67,scooter,102,cloudy,24
706964,2025-07-07 17:03:00,87,burgers,6.5,downtown,1,4,61.39,car,36,clear,14
706966,2025-07-07 17:44:00,52,mexican,5.5,uptown,3.8,3,40.47,bike,17,rain,30
706967,2025-07-07 17:47:00,24,pizza,15.8,uptown,5.1,4,63.21,bike,66,clear,41
706968,2025-07-07 17:48:00,87,burgers,6.5,downtown,1.6,4,28.25,bike,187,clear,23
706969,2025-07-07 17:51:00,160,salads,5,uptown,5.4,2,24.3,bike,2370,clear,31
706970,2025-07-07 18:10:00,131,indian,22.1,downtown,1.8,2,17.67,car,76,rain,44
706971,2025-07-07 18:18:00,13,indian,15.1,downtown,2.4,2,18.24,bike,31,,30
706972,2025-07-07 18:36:00,94,sushi,20.2,downtown,1.1,3,34.24,scooter,275,heavy_rain,39
706974,2025-07-07 19:00:00,43,chinese,12.4,uptown,5.1,5,76.01,bike,,clear,35
706975,2025-07-07 19:02:00,124,indian,17.6,downtown,3.2,8,80.56,scooter,155,clear,41
706976,2025-07-07 19:26:00,135,sushi,20.5,downtown,1.3,1,14.6,scooter,61,cloudy,33
706977,2025-07-07 19:28:00,147,chinese,17.7,midtown,4.9,2,23.29,bike,62,clear,46
706978,2025-07-07 19:29:00,53,thai,11.5,midtown,2.4,4,46.96,scooter,10,clear,24
706979,2025-07-07 19:52:00,148,indian,16.9,suburbs_north,6.2,1,9.86,car,2024,heavy_rain,41
706981,2025-07-07 20:12:00,109,burgers,10,downtown,2.2,6,83.72,bike,254,clear,26
706982,2025-07-07 20:22:00,154,salads,8.5,midtown,4.4,1,13.68,car,52,clear,23
706983,2025-07-07 20:28:00,107,sushi,18,suburbs_south,6.5,3,34.19,scooter,48,cloudy,43
706984,2025-07-07 20:48:00,145,pizza,12.3,suburbs_south,5.3,3,29.63,scooter,85,cloudy,34
706986,2025-07-07 21:01:00,42,pizza,16.7,downtown,3.2,3,41.19,bike,33,clear,31
706987,2025-07-07 21:09:00,66,sushi,18.7,midtown,3,2,24.56,car,250,clear,32
706989,2025-07-07 21:30:00,49,indian,14.4,uptown,2.8,7,81.5,car,91,clear,28
706990,2025-07-07 22:09:00,151,chinese,11.8,downtown,1.7,1,15.83,bike,203,clear,20
706991,2025-07-07 22:59:00,84,chinese,11.5,suburbs_south,5.1,2,24.71,scooter,,clear,28
706992,2025-07-07 23:44:00,57,sushi,15.1,midtown,4.3,1,9.11,scooter,2346,clear,24
706993,2025-07-08 10:13:00,53,thai,11.5,midtown,1.5,7,90.02,scooter,125,clear,24
706994,2025-07-08 10:21:00,16,salads,7.8,uptown,4.2,3,45.55,scooter,170,rain,20
706996,2025-07-08 11:16:00,97,chinese,16.1,uptown,4.2,4,57.67,scooter,294,clear,33
706998,2025-07-08 12:11:00,11,indian,20.4,uptown,3.4,1,15.54,bike,98,clear,37
706999,2025-07-08 12:20:00,35,mexican,11.9,midtown,2.8,1,12.84,bike,465,,26
707000,2025-07-08 12:31:00,147,chinese,17.7,midtown,1.6,3,22.61,scooter,947,cloudy,33
707002,2025-07-08 12:45:00,121,indian,13.9,suburbs_north,3.7,4,50.82,car,546,clear,31
707003,2025-07-08 12:59:00,32,thai,16.7,uptown,5.2,2,20.6,car,314,cloudy,36
707005,2025-07-08 13:52:00,92,thai,7,uptown,5.3,2,31.31,car,132,clear,29
707006,2025-07-08 14:16:00,44,indian,21,midtown,1.9,1,8,scooter,402,cloudy,14
707007,2025-07-08 14:48:00,44,indian,21,midtown,3.2,1,14.58,scooter,135,clear,34
707008,2025-07-08 15:06:00,47,mexican,14.1,downtown,2.1,8,126.45,bike,103,rain,27
707009,2025-07-08 16:32:00,60,chinese,10.4,suburbs_north,9.8,3,28.87,car,486,clear,34
707012,2025-07-08 17:21:00,131,indian,22.1,downtown,1.1,6,62.76,bike,136,cloudy,38
707014,2025-07-08 17:45:00,17,thai,9.8,uptown,4.3,4,31.16,car,296,clear,24
707015,2025-07-08 18:15:00,11,indian,20.4,uptown,1.4,4,37.75,scooter,125,clear,34
707016,2025-07-08 18:16:00,125,sushi,18.8,uptown,4.4,3,33.64,scooter,3506,clear,38
707017,2025-07-08 18:18:00,118,thai,15.5,downtown,1.8,2,14.97,car,2923,clear,29
707020,2025-07-08 18:34:00,136,salads,9.3,downtown,1.6,2,21.81,car,32,clear,21
707022,2025-07-08 19:06:00,8,burgers,12.1,uptown,2.4,2,23.17,bike,35,rain,28
707024,2025-07-08 19:16:00,69,salads,8.8,midtown,2.7,3,31.68,scooter,290,cloudy,23
707025,2025-07-08 19:24:00,71,burgers,14.5,uptown,3.7,4,38.37,scooter,47,clear,38
707026,2025-07-08 19:36:00,35,mexican,11.9,midtown,4.1,2,16.77,bike,41,cloudy,32
707027,2025-07-08 19:47:00,155,indian,14.5,suburbs_south,12.7,2,18.55,scooter,890,rain,62
707028,2025-07-08 19:50:00,88,burgers,8.9,suburbs_south,6.8,2,17.78,car,399,clear,28
707029,2025-07-08 19:50:00,150,mexican,14.6,downtown,1.5,6,93.28,scooter,33,clear,33
707031,2025-07-08 20:00:00,24,pizza,15.8,uptown,5,1,14.66,scooter,207,,35
707032,2025-07-08 20:00:00,138,thai,16.2,uptown,2.8,5,57.62,bike,81,clear,35
707033,2025-07-08 20:01:00,112,sushi,18.2,downtown,3.5,2,30.78,scooter,111,clear,35
707034,2025-07-08 20:06:00,141,thai,14.1,suburbs_north,3.3,2,15.98,scooter,20,clear,27
707035,2025-07-08 20:06:00,7,thai,17.1,midtown,4,3,46.72,bike,263,clear,39
707036,2025-07-08 20:19:00,78,mexican,9.1,downtown,2.9,1,13.63,bike,8,rain,32
707037,2025-07-08 20:33:00,110,thai,12.5,suburbs_north,3,3,47.93,scooter,90,clear,20
707038,2025-07-08 20:35:00,81,sushi,17.4,downtown,3.3,1,15.61,scooter,989,clear,32
707039,2025-07-08 22:06:00,90,sushi,20.7,midtown,1.3,2,21.76,bike,643,cloudy,29
707040,2025-07-08 22:20:00,108,mexican,10.1,suburbs_south,9.9,1,8.76,car,157,,46
707041,2025-07-08 22:43:00,102,indian,17.4,uptown,5.1,2,26.39,car,168,heavy_rain,39
707042,2025-07-09 10:27:00,130,mexican,15.3,downtown,3.1,2,14.81,bike,18,clear,33
707043,2025-07-09 10:58:00,2,thai,10.5,downtown,1.9,8,106.39,car,133,clear,21
707044,2025-07-09 11:00:00,105,pizza,12.9,midtown,4.2,1,8,bike,269,rain,35
707046,2025-07-09 11:06:00,145,pizza,12.3,suburbs_south,7.4,3,39.6,car,,cloudy,39
707049,2025-07-09 11:18:00,41,thai,19,downtown,1.4,1,10.69,car,12,rain,33
707051,2025-07-09 11:38:00,10,pizza,12.9,suburbs_north,3.4,1,8,bike,575,clear,33
707052,2025-07-09 12:01:00,56,thai,13,downtown,1.9,4,40.47,scooter,266,clear,31
707054,2025-07-09 12:17:00,49,indian,14.4,uptown,3.3,3,47.53,bike,242,cloudy,33
707055,2025-07-09 12:37:00,140,chinese,17.8,downtown,2,3,26.87,bike,187,clear,34
707056,2025-07-09 12:38:00,137,thai,13.3,suburbs_north,8.1,3,35.51,scooter,3284,clear,40
707058,2025-07-09 12:43:00,153,salads,5,suburbs_south,9.2,3,31.62,car,110,clear,32
707059,2025-07-09 13:13:00,159,pizza,15,uptown,1.5,4,31.09,scooter,25,clear,33
707060,2025-07-09 13:17:00,124,indian,17.6,downtown,3.2,1,10.38,bike,124,clear,34
707061,2025-07-09 13:20:00,145,pizza,12.3,suburbs_south,2.4,4,41.13,scooter,704,clear,21
707062,2025-07-09 13:24:00,140,chinese,17.8,downtown,1.2,1,14.71,scooter,599,cloudy,31
707064,2025-07-09 15:09:00,149,thai,15.5,downtown,1.7,2,25.93,car,131,clear,31
707066,2025-07-09 16:03:00,56,thai,13,downtown,1,2,15.42,scooter,7,cloudy,21
707067,2025-07-09 16:06:00,136,salads,9.3,downtown,2.6,2,24.67,scooter,104,cloudy,20
707068,2025-07-09 17:33:00,42,pizza,16.7,downtown,1.2,2,24.28,bike,2707,rain,25
707069,2025-07-09 18:07:00,116,sushi,16.4,downtown,1.3,2,21.47,scooter,32,heavy_rain,27
707070,2025-07-09 18:08:00,23,burgers,11.6,downtown,2.4,1,10.69,bike,229,rain,19
707071,2025-07-09 18:14:00,134,mexican,10.8,midtown,2.3,2,25.64,scooter,50,clear,24
707072,2025-07-09 18:17:00,26,pizza,14.9,midtown,1.3,2,30.62,car,220,clear,21
707073,2025-07-09 18:20:00,142,indian,20.4,midtown,3,5,36.57,scooter,37,clear,44
707074,2025-07-09 18:22:00,52,mexican,5.5,uptown,3.6,5,70.07,bike,25,clear,22
707075,2025-07-09 18:27:00,38,pizza,16.9,midtown,4.9,2,26.47,bike,99,cloudy,43
707076,2025-07-09 18:54:00,23,burgers,11.6,downtown,0.9,4,29.48,scooter,87,clear,19
707077,2025-07-09 18:56:00,30,salads,5,suburbs_south,6.9,1,9.76,car,36,heavy_rain,29
707078,2025-07-09 19:00:00,56,thai,13,downtown,3.1,2,15.77,bike,69,heavy_rain,45
707079,2025-07-09 19:00:00,111,pizza,8.5,downtown,2,2,17.23,bike,77,rain,26
707080,2025-07-09 19:01:00,94,sushi,20.2,downtown,1.9,2,28.8,bike,508,cloudy,29
707081,2025-07-09 19:02:00,67,chinese,17.8,uptown,2.7,1,10.15,scooter,78,clear,36
707083,2025-07-09 19:15:00,132,mexican,13.3,downtown,1.5,3,42.08,bike,167,clear,27
707084,2025-07-09 19:18:00,127,indian,15.6,downtown,1.2,2,29.18,scooter,10,cloudy,29
707086,2025-07-09 19:31:00,81,sushi,17.4,downtown,1.5,2,27.42,bike,85,rain,31
707087,2025-07-09 19:32:00,7,thai,17.1,midtown,3.9,2,28.25,bike,480,clear,37
707088,2025-07-09 19:35:00,12,thai,12.8,midtown,3.7,4,39.95,car,110,heavy_rain,34
707089,2025-07-09 19:42:00,59,pizza,11.7,suburbs_south,7.7,3,41.61,car,230,clear,36
707090,2025-07-09 19:45:00,96,thai,15.7,downtown,2.1,4,61.43,bike,62,clear,34
707091,2025-07-09 19:49:00,61,thai,18,suburbs_north,2.9,2,15.88,bike,102,cloudy,38
707092,2025-07-09 19:54:00,45,indian,15.4,midtown,3.3,3,46.43,bike,,cloudy,36
707093,2025-07-09 20:24:00,42,pizza,16.7,downtown,2.4,4,41.96,car,104,rain,35
707094,2025-07-09 21:23:00,145,pizza,12.3,suburbs_south,7.7,1,14.35,car,19,heavy_rain,45
707095,2025-07-09 21:46:00,32,thai,16.7,uptown,4.9,6,75.84,scooter,207,cloudy,37
707096,2025-07-09 21:50:00,155,indian,14.5,suburbs_south,8.5,6,59.99,car,667,clear,42
707097,2025-07-09 21:50:00,138,thai,16.2,uptown,5.1,2,24.11,car,258,clear,29
707098,2025-07-09 22:06:00,71,burgers,14.5,uptown,4.5,2,24.94,scooter,326,clear,25
707099,2025-07-09 22:19:00,79,salads,10,midtown,2.7,2,17.23,car,1660,clear,22
707101,2025-07-10 11:02:00,7,thai,17.1,midtown,2.6,2,21.87,bike,103,clear,35
707102,2025-07-10 11:43:00,9,thai,12.6,suburbs_south,2.5,5,67.82,bike,237,clear,27
707103,2025-07-10 12:11:00,47,mexican,14.1,downtown,1.8,2,22.52,scooter,3328,clear,25
707104,2025-07-10 12:13:00,95,pizza,11.9,suburbs_south,2.3,2,14.73,car,381,clear,20
707105,2025-07-10 12:24:00,121,indian,13.9,suburbs_north,3.5,4,50.78,car,207,cloudy,137
707108,2025-07-10 13:15:00,102,indian,17.4,uptown,6.5,2,18.65,car,81,rain,42
707109,2025-07-10 13:20:00,90,sushi,20.7,midtown,1.2,4,28.62,scooter,91,heavy_rain,40
707110,2025-07-10 13:22:00,41,thai,19,downtown,3.1,4,53.23,bike,14,clear,47
707111,2025-07-10 13:55:00,77,pizza,11.4,uptown,1.2,2,17.3,car,266,cloudy,19
707112,2025-07-10 14:09:00,36,burgers,11.8,downtown,2.7,4,34.08,bike,56,clear,24
707113,2025-07-10 14:17:00,13,indian,15.1,downtown,2.5,6,52.88,car,823,clear,27
707114,2025-07-10 14:26:00,41,thai,19,downtown,2.3,1,11.49,car,276,clear,23
707115,2025-07-10 14:37:00,31,sushi,14.7,midtown,4.6,6,62.33,bike,157,clear,42
707116,2025-07-10 15:10:00,110,thai,12.5,suburbs_north,6,1,15.92,scooter,103,clear,30
707117,2025-07-10 15:24:00,25,mexican,14.5,midtown,1.5,2,19.96,scooter,45,clear,21
707118,2025-07-10 15:58:00,11,indian,20.4,uptown,5.8,3,33.78,car,1184,clear,37
707119,2025-07-10 16:41:00,20,mexican,9.2,midtown,3.8,1,12.34,bike,23,cloudy,28
707120,2025-07-10 17:13:00,93,sushi,16.7,downtown,1.5,1,15.24,scooter,230,clear,26
707121,2025-07-10 17:13:00,74,thai,18.7,downtown,0.9,7,67.78,scooter,26,rain,34
707122,2025-07-10 17:38:00,59,pizza,11.7,suburbs_south,6.8,1,14.56,car,1727,clear,27
707123,2025-07-10 17:44:00,153,salads,5,suburbs_south,4.6,2,31.7,bike,299,clear,25
707124,2025-07-10 17:52:00,98,salads,11.1,midtown,1.8,2,28.26,scooter,287,clear,20
707125,2025-07-10 18:17:00,107,sushi,18,suburbs_south,11.7,3,23.27,car,17,rain,65
707126,2025-07-10 18:30:00,146,thai,14.2,uptown,2.6,3,39.26,scooter,196,clear,25
707128,2025-07-10 18:34:00,151,chinese,11.8,downtown,3.4,4,36.82,scooter,,,31
707129,2025-07-10 18:37:00,39,thai,21,downtown,2.8,2,31.07,car,1191,clear,40
707130,2025-07-10 18:48:00,55,salads,5,midtown,3.3,2,25.33,car,63,clear,16
707131,2025-07-10 18:48:00,79,salads,10,midtown,2.6,1,15.74,scooter,88,clear,26
707132,2025-07-10 18:51:00,26,pizza,14.9,midtown,3.8,6,43.67,scooter,42,cloudy,35
707134,2025-07-10 19:13:00,34,mexican,12.2,midtown,3.1,3,22.18,bike,45151,heavy_rain,35
707137,2025-07-10 19:32:00,24,pizza,15.8,uptown,1.9,1,9.2,bike,54,clear,31
707138,2025-07-10 19:34:00,81,sushi,17.4,downtown,1,2,16.69,bike,155,rain,30
707139,2025-07-10 19:36:00,24,pizza,15.8,uptown,1.4,3,47.48,car,486,clear,25
707140,2025-07-10 19:36:00,63,pizza,12.6,downtown,1,2,30.39,bike,16,clear,20
707141,2025-07-10 19:40:00,7,thai,17.1,midtown,2.9,2,25.53,bike,44,rain,38
707142,2025-07-10 19:44:00,142,indian,20.4,midtown,3.8,5,70.77,scooter,259,clear,40
707143,2025-07-10 19:49:00,12,thai,12.8,midtown,2.8,2,17.9,bike,1509,rain,32
707145,2025-07-10 20:05:00,101,thai,11.8,suburbs_north,6.8,3,37.15,car,502,clear,33
707146,2025-07-10 20:07:00,17,thai,9.8,uptown,4.1,2,21.95,bike,85,cloudy,33
707147,2025-07-10 20:29:00,77,pizza,11.4,uptown,5.2,2,24.81,bike,506,clear,39
707148,2025-07-10 20:44:00,4,pizza,14,suburbs_south,3.8,3,31.09,bike,143,clear,38
707149,2025-07-10 21:52:00,149,thai,15.5,downtown,2.9,3,44.23,bike,715,clear,27
707150,2025-07-10 22:42:00,156,salads,12.7,downtown,1.6,1,14.07,scooter,1134,cloudy,15
707151,2025-07-10 22:46:00,116,sushi,16.4,downtown,1.2,8,107.77,car,294,cloudy,21
707153,2025-07-10 22:56:00,45,indian,15.4,midtown,1.9,2,31.19,scooter,100,rain,28
707154,2025-07-10 23:38:00,59,pizza,11.7,suburbs_south,8.4,2,24.53,car,81,clear,37
707155,2025-07-10 23:59:00,35,mexican,11.9,midtown,3.3,5,53.53,car,37,cloudy,24
707156,2025-07-11 11:17:00,12,thai,12.8,midtown,2,1,11.75,scooter,31,clear,24
707157,2025-07-11 11:34:00,35,mexican,11.9,midtown,1.8,4,55.7,scooter,2525,clear,20
707159,2025-07-11 11:50:00,101,thai,11.8,suburbs_north,7.5,3,29.55,car,617,rain,38
707160,2025-07-11 11:54:00,61,thai,18,suburbs_north,9.6,2,25.59,car,217,,51
707161,2025-07-11 12:03:00,30,salads,5,suburbs_south,6,3,45.46,scooter,284,clear,24
707163,2025-07-11 12:21:00,153,salads,5,suburbs_south,9.2,1,15.34,scooter,24,clear,36
707164,2025-07-11 12:23:00,15,indian,18.1,midtown,3.3,2,25.58,scooter,1236,cloudy,32
707165,2025-07-11 12:30:00,76,mexican,10,uptown,6.5,5,58.66,scooter,85,clear,42
707166,2025-07-11 12:33:00,110,thai,12.5,suburbs_north,5.3,3,23.38,bike,369,cloudy,43
707167,2025-07-11 12:43:00,158,indian,12.1,midtown,4.8,2,16.01,scooter,340,clear,31
707168,2025-07-11 12:54:00,85,pizza,11.8,uptown,4.4,5,76.88,car,303,rain,29
707169,2025-07-11 12:56:00,44,indian,21,midtown,3.8,3,32.98,bike,59,cloudy,54
707170,2025-07-11 13:01:00,159,pizza,15,uptown,2.4,2,29.54,bike,787,clear,25
707171,2025-07-11 13:01:00,128,chinese,6.8,uptown,4.1,2,27.93,car,69,clear,25
707174,2025-07-11 13:43:00,6,sushi,16.8,midtown,3.5,2,30.1,scooter,250,rain,35
707175,2025-07-11 13:46:00,136,salads,9.3,downtown,3.1,2,23.78,car,1714,clear,25
707176,2025-07-11 13:55:00,71,burgers,14.5,uptown,3.2,5,65.05,bike,116,,40
707177,2025-07-11 14:21:00,17,thai,9.8,uptown,4.8,3,44.13,scooter,45,heavy_rain,33
707178,2025-07-11 15:27:00,99,thai,13.4,midtown,1.8,1,10.33,scooter,29,rain,28
707179,2025-07-11 15:48:00,6,sushi,16.8,midtown,1.6,1,12.99,bike,75,,30
707180,2025-07-11 16:20:00,69,salads,8.8,midtown,1.3,2,25.25,bike,1409,cloudy,18
707181,2025-07-11 16:57:00,151,chinese,11.8,downtown,1.7,2,23.36,scooter,24,cloudy,23
707182,2025-07-11 17:03:00,19,chinese,10.6,downtown,3.1,2,30.37,scooter,27,rain,26
707183,2025-07-11 17:55:00,71,burgers,14.5,uptown,3.8,2,29.75,scooter,88,clear,28
707184,2025-07-11 18:10:00,42,pizza,16.7,downtown,1.5,5,74.63,scooter,1517,cloudy,31
707185,2025-07-11 18:39:00,149,thai,15.5,downtown,2.8,1,8,car,278,clear,28
707186,2025-07-11 18:53:00,112,sushi,18.2,downtown,1.6,3,39.06,scooter,573,clear,27
707187,2025-07-11 19:07:00,123,salads,7.7,uptown,3.3,1,15.99,car,111,clear,63
707188,2025-07-11 19:16:00,21,pizza,17,midtown,2.7,1,15.56,bike,99,rain,43
707189,2025-07-11 19:33:00,21,pizza,17,midtown,2.6,2,31.45,bike,245,clear,35
707190,2025-07-11 19:38:00,23,burgers,11.6,downtown,2.1,3,22.72,bike,277,cloudy,27
707191,2025-07-11 19:42:00,136,salads,9.3,downtown,2.9,2,24.05,scooter,210,,26
707192,2025-07-11 19:43:00,113,mexican,13.2,midtown,3.4,2,23.21,bike,237,cloudy,33
707193,2025-07-11 20:35:00,61,thai,18,suburbs_north,5.1,5,47.68,car,70,cloudy,42
707194,2025-07-11 20:37:00,47,mexican,14.1,downtown,3.2,1,8.05,car,8,cloudy,33
707195,2025-07-11 20:40:00,110,thai,12.5,suburbs_north,4.8,3,43.16,scooter,132,clear,34
707197,2025-07-11 21:24:00,123,salads,7.7,uptown,1.4,2,26.15,car,39,clear,13
707198,2025-07-11 21:31:00,26,pizza,14.9,midtown,1.3,5,47.46,scooter,202,clear,21
707199,2025-07-11 21:43:00,60,chinese,10.4,suburbs_north,6.8,4,50.85,scooter,132,clear,32
707200,2025-07-11 21:48:00,59,pizza,11.7,suburbs_south,10.6,3,36.43,car,438,clear,37
707201,2025-07-11 21:53:00,43,chinese,12.4,uptown,4.2,5,38.55,car,70,cloudy,25
707202,2025-07-11 21:57:00,47,mexican,14.1,downtown,2.9,1,13.81,car,45,clear,25
707203,2025-07-11 22:09:00,137,thai,13.3,suburbs_north,7.7,4,34.92,car,334,heavy_rain,46
707205,2025-07-11 22:32:00,73,pizza,10.6,midtown,2,3,23.61,scooter,86,clear,14
707206,2025-07-11 23:26:00,38,pizza,16.9,midtown,1.2,3,27.86,scooter,3220,cloudy,24
707207,2025-07-11 23:49:00,78,mexican,9.1,downtown,1.5,2,18.68,bike,506,cloudy,21
707208,2025-07-12 11:57:00,118,thai,15.5,downtown,0.9,8,109.74,scooter,95,cloudy,27
707209,2025-07-12 12:00:00,77,pizza,11.4,uptown,2.4,3,41.63,scooter,,clear,26
707210,2025-07-12 12:01:00,105,pizza,12.9,midtown,4.5,3,30.64,bike,270,clear,34
707212,2025-07-12 12:05:00,95,pizza,11.9,suburbs_south,6.4,4,30.7,scooter,384,clear,41
707215,2025-07-12 12:43:00,77,pizza,11.4,uptown,4.5,3,27.41,scooter,63,clear,30
707216,2025-07-12 13:07:00,62,salads,6.7,downtown,2.8,3,45.25,car,1436,clear,27
707217,2025-07-12 13:10:00,138,thai,16.2,uptown,2.6,1,10.1,bike,563,clear,36
707218,2025-07-12 13:12:00,147,chinese,17.7,midtown,3,1,13.82,car,552,clear,31
707219,2025-07-12 13:16:00,53,thai,11.5,midtown,1.7,3,23.21,car,22,clear,27
707220,2025-07-12 13:19:00,74,thai,18.7,downtown,0.9,2,30.79,bike,86,clear,28
707221,2025-07-12 13:36:00,32,thai,16.7,uptown,5.2,2,15.87,bike,56,cloudy,47
707222,2025-07-12 13:48:00,145,pizza,12.3,suburbs_south,9.8,1,14.03,car,810,clear,42
707223,2025-07-12 13:56:00,145,pizza,12.3,suburbs_south,11.7,2,29.2,car,522,rain,53
707224,2025-07-12 13:59:00,47,mexican,14.1,downtown,3.6,4,34.82,scooter,3161,clear,34
707225,2025-07-12 14:34:00,147,chinese,17.7,midtown,3.6,1,8,scooter,109,rain,33
707226,2025-07-12 14:47:00,51,indian,17,downtown,2,3,26.88,bike,670,clear,27
707228,2025-07-12 15:32:00,47,mexican,14.1,downtown,2.5,2,23.24,scooter,1578,rain,24
707229,2025-07-12 15:48:00,7,thai,17.1,midtown,3.2,4,63.17,bike,195,clear,40
707231,2025-07-12 17:00:00,145,pizza,12.3,suburbs_south,8.2,2,20.08,scooter,498,rain,46
707232,2025-07-12 17:06:00,158,indian,12.1,midtown,2.5,5,52.82,scooter,,clear,26
707234,2025-07-12 17:57:00,123,salads,7.7,uptown,3.6,3,35.52,scooter,523,clear,23
707236,2025-07-12 18:23:00,90,sushi,20.7,midtown,3.8,8,85.53,scooter,15,clear,51
707237,2025-07-12 18:30:00,136,salads,9.3,downtown,2.7,2,30.23,bike,57,clear,27
707238,2025-07-12 18:35:00,72,burgers,12.2,suburbs_south,6.3,2,16.13,car,769,clear,32
707239,2025-07-12 18:46:00,45,indian,15.4,midtown,4.7,1,8,car,165,rain,30
707240,2025-07-12 18:59:00,143,chinese,12.4,uptown,3.8,1,8,scooter,10,clear,39
707241,2025-07-12 19:20:00,62,salads,6.7,downtown,0.9,2,19.77,scooter,56,clear,11
707242,2025-07-12 19:30:00,70,thai,14.2,suburbs_north,3.9,3,24.02,bike,298,clear,45
707243,2025-07-12 19:58:00,114,chinese,12.4,suburbs_south,9.7,3,30.59,car,57,clear,39
707244,2025-07-12 19:58:00,109,burgers,10,downtown,2.2,3,31.12,car,125,clear,22
707245,2025-07-12 19:59:00,93,sushi,16.7,downtown,1.4,5,36.73,scooter,138,clear,32
707252,2025-07-12 21:48:00,131,indian,22.1,downtown,3.2,1,15.93,car,170,heavy_rain,38
707253,2025-07-12 22:25:00,143,chinese,12.4,uptown,2.7,5,42.84,bike,609,cloudy,29
707254,2025-07-12 23:13:00,141,thai,14.1,suburbs_north,2,4,46.48,bike,9,cloudy,33
707255,2025-07-12 23:51:00,133,chinese,15.9,suburbs_north,8.7,3,29.62,car,519,clear,44
707256,2025-07-13 10:02:00,21,pizza,17,midtown,5,2,29.21,bike,10,clear,44
707259,2025-07-13 11:18:00,78,mexican,9.1,downtown,2.7,4,51.12,bike,182,clear,24
707260,2025-07-13 11:28:00,1,mexican,12.7,downtown,3,7,104.76,bike,66,cloudy,32
707261,2025-07-13 12:11:00,24,pizza,15.8,uptown,3.8,4,30.31,car,579,clear,38
707262,2025-07-13 12:21:00,136,salads,9.3,downtown,1.3,5,38.06,car,707,heavy_rain,27
707263,2025-07-13 12:23:00,101,thai,11.8,suburbs_north,4.4,5,74.46,bike,314,cloudy,40
707264,2025-07-13 12:31:00,56,thai,13,downtown,0.9,4,30.14,bike,558,cloudy,23
707265,2025-07-13 12:36:00,50,salads,8.2,midtown,1.1,4,28.68,scooter,336,clear,17
707266,2025-07-13 12:47:00,112,sushi,18.2,downtown,1.7,7,102.23,bike,21,rain,44
707267,2025-07-13 12:56:00,63,pizza,12.6,downtown,2.7,1,14.13,scooter,23,clear,28
707268,2025-07-13 12:58:00,140,chinese,17.8,downtown,2.2,3,27.19,bike,48,rain,38
707269,2025-07-13 13:00:00,129,pizza,10.9,suburbs_north,7.2,2,24.42,car,40,clear,34
707270,2025-07-13 13:05:00,97,chinese,16.1,uptown,4.6,2,23.24,scooter,886,clear,35
707271,2025-07-13 13:16:00,84,chinese,11.5,suburbs_south,8.1,5,69.55,car,107,clear,42
707272,2025-07-13 13:22:00,139,indian,20.7,midtown,3.3,3,43.76,scooter,6,clear,46
707274,2025-07-13 13:38:00,30,salads,5,suburbs_south,11.4,2,28.05,car,329,clear,37
707275,2025-07-13 13:43:00,154,salads,8.5,midtown,2,4,36.84,scooter,10,rain,24
707277,2025-07-13 14:56:00,2,thai,10.5,downtown,2.4,3,21.12,scooter,1695,clear,19
707278,2025-07-13 15:28:00,128,chinese,6.8,uptown,2.6,4,49.38,bike,267,rain,28
707279,2025-07-13 16:33:00,97,chinese,16.1,uptown,3.9,1,14.91,car,409,clear,26
707280,2025-07-13 16:53:00,19,chinese,10.6,downtown,0.9,8,87.59,scooter,274,clear,22
707281,2025-07-13 17:17:00,85,pizza,11.8,uptown,4.4,2,14.08,bike,7,clear,26
707282,2025-07-13 17:35:00,79,salads,10,midtown,3.8,2,31.18,car,47,,27
707283,2025-07-13 17:40:00,74,thai,18.7,downtown,3.8,2,28.98,car,18,cloudy,32
707284,2025-07-13 17:41:00,48,mexican,8.8,midtown,3.3,3,25.73,bike,74,clear,24
707285,2025-07-13 17:49:00,51,indian,17,downtown,1.9,2,23.39,bike,38,cloudy,33
707286,2025-07-13 17:56:00,141,thai,14.1,suburbs_north,3.7,4,38.35,scooter,327,cloudy,32
707288,2025-07-13 18:00:00,109,burgers,10,downtown,2.7,6,65.84,bike,33,rain,32
707293,2025-07-13 18:27:00,63,pizza,12.6,downtown,2.7,2,26.74,bike,,,25
707295,2025-07-13 19:15:00,44,indian,21,midtown,1.2,5,42.2,bike,129,clear,43
707296,2025-07-13 19:19:00,97,chinese,16.1,uptown,3.8,1,11.84,bike,,clear,38
707298,2025-07-13 19:49:00,108,mexican,10.1,suburbs_south,6.1,3,29.96,car,278,cloudy,36
707299,2025-07-13 20:20:00,82,salads,9.2,midtown,3.4,2,22.87,scooter,,rain,33
707300,2025-07-13 20:24:00,17,thai,9.8,uptown,2.7,3,34.81,bike,224,rain,37
707301,2025-07-13 20:49:00,149,thai,15.5,downtown,2,5,75.51,scooter,58,clear,27
707302,2025-07-13 21:31:00,125,sushi,18.8,uptown,1.7,3,46.31,scooter,291,clear,35
707305,2025-07-13 21:43:00,6,sushi,16.8,midtown,1.7,3,26.14,scooter,44,cloudy,32
707306,2025-07-13 21:53:00,77,pizza,11.4,uptown,5.4,2,14.79,bike,108,clear,38
707308,2025-07-13 22:19:00,19,chinese,10.6,downtown,0.7,4,42.59,scooter,147,clear,17
707309,2025-07-13 22:31:00,102,indian,17.4,uptown,5.8,1,15.83,bike,43,clear,53
707310,2025-07-13 23:13:00,13,indian,15.1,downtown,0.9,2,14.07,car,47,clear,23
707311,2025-07-13 23:27:00,78,mexican,9.1,downtown,1.8,2,31.57,bike,432,clear,19
707312,2025-07-14 10:25:00,130,mexican,15.3,downtown,2.3,2,21.47,scooter,20,clear,22
707315,2025-07-14 11:15:00,43,chinese,12.4,uptown,3,5,68.21,car,115,cloudy,28
707316,2025-07-14 11:24:00,147,chinese,17.7,midtown,3.5,4,30.7,bike,745,clear,39
707317,2025-07-14 11:30:00,89,sushi,22.3,suburbs_north,7.6,4,43.61,car,45,clear,49
707318,2025-07-14 11:39:00,142,indian,20.4,midtown,1.4,8,93.16,scooter,254,clear,37
707319,2025-07-14 11:41:00,11,indian,20.4,uptown,1.4,3,23.85,bike,16,clear,36
707320,2025-07-14 12:03:00,2,thai,10.5,downtown,3,4,47.55,bike,175,clear,32
707321,2025-07-14 12:14:00,91,salads,10.1,suburbs_south,6.1,3,23.86,car,103,cloudy,35
707322,2025-07-14 12:22:00,138,thai,16.2,uptown,5.1,1,8.14,bike,324,clear,43
707323,2025-07-14 12:24:00,114,chinese,12.4,suburbs_south,8.9,1,11,scooter,32,clear,47
707324,2025-07-14 12:26:00,34,mexican,12.2,midtown,2.5,2,21.74,scooter,53,cloudy,23
707325,2025-07-14 12:27:00,3,pizza,20.9,suburbs_north,2.4,1,10.42,scooter,81,clear,38
707326,2025-07-14 12:47:00,69,salads,8.8,midtown,3.4,1,14.29,scooter,13,clear,25
707330,2025-07-14 13:27:00,65,thai,16.7,uptown,5.2,1,10.78,car,245,clear,28
707334,2025-07-14 13:54:00,25,mexican,14.5,midtown,2.9,2,30.4,bike,61,cloudy,35
707335,2025-07-14 14:48:00,42,pizza,16.7,downtown,2.7,5,58.25,scooter,456,clear,29
707336,2025-07-14 15:06:00,43,chinese,12.4,uptown,3.4,2,22.38,car,223,clear,21
707339,2025-07-14 17:08:00,108,mexican,10.1,suburbs_south,8,5,65.83,car,113,clear,35
707340,2025-07-14 17:15:00,122,indian,20,midtown,2.4,8,126.63,scooter,,clear,35
707342,2025-07-14 17:45:00,155,indian,14.5,suburbs_south,10.8,6,62.84,scooter,,cloudy,50
707343,2025-07-14 18:07:00,159,pizza,15,uptown,4.7,5,53.8,bike,,cloudy,45
707344,2025-07-14 18:11:00,43,chinese,12.4,uptown,5.2,3,26.61,bike,604,rain,43
707347,2025-07-14 18:26:00,156,salads,12.7,downtown,1.1,3,23.75,bike,281,clear,22
707349,2025-07-14 18:50:00,48,mexican,8.8,midtown,0.9,4,48.78,scooter,2030,clear,13
707350,2025-07-14 19:19:00,114,chinese,12.4,suburbs_south,3.6,4,40.29,bike,204,clear,34
707352,2025-07-14 19:24:00,142,indian,20.4,midtown,3,3,38.21,scooter,,,47
707353,2025-07-14 19:31:00,6,sushi,16.8,midtown,5.2,1,15.41,car,299,clear,39
707354,2025-07-14 19:33:00,140,chinese,17.8,downtown,1.1,1,8.3,bike,428,clear,30
707356,2025-07-14 19:39:00,68,thai,11.9,uptown,4.1,6,72.61,car,239,clear,20
707357,2025-07-14 19:44:00,45,indian,15.4,midtown,4,3,47.51,car,32,clear,33
707361,2025-07-14 20:15:00,119,indian,16.8,suburbs_south,12.1,1,9.7,scooter,75,clear,59
707362,2025-07-14 20:39:00,108,mexican,10.1,suburbs_south,10.2,4,49.96,scooter,46,clear,46
707363,2025-07-14 20:40:00,137,thai,13.3,suburbs_north,6.6,3,39.8,car,365,cloudy,35
707364,2025-07-14 20:48:00,5,mexican,12.4,uptown,5.1,2,29.04,scooter,124,,32
707365,2025-07-14 20:51:00,21,pizza,17,midtown,2.1,1,14.12,scooter,36,cloudy,30
707366,2025-07-14 22:12:00,82,salads,9.2,midtown,5.1,3,38.48,bike,,clear,28
707369,2025-07-14 23:40:00,4,pizza,14,suburbs_south,4.6,1,9.41,car,510,rain,37
707370,2025-07-14 23:41:00,127,indian,15.6,downtown,2.1,7,100.42,bike,49,rain,35
707371,2025-07-15 10:07:00,106,pizza,12.3,downtown,2,2,17.73,scooter,955,clear,22
707372,2025-07-15 11:09:00,118,thai,15.5,downtown,1.4,1,8,scooter,153,clear,26
707373,2025-07-15 11:32:00,151,chinese,11.8,downtown,2.4,5,78.13,bike,171,rain,29
707374,2025-07-15 11:35:00,147,chinese,17.7,midtown,3.8,1,15.98,car,15,clear,34
707375,2025-07-15 11:52:00,97,chinese,16.1,uptown,2.3,5,78.03,bike,77,cloudy,31
707376,2025-07-15 11:58:00,49,indian,14.4,uptown,2.8,1,8.3,scooter,168,clear,33
707377,2025-07-15 12:04:00,102,indian,17.4,uptown,4.1,4,49.52,scooter,169,clear,39
707380,2025-07-15 12:45:00,64,mexican,11.6,suburbs_north,5.7,4,62.36,scooter,746,clear,33
707381,2025-07-15 13:18:00,9,thai,12.6,suburbs_south,6.8,4,62.24,car,20,clear,38
707382,2025-07-15 13:20:00,10,pizza,12.9,suburbs_north,5.8,4,44.11,scooter,38,cloudy,42
707383,2025-07-15 13:34:00,95,pizza,11.9,suburbs_south,5.6,3,32.65,scooter,564,cloudy,36
707384,2025-07-15 15:14:00,140,chinese,17.8,downtown,2.9,2,27.72,bike,10999,heavy_rain,38
707386,2025-07-15 15:53:00,29,salads,9.9,midtown,2.5,3,31.44,scooter,63,clear,22
707387,2025-07-15 16:22:00,96,thai,15.7,downtown,0.8,2,24.32,scooter,48,rain,22
707388,2025-07-15 16:32:00,77,pizza,11.4,uptown,2.1,4,58,bike,42,clear,24
707389,2025-07-15 16:38:00,56,thai,13,downtown,0.8,1,14.08,scooter,212,clear,19
707390,2025-07-15 16:52:00,90,sushi,20.7,midtown,1.7,1,13.52,scooter,821,cloudy,22
707392,2025-07-15 17:26:00,62,salads,6.7,downtown,3,1,14.06,scooter,271,clear,17
707393,2025-07-15 17:32:00,24,pizza,15.8,uptown,1.9,2,20.62,bike,164,cloudy,23
707394,2025-07-15 17:39:00,68,thai,11.9,uptown,3.8,3,28.5,scooter,241,rain,33
707395,2025-07-15 17:58:00,160,salads,5,uptown,2.9,2,17.9,car,987,clear,19
707396,2025-07-15 18:00:00,66,sushi,18.7,midtown,3.6,3,44.49,bike,93,cloudy,48
707397,2025-07-15 18:09:00,70,thai,14.2,suburbs_north,5.5,4,52.31,scooter,145,clear,41
707398,2025-07-15 18:20:00,109,burgers,10,downtown,1,2,20.94,scooter,112,heavy_rain,16
707399,2025-07-15 18:34:00,103,thai,16.4,midtown,4.2,2,16.45,bike,479,cloudy,40
707400,2025-07-15 18:38:00,77,pizza,11.4,uptown,4.4,3,32.09,scooter,97,cloudy,32
707401,2025-07-15 18:42:00,93,sushi,16.7,downtown,2,3,22.63,scooter,166,cloudy,28
707402,2025-07-15 18:46:00,20,mexican,9.2,midtown,5,5,68.11,bike,185,cloudy,39
707403,2025-07-15 18:50:00,82,salads,9.2,midtown,1.6,1,8,scooter,5555,clear,18
707404,2025-07-15 19:00:00,75,mexican,13.3,midtown,1.4,2,18.51,car,56,cloudy,21
707405,2025-07-15 19:16:00,45,indian,15.4,midtown,3.5,5,56.01,car,102,clear,35
707406,2025-07-15 19:21:00,131,indian,22.1,downtown,2.4,1,9.01,scooter,122,clear,39
707407,2025-07-15 19:29:00,140,chinese,17.8,downtown,1.8,2,31.83,bike,2638,cloudy,26
707408,2025-07-15 19:36:00,88,burgers,8.9,suburbs_south,12.7,5,45.49,car,677,clear,43
707409,2025-07-15 19:38:00,109,burgers,10,downtown,0.8,1,11.9,scooter,2,clear,20
707411,2025-07-15 19:40:00,21,pizza,17,midtown,2.6,1,9.69,bike,595,clear,29
707412,2025-07-15 19:50:00,85,pizza,11.8,uptown,5.9,2,28.66,scooter,105,clear,39
707413,2025-07-15 20:07:00,121,indian,13.9,suburbs_north,8.9,2,23.54,car,376,clear,45
707414,2025-07-15 20:24:00,160,salads,5,uptown,2.8,1,15.44,bike,114,clear,23
707415,2025-07-15 20:30:00,133,chinese,15.9,suburbs_north,7,5,47.21,car,17,,42
707416,2025-07-15 20:51:00,11,indian,20.4,uptown,5.9,4,63.12,car,743,rain,45
707417,2025-07-15 21:03:00,45,indian,15.4,midtown,3.8,2,27.83,scooter,29,cloudy,33
707419,2025-07-15 22:27:00,123,salads,7.7,uptown,4.3,2,16.47,car,64,cloudy,22
707421,2025-07-16 10:11:00,122,indian,20,midtown,2.7,3,41.28,bike,9,clear,43
707422,2025-07-16 10:17:00,23,burgers,11.6,downtown,1.7,2,31.76,car,312,cloudy,21
707423,2025-07-16 10:18:00,88,burgers,8.9,suburbs_south,9.5,1,13.9,car,568,cloudy,36
707425,2025-07-16 10:39:00,126,pizza,12,midtown,2.3,4,51.62,car,5,clear,16
707426,2025-07-16 11:01:00,36,burgers,11.8,downtown,1.4,5,65.94,scooter,34,cloudy,26
707429,2025-07-16 11:20:00,112,sushi,18.2,downtown,2.1,1,13.12,bike,217,,28
707431,2025-07-16 12:20:00,21,pizza,17,midtown,4.6,4,59.86,scooter,202,cloudy,42
707432,2025-07-16 12:24:00,12,thai,12.8,midtown,4.5,2,31.7,scooter,354,clear,31
707434,2025-07-16 12:35:00,46,indian,19.4,downtown,1.5,4,60.72,bike,54,clear,36
707435,2025-07-16 12:44:00,58,indian,21.6,uptown,4.7,1,14.85,bike,210,cloudy,50
707436,2025-07-16 12:49:00,121,indian,13.9,suburbs_north,6.8,2,25.51,car,19,clear,36
707437,2025-07-16 12:54:00,31,sushi,14.7,midtown,1.6,3,28.75,scooter,36,clear,32
707438,2025-07-16 13:05:00,17,thai,9.8,uptown,3.3,2,15.67,scooter,213,cloudy,25
707439,2025-07-16 13:24:00,39,thai,21,downtown,2.3,3,29.77,scooter,,clear,35
707440,2025-07-16 13:49:00,57,sushi,15.1,midtown,2.7,3,27.77,scooter,78,clear,29
707441,2025-07-16 13:51:00,72,burgers,12.2,suburbs_south,10.6,2,14.2,scooter,347,clear,50
707442,2025-07-16 13:51:00,3,pizza,20.9,suburbs_north,3.5,4,53.79,car,652,clear,38
707443,2025-07-16 14:06:00,85,pizza,11.8,uptown,5,1,14.67,scooter,181,clear,25
707444,2025-07-16 15:48:00,130,mexican,15.3,downtown,2.6,2,23.09,bike,287,heavy_rain,33
707445,2025-07-16 16:18:00,38,pizza,16.9,midtown,4.2,2,15.28,bike,2237,cloudy,32
707446,2025-07-16 16:45:00,103,thai,16.4,midtown,1.7,2,15.7,scooter,637,clear,22
707447,2025-07-16 16:52:00,68,thai,11.9,uptown,2.3,1,15.59,bike,,cloudy,17
707448,2025-07-16 16:53:00,3,pizza,20.9,suburbs_north,3.2,2,30.06,bike,186,cloudy,39
707450,2025-07-16 17:44:00,102,indian,17.4,uptown,4.4,1,8,bike,,cloudy,42
707451,2025-07-16 17:51:00,104,thai,11.5,suburbs_south,10.2,1,8.6,car,38,cloudy,39
707453,2025-07-16 18:43:00,99,thai,13.4,midtown,2.6,2,30.13,scooter,196,clear,29
707454,2025-07-16 18:45:00,144,chinese,7.6,midtown,1.5,2,28.41,car,41,clear,13
707455,2025-07-16 18:50:00,63,pizza,12.6,downtown,2.6,1,8.52,car,330,clear,25
707456,2025-07-16 18:56:00,143,chinese,12.4,uptown,3.7,3,41.55,bike,,clear,31
707457,2025-07-16 18:57:00,120,pizza,12.2,downtown,2.9,7,56.86,bike,217,clear,36
707458,2025-07-16 19:05:00,137,thai,13.3,suburbs_north,4.3,8,123.77,scooter,114,cloudy,38
707460,2025-07-16 19:06:00,36,burgers,11.8,downtown,2.9,6,63.81,scooter,95,clear,34
707461,2025-07-16 19:31:00,113,mexican,13.2,midtown,4.3,4,29.53,bike,88,cloudy,38
707462,2025-07-16 19:42:00,92,thai,7,uptown,5.2,3,25.3,scooter,1650,clear,33
707463,2025-07-16 20:33:00,68,thai,11.9,uptown,5.1,2,31.37,scooter,129,clear,27
707464,2025-07-16 20:38:00,55,salads,5,midtown,3.2,1,13.56,scooter,1723,cloudy,18
707465,2025-07-16 20:43:00,96,thai,15.7,downtown,1,5,52.06,car,233,clear,29
707466,2025-07-16 20:49:00,155,indian,14.5,suburbs_south,9.1,4,54.2,scooter,43,clear,53
707467,2025-07-16 20:52:00,60,chinese,10.4,suburbs_north,6.7,4,37.05,car,3371,cloudy,30
707468,2025-07-16 21:02:00,56,thai,13,downtown,1.6,3,38.43,scooter,511,clear,22
707470,2025-07-16 21:35:00,95,pizza,11.9,suburbs_south,10.8,3,46.37,car,361,rain,49
707471,2025-07-16 21:40:00,55,salads,5,midtown,5.5,1,10.1,scooter,106,clear,23
707472,2025-07-16 22:11:00,94,sushi,20.2,downtown,2.8,2,26.13,scooter,71,clear,27
707473,2025-07-16 23:56:00,100,pizza,12.8,uptown,4.4,5,45.98,bike,112,clear,42
707474,2025-07-17 11:31:00,153,salads,5,suburbs_south,8.7,3,37.52,car,287,cloudy,29
707475,2025-07-17 11:55:00,56,thai,13,downtown,1.9,4,51.77,scooter,862,clear,30
707476,2025-07-17 12:16:00,37,pizza,17.5,midtown,1,2,27.96,bike,87,clear,28
707477,2025-07-17 12:47:00,156,salads,12.7,downtown,2.5,2,27.52,scooter,41,clear,25
707478,2025-07-17 12:48:00,143,chinese,12.4,uptown,2.8,2,20.58,scooter,2017,clear,25
707479,2025-07-17 12:49:00,36,burgers,11.8,downtown,2.4,2,23.19,scooter,905,clear,18
707480,2025-07-17 12:50:00,34,mexican,12.2,midtown,3.7,3,41.34,bike,34,clear,34
707481,2025-07-17 13:09:00,76,mexican,10,uptown,3.2,6,54.77,scooter,305,heavy_rain,34
707482,2025-07-17 13:37:00,29,salads,9.9,midtown,2.9,2,24.87,scooter,50,heavy_rain,28
707483,2025-07-17 13:45:00,139,indian,20.7,midtown,2.3,2,18.93,bike,27,,43
707485,2025-07-17 13:51:00,142,indian,20.4,midtown,3.8,5,67.3,car,258,clear,37
707487,2025-07-17 14:02:00,16,salads,7.8,uptown,1.8,2,14.75,scooter,1162,clear,12
707489,2025-07-17 14:43:00,83,salads,8.7,midtown,2.9,8,120.5,scooter,,heavy_rain,33
707490,2025-07-17 14:51:00,139,indian,20.7,midtown,3.2,5,39.68,bike,98,cloudy,42
707491,2025-07-17 15:35:00,89,sushi,22.3,suburbs_north,4.4,3,27.13,scooter,381,clear,45
707492,2025-07-17 15:57:00,110,thai,12.5,suburbs_north,7.1,1,9.41,car,83,cloudy,30
707493,2025-07-17 16:02:00,136,salads,9.3,downtown,1.5,3,35.61,scooter,57,rain,20
707494,2025-07-17 16:07:00,144,chinese,7.6,midtown,3.5,1,8,bike,35,clear,27
707495,2025-07-17 16:21:00,73,pizza,10.6,midtown,3.4,2,27.63,car,49,clear,20
707497,2025-07-17 16:45:00,51,indian,17,downtown,2.3,2,17.66,car,421,rain,23
707498,2025-07-17 17:15:00,51,indian,17,downtown,1.9,2,29.4,car,51,clear,27
707499,2025-07-17 17:23:00,103,thai,16.4,midtown,4.1,2,25.15,bike,69,clear,39
707502,2025-07-17 18:21:00,36,burgers,11.8,downtown,2.8,2,24.17,scooter,1290,cloudy,23
707503,2025-07-17 18:28:00,97,chinese,16.1,uptown,1.5,2,20.33,scooter,38,cloudy,33
707504,2025-07-17 18:33:00,19,chinese,10.6,downtown,1.4,5,77.74,scooter,945,cloudy,19
707511,2025-07-17 19:30:00,72,burgers,12.2,suburbs_south,5.8,2,18.26,scooter,1414,rain,40
707512,2025-07-17 19:36:00,53,thai,11.5,midtown,1.4,6,52.96,car,41,clear,25
707513,2025-07-17 19:39:00,18,indian,20.8,suburbs_south,3.8,6,91.35,scooter,576,cloudy,44
707514,2025-07-17 19:59:00,81,sushi,17.4,downtown,2.6,1,9.7,scooter,72,clear,34
707515,2025-07-17 20:01:00,150,mexican,14.6,downtown,1.4,2,26.66,car,46,clear,24
707517,2025-07-17 20:17:00,123,salads,7.7,uptown,1.8,6,72.81,bike,138,clear,20
707519,2025-07-17 20:39:00,8,burgers,12.1,uptown,1.8,2,17.1,bike,381,cloudy,33
707520,2025-07-17 20:44:00,2,thai,10.5,downtown,2.2,1,12.51,scooter,124,cloudy,15
707521,2025-07-17 20:52:00,144,chinese,7.6,midtown,2.4,2,31.89,bike,108,clear,21
707522,2025-07-17 21:20:00,47,mexican,14.1,downtown,1.5,1,14.74,scooter,,clear,18
707523,2025-07-17 21:30:00,133,chinese,15.9,suburbs_north,3.8,2,19.7,bike,110,clear,36
707524,2025-07-17 22:03:00,4,pizza,14,suburbs_south,5.3,2,30.33,scooter,14,rain,36
707525,2025-07-17 22:16:00,49,indian,14.4,uptown,5.2,2,27.98,bike,43,cloudy,43
707526,2025-07-17 22:19:00,86,chinese,11.8,suburbs_south,6.1,4,57.37,scooter,575,rain,38
707527,2025-07-17 22:32:00,146,thai,14.2,uptown,5.6,3,44.37,scooter,184,rain,40
707528,2025-07-17 22:53:00,94,sushi,20.2,downtown,1.2,2,22.35,car,278,cloudy,29
707529,2025-07-18 10:03:00,21,pizza,17,midtown,1.2,1,8.79,bike,897,cloudy,16
707530,2025-07-18 10:18:00,139,indian,20.7,midtown,1.1,2,28.26,bike,186,clear,27
707531,2025-07-18 11:03:00,84,chinese,11.5,suburbs_south,4.6,4,28.82,bike,33,clear,39
707532,2025-07-18 11:07:00,48,mexican,8.8,midtown,5.3,1,13.56,bike,20,heavy_rain,42
707533,2025-07-18 11:28:00,62,salads,6.7,downtown,2.2,2,16.74,bike,65,clear,24
707535,2025-07-18 11:46:00,53,thai,11.5,midtown,2.3,2,18.4,bike,79,heavy_rain,30
707536,2025-07-18 12:04:00,42,pizza,16.7,downtown,2,1,15.63,scooter,92,heavy_rain,36
707539,2025-07-18 12:35:00,134,mexican,10.8,midtown,1.5,1,9.55,bike,932,clear,22
707540,2025-07-18 12:58:00,36,burgers,11.8,downtown,3.4,5,73.68,scooter,342,clear,33
707541,2025-07-18 13:01:00,69,salads,8.8,midtown,4.7,5,60.32,bike,408,clear,32
707543,2025-07-18 14:06:00,94,sushi,20.2,downtown,3.1,7,64.82,scooter,197,clear,34
707544,2025-07-18 14:56:00,52,mexican,5.5,uptown,5.5,2,23.75,bike,60,clear,31
707545,2025-07-18 15:38:00,21,pizza,17,midtown,3.4,5,71.63,bike,42,rain,48
707546,2025-07-18 16:27:00,48,mexican,8.8,midtown,1.6,1,8,bike,21,heavy_rain,21
707548,2025-07-18 16:32:00,135,sushi,20.5,downtown,2.6,1,15.89,bike,40,cloudy,36
707549,2025-07-18 16:44:00,68,thai,11.9,uptown,2.5,3,36.15,bike,133,clear,31
707550,2025-07-18 17:03:00,62,salads,6.7,downtown,1.8,1,8,bike,38,clear,19
707551,2025-07-18 17:09:00,151,chinese,11.8,downtown,2.7,8,108.24,bike,71,clear,33
707553,2025-07-18 17:33:00,127,indian,15.6,downtown,1,2,21.03,car,19,rain,24
707554,2025-07-18 18:06:00,153,salads,5,suburbs_south,6.2,2,27.04,car,242,clear,26
707555,2025-07-18 18:11:00,103,thai,16.4,midtown,4.7,2,19.3,car,31,clear,36
707556,2025-07-18 18:19:00,99,thai,13.4,midtown,3.5,1,11.71,bike,113,cloudy,35
707557,2025-07-18 18:21:00,77,pizza,11.4,uptown,2.2,5,46.05,scooter,106,cloudy,31
707558,2025-07-18 18:35:00,3,pizza,20.9,suburbs_north,5.2,4,43.69,scooter,20,,52
707559,2025-07-18 18:38:00,2,thai,10.5,downtown,1.7,6,85.14,scooter,773,clear,21
707560,2025-07-18 18:51:00,139,indian,20.7,midtown,2.9,2,28.08,scooter,239,heavy_rain,38
707561,2025-07-18 19:00:00,23,burgers,11.6,downtown,2.2,2,20.33,bike,38,heavy_rain,29
707562,2025-07-18 19:08:00,2,thai,10.5,downtown,1.1,4,32.16,bike,10,clear,24
707563,2025-07-18 19:16:00,108,mexican,10.1,suburbs_south,8.9,3,21.22,scooter,1410,clear,45
707564,2025-07-18 19:47:00,148,indian,16.9,suburbs_north,7.2,3,45.62,scooter,80,cloudy,45
707565,2025-07-18 19:59:00,25,mexican,14.5,midtown,2.1,2,28.4,scooter,77,cloudy,23
707566,2025-07-18 19:59:00,58,indian,21.6,uptown,3.5,6,91.99,car,64,rain,42
707568,2025-07-18 20:29:00,95,pizza,11.9,suburbs_south,11.6,2,28.58,car,496,clear,49
707569,2025-07-18 20:32:00,149,thai,15.5,downtown,2.1,3,35.23,bike,1254,clear,26
707570,2025-07-18 20:37:00,105,pizza,12.9,midtown,3.3,2,26.93,bike,496,rain,35
707571,2025-07-18 20:53:00,52,mexican,5.5,uptown,4,1,10.16,car,336,clear,22
707572,2025-07-18 20:54:00,117,pizza,16.2,suburbs_south,6.1,3,43.48,car,800,cloudy,35
707573,2025-07-18 20:57:00,157,burgers,16.3,suburbs_south,8.4,6,71.74,car,648,cloudy,43
707574,2025-07-18 20:58:00,108,mexican,10.1,suburbs_south,7.1,2,25.44,car,64,cloudy,34
707575,2025-07-18 21:45:00,69,salads,8.8,midtown,1.5,1,13.53,bike,976,cloudy,16
707576,2025-07-18 21:45:00,136,salads,9.3,downtown,1.7,4,54.34,scooter,275,clear,20
707577,2025-07-18 21:52:00,98,salads,11.1,midtown,2.1,1,8.77,scooter,245,cloudy,17
707578,2025-07-18 22:50:00,37,pizza,17.5,midtown,4.3,1,8,scooter,391,clear,28
707579,2025-07-18 23:02:00,112,sushi,18.2,downtown,2.4,1,11.48,scooter,614,cloudy,24
707580,2025-07-19 10:09:00,91,salads,10.1,suburbs_south,6,6,59.89,scooter,28,clear,29
707581,2025-07-19 11:07:00,7,thai,17.1,midtown,2.3,6,48.7,scooter,564,cloudy,35
707582,2025-07-19 11:25:00,78,mexican,9.1,downtown,1.5,2,25.02,scooter,258,rain,14
707583,2025-07-19 11:35:00,56,thai,13,downtown,1.3,2,29.42,car,238,rain,23
707584,2025-07-19 11:41:00,128,chinese,6.8,uptown,3.7,6,71.01,bike,245,clear,18
707585,2025-07-19 11:54:00,155,indian,14.5,suburbs_south,10.6,1,10.91,scooter,21,cloudy,54
707586,2025-07-19 11:58:00,155,indian,14.5,suburbs_south,3,3,37.94,scooter,279,cloudy,35
707587,2025-07-19 11:58:00,28,indian,19.5,downtown,2.9,4,44.95,car,53,rain,50
707589,2025-07-19 12:22:00,86,chinese,11.8,suburbs_south,6.4,3,36.98,car,981,clear,39
707590,2025-07-19 12:39:00,141,thai,14.1,suburbs_north,6.2,5,55.59,car,1997,heavy_rain,45
707591,2025-07-19 12:42:00,89,sushi,22.3,suburbs_north,7.4,5,42.22,scooter,59,heavy_rain,65
707592,2025-07-19 12:59:00,11,indian,20.4,uptown,4.1,6,87.26,scooter,385,clear,53
707593,2025-07-19 13:15:00,89,sushi,22.3,suburbs_north,6.8,7,67.06,car,42,cloudy,62
707594,2025-07-19 13:19:00,23,burgers,11.6,downtown,1.6,2,27,bike,155,clear,22
707595,2025-07-19 13:22:00,92,thai,7,uptown,4.6,4,34.71,car,1749,clear,19
707596,2025-07-19 13:46:00,90,sushi,20.7,midtown,1.8,2,27.74,car,10,heavy_rain,41
707597,2025-07-19 13:50:00,134,mexican,10.8,midtown,4.7,4,57.2,scooter,323,cloudy,27
707600,2025-07-19 14:50:00,5,mexican,12.4,uptown,3.3,2,27.18,bike,,cloudy,30
707601,2025-07-19 15:29:00,157,burgers,16.3,suburbs_south,6.9,4,44.52,car,454,rain,44
707602,2025-07-19 16:16:00,47,mexican,14.1,downtown,2.7,5,57.44,scooter,36,rain,33
707603,2025-07-19 16:17:00,140,chinese,17.8,downtown,3.2,3,32.42,bike,218,clear,35
707604,2025-07-19 16:44:00,112,sushi,18.2,downtown,2.3,3,39.18,car,113,clear,32
707606,2025-07-19 17:06:00,110,thai,12.5,suburbs_north,7.4,2,14.19,car,32,clear,29
707608,2025-07-19 17:21:00,23,burgers,11.6,downtown,0.7,1,12.64,car,278,clear,13
707609,2025-07-19 17:32:00,109,burgers,10,downtown,1.2,2,25.87,car,116,clear,19
707610,2025-07-19 17:36:00,140,chinese,17.8,downtown,2.3,3,21.47,bike,76,clear,30
707612,2025-07-19 17:49:00,1,mexican,12.7,downtown,2.2,2,24.21,scooter,1172,cloudy,24
707613,2025-07-19 17:56:00,51,indian,17,downtown,1.1,4,31.59,scooter,163,rain,30
707614,2025-07-19 18:05:00,147,chinese,17.7,midtown,3,1,15.27,bike,,clear,35
707615,2025-07-19 18:33:00,10,pizza,12.9,suburbs_north,5.9,2,30.06,bike,193,clear,37
707616,2025-07-19 18:58:00,92,thai,7,uptown,5.7,4,31.04,scooter,189,heavy_rain,38
707617,2025-07-19 19:28:00,5,mexican,12.4,uptown,3.7,4,33.37,bike,11,cloudy,39
707619,2025-07-19 19:35:00,5,mexican,12.4,uptown,3.4,1,13.64,scooter,43,cloudy,27
707620,2025-07-19 19:38:00,144,chinese,7.6,midtown,3.8,3,22.85,bike,234,rain,42
707621,2025-07-19 19:39:00,2,thai,10.5,downtown,1,2,20,scooter,272,cloudy,19
707625,2025-07-19 19:52:00,58,indian,21.6,uptown,3.4,3,42.62,bike,138,clear,50
707626,2025-07-19 19:56:00,40,pizza,18.4,midtown,4.1,2,30.14,scooter,311,cloudy,41
707627,2025-07-19 20:16:00,56,thai,13,downtown,2.8,4,51.84,scooter,98,clear,29
707628,2025-07-19 20:25:00,105,pizza,12.9,midtown,3.5,3,25.58,scooter,94,clear,34
707629,2025-07-19 20:44:00,1,mexican,12.7,downtown,1,2,17.61,car,122,rain,22
707630,2025-07-19 21:07:00,21,pizza,17,midtown,3.8,1,9.83,car,110,cloudy,26
707631,2025-07-19 21:24:00,102,indian,17.4,uptown,1.5,6,84.78,car,31,clear,26
707632,2025-07-19 21:31:00,21,pizza,17,midtown,2.1,2,26.45,car,1204,clear,27
707633,2025-07-19 21:44:00,76,mexican,10,uptown,2.8,4,39.66,bike,156,clear,27
707634,2025-07-19 21:45:00,115,thai,13.4,downtown,1.9,1,15.63,scooter,19,clear,18
707635,2025-07-19 21:50:00,70,thai,14.2,suburbs_north,9.7,4,55.84,car,210,heavy_rain,51
707636,2025-07-19 22:40:00,13,indian,15.1,downtown,2.6,2,14.21,scooter,105,cloudy,24
707637,2025-07-19 22:56:00,133,chinese,15.9,suburbs_north,7.6,3,34.56,scooter,203,clear,47
707638,2025-07-19 22:56:00,140,chinese,17.8,downtown,1.7,6,54.68,car,83,clear,30
707639,2025-07-19 23:07:00,66,sushi,18.7,midtown,4.3,3,42.84,bike,8,clear,44
707640,2025-07-19 23:23:00,1,mexican,12.7,downtown,0.9,2,14.34,bike,1064,rain,14
707641,2025-07-20 10:29:00,14,burgers,6.4,downtown,1,5,71.35,scooter,99,clear,15
707642,2025-07-20 11:09:00,86,chinese,11.8,suburbs_south,9.4,2,29.15,car,96,clear,43
707645,2025-07-20 11:31:00,93,sushi,16.7,downtown,3.3,1,10.73,scooter,81,rain,31
707646,2025-07-20 11:35:00,46,indian,19.4,downtown,1.7,6,80.81,car,356,cloudy,37
707647,2025-07-20 11:36:00,71,burgers,14.5,uptown,4.2,1,8.36,car,647,clear,32
707648,2025-07-20 11:37:00,29,salads,9.9,midtown,3.1,2,21.02,bike,368,cloudy,32
707650,2025-07-20 11:56:00,80,chinese,16.1,downtown,3.3,3,43.51,bike,197,cloudy,38
707651,2025-07-20 12:02:00,78,mexican,9.1,downtown,2.8,2,19.13,bike,295,clear,24
707652,2025-07-20 12:08:00,69,salads,8.8,midtown,2,1,14.7,car,65,clear,21
707653,2025-07-20 12:31:00,153,salads,5,suburbs_south,10.9,2,24.93,scooter,914,clear,42
707654,2025-07-20 12:42:00,138,thai,16.2,uptown,4.7,2,27.01,bike,413,rain,48
707655,2025-07-20 13:02:00,147,chinese,17.7,midtown,2,2,17.09,scooter,45,cloudy,33
707656,2025-07-20 13:09:00,82,salads,9.2,midtown,3.7,3,31.12,bike,208,rain,30
707657,2025-07-20 13:10:00,48,mexican,8.8,midtown,1.4,5,70.1,car,154,clear,21
707659,2025-07-20 13:53:00,136,salads,9.3,downtown,1.6,2,14.43,bike,33,clear,26
707660,2025-07-20 13:57:00,141,thai,14.1,suburbs_north,11,4,60.42,car,22,cloudy,47
707661,2025-07-20 14:00:00,44,indian,21,midtown,3.4,6,63.91,scooter,31,rain,45
707662,2025-07-20 14:23:00,33,sushi,21.1,midtown,1,2,25.71,bike,11,clear,28
707664,2025-07-20 14:58:00,159,pizza,15,uptown,3.3,3,21.56,bike,451,clear,36
707665,2025-07-20 16:03:00,101,thai,11.8,suburbs_north,5.4,3,44.71,scooter,142,clear,26
707667,2025-07-20 16:24:00,6,sushi,16.8,midtown,2.2,2,17.81,bike,474,clear,32
707668,2025-07-20 16:50:00,137,thai,13.3,suburbs_north,3.7,1,10.2,scooter,163,cloudy,27
707669,2025-07-20 17:02:00,34,mexican,12.2,midtown,3.7,2,22.21,scooter,230,cloudy,30
707671,2025-07-20 17:31:00,158,indian,12.1,midtown,3.1,2,30,bike,12,cloudy,32
707672,2025-07-20 17:58:00,4,pizza,14,suburbs_south,6.3,1,12.45,car,134,clear,27
707673,2025-07-20 18:02:00,102,indian,17.4,uptown,5,4,60.37,scooter,194,clear,43
707674,2025-07-20 18:07:00,45,indian,15.4,midtown,4.7,2,27.77,car,27,cloudy,32
707675,2025-07-20 18:12:00,144,chinese,7.6,midtown,2,3,26.28,bike,1325,cloudy,20
707676,2025-07-20 18:22:00,140,chinese,17.8,downtown,1.6,2,20.92,scooter,,,30
707677,2025-07-20 18:22:00,129,pizza,10.9,suburbs_north,6.2,5,54.45,scooter,6,clear,43
707680,2025-07-20 18:43:00,154,salads,8.5,midtown,2.7,5,70.05,bike,285,clear,22
707681,2025-07-20 19:12:00,64,mexican,11.6,suburbs_north,3.8,3,38.83,scooter,60,clear,29
707683,2025-07-20 19:23:00,142,indian,20.4,midtown,2,2,17.48,scooter,52,clear,34
707684,2025-07-20 19:26:00,30,salads,5,suburbs_south,3,1,10.73,bike,100,clear,21
707685,2025-07-20 19:41:00,110,thai,12.5,suburbs_north,6,2,26.8,car,161,clear,29
707687,2025-07-20 19:54:00,37,pizza,17.5,midtown,2,2,23.76,bike,647,rain,39
707688,2025-07-20 20:17:00,68,thai,11.9,uptown,2.5,2,28.97,bike,168,clear,26
707690,2025-07-20 20:34:00,7,thai,17.1,midtown,1.9,1,11.91,bike,172,cloudy,36
707692,2025-07-20 21:16:00,142,indian,20.4,midtown,1.2,2,20.58,car,1307,rain,34
707693,2025-07-20 21:24:00,44,indian,21,midtown,4.7,1,13.61,bike,,cloudy,44
707694,2025-07-20 21:41:00,33,sushi,21.1,midtown,2,2,27.57,scooter,684,cloudy,34
707695,2025-07-20 22:19:00,124,indian,17.6,downtown,2.8,1,10.58,bike,403,cloudy,29
707696,2025-07-20 22:31:00,81,sushi,17.4,downtown,3.1,1,14.8,car,166,heavy_rain,31
707697,2025-07-20 22:32:00,96,thai,15.7,downtown,2.1,3,42.73,bike,153,heavy_rain,30
707700,2025-07-21 10:04:00,102,indian,17.4,uptown,3.3,2,17.42,scooter,44,cloudy,35
707701,2025-07-21 10:21:00,4,pizza,14,suburbs_south,8.7,2,16.53,car,409,clear,41
707702,2025-07-21 11:05:00,65,thai,16.7,uptown,5.6,3,46.63,scooter,48,cloudy,38
707703,2025-07-21 11:09:00,9,thai,12.6,suburbs_south,7.4,3,29.32,scooter,148,cloudy,39
707704,2025-07-21 11:13:00,155,indian,14.5,suburbs_south,4.4,4,51.69,car,227,cloudy,32
707705,2025-07-21 11:22:00,13,indian,15.1,downtown,1.4,1,14.35,scooter,1976,,31
707707,2025-07-21 12:02:00,22,mexican,9.1,suburbs_south,3.6,2,28.35,car,261,cloudy,22
707710,2025-07-21 12:17:00,73,pizza,10.6,midtown,4.3,2,19.19,scooter,604,clear,27
707711,2025-07-21 12:28:00,140,chinese,17.8,downtown,2.1,4,49.56,bike,56,clear,36
707712,2025-07-21 12:33:00,76,mexican,10,uptown,5.1,5,54.72,bike,57,clear,38
707714,2025-07-21 12:39:00,160,salads,5,uptown,2.1,2,19.74,scooter,186,heavy_rain,18
707715,2025-07-21 12:52:00,12,thai,12.8,midtown,3.4,3,36.99,bike,119,clear,33
707716,2025-07-21 12:58:00,140,chinese,17.8,downtown,1.2,3,28.67,car,94,clear,32
707717,2025-07-21 13:12:00,121,indian,13.9,suburbs_north,7.9,1,11.12,car,308,clear,46
707718,2025-07-21 13:14:00,36,burgers,11.8,downtown,2.3,2,26.56,car,358,cloudy,29
707719,2025-07-21 13:35:00,55,salads,5,midtown,2.2,4,39.75,scooter,34,clear,17
707720,2025-07-21 13:59:00,152,indian,18,suburbs_north,11.1,1,11.84,car,61,clear,48
707722,2025-07-21 14:34:00,148,indian,16.9,suburbs_north,3,2,19.16,scooter,,clear,28
707723,2025-07-21 14:47:00,138,thai,16.2,uptown,1.4,3,26.67,car,528,clear,21
707724,2025-07-21 15:33:00,108,mexican,10.1,suburbs_south,3.4,5,47.62,bike,10,clear,31
707725,2025-07-21 15:50:00,137,thai,13.3,suburbs_north,3,2,28.35,car,205,clear,26
707726,2025-07-21 16:33:00,43,chinese,12.4,uptown,2.7,1,12.76,scooter,231,clear,27
707728,2025-07-21 16:46:00,13,indian,15.1,downtown,1.4,1,13.62,scooter,78,heavy_rain,22
707729,2025-07-21 16:59:00,155,indian,14.5,suburbs_south,3.5,1,12.9,car,13,cloudy,27
707730,2025-07-21 17:04:00,25,mexican,14.5,midtown,3.6,2,21.97,car,,clear,29
707731,2025-07-21 17:28:00,70,thai,14.2,suburbs_north,3.1,4,56.03,scooter,71,cloudy,22
707732,2025-07-21 17:36:00,84,chinese,11.5,suburbs_south,4.8,2,15.76,scooter,99,clear,33
707733,2025-07-21 17:56:00,17,thai,9.8,uptown,4.9,5,70.56,scooter,916,cloudy,29
707734,2025-07-21 18:13:00,91,salads,10.1,suburbs_south,4.4,3,26.86,bike,82,cloudy,35
707736,2025-07-21 18:21:00,9,thai,12.6,suburbs_south,4.6,2,16.05,car,117,cloudy,34
707737,2025-07-21 18:47:00,11,indian,20.4,uptown,3.1,4,53.49,car,184,clear,42
707738,2025-07-21 18:48:00,77,pizza,11.4,uptown,1.7,4,52.64,scooter,16,cloudy,23
707739,2025-07-21 18:49:00,158,indian,12.1,midtown,3.3,2,23.66,bike,107,cloudy,37
707741,2025-07-21 19:08:00,151,chinese,11.8,downtown,1,1,11.15,scooter,122,clear,21
707742,2025-07-21 19:10:00,1,mexican,12.7,downtown,2.6,2,23.34,scooter,1112,rain,29
707743,2025-07-21 19:12:00,39,thai,21,downtown,3,4,56.65,bike,66,rain,46
707744,2025-07-21 19:38:00,84,chinese,11.5,suburbs_south,9.9,2,14.73,scooter,222,clear,45
707747,2025-07-21 19:48:00,125,sushi,18.8,uptown,3.4,2,28.88,scooter,353,cloudy,41
707748,2025-07-21 20:10:00,58,indian,21.6,uptown,3.5,1,11.89,scooter,63,rain,39
707749,2025-07-21 20:18:00,160,salads,5,uptown,3.9,2,30.87,scooter,120,clear,28
707750,2025-07-21 20:30:00,4,pizza,14,suburbs_south,3.9,2,26.1,scooter,507,cloudy,27
707751,2025-07-21 20:37:00,16,salads,7.8,uptown,1.3,1,15.68,scooter,155,clear,14
707752,2025-07-21 20:41:00,131,indian,22.1,downtown,3.2,1,14.4,bike,297,cloudy,47
707754,2025-07-21 21:04:00,112,sushi,18.2,downtown,0.8,4,50.7,car,614,cloudy,28
707755,2025-07-21 21:42:00,142,indian,20.4,midtown,5.1,5,73.53,bike,136,cloudy,48
707756,2025-07-21 21:44:00,112,sushi,18.2,downtown,0.9,1,14.2,bike,46,clear,23
707757,2025-07-21 21:45:00,45,indian,15.4,midtown,1.2,1,14.55,bike,109,rain,29
707758,2025-07-21 21:58:00,46,indian,19.4,downtown,2.3,1,11.19,bike,244,cloudy,32
707759,2025-07-21 22:46:00,2,thai,10.5,downtown,1.7,8,125.48,bike,202,clear,23
707760,2025-07-22 10:05:00,138,thai,16.2,uptown,4.4,3,21.69,car,212,clear,26
707762,2025-07-22 11:00:00,129,pizza,10.9,suburbs_north,3.5,8,62.46,bike,101,heavy_rain,44
707763,2025-07-22 11:25:00,64,mexican,11.6,suburbs_north,4.1,2,15.43,car,,cloudy,34
707764,2025-07-22 11:29:00,128,chinese,6.8,uptown,3.9,1,8,scooter,1435,rain,18
707765,2025-07-22 11:49:00,125,sushi,18.8,uptown,3.3,3,40.87,car,84,clear,35
707766,2025-07-22 11:58:00,64,mexican,11.6,suburbs_north,4.9,5,39.43,scooter,486,clear,36
707768,2025-07-22 12:17:00,104,thai,11.5,suburbs_south,4.2,8,89.65,scooter,1151,clear,34
707769,2025-07-22 12:24:00,140,chinese,17.8,downtown,3.7,1,10.68,car,143,clear,40
707772,2025-07-22 12:53:00,10,pizza,12.9,suburbs_north,2.5,1,10.76,bike,277,clear,25
707773,2025-07-22 13:00:00,63,pizza,12.6,downtown,1.2,5,55.09,car,229,clear,28
707775,2025-07-22 13:12:00,87,burgers,6.5,downtown,2.7,1,12.88,bike,,clear,27
707777,2025-07-22 13:22:00,4,pizza,14,suburbs_south,9.1,1,13.29,scooter,105,clear,49
707778,2025-07-22 13:25:00,75,mexican,13.3,midtown,1,8,122.59,bike,873,clear,32
707779,2025-07-22 13:30:00,151,chinese,11.8,downtown,3.1,2,29.83,scooter,358,clear,28
707780,2025-07-22 13:41:00,32,thai,16.7,uptown,2,2,22.98,car,4606,clear,27
707781,2025-07-22 13:48:00,122,indian,20,midtown,2.6,3,40.2,scooter,112,heavy_rain,40
707782,2025-07-22 13:51:00,74,thai,18.7,downtown,1.3,2,22.08,scooter,15,clear,30
707784,2025-07-22 14:20:00,131,indian,22.1,downtown,1.8,2,17.76,car,161,cloudy,33
707785,2025-07-22 15:05:00,141,thai,14.1,suburbs_north,3.2,2,26.23,car,285,rain,27
707786,2025-07-22 15:55:00,136,salads,9.3,downtown,2.9,3,41.28,scooter,81,cloudy,19
707787,2025-07-22 17:33:00,63,pizza,12.6,downtown,1.7,1,13.93,scooter,77,clear,19
707788,2025-07-22 17:52:00,63,pizza,12.6,downtown,2,2,23.58,bike,137,clear,16
707789,2025-07-22 18:00:00,141,thai,14.1,suburbs_north,9.2,3,37.18,car,145,clear,45
707790,2025-07-22 18:07:00,72,burgers,12.2,suburbs_south,4.3,5,72.55,scooter,170,clear,33
707791,2025-07-22 18:07:00,59,pizza,11.7,suburbs_south,3.2,3,28.57,scooter,193,clear,29
707792,2025-07-22 18:15:00,115,thai,13.4,downtown,1.2,2,17.76,bike,30,rain,25
707794,2025-07-22 18:34:00,30,salads,5,suburbs_south,8.2,3,38.17,scooter,135,cloudy,38
707795,2025-07-22 18:36:00,37,pizza,17.5,midtown,3.3,3,30.12,bike,1032,rain,39
707796,2025-07-22 18:47:00,105,pizza,12.9,midtown,3,3,35.3,scooter,,clear,29
707797,2025-07-22 19:05:00,55,salads,5,midtown,4.5,3,41.08,car,77,clear,23
707798,2025-07-22 19:07:00,77,pizza,11.4,uptown,4.4,2,25.44,bike,17,rain,47
707799,2025-07-22 19:27:00,28,indian,19.5,downtown,1.8,5,61.81,bike,76,clear,37
707801,2025-07-22 19:55:00,128,chinese,6.8,uptown,3,2,27.48,scooter,200,clear,23
707802,2025-07-22 20:06:00,61,thai,18,suburbs_north,8.9,3,24.94,car,154,rain,52
707803,2025-07-22 20:19:00,120,pizza,12.2,downtown,2.1,2,20.13,scooter,46,cloudy,28
707804,2025-07-22 20:30:00,150,mexican,14.6,downtown,1.5,1,15.95,bike,501,cloudy,24
707807,2025-07-22 20:57:00,106,pizza,12.3,downtown,1.1,5,73.3,scooter,60,clear,26
707808,2025-07-22 20:57:00,59,pizza,11.7,suburbs_south,8.3,2,28.19,car,481,cloudy,38
707810,2025-07-22 21:05:00,67,chinese,17.8,uptown,2.7,4,41.21,car,202,clear,30
707811,2025-07-22 21:09:00,125,sushi,18.8,uptown,3.3,2,20.95,car,320,cloudy,33
707812,2025-07-22 21:12:00,116,sushi,16.4,downtown,2.2,2,18.59,scooter,1084,clear,25
707814,2025-07-22 22:37:00,8,burgers,12.1,uptown,4.7,2,27.85,bike,418,clear,35
707815,2025-07-22 23:09:00,44,indian,21,midtown,0.9,5,78.61,bike,192,clear,40
707816,2025-07-22 23:21:00,48,mexican,8.8,midtown,3.8,2,25.45,scooter,18,heavy_rain,29
707817,2025-07-23 10:05:00,142,indian,20.4,midtown,2,3,27.16,scooter,159,clear,31
707818,2025-07-23 11:02:00,95,pizza,11.9,suburbs_south,11.5,2,30.91,scooter,1036,clear,54
707819,2025-07-23 11:06:00,109,burgers,10,downtown,3.3,3,46.72,scooter,1959,cloudy,26
707820,2025-07-23 11:13:00,55,salads,5,midtown,2.9,2,31.29,bike,534,clear,20
707822,2025-07-23 11:44:00,127,indian,15.6,downtown,1.3,1,12.35,car,1702,clear,27
707823,2025-07-23 11:50:00,62,salads,6.7,downtown,3.6,3,32.28,scooter,5614,cloudy,19
707824,2025-07-23 11:56:00,86,chinese,11.8,suburbs_south,7.4,2,17.37,car,233,clear,37
707825,2025-07-23 12:00:00,103,thai,16.4,midtown,1.3,3,21.7,bike,23,rain,32
707826,2025-07-23 12:05:00,35,mexican,11.9,midtown,2.2,4,42.68,bike,1224,clear,28
707827,2025-07-23 12:14:00,146,thai,14.2,uptown,2.1,5,76.78,bike,84,cloudy,29
707828,2025-07-23 12:20:00,126,pizza,12,midtown,1.6,2,28.58,bike,245,cloudy,24
707830,2025-07-23 12:31:00,156,salads,12.7,downtown,2.4,1,8,car,91,clear,28
707831,2025-07-23 12:57:00,114,chinese,12.4,suburbs_south,7.3,4,42.26,car,112,clear,41
707832,2025-07-23 12:59:00,73,pizza,10.6,midtown,2.6,3,35.36,bike,57,clear,20
707833,2025-07-23 13:04:00,94,sushi,20.2,downtown,1.4,1,10.89,scooter,43,clear,33
707834,2025-07-23 13:08:00,97,chinese,16.1,uptown,3,1,10.42,scooter,142,clear,36
707835,2025-07-23 13:18:00,136,salads,9.3,downtown,2.8,3,21.34,car,348,clear,27
707837,2025-07-23 13:34:00,61,thai,18,suburbs_north,4.4,1,15.81,bike,79,rain,48
707838,2025-07-23 13:46:00,113,mexican,13.2,midtown,3.7,3,21.6,car,157,cloudy,27
707840,2025-07-23 14:37:00,159,pizza,15,uptown,5.5,1,9.51,scooter,180,rain,29
707841,2025-07-23 14:43:00,6,sushi,16.8,midtown,2.7,1,12.18,scooter,580,clear,28
707842,2025-07-23 16:23:00,78,mexican,9.1,downtown,3.3,3,22.05,scooter,587,clear,22
707843,2025-07-23 16:24:00,86,chinese,11.8,suburbs_south,6.2,2,21.09,car,313,clear,30
707844,2025-07-23 17:25:00,126,pizza,12,midtown,3.3,4,29.59,scooter,62,heavy_rain,29
707845,2025-07-23 17:59:00,100,pizza,12.8,uptown,1.8,5,78.06,car,423,clear,21
707847,2025-07-23 18:05:00,88,burgers,8.9,suburbs_south,9,3,44.32,scooter,39,clear,46
707848,2025-07-23 18:07:00,37,pizza,17.5,midtown,4.1,3,43.91,scooter,1354,cloudy,35
707849,2025-07-23 18:08:00,116,sushi,16.4,downtown,1.6,1,12.47,bike,266,clear,27
707850,2025-07-23 18:15:00,130,mexican,15.3,downtown,3.1,1,11.6,bike,160,heavy_rain,40
707851,2025-07-23 18:27:00,131,indian,22.1,downtown,3.8,1,13.34,bike,562,clear,45
707852,2025-07-23 18:28:00,96,thai,15.7,downtown,2.4,4,38.48,bike,75,rain,38
707854,2025-07-23 18:42:00,110,thai,12.5,suburbs_north,3.7,2,25.18,car,249,cloudy,29
707855,2025-07-23 18:49:00,117,pizza,16.2,suburbs_south,11,3,34.34,car,38,cloudy,53
707856,2025-07-23 18:58:00,40,pizza,18.4,midtown,2.9,1,8,bike,21,clear,36
707857,2025-07-23 19:03:00,44,indian,21,midtown,2.9,2,14.92,bike,62,cloudy,43
707858,2025-07-23 19:06:00,86,chinese,11.8,suburbs_south,6.2,2,25.92,car,50,rain,37
707859,2025-07-23 19:12:00,24,pizza,15.8,uptown,2.6,5,65.67,bike,2445,clear,35
707860,2025-07-23 19:15:00,96,thai,15.7,downtown,2.7,1,12.84,car,199,rain,36
707862,2025-07-23 19:33:00,108,mexican,10.1,suburbs_south,4.7,2,27.06,car,7,clear,30
707863,2025-07-23 19:33:00,154,salads,8.5,midtown,4,2,21.52,scooter,39,cloudy,28
707864,2025-07-23 20:30:00,108,mexican,10.1,suburbs_south,9.8,6,56.61,scooter,50,heavy_rain,63
707865,2025-07-23 20:39:00,96,thai,15.7,downtown,2.2,1,11.54,bike,18,clear,33
707866,2025-07-23 20:40:00,51,indian,17,downtown,0.8,1,13.3,car,,clear,24
707867,2025-07-23 20:44:00,70,thai,14.2,suburbs_north,2.8,2,23.53,scooter,101,rain,27
707868,2025-07-23 21:12:00,89,sushi,22.3,suburbs_north,8.2,4,44.18,car,63,clear,51
707869,2025-07-23 21:53:00,9,thai,12.6,suburbs_south,8.8,3,45.34,scooter,95,rain,45
707870,2025-07-23 21:58:00,31,sushi,14.7,midtown,4.4,1,12.3,scooter,532,rain,28
707871,2025-07-23 22:18:00,123,salads,7.7,uptown,2.8,3,40.02,scooter,586,cloudy,22
707873,2025-07-23 22:38:00,157,burgers,16.3,suburbs_south,8.2,3,45.04,scooter,378,,45
707874,2025-07-23 22:55:00,101,thai,11.8,suburbs_north,8.6,3,41.54,car,26,clear,38
707875,2025-07-23 23:56:00,146,thai,14.2,uptown,3.2,1,8,bike,175,clear,32
707876,2025-07-24 11:21:00,125,sushi,18.8,uptown,2.5,3,22.7,car,28,rain,34
707877,2025-07-24 11:48:00,31,sushi,14.7,midtown,1.8,4,63.41,bike,40,clear,34
707879,2025-07-24 12:16:00,120,pizza,12.2,downtown,1.3,2,29.31,car,795,clear,26
707880,2025-07-24 12:28:00,14,burgers,6.4,downtown,0.9,4,40.81,scooter,300,clear,15
707882,2025-07-24 12:53:00,127,indian,15.6,downtown,2.3,3,43.2,bike,77,clear,33
707883,2025-07-24 12:58:00,148,indian,16.9,suburbs_north,7.6,2,26.64,car,100,clear,47
707884,2025-07-24 13:16:00,159,pizza,15,uptown,5.4,2,18.72,scooter,154,clear,33
707885,2025-07-24 13:31:00,153,salads,5,suburbs_south,10.3,2,27.97,scooter,46,,41
707886,2025-07-24 13:40:00,39,thai,21,downtown,3.1,1,10.93,scooter,240,clear,32
707887,2025-07-24 13:50:00,121,indian,13.9,suburbs_north,3.5,3,37.2,scooter,157,cloudy,33
707888,2025-07-24 14:08:00,53,thai,11.5,midtown,3,5,40.74,bike,675,cloudy,31
707889,2025-07-24 14:38:00,4,pizza,14,suburbs_south,7.4,1,12.15,car,,rain,35
707890,2025-07-24 15:11:00,89,sushi,22.3,suburbs_north,2.8,1,8.37,scooter,273,clear,37
707892,2025-07-24 15:54:00,79,salads,10,midtown,3.2,5,67.42,scooter,13,clear,25
707893,2025-07-24 15:54:00,158,indian,12.1,midtown,1.6,1,8,car,262,clear,20
707894,2025-07-24 16:04:00,71,burgers,14.5,uptown,1.5,3,39.44,scooter,86,clear,23
707895,2025-07-24 17:12:00,30,salads,5,suburbs_south,6.8,2,16.66,car,570,cloudy,19
707896,2025-07-24 17:13:00,41,thai,19,downtown,1.8,1,13.93,scooter,259,rain,24
707897,2025-07-24 17:24:00,53,thai,11.5,midtown,3.8,7,51.24,car,193,cloudy,26
707898,2025-07-24 17:39:00,30,salads,5,suburbs_south,4.1,1,13.81,bike,192,clear,20
707899,2025-07-24 17:54:00,21,pizza,17,midtown,1.3,3,35.72,bike,1788,cloudy,24
707901,2025-07-24 18:12:00,147,chinese,17.7,midtown,3.2,4,53.94,car,19,rain,44
707903,2025-07-24 18:28:00,33,sushi,21.1,midtown,2.9,4,37.86,car,10,cloudy,34
707905,2025-07-24 18:38:00,95,pizza,11.9,suburbs_south,5.6,3,38.43,scooter,156,rain,32
707907,2025-07-24 18:51:00,27,thai,16.7,downtown,2.8,2,28.28,car,375,cloudy,38
707909,2025-07-24 18:57:00,14,burgers,6.4,downtown,2,3,35.23,car,224,clear,18
707911,2025-07-24 19:00:00,96,thai,15.7,downtown,2.3,3,33.61,car,372,clear,30
707913,2025-07-24 19:30:00,143,chinese,12.4,uptown,5,3,39.38,scooter,106,rain,28
707914,2025-07-24 19:40:00,94,sushi,20.2,downtown,1.5,2,20.85,bike,52,,41
707915,2025-07-24 19:45:00,79,salads,10,midtown,4.4,3,47.25,scooter,427,heavy_rain,32
707916,2025-07-24 20:01:00,75,mexican,13.3,midtown,2.2,5,75.5,scooter,15,clear,34
707917,2025-07-24 20:08:00,153,salads,5,suburbs_south,9.8,5,55.41,scooter,1790,clear,35
707918,2025-07-24 20:18:00,6,sushi,16.8,midtown,3.3,3,29.18,scooter,9,clear,39
707919,2025-07-24 20:26:00,75,mexican,13.3,midtown,5.1,8,113.47,bike,48,clear,43
707920,2025-07-24 20:35:00,107,sushi,18,suburbs_south,6.4,2,30.21,car,931,clear,40
707921,2025-07-24 20:52:00,152,indian,18,suburbs_north,2.1,2,24.06,bike,123,clear,30
707922,2025-07-24 21:27:00,14,burgers,6.4,downtown,2.8,5,70.35,car,176,clear,21
707923,2025-07-24 21:35:00,132,mexican,13.3,downtown,1,1,13.62,scooter,188,cloudy,19
707926,2025-07-24 22:13:00,126,pizza,12,midtown,4.2,2,27.13,scooter,644,rain,30
707927,2025-07-24 22:21:00,11,indian,20.4,uptown,2.3,1,11.1,scooter,196,cloudy,33
707928,2025-07-24 22:26:00,103,thai,16.4,midtown,4.1,4,55.71,bike,169,clear,33
707930,2025-07-25 11:00:00,125,sushi,18.8,uptown,2.1,3,36.41,bike,45,rain,43
707931,2025-07-25 11:22:00,31,sushi,14.7,midtown,1.7,7,68.17,bike,196,clear,33
707932,2025-07-25 11:51:00,148,indian,16.9,suburbs_north,2,2,19.29,scooter,126,cloudy,27
707933,2025-07-25 12:07:00,46,indian,19.4,downtown,0.7,1,8,scooter,23,clear,26
707934,2025-07-25 12:09:00,30,salads,5,suburbs_south,2.9,2,21.19,scooter,145,clear,23
707935,2025-07-25 12:12:00,57,sushi,15.1,midtown,3,1,8,scooter,113,clear,33
707936,2025-07-25 12:27:00,20,mexican,9.2,midtown,1.3,4,37.37,bike,39,clear,16
707937,2025-07-25 12:40:00,100,pizza,12.8,uptown,3.1,2,30.55,car,2214,cloudy,24
707938,2025-07-25 13:18:00,150,mexican,14.6,downtown,2,1,12.56,bike,167,clear,27
707939,2025-07-25 13:49:00,27,thai,16.7,downtown,1.2,1,12.2,bike,22,clear,29
707940,2025-07-25 13:58:00,45,indian,15.4,midtown,3,5,50.92,scooter,1041,cloudy,33
707941,2025-07-25 14:08:00,73,pizza,10.6,midtown,3.8,2,20.73,bike,147,clear,33
707943,2025-07-25 15:29:00,106,pizza,12.3,downtown,2,2,22.28,scooter,353,clear,19
707946,2025-07-25 16:32:00,129,pizza,10.9,suburbs_north,6.6,1,15.85,car,1069,heavy_rain,38
707948,2025-07-25 16:47:00,84,chinese,11.5,suburbs_south,6.7,2,26.05,car,52,,33
707949,2025-07-25 18:13:00,134,mexican,10.8,midtown,1.9,2,14.64,bike,261,cloudy,17
707950,2025-07-25 18:19:00,148,indian,16.9,suburbs_north,10,6,73.76,scooter,46,clear,55
707951,2025-07-25 18:20:00,6,sushi,16.8,midtown,1.9,2,14.55,bike,66,clear,28
707954,2025-07-25 18:48:00,36,burgers,11.8,downtown,2.3,2,14.45,scooter,,cloudy,19
707955,2025-07-25 19:00:00,146,thai,14.2,uptown,2.7,1,12.83,bike,20,clear,29
707958,2025-07-25 19:24:00,24,pizza,15.8,uptown,4.3,2,17.66,bike,3,cloudy,43
707959,2025-07-25 19:36:00,147,chinese,17.7,midtown,3.7,1,8.67,car,47,clear,33
707960,2025-07-25 19:39:00,88,burgers,8.9,suburbs_south,4.3,1,14.16,bike,563,clear,29
707962,2025-07-25 19:53:00,160,salads,5,uptown,4.8,6,67.25,scooter,73,clear,23
707963,2025-07-25 20:10:00,80,chinese,16.1,downtown,1.2,3,40.5,bike,1424,clear,26
707964,2025-07-25 20:16:00,92,thai,7,uptown,2.8,4,54.24,bike,51,clear,29
707965,2025-07-25 20:22:00,33,sushi,21.1,midtown,2.8,5,49.74,bike,209,clear,43
707966,2025-07-25 20:44:00,139,indian,20.7,midtown,1.6,4,32.67,bike,90,clear,41
707967,2025-07-25 20:48:00,16,salads,7.8,uptown,1.8,3,25.64,scooter,1029,clear,19
707968,2025-07-25 21:12:00,87,burgers,6.5,downtown,1.8,2,25.29,bike,39,clear,15
707969,2025-07-25 21:38:00,139,indian,20.7,midtown,3.9,4,37.22,bike,416,rain,46
707970,2025-07-25 21:42:00,71,burgers,14.5,uptown,1.8,1,11.59,car,38,clear,17
707971,2025-07-25 22:03:00,54,salads,9.4,downtown,2.5,1,14.08,car,5,clear,20
707972,2025-07-25 22:09:00,144,chinese,7.6,midtown,2,1,14.43,bike,41,cloudy,19
707973,2025-07-25 22:55:00,131,indian,22.1,downtown,1.9,2,20.88,car,96,rain,27
707974,2025-07-26 10:28:00,21,pizza,17,midtown,1.8,4,35.36,car,1037,cloudy,25
707975,2025-07-26 10:38:00,34,mexican,12.2,midtown,4.2,2,15.51,bike,764,clear,34
707977,2025-07-26 11:11:00,133,chinese,15.9,suburbs_north,10.2,2,19.61,car,75,clear,49
707978,2025-07-26 11:44:00,61,thai,18,suburbs_north,7.8,1,10.98,car,34,heavy_rain,49
707979,2025-07-26 11:46:00,23,burgers,11.6,downtown,2.8,4,30.14,scooter,286,clear,31
707980,2025-07-26 11:57:00,31,sushi,14.7,midtown,2.2,1,11.79,bike,305,clear,18
707981,2025-07-26 12:12:00,155,indian,14.5,suburbs_south,9,2,18.2,scooter,67,clear,50
707982,2025-07-26 12:30:00,130,mexican,15.3,downtown,0.9,1,13.05,bike,34,clear,27
707983,2025-07-26 12:34:00,37,pizza,17.5,midtown,2.6,3,34.72,bike,31,clear,37
707984,2025-07-26 13:19:00,2,thai,10.5,downtown,1.4,1,13.56,bike,225,cloudy,25
707985,2025-07-26 13:28:00,69,salads,8.8,midtown,4.3,1,12.88,car,303,clear,25
707986,2025-07-26 13:37:00,154,salads,8.5,midtown,4.9,1,10.51,bike,5,,33
707987,2025-07-26 13:44:00,96,thai,15.7,downtown,2.1,1,8.07,scooter,208,clear,28
707988,2025-07-26 13:54:00,2,thai,10.5,downtown,2.4,2,29.31,scooter,463,rain,31
707991,2025-07-26 16:33:00,96,thai,15.7,downtown,0.9,3,47.73,car,26,cloudy,21
707992,2025-07-26 16:33:00,37,pizza,17.5,midtown,1.7,2,30.15,car,131,clear,25
707994,2025-07-26 16:47:00,68,thai,11.9,uptown,4.9,2,24.35,scooter,931,clear,27
707995,2025-07-26 17:29:00,120,pizza,12.2,downtown,2.4,4,43.51,bike,78,clear,23
707996,2025-07-26 17:40:00,5,mexican,12.4,uptown,3.7,2,20.12,scooter,64,clear,28
707997,2025-07-26 17:51:00,3,pizza,20.9,suburbs_north,5.2,2,19.03,bike,108,heavy_rain,56
707999,2025-07-26 18:05:00,8,burgers,12.1,uptown,5.5,5,62.74,bike,49,cloudy,49
708000,2025-07-26 18:05:00,157,burgers,16.3,suburbs_south,8.9,1,13.04,car,36,clear,54
708001,2025-07-26 18:19:00,143,chinese,12.4,uptown,5.1,5,61.68,scooter,298,clear,36
708002,2025-07-26 18:24:00,15,indian,18.1,midtown,2.3,8,108.89,scooter,472,cloudy,136
708003,2025-07-26 18:31:00,90,sushi,20.7,midtown,1.9,4,41.69,car,20,clear,37
708004,2025-07-26 18:48:00,111,pizza,8.5,downtown,2.1,2,20.38,car,84,,25
708006,2025-07-26 19:07:00,6,sushi,16.8,midtown,3,2,19.63,scooter,99,clear,35
708007,2025-07-26 19:08:00,83,salads,8.7,midtown,3.5,4,54.88,car,26,rain,28
708008,2025-07-26 19:12:00,127,indian,15.6,downtown,2.1,3,42.07,bike,500,rain,37
708009,2025-07-26 19:30:00,112,sushi,18.2,downtown,2.1,3,37.64,scooter,40,clear,36
708010,2025-07-26 19:30:00,125,sushi,18.8,uptown,1.6,3,36.82,scooter,673,clear,37
708011,2025-07-26 19:41:00,18,indian,20.8,suburbs_south,4.9,1,14.69,scooter,436,clear,43
708012,2025-07-26 19:54:00,28,indian,19.5,downtown,1.6,2,14.67,scooter,3,clear,96
708013,2025-07-26 20:06:00,107,sushi,18,suburbs_south,3.5,1,14.42,scooter,596,cloudy,44
708014,2025-07-26 20:17:00,3,pizza,20.9,suburbs_north,2.5,3,25.09,bike,1221,clear,42
708015,2025-07-26 20:37:00,15,indian,18.1,midtown,2.3,3,40.35,bike,1650,,37
708016,2025-07-26 20:47:00,63,pizza,12.6,downtown,2.9,3,41.71,scooter,176,rain,29
708017,2025-07-26 20:50:00,103,thai,16.4,midtown,2.1,3,27.57,car,41,cloudy,35
708019,2025-07-26 21:04:00,112,sushi,18.2,downtown,1.3,2,21.55,car,588,rain,30
708020,2025-07-26 21:04:00,61,thai,18,suburbs_north,2.8,4,56.61,scooter,540,clear,34
708021,2025-07-26 21:08:00,16,salads,7.8,uptown,1.4,1,9.43,car,5,cloudy,12
708022,2025-07-26 21:21:00,56,thai,13,downtown,2.2,2,30.22,scooter,509,heavy_rain,29
708023,2025-07-26 21:30:00,26,pizza,14.9,midtown,2,1,10.26,scooter,64,clear,28
708024,2025-07-26 21:49:00,111,pizza,8.5,downtown,1.5,4,49.7,car,126,clear,97
708025,2025-07-26 21:51:00,74,thai,18.7,downtown,0.7,2,30.54,scooter,3170,clear,22
708026,2025-07-26 22:10:00,150,mexican,14.6,downtown,1.6,3,47.21,scooter,81,,23
708027,2025-07-26 22:19:00,112,sushi,18.2,downtown,2.4,3,37.15,scooter,643,clear,30
708028,2025-07-26 22:32:00,83,salads,8.7,midtown,4.9,4,48.35,car,210,clear,22
708029,2025-07-26 23:30:00,72,burgers,12.2,suburbs_south,5.4,2,18.75,scooter,617,clear,35
708030,2025-07-27 10:17:00,144,chinese,7.6,midtown,4.1,6,74.87,car,353,cloudy,24
708031,2025-07-27 10:22:00,11,indian,20.4,uptown,4.6,2,22.3,car,9,clear,29
708033,2025-07-27 10:49:00,70,thai,14.2,suburbs_north,7.5,4,46.3,car,166,cloudy,38
708034,2025-07-27 10:49:00,102,indian,17.4,uptown,4.4,2,18.44,bike,11,rain,48
708035,2025-07-27 10:51:00,137,thai,13.3,suburbs_north,1.9,2,16.88,scooter,620,cloudy,22
708036,2025-07-27 10:52:00,120,pizza,12.2,downtown,1.4,2,31.71,scooter,30,clear,16
708037,2025-07-27 11:05:00,33,sushi,21.1,midtown,5,4,31.38,scooter,339,cloudy,48
708038,2025-07-27 11:06:00,88,burgers,8.9,suburbs_south,7.7,3,35.62,scooter,933,clear,38
708039,2025-07-27 11:26:00,69,salads,8.8,midtown,4.8,6,71.06,car,56,cloudy,31
708040,2025-07-27 11:42:00,120,pizza,12.2,downtown,0.8,4,51.89,scooter,1744,clear,18
708041,2025-07-27 12:09:00,58,indian,21.6,uptown,4.2,1,12.89,scooter,270,clear,39
708042,2025-07-27 12:34:00,86,chinese,11.8,suburbs_south,6.9,4,47.77,car,1761,clear,36
708043,2025-07-27 12:36:00,9,thai,12.6,suburbs_south,3.9,2,19.15,car,161,rain,34
708045,2025-07-27 12:43:00,82,salads,9.2,midtown,4.1,2,15.52,bike,18,rain,34
708047,2025-07-27 13:41:00,101,thai,11.8,suburbs_north,7.9,2,23.96,scooter,30,clear,41
708048,2025-07-27 13:50:00,49,indian,14.4,uptown,4.8,7,105.78,scooter,26,clear,49
708049,2025-07-27 15:04:00,51,indian,17,downtown,1.7,2,15.3,bike,92,cloudy,24
708050,2025-07-27 15:13:00,18,indian,20.8,suburbs_south,6.6,6,83.05,car,304,clear,46
708051,2025-07-27 16:10:00,120,pizza,12.2,downtown,3.3,2,20.51,bike,118,rain,37
708052,2025-07-27 16:18:00,101,thai,11.8,suburbs_north,2.1,2,31.11,scooter,128,clear,25
708053,2025-07-27 16:32:00,84,chinese,11.5,suburbs_south,6.7,1,12.23,car,28,heavy_rain,43
708054,2025-07-27 16:56:00,65,thai,16.7,uptown,3.4,4,47.5,bike,1301,clear,35
708055,2025-07-27 17:02:00,134,mexican,10.8,midtown,3.3,1,11.26,bike,345,clear,22
708057,2025-07-27 17:32:00,106,pizza,12.3,downtown,1.4,2,19.64,bike,510,clear,27
708058,2025-07-27 17:56:00,65,thai,16.7,uptown,5.4,2,29.41,bike,,cloudy,43
708059,2025-07-27 17:57:00,139,indian,20.7,midtown,4.1,1,13.01,bike,301,clear,40
708060,2025-07-27 18:10:00,11,indian,20.4,uptown,2.4,1,8.74,scooter,116,cloudy,36
708061,2025-07-27 18:15:00,24,pizza,15.8,uptown,4.1,1,12.45,scooter,60,clear,39
708062,2025-07-27 18:23:00,77,pizza,11.4,uptown,3.7,3,44.46,scooter,978,heavy_rain,36
708063,2025-07-27 18:33:00,139,indian,20.7,midtown,3,2,28.56,scooter,579,rain,36
708064,2025-07-27 18:42:00,49,indian,14.4,uptown,1.4,2,16.7,scooter,288,cloudy,25
708065,2025-07-27 18:44:00,130,mexican,15.3,downtown,2.6,1,10.14,bike,75,clear,36
708067,2025-07-27 18:55:00,113,mexican,13.2,midtown,1.2,3,47.1,scooter,134,cloudy,26
708069,2025-07-27 19:11:00,151,chinese,11.8,downtown,3.3,2,31.65,scooter,138,heavy_rain,39
708070,2025-07-27 19:21:00,132,mexican,13.3,downtown,1.2,1,13.68,bike,108,clear,20
708071,2025-07-27 19:29:00,148,indian,16.9,suburbs_north,3.2,1,13.42,bike,337,cloudy,33
708073,2025-07-27 19:48:00,138,thai,16.2,uptown,5,1,13.01,scooter,463,cloudy,33
708074,2025-07-27 19:51:00,126,pizza,12,midtown,1.4,2,14.47,bike,2347,clear,20
708075,2025-07-27 20:11:00,87,burgers,6.5,downtown,1.9,2,26.54,scooter,18,clear,19
708076,2025-07-27 20:18:00,157,burgers,16.3,suburbs_south,9.4,6,43.28,scooter,347,clear,52
708078,2025-07-27 20:28:00,55,salads,5,midtown,2,2,28.1,car,62,clear,15
708079,2025-07-27 20:34:00,150,mexican,14.6,downtown,2.4,3,43.03,scooter,58,cloudy,34
708080,2025-07-27 20:46:00,22,mexican,9.1,suburbs_south,3.6,1,8,bike,133,clear,24
708082,2025-07-27 21:15:00,39,thai,21,downtown,2,2,29.81,car,150,cloudy,29
708083,2025-07-27 21:25:00,64,mexican,11.6,suburbs_north,8.4,2,29.6,car,196,cloudy,38
708085,2025-07-27 21:51:00,155,indian,14.5,suburbs_south,6.6,1,10.27,scooter,463,clear,30
708086,2025-07-27 21:57:00,96,thai,15.7,downtown,1.4,2,23.25,car,261,,27
708087,2025-07-27 22:33:00,6,sushi,16.8,midtown,3.4,2,17.52,car,2755,clear,28
708088,2025-07-27 22:44:00,87,burgers,6.5,downtown,0.8,2,17.76,bike,484,clear,11
708089,2025-07-27 23:20:00,89,sushi,22.3,suburbs_north,9.3,1,11.12,car,558,clear,49
708090,2025-07-27 23:42:00,91,salads,10.1,suburbs_south,6.6,1,13.04,scooter,269,clear,30
708094,2025-07-28 11:41:00,107,sushi,18,suburbs_south,4,2,30.17,scooter,101,cloudy,41
708095,2025-07-28 11:42:00,75,mexican,13.3,midtown,2.5,2,14.74,bike,993,clear,26
708096,2025-07-28 11:54:00,120,pizza,12.2,downtown,2.8,2,26.32,scooter,70,clear,25
708097,2025-07-28 12:03:00,110,thai,12.5,suburbs_north,6.3,1,10.12,car,1063,cloudy,36
708098,2025-07-28 12:03:00,3,pizza,20.9,suburbs_north,2.5,3,30.87,scooter,430,rain,38
708099,2025-07-28 12:08:00,6,sushi,16.8,midtown,1.1,3,34.16,car,,clear,31
708100,2025-07-28 12:11:00,93,sushi,16.7,downtown,0.6,2,23.88,scooter,,cloudy,25
708101,2025-07-28 12:16:00,61,thai,18,suburbs_north,2,3,41.59,scooter,21,clear,29
708102,2025-07-28 12:20:00,52,mexican,5.5,uptown,3.9,1,8,bike,85,cloudy,28
708103,2025-07-28 12:20:00,95,pizza,11.9,suburbs_south,6.5,1,14.69,scooter,156,rain,38
708104,2025-07-28 12:35:00,109,burgers,10,downtown,1,2,19.33,bike,153,clear,14
708105,2025-07-28 12:50:00,153,salads,5,suburbs_south,3.2,2,17.93,scooter,119,clear,20
708106,2025-07-28 12:52:00,17,thai,9.8,uptown,3,1,10.15,bike,334,clear,24
708107,2025-07-28 12:53:00,6,sushi,16.8,midtown,2.9,3,45.26,scooter,6165,clear,36
708108,2025-07-28 13:11:00,60,chinese,10.4,suburbs_north,4.4,5,65.39,scooter,224,heavy_rain,32
708109,2025-07-28 13:47:00,77,pizza,11.4,uptown,2.4,5,69.17,bike,80,cloudy,32
708110,2025-07-28 14:20:00,104,thai,11.5,suburbs_south,12.2,5,42.78,car,342,,46
708111,2025-07-28 15:01:00,35,mexican,11.9,midtown,4.2,3,22.02,bike,91,,31
708112,2025-07-28 17:15:00,52,mexican,5.5,uptown,3.7,5,79.72,car,364,clear,17
708113,2025-07-28 17:57:00,72,burgers,12.2,suburbs_south,3.1,2,31.67,car,27,clear,21
708114,2025-07-28 18:07:00,13,indian,15.1,downtown,2.5,2,19.37,bike,350,,31
708115,2025-07-28 18:45:00,153,salads,5,suburbs_south,6.3,1,8.27,car,48,cloudy,23
708116,2025-07-28 18:52:00,157,burgers,16.3,suburbs_south,8.9,2,14.3,scooter,188,clear,48
708117,2025-07-28 19:13:00,68,thai,11.9,uptown,5.2,2,21.91,scooter,169,heavy_rain,44
708118,2025-07-28 19:44:00,113,mexican,13.2,midtown,1.6,2,20.53,scooter,635,clear,21
708119,2025-07-28 19:45:00,122,indian,20,midtown,3.3,3,41.68,scooter,12,clear,39
708120,2025-07-28 19:45:00,59,pizza,11.7,suburbs_south,8.9,2,14.32,scooter,,cloudy,45
708121,2025-07-28 19:57:00,99,thai,13.4,midtown,1.9,1,14.87,bike,81,rain,32
708122,2025-07-28 20:12:00,137,thai,13.3,suburbs_north,9.2,2,17.36,scooter,124,clear,50
708123,2025-07-28 20:13:00,139,indian,20.7,midtown,3.7,3,37.56,car,70,rain,41
708124,2025-07-28 20:13:00,155,indian,14.5,suburbs_south,7.9,3,43.99,scooter,213,clear,47
708128,2025-07-28 20:43:00,38,pizza,16.9,midtown,3.2,2,19.98,bike,77,cloudy,37
708129,2025-07-28 21:02:00,18,indian,20.8,suburbs_south,6.4,4,44.58,car,78,clear,44
708131,2025-07-28 22:03:00,134,mexican,10.8,midtown,3.7,6,92.86,scooter,617,clear,31
708133,2025-07-28 22:37:00,120,pizza,12.2,downtown,2.8,3,32.36,bike,16,cloudy,31
708134,2025-07-28 23:28:00,69,salads,8.8,midtown,4.6,5,37.89,scooter,107,clear,29
708135,2025-07-29 10:22:00,31,sushi,14.7,midtown,4.3,1,11.7,car,49,clear,23
708136,2025-07-29 11:05:00,70,thai,14.2,suburbs_north,8.1,3,43.5,scooter,581,clear,46
708137,2025-07-29 11:24:00,152,indian,18,suburbs_north,5.8,5,44.7,scooter,325,cloudy,42
708138,2025-07-29 11:25:00,28,indian,19.5,downtown,0.9,1,14.47,car,444,cloudy,31
708139,2025-07-29 11:28:00,69,salads,8.8,midtown,1.2,1,10.35,scooter,,rain,15
708140,2025-07-29 11:41:00,97,chinese,16.1,uptown,4.3,2,17.03,car,38,clear,33
708141,2025-07-29 11:49:00,81,sushi,17.4,downtown,2.1,4,58.75,scooter,568,cloudy,31
708144,2025-07-29 12:13:00,96,thai,15.7,downtown,1.6,4,51.49,car,28,clear,27
708145,2025-07-29 12:35:00,129,pizza,10.9,suburbs_north,2.7,2,30.89,bike,118,clear,30
708146,2025-07-29 12:41:00,21,pizza,17,midtown,1.4,3,25.92,car,14,cloudy,25
708150,2025-07-29 13:24:00,157,burgers,16.3,suburbs_south,6.7,1,11.96,car,98,clear,43
708151,2025-07-29 13:49:00,53,thai,11.5,midtown,5.2,5,58.64,scooter,107,clear,33
708152,2025-07-29 14:24:00,66,sushi,18.7,midtown,3.2,3,31.32,bike,983,clear,35
708153,2025-07-29 14:40:00,144,chinese,7.6,midtown,3.4,2,31.93,scooter,41,clear,25
708154,2025-07-29 15:04:00,153,salads,5,suburbs_south,10.1,3,23.45,car,41,clear,40
708155,2025-07-29 15:08:00,37,pizza,17.5,midtown,2.9,2,29.21,bike,27,rain,38
708156,2025-07-29 15:22:00,21,pizza,17,midtown,2.8,6,67.56,car,25,clear,33
708157,2025-07-29 16:15:00,7,thai,17.1,midtown,2.1,3,27.23,bike,239,heavy_rain,29
708158,2025-07-29 16:36:00,128,chinese,6.8,uptown,3.3,2,19.26,scooter,628,cloudy,25
708160,2025-07-29 16:39:00,35,mexican,11.9,midtown,3,1,10.45,scooter,185,,24
708161,2025-07-29 17:08:00,103,thai,16.4,midtown,4.1,4,41.63,bike,17,rain,46
708162,2025-07-29 17:15:00,10,pizza,12.9,suburbs_north,9.3,2,30.29,scooter,104,rain,52
708163,2025-07-29 17:19:00,20,mexican,9.2,midtown,2.7,2,29.41,scooter,60,clear,24
708164,2025-07-29 17:39:00,117,pizza,16.2,suburbs_south,5.4,1,15.91,bike,269,cloudy,36
708166,2025-07-29 18:40:00,43,chinese,12.4,uptown,2.3,2,20.42,bike,54,,30
708167,2025-07-29 18:41:00,72,burgers,12.2,suburbs_south,11.3,2,14.32,car,367,clear,44
708168,2025-07-29 18:41:00,52,mexican,5.5,uptown,1.8,2,15.13,scooter,57,clear,15
708169,2025-07-29 19:00:00,102,indian,17.4,uptown,4.2,2,22.02,bike,1,rain,44
708170,2025-07-29 19:01:00,79,salads,10,midtown,2.9,6,56.69,scooter,796,clear,26
708171,2025-07-29 19:17:00,146,thai,14.2,uptown,4.8,2,22.5,scooter,17,clear,35
708172,2025-07-29 19:21:00,108,mexican,10.1,suburbs_south,10.7,2,16.27,car,84,clear,43
708173,2025-07-29 19:33:00,139,indian,20.7,midtown,4.3,1,14.71,scooter,1881,rain,40
708174,2025-07-29 19:47:00,153,salads,5,suburbs_south,10.3,2,19.79,car,112,cloudy,31
708175,2025-07-29 19:47:00,102,indian,17.4,uptown,2.7,3,30.65,scooter,121,clear,35
708176,2025-07-29 19:52:00,46,indian,19.4,downtown,2.4,2,26.14,scooter,57,rain,31
708178,2025-07-29 19:55:00,143,chinese,12.4,uptown,1.2,2,30.7,bike,11,cloudy,21
708179,2025-07-29 20:05:00,48,mexican,8.8,midtown,2.6,2,16.39,scooter,62,clear,25
708180,2025-07-29 20:42:00,40,pizza,18.4,midtown,3.4,1,8,car,206,clear,26
708181,2025-07-29 20:48:00,11,indian,20.4,uptown,4.2,4,30.99,scooter,64,clear,48
708182,2025-07-29 21:11:00,8,burgers,12.1,uptown,4.1,3,27.42,scooter,511,cloudy,31
708183,2025-07-29 21:48:00,108,mexican,10.1,suburbs_south,8.7,5,41.4,car,21,cloudy,37
708184,2025-07-29 21:54:00,68,thai,11.9,uptown,1.6,3,43.46,bike,88,cloudy,21
708186,2025-07-29 22:07:00,138,thai,16.2,uptown,4.6,1,13.12,scooter,,cloudy,33
708187,2025-07-29 22:37:00,94,sushi,20.2,downtown,1.5,4,46.93,bike,167,clear,31
708189,2025-07-29 23:37:00,152,indian,18,suburbs_north,6.6,3,46.7,car,223,cloudy,35
708190,2025-07-30 11:07:00,60,chinese,10.4,suburbs_north,7.4,1,9.42,car,10,heavy_rain,41
708191,2025-07-30 11:17:00,153,salads,5,suburbs_south,6.4,3,25.2,scooter,41,clear,32
708192,2025-07-30 11:21:00,128,chinese,6.8,uptown,4.2,4,31.97,scooter,388,rain,30
708193,2025-07-30 11:21:00,125,sushi,18.8,uptown,4.3,5,57.11,scooter,119,,46
708194,2025-07-30 11:22:00,19,chinese,10.6,downtown,3.5,4,47.34,bike,130,clear,31
708195,2025-07-30 11:27:00,85,pizza,11.8,uptown,4,3,45.94,car,,cloudy,28
708196,2025-07-30 11:45:00,154,salads,8.5,midtown,3.8,3,46.78,bike,974,rain,32
708197,2025-07-30 11:54:00,10,pizza,12.9,suburbs_north,2.6,3,23.79,car,,clear,18
708198,2025-07-30 12:01:00,12,thai,12.8,midtown,3,6,69.37,bike,377,cloudy,34
708199,2025-07-30 12:08:00,132,mexican,13.3,downtown,2.6,1,13.7,bike,39,rain,34
708200,2025-07-30 12:29:00,118,thai,15.5,downtown,1.4,5,48.36,bike,342,clear,32
708202,2025-07-30 12:50:00,28,indian,19.5,downtown,2.7,5,48.27,bike,416,heavy_rain,47
708204,2025-07-30 13:27:00,18,indian,20.8,suburbs_south,10.9,5,60.52,scooter,277,clear,64
708205,2025-07-30 14:23:00,24,pizza,15.8,uptown,2.3,4,50.63,bike,50,heavy_rain,34
708206,2025-07-30 14:25:00,75,mexican,13.3,midtown,2.5,3,26.31,car,99,clear,26
708207,2025-07-30 14:45:00,73,pizza,10.6,midtown,2.1,5,48.87,bike,14,clear,15
708209,2025-07-30 15:12:00,115,thai,13.4,downtown,2,4,30.58,scooter,5821,cloudy,24
708212,2025-07-30 17:02:00,31,sushi,14.7,midtown,3.7,1,10.33,scooter,312,clear,31
708214,2025-07-30 17:14:00,106,pizza,12.3,downtown,2.1,2,19.52,bike,60,cloudy,27
708215,2025-07-30 17:21:00,41,thai,19,downtown,2.5,7,107.22,scooter,433,heavy_rain,42
708216,2025-07-30 17:23:00,132,mexican,13.3,downtown,2.6,3,45.05,car,4,clear,27
708217,2025-07-30 17:24:00,67,chinese,17.8,uptown,1.9,2,25.46,bike,761,clear,28
708218,2025-07-30 17:43:00,43,chinese,12.4,uptown,1.3,2,16.98,car,910,heavy_rain,15
708219,2025-07-30 18:02:00,9,thai,12.6,suburbs_south,4.4,3,34.31,car,53,clear,31
708220,2025-07-30 18:07:00,78,mexican,9.1,downtown,2,2,27.5,scooter,276,cloudy,17
708221,2025-07-30 18:48:00,90,sushi,20.7,midtown,2.9,3,44.4,bike,195,clear,37
708222,2025-07-30 18:48:00,119,indian,16.8,suburbs_south,10.4,5,65.44,car,131,clear,50
708223,2025-07-30 18:51:00,77,pizza,11.4,uptown,5.4,2,19.46,bike,235,clear,35
708224,2025-07-30 19:03:00,94,sushi,20.2,downtown,3.7,1,9.55,bike,55,rain,47
708226,2025-07-30 19:20:00,135,sushi,20.5,downtown,3.2,2,14.72,car,,cloudy,37
708228,2025-07-30 19:22:00,25,mexican,14.5,midtown,1.8,2,21.47,scooter,831,clear,25
708229,2025-07-30 19:48:00,35,mexican,11.9,midtown,3.5,3,34.89,bike,105,clear,31
708231,2025-07-30 19:57:00,124,indian,17.6,downtown,2.5,3,41.82,scooter,73,clear,35
708232,2025-07-30 20:10:00,98,salads,11.1,midtown,3.2,3,35.87,car,1215,rain,29
708233,2025-07-30 20:12:00,149,thai,15.5,downtown,1.6,1,8,bike,61,clear,27
708234,2025-07-30 20:13:00,70,thai,14.2,suburbs_north,2,3,25.02,bike,108,clear,30
708236,2025-07-30 20:53:00,142,indian,20.4,midtown,4.5,2,27.73,scooter,7,clear,45
708238,2025-07-30 21:20:00,93,sushi,16.7,downtown,2.4,2,30.66,car,231,clear,32
708239,2025-07-30 21:34:00,68,thai,11.9,uptown,5,4,42.96,car,527,clear,24
708240,2025-07-30 22:17:00,112,sushi,18.2,downtown,3.6,2,22.44,car,194,clear,36
708241,2025-07-30 22:31:00,143,chinese,12.4,uptown,2,3,37.94,scooter,19,cloudy,29
708243,2025-07-30 22:54:00,88,burgers,8.9,suburbs_south,7.3,1,12.45,car,239,clear,33
708244,2025-07-30 23:29:00,137,thai,13.3,suburbs_north,9.8,2,24.82,car,564,cloudy,40
708245,2025-07-31 11:31:00,18,indian,20.8,suburbs_south,6.9,2,27.73,car,155,cloudy,46
708246,2025-07-31 11:32:00,125,sushi,18.8,uptown,5.1,4,30.65,bike,53,clear,54
708247,2025-07-31 11:33:00,122,indian,20,midtown,2.6,5,72.06,car,64,rain,35
708249,2025-07-31 12:21:00,132,mexican,13.3,downtown,2.2,4,29.73,car,23,cloudy,33
708250,2025-07-31 12:26:00,19,chinese,10.6,downtown,1.6,3,47.09,scooter,481,cloudy,21
708251,2025-07-31 12:29:00,24,pizza,15.8,uptown,1.7,3,26.47,scooter,1174,clear,20
708252,2025-07-31 12:34:00,140,chinese,17.8,downtown,2.5,3,35.19,bike,46,clear,34
708253,2025-07-31 12:38:00,30,salads,5,suburbs_south,2.8,2,29.59,bike,48,rain,24
708254,2025-07-31 12:42:00,136,salads,9.3,downtown,1.4,3,41.59,bike,158,cloudy,20
708256,2025-07-31 13:18:00,139,indian,20.7,midtown,4.7,2,28.51,car,331,clear,38
708259,2025-07-31 13:33:00,132,mexican,13.3,downtown,2.1,2,18.49,car,706,rain,28
708260,2025-07-31 14:06:00,24,pizza,15.8,uptown,1.6,4,40.14,scooter,189,heavy_rain,28
708261,2025-07-31 14:09:00,79,salads,10,midtown,3.7,2,16,car,54,rain,26
708263,2025-07-31 15:01:00,13,indian,15.1,downtown,2.9,3,23.78,scooter,49,rain,30
708264,2025-07-31 15:03:00,82,salads,9.2,midtown,2.8,4,33.47,car,168,clear,17
708265,2025-07-31 15:29:00,117,pizza,16.2,suburbs_south,6.4,1,11.17,car,289,rain,36
708266,2025-07-31 15:35:00,147,chinese,17.7,midtown,2.6,4,40.12,bike,207,clear,33
708267,2025-07-31 15:47:00,158,indian,12.1,midtown,4,3,28.62,car,272,clear,23
708268,2025-07-31 15:55:00,28,indian,19.5,downtown,2.1,1,11.83,bike,511,clear,31
708270,2025-07-31 16:17:00,102,indian,17.4,uptown,4.6,5,73.63,scooter,92,clear,35
708271,2025-07-31 16:25:00,94,sushi,20.2,downtown,1,2,26.5,bike,13,cloudy,28
708272,2025-07-31 17:02:00,157,burgers,16.3,suburbs_south,6,3,30.07,bike,37,rain,55
708273,2025-07-31 17:09:00,82,salads,9.2,midtown,1.2,3,35.02,scooter,196,cloudy,17
708274,2025-07-31 17:26:00,102,indian,17.4,uptown,4.6,6,45.79,car,214,clear,38
708276,2025-07-31 17:51:00,72,burgers,12.2,suburbs_south,7.3,5,67.14,scooter,360,clear,39
708277,2025-07-31 17:51:00,109,burgers,10,downtown,1.4,5,53.19,bike,,clear,23
708278,2025-07-31 18:00:00,97,chinese,16.1,uptown,4.3,3,25.48,scooter,87,clear,39
708279,2025-07-31 18:16:00,145,pizza,12.3,suburbs_south,5.1,4,34.59,scooter,,cloudy,36
708280,2025-07-31 18:18:00,26,pizza,14.9,midtown,3.8,5,46.07,bike,113,rain,50
708281,2025-07-31 18:21:00,22,mexican,9.1,suburbs_south,10.1,3,24.93,scooter,12,clear,48
708282,2025-07-31 18:22:00,62,salads,6.7,downtown,2.7,1,15.06,bike,139,cloudy,18
708283,2025-07-31 18:28:00,119,indian,16.8,suburbs_south,7.9,1,12.78,car,4418,clear,42
708284,2025-07-31 18:29:00,34,mexican,12.2,midtown,3,1,8,car,1949,cloudy,23
708286,2025-07-31 18:49:00,36,burgers,11.8,downtown,1.1,3,30.67,bike,68,rain,28
708287,2025-07-31 18:53:00,114,chinese,12.4,suburbs_south,11.5,2,16.9,scooter,1177,clear,49
708288,2025-07-31 19:14:00,133,chinese,15.9,suburbs_north,9.4,1,9.04,car,125,clear,43
708289,2025-07-31 19:37:00,11,indian,20.4,uptown,2.2,1,10.27,scooter,261,clear,32
708290,2025-07-31 19:40:00,37,pizza,17.5,midtown,2.5,8,112.92,bike,209,clear,40
708291,2025-07-31 19:47:00,157,burgers,16.3,suburbs_south,7.7,2,20.31,scooter,484,heavy_rain,62
708292,2025-07-31 19:48:00,87,burgers,6.5,downtown,3.5,2,19.21,car,73,cloudy,28
708293,2025-07-31 19:49:00,39,thai,21,downtown,1.2,2,19.88,bike,14,rain,35
708294,2025-07-31 20:31:00,128,chinese,6.8,uptown,5.1,2,20.63,scooter,,clear,23
708295,2025-07-31 20:34:00,147,chinese,17.7,midtown,2.7,3,45.1,bike,29,rain,45
708296,2025-07-31 20:45:00,145,pizza,12.3,suburbs_south,5.3,1,14.72,scooter,2187,clear,33
708297,2025-07-31 21:26:00,142,indian,20.4,midtown,1.7,3,27.4,scooter,102,clear,36
708299,2025-07-31 22:16:00,138,thai,16.2,uptown,3.9,2,30.24,car,143,heavy_rain,36
708300,2025-07-31 22:37:00,19,chinese,10.6,downtown,3,1,12.87,car,1204,clear,23
708302,2025-08-01 10:34:00,82,salads,9.2,midtown,3.5,4,40.79,bike,234,cloudy,25
708303,2025-08-01 10:35:00,119,indian,16.8,suburbs_south,11.7,3,35.84,scooter,545,clear,55
708304,2025-08-01 11:05:00,89,sushi,22.3,suburbs_north,5.5,5,73.58,scooter,217,clear,54
708306,2025-08-01 11:30:00,160,salads,5,uptown,2,2,25.95,bike,440,cloudy,20
708307,2025-08-01 11:39:00,8,burgers,12.1,uptown,4,2,28.55,bike,38,heavy_rain,51
708310,2025-08-01 12:01:00,22,mexican,9.1,suburbs_south,4.5,2,22.17,bike,44,cloudy,33
708311,2025-08-01 12:26:00,79,salads,10,midtown,3.1,2,23.67,car,151,rain,17
708312,2025-08-01 12:41:00,70,thai,14.2,suburbs_north,8,3,25.44,car,50,clear,43
708314,2025-08-01 12:51:00,28,indian,19.5,downtown,1.9,3,30.08,scooter,216,cloudy,32
708316,2025-08-01 13:20:00,125,sushi,18.8,uptown,2.1,1,15.29,scooter,405,clear,27
708317,2025-08-01 13:25:00,115,thai,13.4,downtown,0.8,5,36.43,scooter,175,cloudy,29
708318,2025-08-01 13:35:00,45,indian,15.4,midtown,3.3,4,54.11,scooter,269,cloudy,29
708320,2025-08-01 13:47:00,71,burgers,14.5,uptown,2.6,5,47.75,bike,276,clear,32
708322,2025-08-01 14:03:00,137,thai,13.3,suburbs_north,3.4,2,22.48,car,358,rain,27
708323,2025-08-01 14:18:00,99,thai,13.4,midtown,1.7,1,12.79,bike,21,cloudy,26
708324,2025-08-01 15:22:00,143,chinese,12.4,uptown,1.3,1,15.75,bike,383,clear,16
708325,2025-08-01 16:10:00,117,pizza,16.2,suburbs_south,6.3,6,51.68,car,34,clear,37
708326,2025-08-01 16:17:00,89,sushi,22.3,suburbs_north,2.1,1,15.84,car,61,clear,32
708327,2025-08-01 16:43:00,35,mexican,11.9,midtown,1.2,4,46.6,scooter,448,cloudy,19
708328,2025-08-01 16:43:00,71,burgers,14.5,uptown,3.8,4,63.14,car,83,clear,23
708329,2025-08-01 16:47:00,37,pizza,17.5,midtown,2,2,14.73,scooter,120,cloudy,27
708330,2025-08-01 17:15:00,54,salads,9.4,downtown,1.5,4,58.55,bike,48,clear,20
708331,2025-08-01 17:22:00,132,mexican,13.3,downtown,1,1,11.32,bike,10,cloudy,23
708333,2025-08-01 18:05:00,47,mexican,14.1,downtown,2.8,2,17.99,bike,485,clear,34
708334,2025-08-01 18:13:00,84,chinese,11.5,suburbs_south,10.6,1,13,car,67,cloudy,47
708336,2025-08-01 18:34:00,111,pizza,8.5,downtown,2.5,2,26.59,scooter,171,heavy_rain,28
708337,2025-08-01 18:54:00,106,pizza,12.3,downtown,1.5,1,10.94,car,1348,clear,29
708339,2025-08-01 19:17:00,146,thai,14.2,uptown,2,2,29.64,scooter,272,clear,24
708341,2025-08-01 19:36:00,146,thai,14.2,uptown,2.7,3,44.12,bike,514,clear,34
708342,2025-08-01 19:43:00,61,thai,18,suburbs_north,8.5,3,33.67,scooter,121,clear,52
708343,2025-08-01 19:45:00,141,thai,14.1,suburbs_north,8.2,1,10.2,car,367,clear,43
708344,2025-08-01 19:47:00,29,salads,9.9,midtown,2.4,5,42.13,car,964,clear,24
708345,2025-08-01 19:48:00,114,chinese,12.4,suburbs_south,4.6,1,15.41,bike,406,clear,36
708348,2025-08-01 19:58:00,79,salads,10,midtown,1.3,6,66.06,bike,33,cloudy,23
708349,2025-08-01 20:17:00,36,burgers,11.8,downtown,0.7,4,33.25,scooter,141,rain,20
708350,2025-08-01 20:18:00,101,thai,11.8,suburbs_north,2.8,3,30.61,bike,,clear,30
708351,2025-08-01 20:33:00,146,thai,14.2,uptown,1.8,5,43.57,car,101,clear,25
708352,2025-08-01 20:49:00,59,pizza,11.7,suburbs_south,10.8,3,26.58,car,382,cloudy,40
708353,2025-08-01 20:55:00,18,indian,20.8,suburbs_south,5.7,2,26.6,bike,1106,clear,52
708354,2025-08-01 21:23:00,86,chinese,11.8,suburbs_south,5.7,3,43.21,scooter,361,clear,31
708355,2025-08-01 22:02:00,19,chinese,10.6,downtown,3,5,48.64,scooter,1828,clear,18
708356,2025-08-01 23:45:00,1,mexican,12.7,downtown,2,1,12.67,scooter,11,cloudy,19
708357,2025-08-02 10:41:00,30,salads,5,suburbs_south,8.9,3,24.2,car,20,clear,33
708359,2025-08-02 12:13:00,40,pizza,18.4,midtown,3.6,2,15.83,bike,245,cloudy,41
708362,2025-08-02 12:55:00,49,indian,14.4,uptown,5.6,3,33.87,scooter,21,cloudy,43
708363,2025-08-02 13:19:00,137,thai,13.3,suburbs_north,2.6,1,14.38,car,105,rain,37
708364,2025-08-02 13:44:00,147,chinese,17.7,midtown,3,1,9.38,car,720,cloudy,29
708365,2025-08-02 14:28:00,8,burgers,12.1,uptown,3.1,3,40.99,bike,695,clear,26
708366,2025-08-02 14:29:00,113,mexican,13.2,midtown,3.9,3,26.19,scooter,2151,clear,27
708367,2025-08-02 14:31:00,43,chinese,12.4,uptown,4.9,3,21.54,scooter,181,clear,34
708369,2025-08-02 15:19:00,89,sushi,22.3,suburbs_north,9.7,2,18.58,car,86,rain,53
708371,2025-08-02 16:48:00,43,chinese,12.4,uptown,4.2,5,71.78,bike,39,rain,44
708372,2025-08-02 16:58:00,90,sushi,20.7,midtown,3.6,3,38.12,bike,200,clear,43
708374,2025-08-02 17:23:00,49,indian,14.4,uptown,4.6,3,37.04,scooter,105,clear,39
708375,2025-08-02 17:59:00,26,pizza,14.9,midtown,1.2,3,28.34,bike,78,cloudy,30
708376,2025-08-02 18:12:00,153,salads,5,suburbs_south,2,7,73.82,bike,1817,,23
708377,2025-08-02 18:13:00,30,salads,5,suburbs_south,6.9,1,8,car,115,rain,29
708378,2025-08-02 18:28:00,13,indian,15.1,downtown,3.3,3,28.04,scooter,51,rain,41
708379,2025-08-02 18:35:00,8,burgers,12.1,uptown,3.6,5,54.89,bike,1258,clear,34
708380,2025-08-02 18:55:00,48,mexican,8.8,midtown,1.8,2,17.47,scooter,37,rain,21
708381,2025-08-02 19:04:00,64,mexican,11.6,suburbs_north,5.6,4,61.4,car,587,clear,31
708383,2025-08-02 19:19:00,3,pizza,20.9,suburbs_north,6.6,4,29.94,car,648,clear,50
708385,2025-08-02 19:42:00,84,chinese,11.5,suburbs_south,3.8,2,29.72,car,401,clear,29
708386,2025-08-02 19:57:00,154,salads,8.5,midtown,3.6,3,27.02,scooter,657,clear,24
708387,2025-08-02 20:33:00,52,mexican,5.5,uptown,6.3,3,31.92,car,48,clear,30
708388,2025-08-02 20:38:00,92,thai,7,uptown,3,2,28.91,scooter,1663,clear,24
708392,2025-08-02 21:09:00,137,thai,13.3,suburbs_north,5.5,5,65.48,scooter,43,rain,37
708393,2025-08-02 21:45:00,83,salads,8.7,midtown,1.2,5,60.52,bike,218,clear,17
708395,2025-08-02 22:11:00,118,thai,15.5,downtown,3.3,8,80.86,car,246,heavy_rain,41
708396,2025-08-02 22:28:00,24,pizza,15.8,uptown,6.3,4,34.78,car,199,rain,43
708397,2025-08-02 22:28:00,38,pizza,16.9,midtown,3.5,5,50.71,bike,,clear,35
708398,2025-08-02 23:33:00,71,burgers,14.5,uptown,4.6,1,13.28,bike,625,clear,35
708399,2025-08-02 23:38:00,74,thai,18.7,downtown,3.4,6,52.03,car,58,clear,34
708400,2025-08-02 23:43:00,19,chinese,10.6,downtown,1.8,3,44.79,scooter,,clear,18
708401,2025-08-03 11:01:00,142,indian,20.4,midtown,3.9,3,45.95,bike,5,rain,51
708402,2025-08-03 11:05:00,42,pizza,16.7,downtown,2,2,25.34,car,524,clear,32
708404,2025-08-03 11:11:00,79,salads,10,midtown,3.1,1,15.47,bike,376,clear,28
708405,2025-08-03 11:24:00,127,indian,15.6,downtown,1.6,2,22.18,scooter,36,clear,26
708406,2025-08-03 11:28:00,146,thai,14.2,uptown,2.3,1,10.75,car,114,clear,25
708407,2025-08-03 11:39:00,157,burgers,16.3,suburbs_south,5.3,1,15.92,scooter,62,cloudy,44
708408,2025-08-03 11:47:00,121,indian,13.9,suburbs_north,6.1,5,69.65,car,322,clear,32
708409,2025-08-03 11:50:00,67,chinese,17.8,uptown,3,3,35.98,bike,626,clear,34
708410,2025-08-03 12:13:00,60,chinese,10.4,suburbs_north,8,5,43.02,scooter,838,clear,47
708411,2025-08-03 12:14:00,124,indian,17.6,downtown,1.5,3,23.54,bike,662,cloudy,33
708412,2025-08-03 12:28:00,67,chinese,17.8,uptown,4,3,45.8,car,8,cloudy,32
708414,2025-08-03 12:42:00,32,thai,16.7,uptown,4.8,5,44.63,car,200,,40
708415,2025-08-03 12:53:00,59,pizza,11.7,suburbs_south,9.1,3,33.97,car,6,clear,38
708416,2025-08-03 12:59:00,51,indian,17,downtown,2.5,3,44.89,bike,24,cloudy,38
708418,2025-08-03 13:28:00,130,mexican,15.3,downtown,1.1,1,8,scooter,5,cloudy,28
708419,2025-08-03 13:35:00,55,salads,5,midtown,2.3,1,8.94,car,65,cloudy,16
708420,2025-08-03 13:56:00,146,thai,14.2,uptown,4.1,1,14.07,scooter,313,cloudy,32
708422,2025-08-03 14:58:00,37,pizza,17.5,midtown,4.1,1,15.74,car,329,cloudy,32
708423,2025-08-03 16:00:00,37,pizza,17.5,midtown,1.9,2,23.22,car,64,rain,25
708427,2025-08-03 17:15:00,44,indian,21,midtown,3.1,6,77.23,scooter,46,clear,36
708428,2025-08-03 17:25:00,107,sushi,18,suburbs_south,3.5,6,87.24,car,86,clear,33
708429,2025-08-03 17:28:00,157,burgers,16.3,suburbs_south,7.3,4,50.42,car,216,clear,42
708430,2025-08-03 17:58:00,96,thai,15.7,downtown,2.2,2,18.92,bike,991,clear,31
708431,2025-08-03 18:13:00,141,thai,14.1,suburbs_north,9,2,22.32,scooter,407,cloudy,48
708432,2025-08-03 18:26:00,100,pizza,12.8,uptown,1.2,4,50.6,bike,28,rain,31
708433,2025-08-03 18:26:00,50,salads,8.2,midtown,2.9,2,18.86,bike,752,clear,22
708434,2025-08-03 18:39:00,66,sushi,18.7,midtown,2,1,11.71,car,38,clear,30
708435,2025-08-03 18:49:00,9,thai,12.6,suburbs_south,3.5,2,30.97,car,147,cloudy,28
708437,2025-08-03 18:58:00,21,pizza,17,midtown,2.5,1,13.7,car,127,cloudy,31
708438,2025-08-03 19:03:00,106,pizza,12.3,downtown,3.3,3,34.22,bike,188,clear,37
708440,2025-08-03 19:16:00,115,thai,13.4,downtown,2.6,2,30.08,bike,10,clear,36
708441,2025-08-03 19:19:00,84,chinese,11.5,suburbs_south,5.3,1,8,bike,231,clear,41
708442,2025-08-03 19:20:00,107,sushi,18,suburbs_south,10.1,4,46.67,scooter,416,clear,58
708443,2025-08-03 19:21:00,134,mexican,10.8,midtown,3.1,2,17.72,scooter,74,clear,19
708444,2025-08-03 19:30:00,19,chinese,10.6,downtown,1,2,20.69,scooter,772,rain,18
708445,2025-08-03 19:36:00,91,salads,10.1,suburbs_south,9.4,2,29.05,car,2669,clear,36
708446,2025-08-03 19:36:00,38,pizza,16.9,midtown,2.7,5,35.05,car,185,clear,32
708450,2025-08-03 21:07:00,146,thai,14.2,uptown,3.5,2,22.34,bike,178,clear,33
708451,2025-08-03 21:26:00,97,chinese,16.1,uptown,3.2,1,13.17,car,52,clear,23
708452,2025-08-03 21:44:00,135,sushi,20.5,downtown,2,2,27.77,scooter,23,cloudy,37
708453,2025-08-03 22:04:00,43,chinese,12.4,uptown,5.3,4,45.72,car,174,clear,30
708454,2025-08-03 22:45:00,101,thai,11.8,suburbs_north,7.3,1,11.29,car,48,clear,33
708455,2025-08-03 23:51:00,119,indian,16.8,suburbs_south,3.6,5,77.32,bike,41,clear,37
708456,2025-08-04 11:01:00,19,chinese,10.6,downtown,3.2,3,29.69,bike,166,cloudy,34
708457,2025-08-04 11:03:00,35,mexican,11.9,midtown,3.6,8,58.94,scooter,15,cloudy,35
708458,2025-08-04 11:27:00,96,thai,15.7,downtown,1,1,13.49,bike,66,clear,27
708459,2025-08-04 11:37:00,148,indian,16.9,suburbs_north,5.5,2,20.88,bike,187,cloudy,45
708460,2025-08-04 12:04:00,12,thai,12.8,midtown,1.7,1,8.56,bike,27,clear,28
708461,2025-08-04 12:04:00,113,mexican,13.2,midtown,1.8,1,11.41,bike,112,clear,30
708462,2025-08-04 12:05:00,71,burgers,14.5,uptown,2.3,3,44.95,car,720,,27
708463,2025-08-04 12:14:00,89,sushi,22.3,suburbs_north,4.7,3,30.45,scooter,292,clear,47
708465,2025-08-04 12:21:00,95,pizza,11.9,suburbs_south,8.8,2,14.96,car,96,clear,37
708466,2025-08-04 12:23:00,144,chinese,7.6,midtown,3,4,36.76,scooter,79,cloudy,25
708467,2025-08-04 12:34:00,73,pizza,10.6,midtown,3.5,1,13.91,scooter,49,,27
708473,2025-08-04 13:08:00,87,burgers,6.5,downtown,1.8,1,11.86,scooter,459,cloudy,17
708474,2025-08-04 13:11:00,17,thai,9.8,uptown,2.4,3,46.4,bike,380,rain,26
708475,2025-08-04 13:11:00,50,salads,8.2,midtown,3.6,3,42.88,bike,196,clear,17
708476,2025-08-04 13:22:00,36,burgers,11.8,downtown,2.3,2,31.7,scooter,166,heavy_rain,24
708478,2025-08-04 13:24:00,43,chinese,12.4,uptown,3.7,5,65.42,car,110,,31
708479,2025-08-04 13:24:00,2,thai,10.5,downtown,1.6,4,42.09,bike,100,clear,22
708480,2025-08-04 13:37:00,9,thai,12.6,suburbs_south,3.5,1,11.04,scooter,1167,clear,30
708481,2025-08-04 13:50:00,123,salads,7.7,uptown,2.4,3,22.13,bike,29,cloudy,26
708482,2025-08-04 14:54:00,156,salads,12.7,downtown,1.2,3,40.24,car,148,clear,15
708485,2025-08-04 15:20:00,147,chinese,17.7,midtown,1.8,3,39.59,scooter,147,clear,29
708486,2025-08-04 15:42:00,57,sushi,15.1,midtown,3.9,2,25.44,bike,24,rain,40
708487,2025-08-04 16:16:00,127,indian,15.6,downtown,2.6,2,19.64,bike,111,cloudy,32
708488,2025-08-04 16:23:00,6,sushi,16.8,midtown,1.5,2,25.06,scooter,534,heavy_rain,22
708489,2025-08-04 16:32:00,37,pizza,17.5,midtown,1,1,10.7,car,470,rain,23
708490,2025-08-04 16:35:00,157,burgers,16.3,suburbs_south,6.7,2,15.03,car,846,clear,31
708491,2025-08-04 17:12:00,30,salads,5,suburbs_south,12.2,1,11.6,scooter,144,,43
708492,2025-08-04 17:28:00,88,burgers,8.9,suburbs_south,3.6,2,17.89,scooter,245,clear,22
708493,2025-08-04 17:29:00,9,thai,12.6,suburbs_south,6.6,3,28.08,car,175,heavy_rain,38
708494,2025-08-04 17:30:00,125,sushi,18.8,uptown,3.1,2,14.92,scooter,424,clear,32
708495,2025-08-04 17:39:00,95,pizza,11.9,suburbs_south,5.6,1,14.53,scooter,44,clear,36
708496,2025-08-04 17:46:00,48,mexican,8.8,midtown,3.8,3,38.89,scooter,107,clear,29
708498,2025-08-04 17:48:00,147,chinese,17.7,midtown,2.7,4,44.82,scooter,387,clear,26
708499,2025-08-04 18:01:00,12,thai,12.8,midtown,2.7,5,52.62,bike,20,cloudy,29
708500,2025-08-04 18:33:00,146,thai,14.2,uptown,4.3,2,23.9,bike,122,clear,36
708502,2025-08-04 18:57:00,4,pizza,14,suburbs_south,7.5,2,21.88,car,807,clear,40
708504,2025-08-04 19:28:00,63,pizza,12.6,downtown,1.5,2,22.11,bike,68,clear,23
708505,2025-08-04 19:39:00,29,salads,9.9,midtown,3.3,1,8,car,1228,clear,24
708506,2025-08-04 19:44:00,128,chinese,6.8,uptown,3.6,1,8,scooter,16,rain,25
708507,2025-08-04 19:48:00,65,thai,16.7,uptown,1.6,1,8.91,scooter,289,heavy_rain,28
708509,2025-08-04 20:02:00,158,indian,12.1,midtown,5.4,3,46.45,car,196,cloudy,32
708510,2025-08-04 20:11:00,120,pizza,12.2,downtown,0.9,2,18.97,bike,127,clear,25
708511,2025-08-04 20:14:00,156,salads,12.7,downtown,0.9,2,25.32,scooter,75,clear,23
708512,2025-08-04 20:46:00,25,mexican,14.5,midtown,1.2,2,16.26,scooter,37,cloudy,21
708514,2025-08-04 21:03:00,22,mexican,9.1,suburbs_south,8.4,1,11.44,car,215,clear,32
708516,2025-08-04 22:14:00,78,mexican,9.1,downtown,2.4,1,11.11,car,129,rain,17
708517,2025-08-04 22:46:00,133,chinese,15.9,suburbs_north,6.7,1,12.42,scooter,26,heavy_rain,54
708518,2025-08-04 23:45:00,110,thai,12.5,suburbs_north,4.4,6,78.04,bike,18,clear,36
708519,2025-08-05 10:55:00,78,mexican,9.1,downtown,2.1,1,8,bike,266,cloudy,18
708520,2025-08-05 11:00:00,52,mexican,5.5,uptown,2.3,1,8,car,916,cloudy,19
708521,2025-08-05 11:12:00,11,indian,20.4,uptown,5.9,8,81.2,car,78,clear,50
708522,2025-08-05 11:36:00,51,indian,17,downtown,0.8,5,68.24,bike,1760,clear,26
708523,2025-08-05 12:01:00,32,thai,16.7,uptown,3.3,3,21.87,scooter,1580,clear,34
708527,2025-08-05 12:44:00,2,thai,10.5,downtown,1.3,2,19.72,scooter,55,clear,16
708529,2025-08-05 13:09:00,37,pizza,17.5,midtown,2.3,1,11.74,bike,,rain,35
708530,2025-08-05 13:13:00,152,indian,18,suburbs_north,4.7,4,48.42,bike,186,cloudy,37
708531,2025-08-05 13:22:00,71,burgers,14.5,uptown,4.4,3,32.98,scooter,40,cloudy,38
708532,2025-08-05 13:31:00,79,salads,10,midtown,1.4,7,107.66,scooter,2065,clear,21
708535,2025-08-05 15:06:00,159,pizza,15,uptown,3.1,2,24.49,car,188,cloudy,21
708536,2025-08-05 15:25:00,79,salads,10,midtown,3,2,25.88,car,1591,clear,20
708537,2025-08-05 15:35:00,129,pizza,10.9,suburbs_north,8.1,1,8,scooter,218,clear,34
708538,2025-08-05 17:03:00,1,mexican,12.7,downtown,2.2,1,8,bike,24,clear,28
708539,2025-08-05 17:03:00,111,pizza,8.5,downtown,3.2,3,34.52,car,108,clear,21
708540,2025-08-05 17:11:00,126,pizza,12,midtown,2.2,6,50.34,car,33,clear,22
708541,2025-08-05 17:14:00,64,mexican,11.6,suburbs_north,6.9,2,18.88,car,69,clear,28
708542,2025-08-05 17:15:00,155,indian,14.5,suburbs_south,2.8,1,14.8,scooter,556,clear,19
708545,2025-08-05 17:57:00,89,sushi,22.3,suburbs_north,5.9,3,42.14,bike,242,clear,47
708546,2025-08-05 17:58:00,123,salads,7.7,uptown,3,8,78.08,scooter,220,rain,25
708550,2025-08-05 19:08:00,100,pizza,12.8,uptown,1.5,2,26.52,bike,510,clear,21
708551,2025-08-05 19:10:00,134,mexican,10.8,midtown,2.8,3,24.61,scooter,214,rain,24
708552,2025-08-05 19:14:00,31,sushi,14.7,midtown,1.8,2,25.1,car,281,clear,22
708553,2025-08-05 19:18:00,51,indian,17,downtown,1.4,3,31.6,car,60,clear,30
708554,2025-08-05 19:26:00,102,indian,17.4,uptown,4.6,2,28.2,bike,9,clear,42
708555,2025-08-05 19:27:00,14,burgers,6.4,downtown,2,3,29.05,scooter,84,cloudy,17
708556,2025-08-05 19:28:00,106,pizza,12.3,downtown,1.2,2,21.12,scooter,722,cloudy,21
708557,2025-08-05 19:43:00,146,thai,14.2,uptown,4.2,5,41.71,scooter,1522,clear,38
708558,2025-08-05 19:44:00,20,mexican,9.2,midtown,1.6,1,8,scooter,283,rain,21
708559,2025-08-05 19:49:00,124,indian,17.6,downtown,2.8,1,14.53,scooter,291,clear,32
708560,2025-08-05 19:51:00,129,pizza,10.9,suburbs_north,11.3,5,36.95,scooter,217,clear,61
708561,2025-08-05 19:53:00,99,thai,13.4,midtown,3.9,4,30.64,scooter,68,cloudy,35
708562,2025-08-05 19:58:00,140,chinese,17.8,downtown,1.5,1,11.51,scooter,85,clear,27
708563,2025-08-05 20:32:00,9,thai,12.6,suburbs_south,2.4,5,60.75,scooter,17,cloudy,28
708564,2025-08-05 20:42:00,105,pizza,12.9,midtown,2.3,6,86.67,car,1402,cloudy,27
708565,2025-08-05 20:59:00,55,salads,5,midtown,2.2,1,12.66,scooter,802,rain,20
708566,2025-08-05 21:00:00,57,sushi,15.1,midtown,5.2,2,25.99,bike,55,rain,43
708567,2025-08-05 21:03:00,37,pizza,17.5,midtown,3.5,4,36.42,car,62,heavy_rain,35
708568,2025-08-05 21:25:00,67,chinese,17.8,uptown,2.3,4,32.26,car,1678,clear,26
708569,2025-08-05 21:31:00,19,chinese,10.6,downtown,2.3,3,23.62,bike,130,clear,22
708570,2025-08-05 21:37:00,20,mexican,9.2,midtown,1.4,1,14.85,bike,236,cloudy,17
708571,2025-08-05 21:39:00,91,salads,10.1,suburbs_south,9.5,1,8.99,scooter,17,clear,41
708572,2025-08-05 22:15:00,51,indian,17,downtown,1.4,6,68.19,scooter,696,,29
708573,2025-08-05 22:18:00,76,mexican,10,uptown,1.2,6,67.28,car,18,clear,23
708574,2025-08-06 11:27:00,8,burgers,12.1,uptown,3.9,3,39.13,car,64,clear,92
708575,2025-08-06 11:46:00,68,thai,11.9,uptown,2.3,4,50.88,scooter,183,clear,27
708577,2025-08-06 11:54:00,158,indian,12.1,midtown,4.5,5,74.4,bike,245,rain,45
708579,2025-08-06 12:04:00,123,salads,7.7,uptown,3,1,8,car,12,clear,21
708580,2025-08-06 12:10:00,62,salads,6.7,downtown,1.4,2,16.04,bike,239,clear,19
708581,2025-08-06 12:13:00,139,indian,20.7,midtown,1.6,2,28.01,bike,116,,41
708584,2025-08-06 12:32:00,118,thai,15.5,downtown,0.8,4,42.38,car,28,clear,28
708585,2025-08-06 12:46:00,67,chinese,17.8,uptown,3.9,7,102.69,bike,33,clear,43
708586,2025-08-06 12:53:00,126,pizza,12,midtown,3.6,1,11.4,car,409,clear,23
708587,2025-08-06 12:59:00,27,thai,16.7,downtown,0.9,2,25.51,scooter,740,clear,25
708588,2025-08-06 13:04:00,138,thai,16.2,uptown,3.6,3,40.33,scooter,49,clear,40
708589,2025-08-06 13:12:00,51,indian,17,downtown,1.5,1,8,scooter,428,clear,27
708590,2025-08-06 13:24:00,112,sushi,18.2,downtown,1.8,3,34.44,scooter,286,cloudy,36
708591,2025-08-06 13:36:00,50,salads,8.2,midtown,3.1,3,42.56,scooter,830,clear,22
708593,2025-08-06 13:50:00,117,pizza,16.2,suburbs_south,12,2,23.59,car,100,clear,60
708594,2025-08-06 13:59:00,120,pizza,12.2,downtown,2.1,2,29.44,scooter,74,cloudy,31
708595,2025-08-06 14:01:00,102,indian,17.4,uptown,1.9,2,20.22,car,323,clear,23
708596,2025-08-06 14:21:00,125,sushi,18.8,uptown,1.4,2,14.81,scooter,83,cloudy,29
708597,2025-08-06 15:37:00,133,chinese,15.9,suburbs_north,6.6,3,47.32,car,97,clear,37
708598,2025-08-06 16:03:00,4,pizza,14,suburbs_south,6.1,4,50.54,car,221,clear,33
708599,2025-08-06 16:03:00,107,sushi,18,suburbs_south,8.3,5,76.77,scooter,198,clear,49
708600,2025-08-06 16:06:00,67,chinese,17.8,uptown,1.4,7,102.68,bike,385,cloudy,35
708602,2025-08-06 17:06:00,105,pizza,12.9,midtown,4.7,2,19.95,scooter,30,clear,31
708603,2025-08-06 17:12:00,27,thai,16.7,downtown,2,2,19.03,bike,72,,19
708605,2025-08-06 18:00:00,88,burgers,8.9,suburbs_south,3,7,95.03,bike,189,clear,24
708606,2025-08-06 18:03:00,99,thai,13.4,midtown,4.5,3,46.46,scooter,122,rain,34
708607,2025-08-06 18:18:00,77,pizza,11.4,uptown,3.1,3,27.53,scooter,99,clear,25
708608,2025-08-06 18:39:00,6,sushi,16.8,midtown,2.4,2,17.28,scooter,,clear,30
708613,2025-08-06 19:22:00,54,salads,9.4,downtown,1.8,1,11.39,bike,3,clear,23
708614,2025-08-06 19:24:00,59,pizza,11.7,suburbs_south,8.7,4,58.57,scooter,22,clear,45
708615,2025-08-06 19:29:00,77,pizza,11.4,uptown,5.2,3,33.02,scooter,265,cloudy,30
708617,2025-08-06 20:08:00,130,mexican,15.3,downtown,1.6,8,82.21,bike,81,heavy_rain,41
708618,2025-08-06 20:09:00,98,salads,11.1,midtown,5,2,29.19,scooter,124,heavy_rain,32
708620,2025-08-06 20:29:00,115,thai,13.4,downtown,3,3,35.07,scooter,169,clear,31
708621,2025-08-06 20:40:00,159,pizza,15,uptown,1.4,2,20.61,bike,100,clear,30
708622,2025-08-06 20:50:00,26,pizza,14.9,midtown,1.6,4,57.49,scooter,174,clear,28
708624,2025-08-06 21:33:00,53,thai,11.5,midtown,2.1,6,46.08,bike,184,clear,26
708625,2025-08-06 21:47:00,18,indian,20.8,suburbs_south,5.8,5,47.66,car,103,rain,51
708626,2025-08-06 21:48:00,156,salads,12.7,downtown,1,2,27.49,scooter,14,cloudy,17
708627,2025-08-06 22:25:00,53,thai,11.5,midtown,1,2,22.47,scooter,35,cloudy,21
708628,2025-08-06 22:46:00,137,thai,13.3,suburbs_north,10.4,2,14.92,scooter,37,rain,54
708629,2025-08-07 10:01:00,23,burgers,11.6,downtown,1.4,2,29.46,scooter,117,rain,17
708631,2025-08-07 11:25:00,132,mexican,13.3,downtown,1.1,4,48.33,scooter,239,clear,19
708633,2025-08-07 11:28:00,155,indian,14.5,suburbs_south,3.8,2,16.45,car,43,clear,29
708634,2025-08-07 11:33:00,23,burgers,11.6,downtown,2.8,1,14.91,car,163,cloudy,25
708635,2025-08-07 11:49:00,45,indian,15.4,midtown,3.6,1,8,car,159,clear,36
708636,2025-08-07 12:00:00,106,pizza,12.3,downtown,1.3,3,37.65,car,472,cloudy,20
708637,2025-08-07 12:01:00,117,pizza,16.2,suburbs_south,8.4,5,78.83,car,400,clear,47
708638,2025-08-07 12:05:00,23,burgers,11.6,downtown,3.2,1,12.56,bike,311,clear,29
708639,2025-08-07 12:11:00,128,chinese,6.8,uptown,3.2,2,28.47,bike,214,rain,24
708640,2025-08-07 12:18:00,143,chinese,12.4,uptown,3.7,2,27.9,car,76,cloudy,27
708641,2025-08-07 12:21:00,145,pizza,12.3,suburbs_south,7.7,1,8,scooter,291,clear,36
708642,2025-08-07 12:53:00,25,mexican,14.5,midtown,1.9,3,30.06,bike,697,clear,28
708643,2025-08-07 13:03:00,32,thai,16.7,uptown,2.4,5,60.3,scooter,7,clear,29
708644,2025-08-07 13:12:00,151,chinese,11.8,downtown,2,5,76,scooter,74,clear,24
708645,2025-08-07 13:25:00,23,burgers,11.6,downtown,2.2,1,8.68,bike,126,clear,22
708646,2025-08-07 13:31:00,17,thai,9.8,uptown,1.9,2,20.87,scooter,694,,21
708647,2025-08-07 13:49:00,53,thai,11.5,midtown,2.4,3,24.99,bike,31,clear,23
708649,2025-08-07 14:10:00,92,thai,7,uptown,4.6,5,76.84,bike,431,clear,21
708650,2025-08-07 14:18:00,111,pizza,8.5,downtown,1.5,2,18.33,scooter,304,clear,14
708651,2025-08-07 15:53:00,19,chinese,10.6,downtown,1.7,3,39.37,bike,237,clear,24
708652,2025-08-07 16:08:00,28,indian,19.5,downtown,2.2,2,21.95,bike,87,clear,32
708653,2025-08-07 16:08:00,111,pizza,8.5,downtown,1.4,3,36.25,bike,472,clear,16
708655,2025-08-07 17:18:00,9,thai,12.6,suburbs_south,3.1,1,10.73,scooter,19,clear,29
708656,2025-08-07 17:31:00,140,chinese,17.8,downtown,0.7,3,35.24,scooter,625,cloudy,25
708657,2025-08-07 18:09:00,133,chinese,15.9,suburbs_north,4.8,2,25.21,scooter,579,cloudy,33
708658,2025-08-07 18:11:00,112,sushi,18.2,downtown,2.6,3,44.47,bike,36,clear,39
708659,2025-08-07 18:13:00,90,sushi,20.7,midtown,2.7,2,19.82,car,1658,cloudy,36
708660,2025-08-07 18:15:00,65,thai,16.7,uptown,4,5,55.56,bike,274,cloudy,46
708661,2025-08-07 18:22:00,24,pizza,15.8,uptown,1.6,3,23.79,car,555,cloudy,28
708663,2025-08-07 18:31:00,101,thai,11.8,suburbs_north,5.5,1,8,bike,159,cloudy,36
708664,2025-08-07 18:44:00,159,pizza,15,uptown,3.5,1,12.68,bike,48,heavy_rain,98
708665,2025-08-07 18:54:00,17,thai,9.8,uptown,1.9,3,34.49,car,101,clear,19
708666,2025-08-07 18:59:00,4,pizza,14,suburbs_south,6.6,6,92.22,car,102,clear,43
708668,2025-08-07 19:06:00,149,thai,15.5,downtown,1.4,2,23.4,bike,467,clear,23
708670,2025-08-07 20:08:00,61,thai,18,suburbs_north,7.3,2,25.16,car,,clear,44
708671,2025-08-07 20:08:00,148,indian,16.9,suburbs_north,10,1,12.18,car,,clear,51
708672,2025-08-07 20:11:00,12,thai,12.8,midtown,3.9,1,12.63,bike,86,rain,38
708673,2025-08-07 20:46:00,143,chinese,12.4,uptown,4.2,2,18.53,bike,10,clear,34
708676,2025-08-07 21:03:00,24,pizza,15.8,uptown,4.6,3,25.85,car,57,cloudy,32
708677,2025-08-07 21:09:00,127,indian,15.6,downtown,1.9,1,12.1,bike,393,clear,30
708678,2025-08-07 21:16:00,46,indian,19.4,downtown,1.7,3,30.14,scooter,839,clear,26
708679,2025-08-07 21:17:00,86,chinese,11.8,suburbs_south,3,1,11.49,scooter,828,clear,19
708680,2025-08-07 21:34:00,41,thai,19,downtown,0.9,3,26.63,scooter,10,rain,29
708681,2025-08-07 21:41:00,46,indian,19.4,downtown,3.7,2,26.18,car,40,heavy_rain,37
708682,2025-08-07 22:10:00,105,pizza,12.9,midtown,2.5,2,26.54,bike,469,clear,21
708683,2025-08-07 22:43:00,24,pizza,15.8,uptown,2.5,6,68.66,scooter,827,clear,27
708684,2025-08-07 22:46:00,28,indian,19.5,downtown,2.9,2,19.02,scooter,608,cloudy,22
708686,2025-08-08 10:06:00,159,pizza,15,uptown,4.9,2,28.58,bike,16,clear,45
708687,2025-08-08 10:27:00,70,thai,14.2,suburbs_north,5.6,3,38.05,bike,26,cloudy,37
708688,2025-08-08 11:48:00,143,chinese,12.4,uptown,3.5,3,46.68,car,655,cloudy,25
708689,2025-08-08 11:54:00,131,indian,22.1,downtown,2.3,3,38.42,bike,274,clear,42
708690,2025-08-08 12:03:00,11,indian,20.4,uptown,1.4,3,23.42,scooter,69,clear,35
708691,2025-08-08 12:03:00,58,indian,21.6,uptown,5.9,2,31.69,scooter,,clear,49
708692,2025-08-08 12:11:00,81,sushi,17.4,downtown,1.7,4,57.92,scooter,61,rain,35
708694,2025-08-08 12:40:00,85,pizza,11.8,uptown,6.3,2,25.46,car,223,heavy_rain,42
708696,2025-08-08 12:54:00,122,indian,20,midtown,4.5,4,38.12,car,313,clear,38
708697,2025-08-08 12:56:00,126,pizza,12,midtown,2.4,1,8,car,330,clear,21
708698,2025-08-08 13:00:00,149,thai,15.5,downtown,2.2,4,48.39,scooter,75,clear,34
708699,2025-08-08 13:06:00,66,sushi,18.7,midtown,1.2,3,46.55,scooter,233,clear,32
708700,2025-08-08 13:11:00,4,pizza,14,suburbs_south,5.7,4,50.49,bike,223,clear,41
708701,2025-08-08 13:19:00,18,indian,20.8,suburbs_south,7.7,4,62.77,car,341,clear,51
708702,2025-08-08 13:42:00,20,mexican,9.2,midtown,1.3,1,8,bike,646,clear,24
708703,2025-08-08 13:43:00,150,mexican,14.6,downtown,3.6,3,27.48,car,443,clear,36
708704,2025-08-08 13:45:00,130,mexican,15.3,downtown,1.8,3,37.85,scooter,420,clear,31
708705,2025-08-08 14:46:00,47,mexican,14.1,downtown,1.2,3,26.29,car,184,rain,19
708707,2025-08-08 15:18:00,94,sushi,20.2,downtown,3.3,2,29.58,car,10,clear,30
708710,2025-08-08 17:34:00,144,chinese,7.6,midtown,4,2,22.66,scooter,111,cloudy,27
708712,2025-08-08 17:53:00,45,indian,15.4,midtown,1.7,2,23.72,bike,288,clear,26
708713,2025-08-08 18:18:00,3,pizza,20.9,suburbs_north,6.4,1,10.59,car,1292,,40
708714,2025-08-08 18:29:00,59,pizza,11.7,suburbs_south,9,4,48.37,scooter,61,clear,49
708715,2025-08-08 18:30:00,69,salads,8.8,midtown,3.6,3,36.97,scooter,358,rain,29
708716,2025-08-08 18:35:00,31,sushi,14.7,midtown,4,4,42.72,scooter,697,clear,31
708718,2025-08-08 19:20:00,27,thai,16.7,downtown,3,2,24.75,scooter,230,clear,31
708719,2025-08-08 19:51:00,79,salads,10,midtown,2.1,1,8.01,bike,243,cloudy,21
708721,2025-08-08 19:54:00,52,mexican,5.5,uptown,1.5,3,46,scooter,49,cloudy,13
708722,2025-08-08 20:01:00,47,mexican,14.1,downtown,2.1,3,37.53,scooter,169,cloudy,28
708723,2025-08-08 20:01:00,69,salads,8.8,midtown,4.1,1,12.14,bike,32,clear,30
708724,2025-08-08 20:04:00,39,thai,21,downtown,2.7,4,50.9,scooter,122,clear,41
708725,2025-08-08 20:13:00,140,chinese,17.8,downtown,2.4,3,42.31,car,87,clear,38
708726,2025-08-08 20:31:00,38,pizza,16.9,midtown,5,5,45.23,car,3,clear,37
708727,2025-08-08 20:42:00,135,sushi,20.5,downtown,0.8,8,86.85,scooter,144,cloudy,36
708728,2025-08-08 20:49:00,70,thai,14.2,suburbs_north,9.3,1,11.5,car,,clear,42
708730,2025-08-08 21:26:00,58,indian,21.6,uptown,2.5,2,31.92,bike,325,cloudy,35
708731,2025-08-08 22:51:00,40,pizza,18.4,midtown,4,5,76.82,bike,655,clear,42
708732,2025-08-08 23:00:00,95,pizza,11.9,suburbs_south,3.2,5,66.66,scooter,292,clear,27
708733,2025-08-08 23:39:00,121,indian,13.9,suburbs_north,3.7,4,34.81,scooter,,clear,29
708735,2025-08-09 11:11:00,4,pizza,14,suburbs_south,11.6,2,28.68,scooter,241,clear,59
708736,2025-08-09 11:31:00,73,pizza,10.6,midtown,2.8,2,22.88,scooter,82,clear,26
708737,2025-08-09 12:10:00,66,sushi,18.7,midtown,1.1,1,15.19,bike,297,clear,24
708738,2025-08-09 12:19:00,53,thai,11.5,midtown,2.4,3,45.72,bike,577,cloudy,27
708739,2025-08-09 12:22:00,58,indian,21.6,uptown,1.5,4,28.3,bike,26,heavy_rain,45
708740,2025-08-09 12:37:00,132,mexican,13.3,downtown,1.8,3,44.13,car,2107,,16
708742,2025-08-09 12:53:00,28,indian,19.5,downtown,3,2,30.97,scooter,704,rain,41
708743,2025-08-09 12:56:00,70,thai,14.2,suburbs_north,8.9,1,8.17,car,761,clear,40
708744,2025-08-09 13:10:00,155,indian,14.5,suburbs_south,8.4,2,14.06,car,95,cloudy,49
708745,2025-08-09 13:15:00,77,pizza,11.4,uptown,5.1,6,69.07,scooter,52,clear,31
708747,2025-08-09 13:31:00,151,chinese,11.8,downtown,2.8,2,14.74,scooter,33,clear,29
708748,2025-08-09 13:38:00,138,thai,16.2,uptown,4.5,2,30.24,scooter,,clear,38
708749,2025-08-09 13:40:00,106,pizza,12.3,downtown,1.5,1,10.01,bike,204,cloudy,30
708750,2025-08-09 13:51:00,94,sushi,20.2,downtown,0.8,2,17.14,scooter,1872,clear,33
708751,2025-08-09 14:15:00,157,burgers,16.3,suburbs_south,9.4,2,17.16,scooter,249,heavy_rain,67
708752,2025-08-09 14:33:00,135,sushi,20.5,downtown,1.5,4,38.12,bike,427,cloudy,34
708753,2025-08-09 14:50:00,9,thai,12.6,suburbs_south,8.4,3,27.01,car,,clear,42
708754,2025-08-09 15:10:00,12,thai,12.8,midtown,2.3,2,24.03,car,,clear,23
708755,2025-08-09 15:45:00,56,thai,13,downtown,3,2,14.79,scooter,613,clear,18
708756,2025-08-09 16:12:00,36,burgers,11.8,downtown,1.2,6,67.68,scooter,33,rain,18
708757,2025-08-09 16:21:00,39,thai,21,downtown,2.2,2,30.83,scooter,803,cloudy,30
708759,2025-08-09 17:28:00,110,thai,12.5,suburbs_north,3.7,1,11.79,car,156,cloudy,25
708761,2025-08-09 17:54:00,131,indian,22.1,downtown,3.1,2,28.48,car,350,clear,35
708762,2025-08-09 18:00:00,111,pizza,8.5,downtown,2.7,4,47.11,scooter,2071,clear,18
708763,2025-08-09 18:37:00,84,chinese,11.5,suburbs_south,5.7,5,73.41,scooter,460,cloudy,33
708765,2025-08-09 18:58:00,99,thai,13.4,midtown,2.7,5,79.51,bike,380,clear,36
708766,2025-08-09 19:01:00,30,salads,5,suburbs_south,9.6,1,12.43,car,44,clear,31
708767,2025-08-09 19:16:00,69,salads,8.8,midtown,4.2,1,8,scooter,59,cloudy,25
708768,2025-08-09 19:22:00,153,salads,5,suburbs_south,4.8,4,48.83,scooter,279,clear,19
708770,2025-08-09 19:29:00,71,burgers,14.5,uptown,3.7,2,27.24,scooter,463,rain,34
708771,2025-08-09 19:39:00,115,thai,13.4,downtown,1.6,3,42.74,scooter,217,heavy_rain,30
708772,2025-08-09 19:39:00,13,indian,15.1,downtown,2.2,8,122.55,bike,97,clear,38
708774,2025-08-09 19:45:00,82,salads,9.2,midtown,3.5,3,25.2,car,66,cloudy,22
708775,2025-08-09 20:33:00,8,burgers,12.1,uptown,4,1,15.53,bike,27,cloudy,33
708776,2025-08-09 20:41:00,108,mexican,10.1,suburbs_south,5.7,3,44.41,bike,110,clear,39
708777,2025-08-09 20:49:00,139,indian,20.7,midtown,2.1,3,34.78,scooter,213,cloudy,41
708778,2025-08-09 20:54:00,111,pizza,8.5,downtown,1.2,3,30.24,car,124,cloudy,18
708779,2025-08-09 21:16:00,156,salads,12.7,downtown,2.4,2,17.16,car,218,clear,15
708780,2025-08-09 21:19:00,62,salads,6.7,downtown,1,2,17.13,scooter,69,clear,16
708781,2025-08-09 21:21:00,102,indian,17.4,uptown,2.2,3,43.75,bike,101,rain,36
708782,2025-08-09 21:37:00,71,burgers,14.5,uptown,1.8,2,20.4,scooter,480,clear,24
708783,2025-08-09 21:41:00,70,thai,14.2,suburbs_north,6.8,3,45.3,scooter,110,cloudy,42
708784,2025-08-09 22:09:00,107,sushi,18,suburbs_south,8.5,2,21.01,scooter,44,rain,53
708785,2025-08-09 22:09:00,20,mexican,9.2,midtown,3.3,3,35.99,scooter,280,clear,19
708786,2025-08-09 22:18:00,33,sushi,21.1,midtown,4,2,29.51,bike,8,heavy_rain,50
708787,2025-08-09 22:49:00,110,thai,12.5,suburbs_north,5.1,1,9.11,bike,276,clear,33
708788,2025-08-09 23:26:00,106,pizza,12.3,downtown,2.2,4,37.32,bike,84,cloudy,22
708789,2025-08-09 23:26:00,12,thai,12.8,midtown,2.3,1,8,scooter,310,clear,21
708790,2025-08-10 11:04:00,108,mexican,10.1,suburbs_south,7.5,3,35.87,scooter,322,cloudy,36
708792,2025-08-10 12:07:00,49,indian,14.4,uptown,3.4,4,31.24,scooter,497,heavy_rain,34
708793,2025-08-10 12:08:00,68,thai,11.9,uptown,4.3,3,29.7,bike,,,41
708795,2025-08-10 12:11:00,139,indian,20.7,midtown,1.2,2,16.23,bike,1465,clear,32
708796,2025-08-10 12:20:00,49,indian,14.4,uptown,3.3,2,30.66,bike,417,clear,34
708797,2025-08-10 12:20:00,148,indian,16.9,suburbs_north,8.8,2,19.78,car,34,clear,48
708798,2025-08-10 12:26:00,11,indian,20.4,uptown,1.8,4,40.54,bike,201,clear,39
708799,2025-08-10 12:34:00,83,salads,8.7,midtown,1.8,4,36.17,scooter,162,heavy_rain,27
708800,2025-08-10 12:52:00,35,mexican,11.9,midtown,3.4,1,10.76,car,23,clear,25
708801,2025-08-10 12:57:00,93,sushi,16.7,downtown,1.1,2,17.4,car,100,cloudy,23
708802,2025-08-10 13:16:00,45,indian,15.4,midtown,1.6,2,29.51,car,353,cloudy,32
708804,2025-08-10 13:41:00,72,burgers,12.2,suburbs_south,3,5,74.06,scooter,48,cloudy,33
708805,2025-08-10 13:44:00,89,sushi,22.3,suburbs_north,3.6,2,26.39,bike,104,cloudy,48
708806,2025-08-10 13:46:00,106,pizza,12.3,downtown,1.1,2,20.75,scooter,480,clear,25
708807,2025-08-10 13:56:00,58,indian,21.6,uptown,2.8,2,23.35,bike,316,rain,41
708808,2025-08-10 13:57:00,135,sushi,20.5,downtown,3.2,3,44.48,car,98,cloudy,40
708810,2025-08-10 15:32:00,44,indian,21,midtown,3.1,1,11.16,bike,140,clear,39
708811,2025-08-10 15:49:00,134,mexican,10.8,midtown,3.1,3,34.2,car,152,clear,24
708812,2025-08-10 16:17:00,26,pizza,14.9,midtown,4.7,5,59.91,car,720,clear,33
708813,2025-08-10 16:24:00,155,indian,14.5,suburbs_south,10.5,1,8.7,scooter,146,clear,49
708814,2025-08-10 16:54:00,54,salads,9.4,downtown,1.5,1,12.84,car,2988,heavy_rain,19
708815,2025-08-10 17:31:00,79,salads,10,midtown,2.4,1,10.79,scooter,27,rain,25
708816,2025-08-10 17:42:00,54,salads,9.4,downtown,2.1,1,12.73,bike,14,cloudy,20
708817,2025-08-10 17:44:00,13,indian,15.1,downtown,3.1,3,26.08,car,847,heavy_rain,27
708818,2025-08-10 17:45:00,139,indian,20.7,midtown,3.4,6,78.68,car,113,clear,34
708819,2025-08-10 18:01:00,80,chinese,16.1,downtown,2.4,1,15.48,bike,15,clear,38
708821,2025-08-10 18:23:00,96,thai,15.7,downtown,1.3,4,32.45,car,,rain,36
708822,2025-08-10 18:30:00,49,indian,14.4,uptown,3.1,3,23.13,scooter,319,clear,28
708823,2025-08-10 18:30:00,41,thai,19,downtown,1.9,2,16.02,scooter,1011,clear,35
708824,2025-08-10 18:35:00,153,salads,5,suburbs_south,6,5,60.48,scooter,32,clear,29
708826,2025-08-10 18:46:00,81,sushi,17.4,downtown,2.1,2,20.98,bike,944,rain,34
708829,2025-08-10 18:56:00,59,pizza,11.7,suburbs_south,5.7,5,39.52,scooter,72,cloudy,34
708830,2025-08-10 18:57:00,111,pizza,8.5,downtown,1.6,5,62.22,bike,443,heavy_rain,30
708831,2025-08-10 19:20:00,156,salads,12.7,downtown,1.8,1,11.19,car,155,heavy_rain,31
708832,2025-08-10 19:29:00,145,pizza,12.3,suburbs_south,4.2,2,25.67,bike,1689,rain,42
708833,2025-08-10 19:40:00,101,thai,11.8,suburbs_north,4.9,4,40.59,bike,176,heavy_rain,53
708835,2025-08-10 19:52:00,70,thai,14.2,suburbs_north,3.8,2,27.5,scooter,223,clear,34
708837,2025-08-10 20:10:00,9,thai,12.6,suburbs_south,3.2,2,27.31,car,450,rain,31
708839,2025-08-10 20:49:00,52,mexican,5.5,uptown,3,1,11.24,scooter,416,clear,19
708840,2025-08-10 21:11:00,156,salads,12.7,downtown,1.6,3,26.56,car,173,clear,20
708841,2025-08-10 21:55:00,15,indian,18.1,midtown,4.7,2,31.23,scooter,131,clear,38
708842,2025-08-10 21:59:00,117,pizza,16.2,suburbs_south,8.1,2,31.51,car,59,clear,38
708843,2025-08-10 22:18:00,139,indian,20.7,midtown,1.4,2,15.06,scooter,102,clear,32
708845,2025-08-11 10:52:00,15,indian,18.1,midtown,4.1,1,8,scooter,66,cloudy,35
708846,2025-08-11 11:09:00,89,sushi,22.3,suburbs_north,2.5,2,30.06,scooter,7,clear,35
708847,2025-08-11 11:22:00,18,indian,20.8,suburbs_south,8,2,16.62,car,62,,44
708848,2025-08-11 11:25:00,98,salads,11.1,midtown,2.7,2,17.31,scooter,21,clear,30
708849,2025-08-11 11:36:00,160,salads,5,uptown,2.4,1,14.64,scooter,55,clear,17
708850,2025-08-11 12:07:00,36,burgers,11.8,downtown,2.9,1,14.73,bike,129,clear,29
708851,2025-08-11 12:29:00,43,chinese,12.4,uptown,4.1,2,19.67,bike,373,rain,37
708852,2025-08-11 12:30:00,3,pizza,20.9,suburbs_north,4.3,6,77.07,scooter,479,cloudy,46
708854,2025-08-11 12:58:00,99,thai,13.4,midtown,4,7,71.84,car,176,clear,28
708855,2025-08-11 13:01:00,84,chinese,11.5,suburbs_south,2.5,2,30.75,scooter,246,clear,26
708856,2025-08-11 13:05:00,72,burgers,12.2,suburbs_south,9,4,45.51,car,454,rain,48
708857,2025-08-11 13:07:00,15,indian,18.1,midtown,2.1,3,31.5,bike,71,clear,37
708858,2025-08-11 13:21:00,135,sushi,20.5,downtown,1.4,2,16.93,scooter,62,clear,27
708859,2025-08-11 13:58:00,27,thai,16.7,downtown,2.5,3,35.89,car,329,cloudy,37
708860,2025-08-11 14:07:00,122,indian,20,midtown,1.2,3,35.87,scooter,1624,clear,25
708861,2025-08-11 14:12:00,36,burgers,11.8,downtown,2.9,1,9.44,car,36,clear,21
708862,2025-08-11 14:19:00,67,chinese,17.8,uptown,1.8,3,44.47,scooter,45,clear,31
708863,2025-08-11 14:23:00,62,salads,6.7,downtown,1.9,2,14.23,scooter,319,clear,18
708864,2025-08-11 14:25:00,115,thai,13.4,downtown,2.1,3,24.02,bike,134,clear,21
708866,2025-08-11 14:32:00,74,thai,18.7,downtown,3.6,6,49.95,car,175,cloudy,35
708867,2025-08-11 14:47:00,41,thai,19,downtown,1.4,3,43.13,bike,713,clear,29
708868,2025-08-11 15:20:00,42,pizza,16.7,downtown,3.3,6,63.66,car,113,clear,35
708869,2025-08-11 15:57:00,125,sushi,18.8,uptown,1.6,5,44.39,bike,684,cloudy,28
708871,2025-08-11 16:21:00,66,sushi,18.7,midtown,2.6,3,31.51,scooter,61,clear,35
708872,2025-08-11 16:31:00,125,sushi,18.8,uptown,4.2,2,28.04,scooter,525,clear,33
708873,2025-08-11 17:05:00,3,pizza,20.9,suburbs_north,7.8,3,40.83,car,339,clear,41
708874,2025-08-11 17:22:00,113,mexican,13.2,midtown,2.2,1,9.9,bike,24,heavy_rain,33
708875,2025-08-11 17:31:00,3,pizza,20.9,suburbs_north,8.8,3,34.64,car,97,heavy_rain,57
708876,2025-08-11 17:35:00,2,thai,10.5,downtown,2.7,3,47.54,car,140,clear,17
708877,2025-08-11 17:51:00,16,salads,7.8,uptown,5,3,32.79,bike,34,clear,29
708878,2025-08-11 17:52:00,155,indian,14.5,suburbs_south,6.6,1,12.42,car,7090,clear,29
708879,2025-08-11 17:59:00,159,pizza,15,uptown,2.1,2,18.97,car,1078,clear,20
708880,2025-08-11 18:03:00,126,pizza,12,midtown,2,2,15.74,bike,241,clear,24
708881,2025-08-11 18:32:00,59,pizza,11.7,suburbs_south,5.3,4,39.76,scooter,130,clear,32
708882,2025-08-11 18:33:00,80,chinese,16.1,downtown,2.4,4,43.65,scooter,212,clear,32
708883,2025-08-11 18:34:00,26,pizza,14.9,midtown,1.4,1,10.04,bike,137,cloudy,30
708884,2025-08-11 18:43:00,67,chinese,17.8,uptown,2.7,1,15.44,scooter,69,clear,29
708885,2025-08-11 18:55:00,19,chinese,10.6,downtown,2.1,2,20.68,car,293,clear,27
708887,2025-08-11 19:41:00,5,mexican,12.4,uptown,3.1,5,56.77,car,301,cloudy,29
708888,2025-08-11 20:19:00,152,indian,18,suburbs_north,6,5,42.72,car,485,cloudy,44
708891,2025-08-11 20:57:00,124,indian,17.6,downtown,1,1,8,bike,680,clear,28
708892,2025-08-11 21:04:00,87,burgers,6.5,downtown,2.7,2,16.95,bike,167,cloudy,20
708893,2025-08-11 21:21:00,26,pizza,14.9,midtown,1.5,1,13.46,car,274,cloudy,16
708894,2025-08-11 21:32:00,35,mexican,11.9,midtown,4.7,3,38.89,scooter,67,clear,33
708895,2025-08-11 21:49:00,65,thai,16.7,uptown,3.2,2,26.7,scooter,68,clear,27
708897,2025-08-11 22:30:00,9,thai,12.6,suburbs_south,3.5,2,17.12,bike,450,clear,28
708899,2025-08-11 23:46:00,82,salads,9.2,midtown,3.1,5,73.52,scooter,1117,clear,25
708900,2025-08-12 10:02:00,107,sushi,18,suburbs_south,10.5,1,14.47,car,501,rain,52
708901,2025-08-12 10:22:00,33,sushi,21.1,midtown,3.9,4,30.73,bike,183,clear,47
708902,2025-08-12 10:41:00,131,indian,22.1,downtown,2.5,7,59.26,car,921,cloudy,39
708903,2025-08-12 11:03:00,106,pizza,12.3,downtown,1,3,29.42,bike,448,clear,24
708904,2025-08-12 11:12:00,66,sushi,18.7,midtown,1.6,2,20.2,scooter,346,cloudy,29
708905,2025-08-12 11:32:00,45,indian,15.4,midtown,1.9,2,17.43,scooter,873,clear,32
708906,2025-08-12 11:44:00,111,pizza,8.5,downtown,3.3,3,44.7,car,262,cloudy,28
708907,2025-08-12 11:45:00,117,pizza,16.2,suburbs_south,3,5,38.32,scooter,94,clear,29
708908,2025-08-12 11:50:00,75,mexican,13.3,midtown,4.2,2,29.3,scooter,630,clear,28
708909,2025-08-12 11:57:00,45,indian,15.4,midtown,1.8,1,8.11,bike,128,cloudy,30
708911,2025-08-12 12:24:00,112,sushi,18.2,downtown,2.6,3,33.33,car,103,clear,37
708912,2025-08-12 12:44:00,144,chinese,7.6,midtown,2.6,1,13.21,scooter,36,rain,21
708913,2025-08-12 12:50:00,112,sushi,18.2,downtown,3,1,13.52,scooter,47,heavy_rain,39
708914,2025-08-12 12:56:00,73,pizza,10.6,midtown,1.9,1,8.74,bike,111,cloudy,24
708915,2025-08-12 13:14:00,106,pizza,12.3,downtown,1.2,3,44.22,scooter,635,cloudy,23
708916,2025-08-12 13:14:00,96,thai,15.7,downtown,1.4,3,23.42,bike,14,rain,29
708917,2025-08-12 13:21:00,131,indian,22.1,downtown,1.2,2,18.64,bike,100,heavy_rain,38
708919,2025-08-12 14:12:00,17,thai,9.8,uptown,2.8,2,26.22,car,,clear,19
708920,2025-08-12 14:55:00,11,indian,20.4,uptown,2.5,4,41.56,bike,458,heavy_rain,39
708921,2025-08-12 15:45:00,80,chinese,16.1,downtown,1.8,2,24.35,bike,128,clear,29
708922,2025-08-12 15:47:00,154,salads,8.5,midtown,4.3,6,86.17,scooter,269,clear,23
708923,2025-08-12 16:05:00,160,salads,5,uptown,2.6,2,18.62,bike,290,clear,19
708924,2025-08-12 17:17:00,10,pizza,12.9,suburbs_north,7.5,3,23.35,scooter,,cloudy,43
708925,2025-08-12 17:17:00,95,pizza,11.9,suburbs_south,11.4,2,20.61,car,31,rain,49
708926,2025-08-12 17:26:00,70,thai,14.2,suburbs_north,6.2,2,25.65,car,33,rain,41
708927,2025-08-12 17:28:00,43,chinese,12.4,uptown,3.1,4,61.46,car,783,clear,24
708929,2025-08-12 17:41:00,91,salads,10.1,suburbs_south,4.1,4,35.21,car,19,cloudy,23
708930,2025-08-12 17:47:00,81,sushi,17.4,downtown,3.3,2,28.8,scooter,32,clear,27
708931,2025-08-12 17:51:00,147,chinese,17.7,midtown,4.3,3,36.65,scooter,23,clear,33
708932,2025-08-12 18:05:00,128,chinese,6.8,uptown,3,3,47.36,car,119,clear,19
708933,2025-08-12 18:08:00,117,pizza,16.2,suburbs_south,3.6,8,110.53,car,126,clear,39
708934,2025-08-12 18:11:00,99,thai,13.4,midtown,4.8,4,60.82,bike,93,clear,38
708935,2025-08-12 18:21:00,62,salads,6.7,downtown,3.7,6,42.1,bike,448,clear,33
708937,2025-08-12 18:43:00,43,chinese,12.4,uptown,1.6,1,9.47,car,,clear,21
708938,2025-08-12 18:45:00,2,thai,10.5,downtown,0.8,7,58.84,car,25,clear,18
708939,2025-08-12 18:56:00,44,indian,21,midtown,1.2,5,43.1,car,81,cloudy,34
708940,2025-08-12 19:35:00,21,pizza,17,midtown,2.2,8,77.41,scooter,438,clear,38
708942,2025-08-12 19:40:00,10,pizza,12.9,suburbs_north,6.4,5,71.7,car,84,clear,32
708943,2025-08-12 19:45:00,1,mexican,12.7,downtown,2.1,4,29.69,scooter,27,rain,25
708944,2025-08-12 19:50:00,115,thai,13.4,downtown,3,2,29.57,scooter,560,clear,27
708945,2025-08-12 19:51:00,101,thai,11.8,suburbs_north,11.8,4,55.03,car,104,rain,54
708947,2025-08-12 20:01:00,119,indian,16.8,suburbs_south,9.2,3,41.54,scooter,870,cloudy,50
708948,2025-08-12 20:14:00,86,chinese,11.8,suburbs_south,10,6,87.7,scooter,60,cloudy,52
708949,2025-08-12 20:19:00,12,thai,12.8,midtown,3.4,2,24.89,scooter,1521,clear,29
708950,2025-08-12 20:39:00,48,mexican,8.8,midtown,3.3,2,30.03,bike,136,clear,27
708951,2025-08-12 20:50:00,26,pizza,14.9,midtown,3.9,2,20.48,scooter,222,clear,31
708952,2025-08-12 20:54:00,126,pizza,12,midtown,2.6,5,43.48,bike,109,cloudy,29
708953,2025-08-12 20:54:00,92,thai,7,uptown,3.1,5,59.28,bike,241,clear,24
708954,2025-08-12 21:09:00,53,thai,11.5,midtown,4.5,1,8.14,scooter,57,rain,26
708955,2025-08-12 21:51:00,28,indian,19.5,downtown,2.4,3,35.08,bike,321,rain,36
708956,2025-08-12 22:07:00,48,mexican,8.8,midtown,2.8,5,52.27,bike,644,clear,25
708957,2025-08-12 22:30:00,105,pizza,12.9,midtown,1.9,1,13.3,scooter,14,clear,22
708958,2025-08-12 22:39:00,158,indian,12.1,midtown,4.4,2,25.94,scooter,128,rain,25
708959,2025-08-12 22:58:00,86,chinese,11.8,suburbs_south,6.7,1,14.89,car,77,clear,29
708960,2025-08-13 10:00:00,124,indian,17.6,downtown,1.6,1,10.72,car,538,cloudy,21
708961,2025-08-13 10:15:00,41,thai,19,downtown,2.7,2,28.89,car,1507,cloudy,30
708962,2025-08-13 10:48:00,96,thai,15.7,downtown,2.8,1,9.26,bike,1767,cloudy,27
708963,2025-08-13 11:41:00,156,salads,12.7,downtown,2.3,7,108.68,scooter,1716,clear,25
708964,2025-08-13 12:09:00,19,chinese,10.6,downtown,2.2,1,8.29,car,486,clear,26
708965,2025-08-13 12:22:00,74,thai,18.7,downtown,1.3,5,51.4,bike,735,clear,30
708966,2025-08-13 12:34:00,142,indian,20.4,midtown,1.1,1,10.15,bike,478,clear,31
708967,2025-08-13 12:51:00,11,indian,20.4,uptown,2.8,4,46.61,bike,23,cloudy,44
708968,2025-08-13 13:14:00,97,chinese,16.1,uptown,3.5,1,14.63,bike,549,clear,28
708969,2025-08-13 13:41:00,73,pizza,10.6,midtown,4.7,3,39.52,car,,rain,28
708970,2025-08-13 14:35:00,76,mexican,10,uptown,2.8,4,58.97,scooter,294,heavy_rain,23
708971,2025-08-13 14:37:00,43,chinese,12.4,uptown,3,2,20.75,car,8,clear,22
708972,2025-08-13 14:46:00,104,thai,11.5,suburbs_south,6.3,4,56.15,car,483,heavy_rain,39
708973,2025-08-13 15:05:00,28,indian,19.5,downtown,2,3,47.68,bike,405,clear,27
708974,2025-08-13 15:37:00,160,salads,5,uptown,3.5,4,52.58,scooter,562,cloudy,20
708975,2025-08-13 15:56:00,125,sushi,18.8,uptown,1.2,1,9.31,scooter,29,clear,31
708977,2025-08-13 16:09:00,130,mexican,15.3,downtown,1.4,1,10.88,bike,1491,clear,21
708978,2025-08-13 16:56:00,105,pizza,12.9,midtown,1.5,4,43.16,car,168,clear,28
708979,2025-08-13 17:02:00,68,thai,11.9,uptown,2.9,4,33.75,car,350,cloudy,21
708980,2025-08-13 17:12:00,41,thai,19,downtown,0.8,5,41.49,bike,129,rain,33
708981,2025-08-13 17:16:00,108,mexican,10.1,suburbs_south,10.5,2,27.72,car,7167,clear,37
708984,2025-08-13 17:41:00,22,mexican,9.1,suburbs_south,7.4,2,21.49,car,348,heavy_rain,37
708985,2025-08-13 17:55:00,139,indian,20.7,midtown,2.8,2,14.04,scooter,113,clear,29
708986,2025-08-13 18:10:00,128,chinese,6.8,uptown,2.1,2,27.94,scooter,86,clear,18
708987,2025-08-13 18:30:00,23,burgers,11.6,downtown,1,7,64.85,car,140,clear,27
708988,2025-08-13 18:42:00,111,pizza,8.5,downtown,1.7,1,12.99,scooter,686,cloudy,19
708989,2025-08-13 18:43:00,112,sushi,18.2,downtown,2.1,1,8,bike,933,cloudy,33
708990,2025-08-13 18:49:00,18,indian,20.8,suburbs_south,10.8,2,28.72,car,145,clear,55
708991,2025-08-13 18:53:00,119,indian,16.8,suburbs_south,7.9,4,63.09,car,78,cloudy,46
708992,2025-08-13 19:16:00,106,pizza,12.3,downtown,1.8,5,36.05,car,271,cloudy,22
708993,2025-08-13 19:17:00,142,indian,20.4,midtown,3.4,4,59.85,bike,2079,clear,40
708994,2025-08-13 19:21:00,149,thai,15.5,downtown,1.9,3,26.6,car,439,rain,31
708996,2025-08-13 19:54:00,160,salads,5,uptown,4.7,2,29.01,bike,,clear,27
708997,2025-08-13 20:07:00,130,mexican,15.3,downtown,2.3,8,71.28,scooter,187,clear,38
708998,2025-08-13 20:15:00,144,chinese,7.6,midtown,2.3,4,37.68,bike,460,,32
709000,2025-08-13 20:22:00,118,thai,15.5,downtown,1.3,3,37.52,scooter,105,clear,22
709001,2025-08-13 20:31:00,106,pizza,12.3,downtown,2.3,2,14.23,scooter,57,clear,25
709002,2025-08-13 20:50:00,143,chinese,12.4,uptown,4.6,2,18.4,bike,92,clear,37
709003,2025-08-13 21:02:00,86,chinese,11.8,suburbs_south,2.2,2,30.6,scooter,96,clear,23
709004,2025-08-13 21:25:00,62,salads,6.7,downtown,1.9,4,46.82,car,411,clear,64
709006,2025-08-13 22:03:00,112,sushi,18.2,downtown,2.7,2,30.23,bike,170,rain,34
709007,2025-08-13 22:18:00,1,mexican,12.7,downtown,0.9,5,66.42,bike,258,clear,20
709008,2025-08-13 22:41:00,115,thai,13.4,downtown,1.9,1,11.31,bike,79,clear,25
709009,2025-08-13 23:50:00,39,thai,21,downtown,2.5,5,58.11,bike,322,clear,31
709010,2025-08-14 10:01:00,83,salads,8.7,midtown,2.6,2,16.25,scooter,15,clear,22
709012,2025-08-14 10:39:00,84,chinese,11.5,suburbs_south,6.4,3,31.36,car,185,rain,33
709013,2025-08-14 10:43:00,101,thai,11.8,suburbs_north,10.5,7,86.12,scooter,30,rain,59
709014,2025-08-14 11:23:00,112,sushi,18.2,downtown,1,2,24.07,bike,163,rain,34
709015,2025-08-14 11:32:00,35,mexican,11.9,midtown,4.4,2,15.03,scooter,82,rain,31
709016,2025-08-14 11:38:00,50,salads,8.2,midtown,2.5,1,15.39,car,58,clear,22
709017,2025-08-14 11:41:00,42,pizza,16.7,downtown,2.6,1,14.29,scooter,14,clear,31
709018,2025-08-14 11:50:00,73,pizza,10.6,midtown,2.8,2,24.58,bike,344,rain,31
709019,2025-08-14 12:01:00,138,thai,16.2,uptown,2.3,2,14.61,bike,91,clear,33
709021,2025-08-14 12:24:00,98,salads,11.1,midtown,2.9,1,13.34,bike,68,clear,26
709022,2025-08-14 12:38:00,138,thai,16.2,uptown,3.2,2,31.15,bike,47,cloudy,37
709023,2025-08-14 12:47:00,6,sushi,16.8,midtown,4.2,3,36.66,scooter,137,clear,39
709024,2025-08-14 12:51:00,39,thai,21,downtown,2.3,6,82.45,scooter,1314,clear,40
709025,2025-08-14 12:53:00,145,pizza,12.3,suburbs_south,9.9,2,25.76,scooter,880,cloudy,42
709027,2025-08-14 13:25:00,149,thai,15.5,downtown,3.1,3,47.23,scooter,180,clear,33
709028,2025-08-14 13:31:00,85,pizza,11.8,uptown,3.8,5,53.57,bike,128,clear,37
709029,2025-08-14 14:14:00,117,pizza,16.2,suburbs_south,5.7,2,26.17,scooter,224,clear,36
709031,2025-08-14 14:53:00,77,pizza,11.4,uptown,4.7,1,15.21,bike,464,rain,40
709032,2025-08-14 15:30:00,89,sushi,22.3,suburbs_north,7.9,4,39.56,car,205,clear,50
709034,2025-08-14 16:45:00,18,indian,20.8,suburbs_south,3.2,1,14.46,scooter,112,clear,32
709035,2025-08-14 16:48:00,7,thai,17.1,midtown,2.9,1,15.98,bike,351,clear,29
709036,2025-08-14 17:09:00,28,indian,19.5,downtown,0.8,3,39.16,car,431,cloudy,26
709038,2025-08-14 17:13:00,144,chinese,7.6,midtown,3,3,46.2,bike,183,clear,25
709041,2025-08-14 17:22:00,101,thai,11.8,suburbs_north,7.9,1,9.88,car,211,rain,34
709042,2025-08-14 17:37:00,68,thai,11.9,uptown,5.2,3,36.84,bike,1609,rain,46
709043,2025-08-14 18:07:00,45,indian,15.4,midtown,1.9,3,44.18,bike,502,clear,28
709045,2025-08-14 18:12:00,28,indian,19.5,downtown,3.5,1,8,scooter,1486,clear,40
709047,2025-08-14 18:23:00,93,sushi,16.7,downtown,1.5,1,8,car,11,cloudy,31
709048,2025-08-14 18:24:00,65,thai,16.7,uptown,2.5,3,47.77,bike,1961,clear,37
709049,2025-08-14 18:49:00,36,burgers,11.8,downtown,1.3,2,24.84,bike,5,clear,27
709050,2025-08-14 19:03:00,2,thai,10.5,downtown,2.8,5,36,scooter,281,clear,27
709051,2025-08-14 19:21:00,140,chinese,17.8,downtown,2.8,6,87.81,bike,124,cloudy,41
709052,2025-08-14 19:29:00,85,pizza,11.8,uptown,1.3,8,60.51,scooter,71,clear,29
709053,2025-08-14 19:39:00,144,chinese,7.6,midtown,2.2,3,36.85,bike,246,cloudy,24
709054,2025-08-14 19:44:00,12,thai,12.8,midtown,3,1,10.42,bike,178,clear,29
709056,2025-08-14 20:08:00,97,chinese,16.1,uptown,6,2,23.38,bike,27,clear,47
709057,2025-08-14 20:23:00,105,pizza,12.9,midtown,2.6,4,58.59,bike,37,rain,34
709058,2025-08-14 20:23:00,139,indian,20.7,midtown,4.9,3,36.37,scooter,,heavy_rain,49
709059,2025-08-14 20:39:00,93,sushi,16.7,downtown,2.4,2,17.53,scooter,24,cloudy,36
709060,2025-08-14 20:41:00,151,chinese,11.8,downtown,1.8,1,11.87,bike,168,clear,17
709061,2025-08-14 20:46:00,48,mexican,8.8,midtown,2.8,4,63.44,car,481,clear,21
709062,2025-08-14 20:46:00,133,chinese,15.9,suburbs_north,9.8,2,31.09,car,,cloudy,46
709063,2025-08-14 20:51:00,78,mexican,9.1,downtown,3.3,1,14.33,scooter,,cloudy,25
709064,2025-08-14 20:54:00,119,indian,16.8,suburbs_south,5.1,2,31.16,scooter,45,clear,34
709065,2025-08-14 20:57:00,84,chinese,11.5,suburbs_south,7.7,1,9,car,47,clear,36
709066,2025-08-14 21:31:00,93,sushi,16.7,downtown,1.4,1,12.31,scooter,433,cloudy,21
709067,2025-08-14 21:47:00,60,chinese,10.4,suburbs_north,6.3,1,8.74,car,190,clear,34
709068,2025-08-14 22:19:00,146,thai,14.2,uptown,5.3,1,10.56,scooter,131,cloudy,38
709069,2025-08-14 22:48:00,134,mexican,10.8,midtown,4.3,3,45.61,bike,110,clear,30
709070,2025-08-14 23:09:00,108,mexican,10.1,suburbs_south,10.4,5,55.66,scooter,62,clear,42
709071,2025-08-15 10:48:00,101,thai,11.8,suburbs_north,7.6,2,26.42,car,67,cloudy,37
709072,2025-08-15 10:55:00,78,mexican,9.1,downtown,2.2,5,66.01,car,118,clear,16
709073,2025-08-15 11:24:00,120,pizza,12.2,downtown,2.3,1,10.51,bike,113,clear,30
709075,2025-08-15 11:58:00,48,mexican,8.8,midtown,3.4,2,20.79,scooter,69,clear,22
709076,2025-08-15 12:02:00,40,pizza,18.4,midtown,2.8,3,44.91,scooter,120,clear,35
709078,2025-08-15 12:28:00,122,indian,20,midtown,3.6,3,43.6,bike,128,rain,51
709079,2025-08-15 12:42:00,67,chinese,17.8,uptown,2.7,2,21.16,scooter,14,heavy_rain,40
709080,2025-08-15 12:59:00,93,sushi,16.7,downtown,1,2,19.7,scooter,266,clear,24
709081,2025-08-15 13:02:00,105,pizza,12.9,midtown,2,1,15.91,bike,37,cloudy,22
709082,2025-08-15 13:12:00,133,chinese,15.9,suburbs_north,2.5,1,14.36,bike,426,clear,27
709084,2025-08-15 13:52:00,9,thai,12.6,suburbs_south,10,2,30.06,car,49,clear,42
709087,2025-08-15 14:20:00,106,pizza,12.3,downtown,1.5,2,21.2,scooter,45,clear,16
709088,2025-08-15 14:21:00,51,indian,17,downtown,1.6,1,15.09,bike,127,cloudy,25
709089,2025-08-15 14:29:00,90,sushi,20.7,midtown,3.1,5,64.64,car,246,,30
709090,2025-08-15 14:42:00,160,salads,5,uptown,4.2,1,12.83,scooter,609,clear,20
709091,2025-08-15 14:44:00,93,sushi,16.7,downtown,2.6,1,12.9,scooter,23,clear,29
709092,2025-08-15 14:53:00,117,pizza,16.2,suburbs_south,9,1,8,scooter,57,clear,41
709095,2025-08-15 17:07:00,104,thai,11.5,suburbs_south,5.4,2,21.12,scooter,25,clear,31
709097,2025-08-15 17:30:00,140,chinese,17.8,downtown,1.1,1,11.72,bike,1141,clear,27
709098,2025-08-15 17:38:00,94,sushi,20.2,downtown,1.4,1,12.69,scooter,101,cloudy,31
709100,2025-08-15 17:51:00,25,mexican,14.5,midtown,4,3,28.68,bike,249,clear,31
709101,2025-08-15 18:03:00,116,sushi,16.4,downtown,2.5,1,8,scooter,987,cloudy,31
709103,2025-08-15 18:08:00,18,indian,20.8,suburbs_south,9.4,6,88.14,car,22,clear,62
709104,2025-08-15 18:14:00,6,sushi,16.8,midtown,1.7,4,54.58,car,158,cloudy,31
709105,2025-08-15 18:17:00,36,burgers,11.8,downtown,3.2,5,72.08,bike,103,rain,40
709107,2025-08-15 18:26:00,135,sushi,20.5,downtown,3,2,29.1,scooter,1262,clear,35
709108,2025-08-15 18:33:00,8,burgers,12.1,uptown,3.5,4,56.86,scooter,160,rain,34
709109,2025-08-15 18:38:00,49,indian,14.4,uptown,3,3,29.31,bike,104,heavy_rain,39
709110,2025-08-15 18:57:00,89,sushi,22.3,suburbs_north,11.3,2,23.71,car,176,clear,63
709111,2025-08-15 19:15:00,128,chinese,6.8,uptown,5.3,2,26.65,bike,126,rain,39
709112,2025-08-15 19:17:00,129,pizza,10.9,suburbs_north,3.2,1,14.32,scooter,77,clear,24
709113,2025-08-15 19:24:00,104,thai,11.5,suburbs_south,2.6,2,14.75,bike,150,cloudy,26
709114,2025-08-15 19:34:00,145,pizza,12.3,suburbs_south,2.6,1,14.08,car,210,cloudy,23
709115,2025-08-15 19:45:00,93,sushi,16.7,downtown,2.2,1,13.25,bike,29,clear,33
709116,2025-08-15 19:49:00,107,sushi,18,suburbs_south,9.3,1,10.48,scooter,213,cloudy,52
709117,2025-08-15 19:59:00,77,pizza,11.4,uptown,1.6,6,73.45,car,797,clear,23
709118,2025-08-15 20:32:00,59,pizza,11.7,suburbs_south,3.7,2,30.72,car,115,cloudy,22
709120,2025-08-15 20:52:00,113,mexican,13.2,midtown,1.6,3,32.48,car,254,cloudy,19
709121,2025-08-15 20:55:00,160,salads,5,uptown,4.2,4,62.56,bike,17,clear,26
709122,2025-08-15 21:25:00,131,indian,22.1,downtown,2.5,1,8.84,car,13,clear,36
709123,2025-08-15 21:44:00,7,thai,17.1,midtown,3.3,5,70.05,bike,47,clear,38
709124,2025-08-15 21:48:00,30,salads,5,suburbs_south,7.8,8,112.72,scooter,147,,43
709125,2025-08-15 21:52:00,62,salads,6.7,downtown,0.7,1,10.63,scooter,1621,clear,12
709126,2025-08-15 22:29:00,100,pizza,12.8,uptown,4.1,2,20.91,bike,118,cloudy,33
709127,2025-08-15 22:46:00,50,salads,8.2,midtown,1.9,2,14.64,scooter,403,rain,20
709128,2025-08-15 23:05:00,156,salads,12.7,downtown,2.5,2,14.96,scooter,64,cloudy,20
709131,2025-08-16 11:08:00,156,salads,12.7,downtown,2.3,1,15.78,bike,362,cloudy,29
709132,2025-08-16 12:10:00,102,indian,17.4,uptown,6.2,1,8.32,car,299,clear,37
709133,2025-08-16 12:23:00,122,indian,20,midtown,3.9,5,77.54,car,114,clear,39
709134,2025-08-16 12:28:00,50,salads,8.2,midtown,3.4,1,10.21,bike,41,clear,25
709135,2025-08-16 12:32:00,50,salads,8.2,midtown,4.1,4,33.83,scooter,43,clear,22
709136,2025-08-16 12:35:00,83,salads,8.7,midtown,3.8,2,14.79,bike,102,cloudy,35
709138,2025-08-16 12:49:00,154,salads,8.5,midtown,1.7,2,22.09,scooter,11,cloudy,17
709140,2025-08-16 13:16:00,102,indian,17.4,uptown,3,1,15.77,bike,196,clear,41
709141,2025-08-16 13:30:00,156,salads,12.7,downtown,1.6,4,32.67,bike,2095,clear,31
709142,2025-08-16 13:50:00,13,indian,15.1,downtown,2.2,2,16.33,car,,rain,34
709143,2025-08-16 13:58:00,111,pizza,8.5,downtown,3.6,4,40.08,car,147,clear,35
709144,2025-08-16 14:54:00,42,pizza,16.7,downtown,0.7,1,14.88,car,37,clear,24
709145,2025-08-16 15:05:00,121,indian,13.9,suburbs_north,3.3,7,89.61,scooter,157,cloudy,29
709146,2025-08-16 16:05:00,110,thai,12.5,suburbs_north,5,3,42.49,bike,129,clear,37
709148,2025-08-16 17:03:00,97,chinese,16.1,uptown,4,1,11.54,scooter,289,cloudy,28
709149,2025-08-16 17:23:00,46,indian,19.4,downtown,2.4,1,11.87,scooter,336,rain,32
709151,2025-08-16 17:42:00,149,thai,15.5,downtown,2.8,2,29.03,bike,58,clear,30
709152,2025-08-16 18:05:00,36,burgers,11.8,downtown,3.1,1,14.14,scooter,266,clear,26
709153,2025-08-16 18:30:00,16,salads,7.8,uptown,5.1,3,37.51,car,350,clear,22
709154,2025-08-16 18:38:00,122,indian,20,midtown,4.8,1,15.88,bike,477,clear,49
709155,2025-08-16 18:46:00,40,pizza,18.4,midtown,1.3,3,42.72,bike,77,clear,36
709156,2025-08-16 18:50:00,26,pizza,14.9,midtown,3,2,23.2,bike,204,clear,36
709158,2025-08-16 19:28:00,37,pizza,17.5,midtown,2.9,2,18.33,bike,,clear,40
709159,2025-08-16 19:33:00,144,chinese,7.6,midtown,1.9,1,12.36,car,1007,cloudy,16
709160,2025-08-16 19:38:00,2,thai,10.5,downtown,2.2,2,28.77,scooter,220,cloudy,25
709163,2025-08-16 19:52:00,49,indian,14.4,uptown,4.2,2,16.51,scooter,189,cloudy,37
709164,2025-08-16 20:10:00,143,chinese,12.4,uptown,3.3,2,25.99,bike,425,cloudy,32
709166,2025-08-16 20:28:00,127,indian,15.6,downtown,3.1,2,15.62,bike,,clear,37
709168,2025-08-16 20:37:00,54,salads,9.4,downtown,1.8,5,77.74,scooter,122,clear,24
709169,2025-08-16 20:52:00,153,salads,5,suburbs_south,8.4,6,76,car,38,cloudy,33
709170,2025-08-16 20:58:00,82,salads,9.2,midtown,2.2,1,14.59,scooter,268,clear,17
709171,2025-08-16 21:00:00,33,sushi,21.1,midtown,3.2,2,20.77,scooter,125,clear,34
709172,2025-08-16 21:06:00,8,burgers,12.1,uptown,3.2,2,26.01,scooter,68,clear,30
709173,2025-08-16 21:23:00,99,thai,13.4,midtown,4,2,22.71,bike,63,clear,35
709174,2025-08-16 21:24:00,58,indian,21.6,uptown,5.2,7,111.29,car,88,cloudy,45
709175,2025-08-16 22:42:00,63,pizza,12.6,downtown,1.6,1,13.24,car,335,clear,23
709176,2025-08-16 23:12:00,53,thai,11.5,midtown,3,6,71.9,scooter,212,clear,30
709177,2025-08-16 23:29:00,96,thai,15.7,downtown,2.2,3,25.19,scooter,39,rain,31
709178,2025-08-17 11:00:00,50,salads,8.2,midtown,1.9,2,19.26,bike,6,clear,26
709180,2025-08-17 11:22:00,36,burgers,11.8,downtown,1.9,2,20.49,scooter,537,rain,22
709182,2025-08-17 12:08:00,69,salads,8.8,midtown,2.1,1,8.59,bike,260,clear,26
709184,2025-08-17 12:39:00,7,thai,17.1,midtown,1.5,2,31.54,scooter,42,clear,29
709185,2025-08-17 12:50:00,23,burgers,11.6,downtown,2.8,2,29.28,scooter,36,cloudy,30
709187,2025-08-17 12:58:00,154,salads,8.5,midtown,3.8,3,42.84,scooter,336,cloudy,29
709189,2025-08-17 13:07:00,36,burgers,11.8,downtown,2.6,2,19.62,scooter,367,clear,22
709190,2025-08-17 13:09:00,133,chinese,15.9,suburbs_north,5.3,3,45.96,car,17,clear,38
709191,2025-08-17 13:19:00,130,mexican,15.3,downtown,1,4,61.41,bike,109,clear,25
709192,2025-08-17 13:31:00,130,mexican,15.3,downtown,1.6,1,12.96,scooter,132,clear,29
709194,2025-08-17 13:43:00,100,pizza,12.8,uptown,3,1,15.49,scooter,198,clear,27
709195,2025-08-17 13:52:00,124,indian,17.6,downtown,1.4,2,14.72,bike,66,clear,31
709196,2025-08-17 13:57:00,107,sushi,18,suburbs_south,5.2,2,31.48,car,68,clear,36
709198,2025-08-17 14:07:00,88,burgers,8.9,suburbs_south,3.2,4,58.77,car,717,clear,21
709199,2025-08-17 14:54:00,63,pizza,12.6,downtown,1.1,2,25.27,scooter,39,clear,22
709201,2025-08-17 16:31:00,131,indian,22.1,downtown,3.5,1,8.53,car,60,rain,34
709202,2025-08-17 16:33:00,153,salads,5,suburbs_south,2.8,2,28.24,scooter,291,clear,16
709204,2025-08-17 17:37:00,26,pizza,14.9,midtown,4.4,2,16.07,scooter,42,cloudy,28
709205,2025-08-17 17:41:00,88,burgers,8.9,suburbs_south,7.3,4,31.22,car,597,cloudy,30
709206,2025-08-17 17:47:00,68,thai,11.9,uptown,3.6,4,44.53,car,272,clear,22
709207,2025-08-17 18:01:00,74,thai,18.7,downtown,3.8,3,40.52,scooter,51,clear,36
709209,2025-08-17 18:09:00,59,pizza,11.7,suburbs_south,11.2,4,62.86,car,465,clear,45
709210,2025-08-17 18:10:00,33,sushi,21.1,midtown,3.5,3,45.02,car,535,cloudy,43
709211,2025-08-17 18:12:00,132,mexican,13.3,downtown,3,3,29.2,scooter,64,cloudy,37
709212,2025-08-17 18:30:00,159,pizza,15,uptown,1.4,3,45.54,bike,,cloudy,28
709213,2025-08-17 18:31:00,65,thai,16.7,uptown,2.2,3,37.9,bike,257,clear,37
709214,2025-08-17 18:42:00,5,mexican,12.4,uptown,4.3,3,36.4,scooter,123,clear,33
709216,2025-08-17 18:53:00,19,chinese,10.6,downtown,1.6,2,14.17,scooter,47,cloudy,21
709218,2025-08-17 19:05:00,98,salads,11.1,midtown,2.2,1,12.24,bike,182,clear,26
709221,2025-08-17 19:16:00,31,sushi,14.7,midtown,1.9,1,13.43,scooter,416,clear,25
709222,2025-08-17 19:19:00,153,salads,5,suburbs_south,4.8,1,14.09,scooter,34,clear,25
709223,2025-08-17 19:21:00,65,thai,16.7,uptown,4.6,4,34.2,scooter,178,cloudy,43
709224,2025-08-17 19:22:00,42,pizza,16.7,downtown,1.6,1,14.43,bike,258,clear,28
709228,2025-08-17 19:55:00,68,thai,11.9,uptown,3.9,1,10.67,scooter,40,rain,30
709229,2025-08-17 19:57:00,21,pizza,17,midtown,3.1,3,22.38,bike,1326,heavy_rain,45
709230,2025-08-17 19:58:00,66,sushi,18.7,midtown,2.8,2,22.62,car,119,clear,35
709231,2025-08-17 20:11:00,112,sushi,18.2,downtown,2.1,2,21.91,bike,362,cloudy,32
709232,2025-08-17 20:27:00,119,indian,16.8,suburbs_south,3.6,3,29.26,car,23,clear,36
709233,2025-08-17 20:48:00,37,pizza,17.5,midtown,1.5,3,23.22,bike,26,,35
709234,2025-08-17 20:57:00,137,thai,13.3,suburbs_north,8.1,2,19.02,scooter,202,clear,42
709235,2025-08-17 21:19:00,99,thai,13.4,midtown,4,1,9.16,car,734,clear,28
709236,2025-08-17 21:40:00,122,indian,20,midtown,1.3,2,16.8,scooter,451,clear,34
709238,2025-08-17 21:52:00,113,mexican,13.2,midtown,1.4,2,28.63,car,138,,17
709239,2025-08-17 22:14:00,76,mexican,10,uptown,5,2,27.84,scooter,202,clear,27
709241,2025-08-17 22:27:00,30,salads,5,suburbs_south,7.5,2,27.24,car,801,cloudy,29
709243,2025-08-18 10:22:00,145,pizza,12.3,suburbs_south,7.8,2,19.75,car,,,45
709245,2025-08-18 11:11:00,11,indian,20.4,uptown,3,3,41.29,bike,1868,clear,38
709246,2025-08-18 11:21:00,150,mexican,14.6,downtown,2.8,3,40.32,bike,464,clear,34
709247,2025-08-18 11:34:00,8,burgers,12.1,uptown,4.2,8,126.9,bike,270,clear,43
709249,2025-08-18 12:09:00,24,pizza,15.8,uptown,5.1,2,15.8,car,85,clear,33
709251,2025-08-18 12:16:00,134,mexican,10.8,midtown,4.2,1,13.83,scooter,672,clear,28
709252,2025-08-18 12:23:00,95,pizza,11.9,suburbs_south,9.2,2,14.62,scooter,71,clear,48
709253,2025-08-18 12:36:00,88,burgers,8.9,suburbs_south,7.5,2,26.99,scooter,333,cloudy,39
709254,2025-08-18 12:39:00,71,burgers,14.5,uptown,3.5,1,15.4,car,618,cloudy,30
709255,2025-08-18 12:48:00,74,thai,18.7,downtown,2.7,3,46.75,bike,5129,cloudy,37
709256,2025-08-18 12:50:00,105,pizza,12.9,midtown,1.9,1,9.91,car,295,cloudy,26
709257,2025-08-18 13:26:00,141,thai,14.1,suburbs_north,9.9,2,21.61,car,236,clear,45
709259,2025-08-18 13:42:00,32,thai,16.7,uptown,4.7,2,21.61,scooter,262,cloudy,41
709260,2025-08-18 13:42:00,137,thai,13.3,suburbs_north,8,1,12.45,car,170,clear,40
709261,2025-08-18 14:33:00,37,pizza,17.5,midtown,1.7,1,12.93,scooter,90,clear,26
709262,2025-08-18 14:44:00,105,pizza,12.9,midtown,2.9,1,10.94,bike,678,clear,19
709263,2025-08-18 14:49:00,127,indian,15.6,downtown,1.2,1,15.07,scooter,347,rain,24
709267,2025-08-18 15:41:00,109,burgers,10,downtown,2.4,6,72.88,scooter,256,rain,23
709268,2025-08-18 16:46:00,90,sushi,20.7,midtown,3,2,28.13,scooter,894,heavy_rain,33
709269,2025-08-18 17:03:00,126,pizza,12,midtown,2.4,4,54.59,scooter,220,,22
709270,2025-08-18 17:31:00,148,indian,16.9,suburbs_north,10.2,2,28.64,scooter,56,clear,53
709271,2025-08-18 17:43:00,137,thai,13.3,suburbs_north,9.3,1,11.93,car,32,cloudy,37
709273,2025-08-18 18:53:00,107,sushi,18,suburbs_south,8.7,6,46.02,car,70,clear,49
709274,2025-08-18 19:03:00,41,thai,19,downtown,3,1,8,scooter,1239,clear,29
709275,2025-08-18 19:07:00,112,sushi,18.2,downtown,3.5,3,21.86,bike,68,clear,40
709277,2025-08-18 19:23:00,1,mexican,12.7,downtown,2.4,1,10.52,scooter,120,cloudy,22
709278,2025-08-18 19:29:00,24,pizza,15.8,uptown,5.5,3,30.93,scooter,285,clear,34
709279,2025-08-18 19:36:00,133,chinese,15.9,suburbs_north,3.4,3,32.87,scooter,344,clear,40
709280,2025-08-18 19:45:00,36,burgers,11.8,downtown,2.4,2,18.5,scooter,55,heavy_rain,29
709281,2025-08-18 19:58:00,73,pizza,10.6,midtown,4,4,61.83,bike,365,cloudy,35
709282,2025-08-18 20:02:00,63,pizza,12.6,downtown,1.8,2,20.99,scooter,374,clear,25
709283,2025-08-18 20:03:00,11,indian,20.4,uptown,5.4,4,41.49,bike,18,clear,53
709284,2025-08-18 20:13:00,95,pizza,11.9,suburbs_south,9.6,1,11.3,scooter,588,cloudy,44
709285,2025-08-18 20:27:00,106,pizza,12.3,downtown,3.8,4,59.73,bike,24,clear,37
709286,2025-08-18 20:36:00,77,pizza,11.4,uptown,4.4,2,23.5,scooter,107,cloudy,25
709287,2025-08-18 20:36:00,85,pizza,11.8,uptown,4.3,2,22,scooter,19,clear,29
709288,2025-08-18 20:44:00,28,indian,19.5,downtown,1.6,1,11.78,scooter,419,rain,34
709289,2025-08-18 20:47:00,112,sushi,18.2,downtown,2.6,3,35.72,scooter,67,clear,34
709290,2025-08-18 21:01:00,124,indian,17.6,downtown,1,1,13.48,scooter,173,clear,22
709292,2025-08-18 22:30:00,69,salads,8.8,midtown,3.9,3,24.21,car,263,clear,23
709293,2025-08-18 22:35:00,151,chinese,11.8,downtown,2.4,5,48.03,car,,rain,21
709294,2025-08-18 22:57:00,105,pizza,12.9,midtown,5,1,8.95,car,43,heavy_rain,31
709295,2025-08-18 23:56:00,1,mexican,12.7,downtown,2,3,29.87,bike,37,clear,25
709296,2025-08-19 10:23:00,106,pizza,12.3,downtown,2.3,2,22.7,scooter,625,clear,22
709298,2025-08-19 11:24:00,115,thai,13.4,downtown,1.6,2,27.81,bike,80,clear,30
709299,2025-08-19 11:34:00,67,chinese,17.8,uptown,3.3,7,81.88,scooter,97,clear,40
709300,2025-08-19 11:49:00,4,pizza,14,suburbs_south,12.2,2,15.99,car,108,cloudy,57
709301,2025-08-19 11:59:00,78,mexican,9.1,downtown,3.7,2,31.65,bike,53,cloudy,28
709303,2025-08-19 12:05:00,72,burgers,12.2,suburbs_south,8,3,43.68,car,317,clear,37
709304,2025-08-19 12:31:00,49,indian,14.4,uptown,2.2,4,45.64,scooter,1885,clear,31
709306,2025-08-19 12:52:00,25,mexican,14.5,midtown,3.1,4,42.59,bike,5,cloudy,31
709307,2025-08-19 12:53:00,43,chinese,12.4,uptown,2.9,2,25.31,bike,4094,cloudy,27
709308,2025-08-19 13:03:00,31,sushi,14.7,midtown,1.3,2,22.18,car,1038,rain,22
709309,2025-08-19 13:26:00,42,pizza,16.7,downtown,0.9,2,29.84,bike,38,clear,30
709311,2025-08-19 14:11:00,19,chinese,10.6,downtown,2.5,8,102.28,bike,39,clear,33
709312,2025-08-19 14:25:00,81,sushi,17.4,downtown,1.8,2,19.82,scooter,110,clear,23
709313,2025-08-19 14:35:00,37,pizza,17.5,midtown,2.9,3,44.8,car,42,heavy_rain,31
709314,2025-08-19 14:51:00,22,mexican,9.1,suburbs_south,2.4,2,19.02,bike,277,clear,20
709315,2025-08-19 16:24:00,160,salads,5,uptown,3.8,2,25.91,car,373,cloudy,22
709316,2025-08-19 16:34:00,80,chinese,16.1,downtown,1,6,82.79,scooter,70,clear,33
709317,2025-08-19 17:01:00,48,mexican,8.8,midtown,3.6,2,19.36,bike,345,,34
709318,2025-08-19 17:34:00,78,mexican,9.1,downtown,1.1,2,22.8,scooter,32,rain,19
709319,2025-08-19 17:36:00,10,pizza,12.9,suburbs_north,8.4,6,87.67,scooter,,clear,45
709320,2025-08-19 17:47:00,45,indian,15.4,midtown,2.5,3,36.65,car,202,clear,20
709321,2025-08-19 18:00:00,13,indian,15.1,downtown,2.3,7,93.92,scooter,154,cloudy,26
709322,2025-08-19 18:03:00,19,chinese,10.6,downtown,1.7,3,28.81,bike,202,rain,33
709324,2025-08-19 18:20:00,1,mexican,12.7,downtown,1.9,4,32.04,car,1182,clear,27
709325,2025-08-19 18:25:00,81,sushi,17.4,downtown,1,1,14.43,bike,31,clear,28
709326,2025-08-19 18:32:00,17,thai,9.8,uptown,2.6,1,9.14,car,45,clear,20
709327,2025-08-19 18:33:00,113,mexican,13.2,midtown,2,2,28.41,bike,83,cloudy,25
709328,2025-08-19 18:39:00,119,indian,16.8,suburbs_south,11.8,2,15.64,car,326,cloudy,56
709329,2025-08-19 18:56:00,141,thai,14.1,suburbs_north,10.5,3,41.12,scooter,174,clear,52
709330,2025-08-19 19:00:00,143,chinese,12.4,uptown,1.5,2,23.47,scooter,111,cloudy,26
709331,2025-08-19 19:08:00,140,chinese,17.8,downtown,2.3,5,40.75,car,806,clear,36
709332,2025-08-19 19:10:00,152,indian,18,suburbs_north,9,1,12.03,car,95,clear,42
709333,2025-08-19 19:13:00,6,sushi,16.8,midtown,1.6,5,39.16,car,469,cloudy,31
709334,2025-08-19 19:14:00,46,indian,19.4,downtown,2,2,31.03,car,1429,clear,35
709335,2025-08-19 19:18:00,10,pizza,12.9,suburbs_north,4.7,1,12.35,scooter,119,clear,32
709336,2025-08-19 19:21:00,149,thai,15.5,downtown,1,2,22.81,bike,106,clear,23
709337,2025-08-19 19:23:00,134,mexican,10.8,midtown,4.6,2,17.55,bike,329,cloudy,33
709338,2025-08-19 19:26:00,30,salads,5,suburbs_south,10.9,2,20.08,car,39,rain,40
709339,2025-08-19 19:47:00,143,chinese,12.4,uptown,6,1,15.98,bike,267,cloudy,39
709341,2025-08-19 19:56:00,148,indian,16.9,suburbs_north,4.3,4,43.25,scooter,587,clear,42
709342,2025-08-19 20:00:00,43,chinese,12.4,uptown,5.2,2,19.29,car,27,clear,31
709343,2025-08-19 20:52:00,59,pizza,11.7,suburbs_south,5.4,3,21.1,bike,42,cloudy,39
709345,2025-08-19 21:21:00,102,indian,17.4,uptown,4.1,3,25.39,bike,160,rain,45
709347,2025-08-19 21:34:00,7,thai,17.1,midtown,1.9,8,77.32,bike,155,clear,37
709348,2025-08-19 21:47:00,77,pizza,11.4,uptown,4.8,5,36.77,scooter,59,clear,28
709349,2025-08-19 21:51:00,104,thai,11.5,suburbs_south,4.5,4,57.24,scooter,647,clear,30
709350,2025-08-19 21:59:00,50,salads,8.2,midtown,2.5,2,23.13,scooter,430,heavy_rain,21
709351,2025-08-19 22:32:00,103,thai,16.4,midtown,1.2,2,25.29,bike,219,clear,18
709352,2025-08-19 23:35:00,117,pizza,16.2,suburbs_south,2.9,1,13.9,bike,77,clear,29
709353,2025-08-20 10:09:00,111,pizza,8.5,downtown,1.4,7,107.68,car,2867,,11
709355,2025-08-20 11:04:00,77,pizza,11.4,uptown,1.4,2,27.5,car,21,clear,23
709357,2025-08-20 11:25:00,96,thai,15.7,downtown,2,2,14.59,scooter,69,cloudy,29
709359,2025-08-20 11:31:00,126,pizza,12,midtown,4,4,47.69,car,342,cloudy,27
709360,2025-08-20 12:03:00,9,thai,12.6,suburbs_south,7.5,3,34.98,car,187,clear,35
709361,2025-08-20 12:04:00,131,indian,22.1,downtown,2.5,2,19.6,scooter,207,cloudy,39
709363,2025-08-20 12:16:00,116,sushi,16.4,downtown,2.7,2,14.81,scooter,87,clear,28
709364,2025-08-20 12:20:00,7,thai,17.1,midtown,4.5,2,25.57,scooter,55,cloudy,37
709365,2025-08-20 12:24:00,58,indian,21.6,uptown,1.7,2,22.72,bike,176,cloudy,36
709366,2025-08-20 12:35:00,129,pizza,10.9,suburbs_north,7.5,3,41.74,car,1300,clear,37
709368,2025-08-20 12:44:00,42,pizza,16.7,downtown,3.6,2,20.31,bike,12,,49
709369,2025-08-20 12:52:00,136,salads,9.3,downtown,1.7,2,17.77,scooter,53,clear,13
709370,2025-08-20 12:55:00,132,mexican,13.3,downtown,1.6,3,33.21,scooter,44,cloudy,28
709371,2025-08-20 12:55:00,4,pizza,14,suburbs_south,8.3,3,37.42,car,50,clear,47
709374,2025-08-20 13:13:00,12,thai,12.8,midtown,1.7,4,46.55,scooter,144,clear,29
709376,2025-08-20 13:24:00,70,thai,14.2,suburbs_north,8.4,3,42.34,car,225,cloudy,45
709377,2025-08-20 13:25:00,157,burgers,16.3,suburbs_south,3.4,1,11.66,car,78,clear,31
709378,2025-08-20 13:54:00,148,indian,16.9,suburbs_north,6.2,2,21.57,car,540,cloudy,38
709379,2025-08-20 14:05:00,150,mexican,14.6,downtown,2.6,4,59.55,scooter,51,clear,27
709381,2025-08-20 14:31:00,107,sushi,18,suburbs_south,6.8,2,14.8,car,501,rain,44
709382,2025-08-20 14:32:00,125,sushi,18.8,uptown,2.1,2,23.53,scooter,2353,rain,23
709383,2025-08-20 15:15:00,99,thai,13.4,midtown,1.9,4,54.09,scooter,945,cloudy,28
709385,2025-08-20 16:37:00,132,mexican,13.3,downtown,2.1,3,41.12,scooter,961,clear,27
709387,2025-08-20 17:07:00,4,pizza,14,suburbs_south,5,1,9.99,scooter,,rain,33
709388,2025-08-20 17:08:00,10,pizza,12.9,suburbs_north,8.4,5,39.68,car,629,heavy_rain,42
709389,2025-08-20 17:13:00,60,chinese,10.4,suburbs_north,5.9,2,27.5,scooter,527,clear,33
709390,2025-08-20 18:05:00,26,pizza,14.9,midtown,3.4,2,27.81,bike,356,clear,40
709391,2025-08-20 18:06:00,109,burgers,10,downtown,2.9,1,11.12,bike,122,clear,25
709392,2025-08-20 18:07:00,132,mexican,13.3,downtown,0.9,1,8,scooter,102,heavy_rain,18
709393,2025-08-20 18:10:00,63,pizza,12.6,downtown,2.5,2,26.81,scooter,64,clear,27
709395,2025-08-20 18:19:00,92,thai,7,uptown,2,1,8.88,car,17,clear,16
709396,2025-08-20 18:22:00,108,mexican,10.1,suburbs_south,5.1,3,39.79,scooter,315,clear,30
709397,2025-08-20 18:40:00,141,thai,14.1,suburbs_north,8.6,1,8.96,scooter,341,clear,42
709398,2025-08-20 19:01:00,61,thai,18,suburbs_north,7.2,2,21.05,scooter,156,heavy_rain,58
709399,2025-08-20 19:14:00,38,pizza,16.9,midtown,2.2,3,46.94,car,135,cloudy,30
709401,2025-08-20 19:18:00,8,burgers,12.1,uptown,3.2,2,15.55,car,900,clear,23
709402,2025-08-20 19:26:00,7,thai,17.1,midtown,3.5,3,30.76,scooter,644,clear,31
709403,2025-08-20 19:28:00,129,pizza,10.9,suburbs_north,7,3,21.17,scooter,120,cloudy,41
709405,2025-08-20 20:52:00,122,indian,20,midtown,1.6,7,79.55,bike,42,clear,41
709406,2025-08-20 20:56:00,90,sushi,20.7,midtown,1.1,2,27.7,car,37,rain,31
709407,2025-08-20 21:08:00,10,pizza,12.9,suburbs_north,6,3,36.02,bike,31,clear,41
709408,2025-08-20 22:09:00,111,pizza,8.5,downtown,2.6,2,30.64,scooter,81,clear,20
709409,2025-08-20 22:11:00,10,pizza,12.9,suburbs_north,9,3,24.15,car,113,,40
709410,2025-08-20 22:25:00,130,mexican,15.3,downtown,2.8,4,55.47,scooter,224,cloudy,26
709411,2025-08-20 22:28:00,43,chinese,12.4,uptown,4,1,15.14,car,131,cloudy,24
709412,2025-08-20 22:32:00,30,salads,5,suburbs_south,4.9,2,21.27,bike,188,clear,32
709413,2025-08-20 22:38:00,123,salads,7.7,uptown,3.8,3,38.31,scooter,615,clear,20
709414,2025-08-20 22:41:00,28,indian,19.5,downtown,1.2,2,17.62,bike,80,clear,30
709416,2025-08-20 23:32:00,7,thai,17.1,midtown,1.4,2,17.54,scooter,174,clear,19
709417,2025-08-21 11:09:00,4,pizza,14,suburbs_south,9.9,3,41.9,car,37,clear,47
709418,2025-08-21 11:20:00,72,burgers,12.2,suburbs_south,9,7,103.07,car,55,clear,47
709419,2025-08-21 11:33:00,45,indian,15.4,midtown,2.8,2,15.29,car,139,clear,29
709421,2025-08-21 11:46:00,55,salads,5,midtown,2.7,2,31.4,scooter,26,clear,16
709423,2025-08-21 12:04:00,21,pizza,17,midtown,2,1,12.57,bike,14381,clear,24
709425,2025-08-21 12:11:00,44,indian,21,midtown,3.5,3,21.66,scooter,447,cloudy,39
709426,2025-08-21 12:23:00,64,mexican,11.6,suburbs_north,6,2,22.51,scooter,40,,38
709427,2025-08-21 12:33:00,13,indian,15.1,downtown,2.3,2,16.36,scooter,496,clear,25
709429,2025-08-21 13:11:00,133,chinese,15.9,suburbs_north,5.4,2,28.21,scooter,228,clear,39
709430,2025-08-21 13:22:00,131,indian,22.1,downtown,3.7,6,78.02,scooter,595,rain,49
709431,2025-08-21 13:23:00,8,burgers,12.1,uptown,2.9,7,66.88,bike,,clear,32
709432,2025-08-21 13:27:00,52,mexican,5.5,uptown,2.5,5,70.5,bike,135,rain,19
709435,2025-08-21 13:41:00,57,sushi,15.1,midtown,2.7,3,21.67,scooter,20,clear,27
709436,2025-08-21 13:58:00,55,salads,5,midtown,3.6,1,8,bike,2,clear,28
709437,2025-08-21 14:13:00,158,indian,12.1,midtown,3.5,2,29.78,scooter,163,clear,20
709438,2025-08-21 14:20:00,90,sushi,20.7,midtown,3.2,3,30.92,bike,410,cloudy,36
709439,2025-08-21 15:26:00,37,pizza,17.5,midtown,1.1,1,10.75,bike,377,cloudy,20
709441,2025-08-21 16:07:00,33,sushi,21.1,midtown,1.7,1,9.66,car,419,rain,30
709443,2025-08-21 17:28:00,45,indian,15.4,midtown,3.1,6,88.87,bike,748,clear,33
709444,2025-08-21 17:48:00,112,sushi,18.2,downtown,3.3,3,24.62,bike,19,clear,34
709445,2025-08-21 17:52:00,47,mexican,14.1,downtown,1.2,4,30.99,car,162,cloudy,20
709446,2025-08-21 18:14:00,98,salads,11.1,midtown,1.4,1,10.63,bike,302,cloudy,25
709447,2025-08-21 18:18:00,106,pizza,12.3,downtown,0.9,4,63.09,bike,123,cloudy,21
709448,2025-08-21 18:31:00,26,pizza,14.9,midtown,5,1,14.61,bike,43,clear,42
709452,2025-08-21 19:02:00,30,salads,5,suburbs_south,4.3,3,26.92,bike,647,clear,26
709453,2025-08-21 19:09:00,119,indian,16.8,suburbs_south,8.7,6,48.7,car,56,clear,54
709454,2025-08-21 19:10:00,60,chinese,10.4,suburbs_north,5.4,3,25.49,car,460,clear,29
709455,2025-08-21 19:15:00,30,salads,5,suburbs_south,5.3,4,46.3,bike,182,clear,29
709456,2025-08-21 19:45:00,105,pizza,12.9,midtown,2.2,3,36.25,bike,434,cloudy,27
709458,2025-08-21 19:55:00,143,chinese,12.4,uptown,5,1,14.01,scooter,501,clear,30
709460,2025-08-21 20:21:00,92,thai,7,uptown,3.6,5,64.52,scooter,,clear,20
709461,2025-08-21 20:49:00,133,chinese,15.9,suburbs_north,8.5,2,24.42,car,100,cloudy,44
709463,2025-08-21 22:01:00,117,pizza,16.2,suburbs_south,8,7,99.27,car,88,heavy_rain,53
709464,2025-08-21 22:05:00,4,pizza,14,suburbs_south,7.4,2,15,scooter,713,rain,39
709466,2025-08-22 10:41:00,145,pizza,12.3,suburbs_south,5.3,2,14.33,bike,76,cloudy,44
709467,2025-08-22 11:12:00,36,burgers,11.8,downtown,2,2,27.19,car,313,clear,20
709469,2025-08-22 12:17:00,31,sushi,14.7,midtown,1.2,1,14.36,scooter,260,clear,23
709470,2025-08-22 12:23:00,94,sushi,20.2,downtown,1.5,1,14.71,bike,248,clear,34
709471,2025-08-22 12:23:00,74,thai,18.7,downtown,3.2,1,8,car,35,clear,40
709473,2025-08-22 12:34:00,4,pizza,14,suburbs_south,7.1,1,13.09,car,593,cloudy,35
709475,2025-08-22 12:40:00,78,mexican,9.1,downtown,1,4,28.54,car,,clear,15
709476,2025-08-22 12:50:00,140,chinese,17.8,downtown,1.7,6,59.63,scooter,35,rain,34
709477,2025-08-22 12:52:00,104,thai,11.5,suburbs_south,3,1,12.71,bike,8,cloudy,33
709478,2025-08-22 12:55:00,122,indian,20,midtown,2,6,46.29,bike,194,clear,42
709479,2025-08-22 13:26:00,132,mexican,13.3,downtown,3.2,3,47.84,car,799,rain,35
709480,2025-08-22 13:30:00,110,thai,12.5,suburbs_north,3.6,5,47.83,scooter,612,clear,34
709482,2025-08-22 13:46:00,45,indian,15.4,midtown,3.4,2,25.76,scooter,117,cloudy,31
709483,2025-08-22 13:49:00,152,indian,18,suburbs_north,6.1,4,29.53,car,387,clear,47
709484,2025-08-22 15:02:00,15,indian,18.1,midtown,3.4,3,29.92,bike,62,cloudy,35
709485,2025-08-22 15:25:00,65,thai,16.7,uptown,1.8,3,46.35,scooter,1070,clear,28
709487,2025-08-22 18:13:00,148,indian,16.9,suburbs_north,10.3,2,20.17,scooter,132,clear,53
709488,2025-08-22 18:47:00,158,indian,12.1,midtown,1.3,3,46.6,scooter,190,rain,23
709489,2025-08-22 18:48:00,60,chinese,10.4,suburbs_north,5.5,2,25.43,car,281,cloudy,23
709491,2025-08-22 19:06:00,72,burgers,12.2,suburbs_south,8.2,6,67.46,car,190,cloudy,45
709493,2025-08-22 19:14:00,34,mexican,12.2,midtown,3.7,4,57.71,scooter,761,clear,29
709495,2025-08-22 19:18:00,124,indian,17.6,downtown,1.7,1,13.7,bike,13,clear,26
709496,2025-08-22 19:22:00,74,thai,18.7,downtown,1.3,3,29.82,scooter,68,clear,36
709497,2025-08-22 19:41:00,101,thai,11.8,suburbs_north,2.6,3,44.34,scooter,52,clear,28
709498,2025-08-22 19:43:00,86,chinese,11.8,suburbs_south,4.2,1,15.79,scooter,328,clear,33
709499,2025-08-22 19:45:00,27,thai,16.7,downtown,2.4,5,67.59,scooter,39,clear,34
709500,2025-08-22 20:04:00,150,mexican,14.6,downtown,2.1,3,28.86,bike,513,clear,32
709501,2025-08-22 20:16:00,22,mexican,9.1,suburbs_south,8.4,3,36.81,car,94,clear,27
709502,2025-08-22 20:23:00,66,sushi,18.7,midtown,1.5,6,66.26,scooter,440,clear,32
709504,2025-08-22 20:29:00,131,indian,22.1,downtown,1,1,8,car,247,clear,31
709505,2025-08-22 20:33:00,5,mexican,12.4,uptown,3,6,43.14,scooter,335,clear,27
709506,2025-08-22 20:48:00,134,mexican,10.8,midtown,5.4,3,42.27,bike,67,clear,42
709507,2025-08-22 21:07:00,47,mexican,14.1,downtown,0.9,1,13.79,scooter,,clear,19
709508,2025-08-22 21:16:00,148,indian,16.9,suburbs_north,7.7,2,22,car,232,clear,42
709509,2025-08-22 21:31:00,75,mexican,13.3,midtown,4.2,4,52.68,bike,185,clear,35
709510,2025-08-22 21:31:00,14,burgers,6.4,downtown,1.7,4,56.98,scooter,19,clear,16
709511,2025-08-22 22:03:00,7,thai,17.1,midtown,1.8,1,12.7,bike,198,cloudy,24
709512,2025-08-22 22:31:00,90,sushi,20.7,midtown,3.8,3,32.49,bike,72,clear,34
709513,2025-08-22 23:42:00,83,salads,8.7,midtown,4.2,2,16.33,car,10,rain,30
709517,2025-08-23 11:21:00,130,mexican,15.3,downtown,2.1,3,21.22,bike,78,rain,42
709519,2025-08-23 11:59:00,58,indian,21.6,uptown,4.3,2,19.83,bike,84,clear,54
709520,2025-08-23 12:08:00,57,sushi,15.1,midtown,4.1,7,106.1,car,1525,clear,33
709522,2025-08-23 12:16:00,158,indian,12.1,midtown,1.3,1,15.85,scooter,74,clear,23
709523,2025-08-23 12:19:00,111,pizza,8.5,downtown,1.9,1,9.8,scooter,,clear,18
709524,2025-08-23 12:25:00,11,indian,20.4,uptown,2,1,9.27,scooter,11,rain,37
709525,2025-08-23 12:45:00,112,sushi,18.2,downtown,2.9,2,29.15,bike,9,clear,40
709526,2025-08-23 12:49:00,158,indian,12.1,midtown,4.2,2,19.81,car,14,clear,26
709527,2025-08-23 12:55:00,131,indian,22.1,downtown,0.6,4,30.27,bike,71,clear,35
709528,2025-08-23 13:24:00,149,thai,15.5,downtown,0.8,2,27.33,bike,926,clear,28
709529,2025-08-23 13:24:00,3,pizza,20.9,suburbs_north,7.1,2,29.55,scooter,102,cloudy,49
709530,2025-08-23 14:24:00,72,burgers,12.2,suburbs_south,6.8,1,11.27,car,775,clear,36
709532,2025-08-23 15:00:00,132,mexican,13.3,downtown,3.3,1,10.3,car,829,clear,27
709534,2025-08-23 15:20:00,39,thai,21,downtown,2.5,1,8.8,scooter,20,heavy_rain,38
709535,2025-08-23 16:26:00,15,indian,18.1,midtown,2.3,2,23.57,bike,255,clear,37
709536,2025-08-23 17:39:00,106,pizza,12.3,downtown,2.1,1,8,scooter,30,heavy_rain,27
709537,2025-08-23 17:59:00,102,indian,17.4,uptown,3.7,4,58.18,scooter,273,clear,35
709538,2025-08-23 18:12:00,99,thai,13.4,midtown,3.7,5,41.83,bike,185,clear,44
709539,2025-08-23 18:23:00,28,indian,19.5,downtown,2.3,7,91.44,scooter,127,cloudy,44
709540,2025-08-23 18:24:00,65,thai,16.7,uptown,5.2,1,10.32,scooter,810,clear,39
709541,2025-08-23 18:43:00,152,indian,18,suburbs_north,7.1,5,38.56,scooter,3,cloudy,54
709543,2025-08-23 19:01:00,94,sushi,20.2,downtown,3.2,1,10.72,bike,69,cloudy,45
709544,2025-08-23 19:02:00,15,indian,18.1,midtown,3.3,3,37.38,bike,259,cloudy,46
709545,2025-08-23 19:12:00,115,thai,13.4,downtown,1.1,2,26.47,scooter,37,clear,26
709546,2025-08-23 19:13:00,122,indian,20,midtown,4.4,1,8,bike,135,cloudy,47
709547,2025-08-23 19:14:00,21,pizza,17,midtown,3.4,1,15.73,bike,499,rain,46
709548,2025-08-23 19:36:00,74,thai,18.7,downtown,1,2,20.79,car,112,rain,30
709549,2025-08-23 19:41:00,85,pizza,11.8,uptown,3.5,6,57.2,car,169,clear,27
709550,2025-08-23 19:42:00,138,thai,16.2,uptown,2.6,5,42.52,scooter,906,clear,33
709551,2025-08-23 19:46:00,109,burgers,10,downtown,1.4,8,107.48,scooter,1751,clear,20
709552,2025-08-23 19:52:00,69,salads,8.8,midtown,1.8,3,35.3,bike,223,clear,24
709554,2025-08-23 20:14:00,100,pizza,12.8,uptown,2.7,3,46.57,scooter,404,clear,25
709555,2025-08-23 20:52:00,41,thai,19,downtown,1.4,4,50.3,bike,40,rain,39
709556,2025-08-23 21:02:00,156,salads,12.7,downtown,1.2,4,31.89,bike,645,clear,25
709557,2025-08-23 21:08:00,156,salads,12.7,downtown,1.3,5,55.57,scooter,117,heavy_rain,24
709559,2025-08-23 21:54:00,5,mexican,12.4,uptown,3,1,8,bike,22,clear,31
709560,2025-08-23 21:55:00,78,mexican,9.1,downtown,2,3,47.03,bike,51,rain,25
709561,2025-08-23 21:56:00,48,mexican,8.8,midtown,3.8,4,56.08,scooter,127,cloudy,32
709563,2025-08-23 22:44:00,118,thai,15.5,downtown,1.2,2,16.72,scooter,117,clear,20
709564,2025-08-23 23:38:00,2,thai,10.5,downtown,0.9,2,29.22,scooter,11,rain,20
709565,2025-08-24 11:28:00,38,pizza,16.9,midtown,3.4,2,28.12,scooter,382,rain,96
709566,2025-08-24 11:31:00,66,sushi,18.7,midtown,3.4,5,60.71,scooter,2109,rain,33
709567,2025-08-24 11:32:00,108,mexican,10.1,suburbs_south,4.5,1,15.04,car,82,heavy_rain,27
709571,2025-08-24 12:09:00,143,chinese,12.4,uptown,2.4,4,55.01,scooter,150,clear,30
709572,2025-08-24 12:17:00,121,indian,13.9,suburbs_north,3.8,3,47.62,bike,69,cloudy,38
709573,2025-08-24 12:22:00,2,thai,10.5,downtown,2.1,1,14.2,car,59,rain,30
709574,2025-08-24 12:26:00,113,mexican,13.2,midtown,2,2,21.38,car,1398,clear,18
709575,2025-08-24 12:57:00,101,thai,11.8,suburbs_north,11.9,2,25.55,car,42,clear,45
709576,2025-08-24 12:59:00,96,thai,15.7,downtown,1,3,29.63,bike,76,clear,30
709579,2025-08-24 13:18:00,129,pizza,10.9,suburbs_north,6.2,2,19.69,car,148,clear,35
709580,2025-08-24 13:31:00,115,thai,13.4,downtown,1.2,2,23.11,bike,,clear,27
709582,2025-08-24 14:41:00,111,pizza,8.5,downtown,1.5,2,17.73,car,,rain,18
709583,2025-08-24 15:27:00,131,indian,22.1,downtown,1.6,3,39.01,car,86,clear,30
709584,2025-08-24 16:02:00,75,mexican,13.3,midtown,1.9,3,30.26,scooter,1742,clear,24
709585,2025-08-24 16:38:00,84,chinese,11.5,suburbs_south,7.8,7,73.81,car,5072,cloudy,36
709586,2025-08-24 17:19:00,12,thai,12.8,midtown,1.8,2,24.04,bike,483,clear,25
709587,2025-08-24 17:23:00,38,pizza,16.9,midtown,5.4,1,8,scooter,155,rain,36
709588,2025-08-24 17:40:00,7,thai,17.1,midtown,3.8,3,27.98,scooter,233,clear,39
709591,2025-08-24 18:12:00,11,indian,20.4,uptown,4.4,3,26.57,scooter,87,rain,54
709592,2025-08-24 18:22:00,74,thai,18.7,downtown,1.6,2,22.32,scooter,83,clear,29
709593,2025-08-24 18:27:00,6,sushi,16.8,midtown,1.1,3,41.17,bike,41,clear,32
709595,2025-08-24 18:52:00,153,salads,5,suburbs_south,5.2,6,46.06,bike,338,clear,26
709596,2025-08-24 18:53:00,11,indian,20.4,uptown,3.5,2,18.45,car,139,cloudy,37
709597,2025-08-24 19:03:00,50,salads,8.2,midtown,2.9,3,23.41,scooter,36,clear,25
709598,2025-08-24 19:04:00,100,pizza,12.8,uptown,1.9,2,28.41,bike,72,,28
709599,2025-08-24 19:04:00,152,indian,18,suburbs_north,2.3,2,18.54,bike,12,clear,38
709600,2025-08-24 19:08:00,102,indian,17.4,uptown,3.9,1,9.21,car,6,cloudy,32
709601,2025-08-24 19:10:00,131,indian,22.1,downtown,1.4,7,85.61,bike,51,clear,48
709602,2025-08-24 19:15:00,146,thai,14.2,uptown,2.1,2,17.61,bike,119,clear,31
709603,2025-08-24 19:35:00,22,mexican,9.1,suburbs_south,3.1,5,44.83,bike,413,clear,26
709605,2025-08-24 19:37:00,68,thai,11.9,uptown,4.7,3,29.12,bike,99,cloudy,41
709606,2025-08-24 19:41:00,42,pizza,16.7,downtown,1.9,2,27.8,bike,56,rain,43
709607,2025-08-24 19:46:00,58,indian,21.6,uptown,3.9,3,21.47,bike,63,clear,44
709608,2025-08-24 20:32:00,96,thai,15.7,downtown,2.5,1,14.18,car,225,rain,32
709609,2025-08-24 21:09:00,79,salads,10,midtown,1.8,2,20.61,scooter,266,clear,19
709610,2025-08-24 21:39:00,122,indian,20,midtown,3,4,54.97,bike,128,clear,38
709611,2025-08-24 21:51:00,46,indian,19.4,downtown,1.1,5,78.64,scooter,583,rain,28
709612,2025-08-24 22:00:00,81,sushi,17.4,downtown,1.5,3,40.17,car,134,cloudy,25
709613,2025-08-24 22:36:00,26,pizza,14.9,midtown,3.3,3,44.11,bike,163,cloudy,34
709614,2025-08-24 22:40:00,47,mexican,14.1,downtown,1.1,1,10.27,scooter,73,clear,24
709615,2025-08-24 23:09:00,93,sushi,16.7,downtown,0.7,6,82.24,car,4738,clear,25
709616,2025-08-24 23:13:00,24,pizza,15.8,uptown,2.7,3,44.38,scooter,99,clear,30
709617,2025-08-25 10:21:00,52,mexican,5.5,uptown,2.8,3,24,bike,61,clear,24
709618,2025-08-25 10:28:00,41,thai,19,downtown,1.8,5,63.06,car,191,clear,29
709619,2025-08-25 11:02:00,29,salads,9.9,midtown,4.8,3,41.76,bike,243,clear,30
709620,2025-08-25 11:16:00,57,sushi,15.1,midtown,3,2,18.61,scooter,20,cloudy,29
709621,2025-08-25 11:28:00,46,indian,19.4,downtown,1.1,1,12.53,car,9,cloudy,31
709623,2025-08-25 11:33:00,44,indian,21,midtown,3.4,3,26.41,bike,195,clear,46
709624,2025-08-25 11:42:00,138,thai,16.2,uptown,1.9,3,28.52,scooter,492,clear,28
709627,2025-08-25 13:24:00,153,salads,5,suburbs_south,8,3,26.91,car,676,cloudy,29
709629,2025-08-25 13:49:00,121,indian,13.9,suburbs_north,9.1,4,42.1,car,4,clear,51
709630,2025-08-25 13:51:00,103,thai,16.4,midtown,2.9,3,27.3,bike,57,clear,35
709631,2025-08-25 13:56:00,59,pizza,11.7,suburbs_south,12.4,5,54.58,car,27,rain,51
709632,2025-08-25 14:01:00,74,thai,18.7,downtown,3,3,46.31,car,651,clear,35
709633,2025-08-25 15:19:00,140,chinese,17.8,downtown,1,1,8.59,scooter,110,clear,22
709634,2025-08-25 15:27:00,115,thai,13.4,downtown,3.2,1,9.46,bike,279,clear,29
709635,2025-08-25 15:49:00,79,salads,10,midtown,5.6,4,48.03,scooter,14845,cloudy,35
709636,2025-08-25 16:12:00,117,pizza,16.2,suburbs_south,8.2,2,27.3,car,433,clear,40
709637,2025-08-25 16:24:00,53,thai,11.5,midtown,2.7,1,9.97,bike,37,cloudy,27
709638,2025-08-25 16:25:00,144,chinese,7.6,midtown,2.1,3,25.96,scooter,416,clear,20
709640,2025-08-25 16:44:00,62,salads,6.7,downtown,1.6,2,21.17,bike,60,cloudy,19
709642,2025-08-25 17:08:00,67,chinese,17.8,uptown,1.4,2,14.93,car,28,rain,23
709643,2025-08-25 17:09:00,113,mexican,13.2,midtown,2.4,2,27.75,scooter,40,cloudy,24
709644,2025-08-25 17:37:00,32,thai,16.7,uptown,2.7,2,26.16,scooter,,clear,34
709645,2025-08-25 17:59:00,6,sushi,16.8,midtown,2.7,2,15.23,scooter,209,cloudy,30
709646,2025-08-25 18:00:00,41,thai,19,downtown,2.2,3,33.03,bike,102,cloudy,39
709647,2025-08-25 18:16:00,109,burgers,10,downtown,1.6,2,29.54,scooter,303,clear,18
709648,2025-08-25 18:22:00,48,mexican,8.8,midtown,2.6,2,20.4,scooter,7,clear,29
709649,2025-08-25 18:24:00,133,chinese,15.9,suburbs_north,10.2,2,19.77,car,124,clear,46
709650,2025-08-25 18:24:00,130,mexican,15.3,downtown,2.3,2,26.41,scooter,,clear,25
709651,2025-08-25 18:25:00,9,thai,12.6,suburbs_south,5.8,5,70.06,scooter,248,clear,39
709652,2025-08-25 18:37:00,119,indian,16.8,suburbs_south,7.9,2,24.83,car,1473,clear,49
709653,2025-08-25 18:43:00,112,sushi,18.2,downtown,1.1,5,65.56,scooter,133,heavy_rain,39
709654,2025-08-25 18:45:00,75,mexican,13.3,midtown,4.7,3,41.63,bike,52,heavy_rain,55
709655,2025-08-25 18:51:00,46,indian,19.4,downtown,2.5,1,8.43,car,335,clear,34
709656,2025-08-25 18:56:00,93,sushi,16.7,downtown,2.3,2,15.63,car,1894,clear,30
709657,2025-08-25 19:01:00,10,pizza,12.9,suburbs_north,10.9,3,42.24,car,96,clear,51
709658,2025-08-25 19:23:00,70,thai,14.2,suburbs_north,2.2,2,21.11,car,210,rain,31
709659,2025-08-25 19:28:00,80,chinese,16.1,downtown,1.8,3,32.53,car,24,heavy_rain,42
709660,2025-08-25 19:32:00,106,pizza,12.3,downtown,2.7,4,52.53,scooter,61,cloudy,31
709662,2025-08-25 20:52:00,133,chinese,15.9,suburbs_north,11.3,2,27.14,car,139,clear,46
709663,2025-08-25 20:57:00,15,indian,18.1,midtown,3.3,2,27.93,car,436,clear,36
709664,2025-08-25 21:09:00,1,mexican,12.7,downtown,3.4,3,31.19,bike,108,clear,25
709666,2025-08-25 22:42:00,108,mexican,10.1,suburbs_south,7.9,3,25.03,car,40,clear,35
709667,2025-08-25 22:52:00,78,mexican,9.1,downtown,1.1,4,48.09,scooter,50,clear,12
709668,2025-08-25 23:49:00,66,sushi,18.7,midtown,3.7,3,23.86,scooter,191,clear,31
709670,2025-08-26 10:09:00,101,thai,11.8,suburbs_north,9.9,2,19.92,car,166,rain,45
709671,2025-08-26 10:56:00,127,indian,15.6,downtown,2.3,1,9.47,car,323,clear,28
709672,2025-08-26 11:17:00,103,thai,16.4,midtown,2.2,8,58.67,scooter,221,rain,37
709673,2025-08-26 11:36:00,160,salads,5,uptown,4.3,1,8.53,scooter,38,cloudy,33
709675,2025-08-26 11:56:00,37,pizza,17.5,midtown,2.3,2,20.92,scooter,663,clear,29
709676,2025-08-26 12:03:00,124,indian,17.6,downtown,1.3,5,75.53,car,68,clear,34
709677,2025-08-26 12:05:00,127,indian,15.6,downtown,3.6,1,10.39,bike,131,cloudy,39
709678,2025-08-26 12:15:00,15,indian,18.1,midtown,3,4,37.49,scooter,,clear,36
709679,2025-08-26 12:20:00,122,indian,20,midtown,3.3,1,13.59,bike,490,heavy_rain,41
709680,2025-08-26 12:23:00,6,sushi,16.8,midtown,4.6,1,8.83,bike,255,clear,40
709681,2025-08-26 12:32:00,64,mexican,11.6,suburbs_north,8.3,4,29.03,scooter,32,cloudy,48
709682,2025-08-26 12:42:00,116,sushi,16.4,downtown,3,6,79.73,bike,61,rain,40
709683,2025-08-26 12:57:00,114,chinese,12.4,suburbs_south,5.6,8,60.47,bike,13,cloudy,52
709684,2025-08-26 13:29:00,49,indian,14.4,uptown,2.5,4,54.62,bike,35,clear,35
709687,2025-08-26 14:26:00,82,salads,9.2,midtown,1.5,1,8.83,bike,108,clear,19
709688,2025-08-26 14:38:00,42,pizza,16.7,downtown,0.8,1,11.02,car,779,clear,22
709689,2025-08-26 14:45:00,24,pizza,15.8,uptown,3,1,15.7,scooter,22,clear,24
709690,2025-08-26 14:52:00,81,sushi,17.4,downtown,2.4,2,24.12,bike,1400,clear,31
709691,2025-08-26 14:52:00,115,thai,13.4,downtown,3.1,1,13.03,scooter,57,clear,24
709692,2025-08-26 15:10:00,122,indian,20,midtown,2.5,1,10.72,car,333,heavy_rain,25
709693,2025-08-26 15:17:00,22,mexican,9.1,suburbs_south,3.4,1,11.19,scooter,301,clear,26
709694,2025-08-26 15:37:00,125,sushi,18.8,uptown,3.7,1,8,scooter,208,cloudy,34
709695,2025-08-26 16:12:00,46,indian,19.4,downtown,3.8,4,42.93,bike,741,clear,45
709697,2025-08-26 17:05:00,107,sushi,18,suburbs_south,3.2,1,12.87,car,,clear,24
709698,2025-08-26 17:06:00,116,sushi,16.4,downtown,1.4,1,12.9,scooter,71,rain,27
709700,2025-08-26 17:51:00,46,indian,19.4,downtown,2.8,3,22.28,scooter,138,cloudy,30
709701,2025-08-26 18:01:00,57,sushi,15.1,midtown,1.5,1,9.35,bike,86,cloudy,26
709702,2025-08-26 18:02:00,35,mexican,11.9,midtown,1.2,2,28.44,scooter,1237,,18
709703,2025-08-26 18:16:00,90,sushi,20.7,midtown,1.4,1,8,car,573,clear,25
709704,2025-08-26 18:21:00,27,thai,16.7,downtown,1.4,2,16.09,bike,82,clear,35
709705,2025-08-26 18:23:00,29,salads,9.9,midtown,2.9,2,20.9,bike,117,clear,27
709706,2025-08-26 18:32:00,108,mexican,10.1,suburbs_south,10.4,4,42.51,car,48,clear,45
709707,2025-08-26 18:45:00,27,thai,16.7,downtown,2.7,1,13.62,scooter,447,rain,28
709708,2025-08-26 18:48:00,7,thai,17.1,midtown,1.7,6,53.54,scooter,31,rain,38
709709,2025-08-26 18:54:00,71,burgers,14.5,uptown,4.6,3,47.3,scooter,279,clear,34
709711,2025-08-26 18:59:00,96,thai,15.7,downtown,2.8,2,23.27,bike,115,cloudy,35
709712,2025-08-26 19:04:00,1,mexican,12.7,downtown,1,1,12.24,bike,40,clear,22
709713,2025-08-26 19:09:00,37,pizza,17.5,midtown,1.4,4,36.34,scooter,34,heavy_rain,30
709715,2025-08-26 19:25:00,158,indian,12.1,midtown,5.4,5,57.6,scooter,379,clear,33
709717,2025-08-26 19:30:00,59,pizza,11.7,suburbs_south,4.6,2,16.16,bike,182,clear,39
709718,2025-08-26 19:33:00,7,thai,17.1,midtown,3.4,3,41.03,scooter,48,cloudy,37
709719,2025-08-26 19:37:00,31,sushi,14.7,midtown,3.4,2,20.96,car,313,clear,28
709720,2025-08-26 19:42:00,92,thai,7,uptown,1.8,4,51.78,scooter,532,clear,27
709721,2025-08-26 19:54:00,103,thai,16.4,midtown,2.7,2,27.27,car,147,cloudy,28
709722,2025-08-26 20:06:00,153,salads,5,suburbs_south,9.8,1,15.26,car,,heavy_rain,44
709723,2025-08-26 20:08:00,92,thai,7,uptown,2.8,2,19.23,scooter,229,clear,15
709724,2025-08-26 20:13:00,80,chinese,16.1,downtown,0.9,3,22.35,scooter,151,cloudy,28
709725,2025-08-26 20:21:00,81,sushi,17.4,downtown,3,2,22.21,scooter,3977,cloudy,32
709726,2025-08-26 20:39:00,113,mexican,13.2,midtown,2.9,4,34,scooter,71,clear,29
709727,2025-08-26 20:44:00,93,sushi,16.7,downtown,3.6,1,10.6,scooter,177,clear,36
709728,2025-08-26 20:50:00,74,thai,18.7,downtown,0.9,1,8.8,car,92,clear,30
709729,2025-08-26 20:51:00,100,pizza,12.8,uptown,2.9,3,43.65,scooter,220,rain,30
709730,2025-08-26 20:58:00,102,indian,17.4,uptown,3.1,6,73.35,bike,914,cloudy,41
709731,2025-08-26 21:05:00,156,salads,12.7,downtown,0.9,1,15.37,bike,,rain,16
709732,2025-08-26 21:08:00,67,chinese,17.8,uptown,3.9,5,73.57,bike,138,,45
709733,2025-08-26 21:11:00,74,thai,18.7,downtown,1.3,2,23.46,bike,590,clear,32
709734,2025-08-26 22:49:00,9,thai,12.6,suburbs_south,13.2,1,13.77,scooter,532,clear,53
709735,2025-08-27 10:13:00,125,sushi,18.8,uptown,3.8,4,37.42,bike,26,clear,33
709738,2025-08-27 12:09:00,159,pizza,15,uptown,2.6,2,21.82,bike,305,cloudy,30
709739,2025-08-27 12:25:00,110,thai,12.5,suburbs_north,10.4,5,66.89,car,18,clear,53
709740,2025-08-27 13:00:00,130,mexican,15.3,downtown,1.3,3,47.6,scooter,6,clear,30
709741,2025-08-27 13:03:00,128,chinese,6.8,uptown,4.8,5,70.88,scooter,311,clear,27
709743,2025-08-27 13:12:00,159,pizza,15,uptown,4.8,3,22.62,bike,359,clear,43
709744,2025-08-27 13:17:00,13,indian,15.1,downtown,3.3,3,40.32,bike,109,cloudy,38
709745,2025-08-27 13:24:00,159,pizza,15,uptown,5.2,5,61.99,bike,6,cloudy,51
709746,2025-08-27 13:24:00,66,sushi,18.7,midtown,2,7,80.86,scooter,439,cloudy,37
709747,2025-08-27 13:34:00,22,mexican,9.1,suburbs_south,2.9,2,15.49,bike,,clear,24
709748,2025-08-27 13:41:00,78,mexican,9.1,downtown,2.8,2,21.35,bike,1280,rain,32
709749,2025-08-27 13:50:00,80,chinese,16.1,downtown,1.5,1,8,car,1002,cloudy,25
709750,2025-08-27 13:53:00,107,sushi,18,suburbs_south,8.3,1,11.49,scooter,,clear,45
709751,2025-08-27 13:53:00,73,pizza,10.6,midtown,2.1,1,13.7,bike,1430,cloudy,19
709752,2025-08-27 14:11:00,138,thai,16.2,uptown,2.3,2,23.06,bike,139,clear,27
709754,2025-08-27 15:50:00,93,sushi,16.7,downtown,1.8,1,9.34,bike,38,clear,26
709756,2025-08-27 16:09:00,11,indian,20.4,uptown,1.9,2,28.37,car,135,clear,31
709757,2025-08-27 16:36:00,26,pizza,14.9,midtown,4.2,3,23.25,bike,35,clear,35
709758,2025-08-27 16:37:00,159,pizza,15,uptown,4.2,2,20.78,bike,,cloudy,33
709759,2025-08-27 17:03:00,100,pizza,12.8,uptown,2.2,6,68.74,car,487,cloudy,26
709760,2025-08-27 17:28:00,25,mexican,14.5,midtown,1.3,2,23.76,scooter,130,clear,24
709761,2025-08-27 17:33:00,49,indian,14.4,uptown,2.9,2,21.87,bike,1227,clear,29
709762,2025-08-27 17:45:00,93,sushi,16.7,downtown,2.3,1,8.47,car,193,clear,24
709763,2025-08-27 17:48:00,140,chinese,17.8,downtown,1.1,1,8.56,bike,206,cloudy,26
709764,2025-08-27 17:52:00,51,indian,17,downtown,1.9,2,16.59,scooter,30,cloudy,24
709766,2025-08-27 17:53:00,32,thai,16.7,uptown,4.5,2,18.81,car,49,rain,31
709767,2025-08-27 17:54:00,85,pizza,11.8,uptown,2.6,4,43.12,scooter,384,rain,23
709768,2025-08-27 18:07:00,91,salads,10.1,suburbs_south,8.3,8,60.14,car,69,cloudy,42
709769,2025-08-27 18:10:00,137,thai,13.3,suburbs_north,4.7,1,10.36,bike,1472,clear,30
709770,2025-08-27 18:22:00,20,mexican,9.2,midtown,1.5,2,17.91,scooter,69,cloudy,18
709773,2025-08-27 19:16:00,84,chinese,11.5,suburbs_south,2.7,2,25.56,bike,104,rain,23
709774,2025-08-27 19:19:00,92,thai,7,uptown,3.8,5,55.69,scooter,275,clear,24
709775,2025-08-27 19:21:00,67,chinese,17.8,uptown,2.8,1,8.7,scooter,107,clear,35
709777,2025-08-27 19:28:00,154,salads,8.5,midtown,5.4,1,11.07,bike,107,clear,38
709779,2025-08-27 19:43:00,27,thai,16.7,downtown,2.1,1,8.02,bike,967,clear,29
709780,2025-08-27 20:08:00,121,indian,13.9,suburbs_north,5.6,2,14.18,bike,146,clear,42
709781,2025-08-27 20:22:00,137,thai,13.3,suburbs_north,8.8,2,23.8,car,,clear,40
709783,2025-08-27 20:47:00,113,mexican,13.2,midtown,2.4,2,28.71,car,336,clear,27
709784,2025-08-27 20:57:00,144,chinese,7.6,midtown,3.2,4,60.2,scooter,362,clear,25
709785,2025-08-27 21:02:00,57,sushi,15.1,midtown,2.1,4,43.08,car,19,,25
709786,2025-08-27 21:10:00,20,mexican,9.2,midtown,1.8,1,11.11,bike,52,cloudy,21
709787,2025-08-27 21:32:00,21,pizza,17,midtown,2.3,3,27.15,car,134,clear,28
709788,2025-08-27 21:36:00,137,thai,13.3,suburbs_north,8.7,1,9.33,scooter,646,rain,41
709790,2025-08-27 22:17:00,80,chinese,16.1,downtown,1.1,3,25.31,scooter,73,rain,26
709791,2025-08-27 22:50:00,52,mexican,5.5,uptown,3.3,1,10.61,bike,798,cloudy,17
709792,2025-08-27 22:53:00,117,pizza,16.2,suburbs_south,9.5,1,8.51,car,496,clear,44
709793,2025-08-28 10:10:00,94,sushi,20.2,downtown,0.8,3,39.4,bike,270,rain,26
709794,2025-08-28 10:47:00,62,salads,6.7,downtown,1.1,2,25.06,car,328,clear,16
709795,2025-08-28 11:02:00,60,chinese,10.4,suburbs_north,6.6,3,22.16,car,118,cloudy,32
709796,2025-08-28 11:05:00,96,thai,15.7,downtown,3.9,1,10.46,car,65,,35
709797,2025-08-28 11:13:00,70,thai,14.2,suburbs_north,3.7,4,28.54,bike,154,cloudy,36
709798,2025-08-28 11:34:00,87,burgers,6.5,downtown,2.4,2,22.12,scooter,131,clear,14
709799,2025-08-28 11:37:00,85,pizza,11.8,uptown,4.7,3,23.11,bike,118,clear,38
709800,2025-08-28 11:47:00,130,mexican,15.3,downtown,3,1,13.32,bike,37,clear,34
709801,2025-08-28 11:59:00,44,indian,21,midtown,1.2,4,45.83,car,40,clear,34
709802,2025-08-28 12:04:00,62,salads,6.7,downtown,1.5,1,12,bike,2808,clear,17
709803,2025-08-28 12:06:00,19,chinese,10.6,downtown,1.4,2,20.47,scooter,3677,rain,22
709804,2025-08-28 12:30:00,28,indian,19.5,downtown,0.9,1,15.42,bike,323,rain,30
709805,2025-08-28 12:32:00,150,mexican,14.6,downtown,1.1,5,52.53,scooter,96,clear,22
709806,2025-08-28 12:35:00,68,thai,11.9,uptown,2.6,2,22.76,bike,209,clear,24
709807,2025-08-28 12:40:00,118,thai,15.5,downtown,1,1,9.21,scooter,534,rain,27
709808,2025-08-28 12:46:00,149,thai,15.5,downtown,1.9,4,58.3,scooter,32,clear,32
709810,2025-08-28 13:14:00,75,mexican,13.3,midtown,2.5,3,40.4,car,71,clear,29
709811,2025-08-28 13:33:00,80,chinese,16.1,downtown,2.2,2,14.22,car,219,clear,26
709812,2025-08-28 13:38:00,139,indian,20.7,midtown,4,3,33.57,car,99,clear,42
709816,2025-08-28 14:50:00,65,thai,16.7,uptown,3.7,2,19.71,scooter,32,rain,33
709817,2025-08-28 16:00:00,93,sushi,16.7,downtown,1.3,4,32.14,bike,487,clear,22
709820,2025-08-28 16:45:00,59,pizza,11.7,suburbs_south,7,2,28.11,scooter,576,cloudy,39
709821,2025-08-28 16:53:00,156,salads,12.7,downtown,1.8,5,78.2,bike,343,heavy_rain,30
709822,2025-08-28 17:00:00,116,sushi,16.4,downtown,3.2,4,47.98,bike,181,clear,26
709823,2025-08-28 17:07:00,1,mexican,12.7,downtown,2.6,3,30.73,scooter,184,clear,23
709825,2025-08-28 18:09:00,127,indian,15.6,downtown,2.7,4,48.35,car,122,clear,32
709826,2025-08-28 18:42:00,75,mexican,13.3,midtown,2.5,5,44.39,scooter,7,clear,29
709827,2025-08-28 18:52:00,52,mexican,5.5,uptown,4.6,4,53.43,scooter,184,cloudy,18
709828,2025-08-28 18:58:00,159,pizza,15,uptown,3.6,4,32.32,scooter,955,cloudy,38
709829,2025-08-28 19:03:00,113,mexican,13.2,midtown,2.1,5,52.03,scooter,122,clear,30
709831,2025-08-28 19:16:00,25,mexican,14.5,midtown,3.1,7,100.35,scooter,156,clear,41
709832,2025-08-28 19:17:00,70,thai,14.2,suburbs_north,5.5,1,13.28,scooter,40,cloudy,39
709834,2025-08-28 19:40:00,48,mexican,8.8,midtown,2,2,19.62,scooter,39,rain,18
709835,2025-08-28 19:43:00,141,thai,14.1,suburbs_north,5.5,3,33.74,scooter,302,clear,38
709836,2025-08-28 19:43:00,6,sushi,16.8,midtown,2.2,3,44.73,bike,22,clear,34
709837,2025-08-28 19:44:00,29,salads,9.9,midtown,1.7,3,42.13,car,639,,20
709838,2025-08-28 20:29:00,93,sushi,16.7,downtown,3.2,1,15.8,scooter,50,cloudy,33
709839,2025-08-28 20:54:00,75,mexican,13.3,midtown,3.8,3,35.22,scooter,48,rain,36
709840,2025-08-28 21:00:00,7,thai,17.1,midtown,3.1,2,21.36,car,518,clear,23
709842,2025-08-28 21:18:00,35,mexican,11.9,midtown,1.5,6,91.94,bike,373,cloudy,20
709844,2025-08-28 21:50:00,160,salads,5,uptown,3,1,8,bike,25,clear,22
709846,2025-08-28 22:03:00,99,thai,13.4,midtown,3.8,3,47.07,scooter,58,heavy_rain,38
709847,2025-08-28 22:03:00,156,salads,12.7,downtown,3.2,6,63.77,bike,84,rain,36
709848,2025-08-28 23:46:00,120,pizza,12.2,downtown,3.4,2,30.65,scooter,204,cloudy,22
709849,2025-08-29 11:12:00,99,thai,13.4,midtown,4.9,3,35.88,scooter,174,clear,31
709850,2025-08-29 11:14:00,76,mexican,10,uptown,2.1,1,14.18,bike,240,cloudy,27
709851,2025-08-29 11:35:00,8,burgers,12.1,uptown,1.7,1,8,scooter,493,cloudy,17
709852,2025-08-29 11:45:00,19,chinese,10.6,downtown,1.6,4,36.21,car,111,clear,19
709853,2025-08-29 12:29:00,87,burgers,6.5,downtown,1.4,5,72.73,car,707,cloudy,14
709854,2025-08-29 12:47:00,19,chinese,10.6,downtown,1.6,1,11.2,bike,1101,clear,15
709855,2025-08-29 12:47:00,9,thai,12.6,suburbs_south,2.6,1,15.09,scooter,221,clear,22
709856,2025-08-29 12:54:00,150,mexican,14.6,downtown,1.4,2,22.2,scooter,101,clear,24
709857,2025-08-29 13:08:00,111,pizza,8.5,downtown,3.7,3,41.04,scooter,518,clear,24
709858,2025-08-29 13:19:00,145,pizza,12.3,suburbs_south,3.3,3,29.68,bike,406,clear,32
709859,2025-08-29 13:35:00,81,sushi,17.4,downtown,2.6,4,55.71,car,1721,clear,36
709860,2025-08-29 13:40:00,29,salads,9.9,midtown,4.4,2,29.15,car,66,clear,25
709861,2025-08-29 13:40:00,108,mexican,10.1,suburbs_south,10.1,2,22.24,scooter,110,rain,50
709862,2025-08-29 13:58:00,92,thai,7,uptown,2.4,1,10.03,scooter,53,heavy_rain,23
709863,2025-08-29 14:15:00,150,mexican,14.6,downtown,2.7,6,46.92,bike,65,clear,36
709865,2025-08-29 14:33:00,121,indian,13.9,suburbs_north,7.6,2,28.13,scooter,360,clear,45
709866,2025-08-29 15:00:00,70,thai,14.2,suburbs_north,7.6,2,31.49,scooter,83,clear,40
709867,2025-08-29 15:05:00,20,mexican,9.2,midtown,2.3,4,60.98,bike,51,clear,28
709868,2025-08-29 15:13:00,89,sushi,22.3,suburbs_north,3.3,2,29.79,car,628,clear,30
709869,2025-08-29 15:28:00,159,pizza,15,uptown,4.6,4,47.48,bike,354,clear,39
709870,2025-08-29 15:42:00,74,thai,18.7,downtown,3.2,1,8,bike,417,clear,33
709871,2025-08-29 16:16:00,130,mexican,15.3,downtown,1.4,4,54.18,bike,161,clear,25
709872,2025-08-29 16:19:00,120,pizza,12.2,downtown,3.7,2,18.25,bike,473,clear,34
709873,2025-08-29 16:30:00,56,thai,13,downtown,2.5,2,26.88,bike,125,rain,26
709874,2025-08-29 16:46:00,133,chinese,15.9,suburbs_north,4.1,2,17.31,scooter,86,clear,30
709875,2025-08-29 16:51:00,90,sushi,20.7,midtown,1.8,2,16.55,bike,62,heavy_rain,41
709876,2025-08-29 17:13:00,106,pizza,12.3,downtown,1.5,2,22.86,scooter,127,,17
709877,2025-08-29 17:29:00,68,thai,11.9,uptown,5,4,32.45,scooter,166,rain,34
709878,2025-08-29 17:43:00,60,chinese,10.4,suburbs_north,9.3,7,57.28,car,1891,rain,50
709880,2025-08-29 18:41:00,1,mexican,12.7,downtown,1.7,2,19.9,car,,clear,24
709881,2025-08-29 18:47:00,20,mexican,9.2,midtown,2.7,8,127.15,scooter,33,rain,32
709882,2025-08-29 18:56:00,123,salads,7.7,uptown,6.4,4,52.12,car,25,cloudy,26
709883,2025-08-29 19:02:00,120,pizza,12.2,downtown,2.5,5,79.13,scooter,238,cloudy,29
709884,2025-08-29 19:08:00,82,salads,9.2,midtown,2.7,3,45.58,bike,109,clear,26
709885,2025-08-29 19:22:00,99,thai,13.4,midtown,2.2,4,29.63,car,44,clear,30
709886,2025-08-29 19:29:00,104,thai,11.5,suburbs_south,12.6,5,42.67,car,46,clear,48
709887,2025-08-29 19:34:00,65,thai,16.7,uptown,4,5,48.18,car,64,clear,39
709890,2025-08-29 20:30:00,80,chinese,16.1,downtown,0.9,1,15.84,bike,578,rain,24
709892,2025-08-29 21:53:00,53,thai,11.5,midtown,1.8,1,9.17,scooter,95,rain,13
709893,2025-08-29 22:28:00,160,salads,5,uptown,1.8,1,15.93,bike,259,cloudy,15
709894,2025-08-29 22:59:00,158,indian,12.1,midtown,4.8,4,46.03,car,81,cloudy,27
709895,2025-08-29 23:48:00,155,indian,14.5,suburbs_south,8.1,8,75.33,car,112,clear,43
709896,2025-08-30 10:04:00,61,thai,18,suburbs_north,7.7,4,51.7,car,41,heavy_rain,51
709898,2025-08-30 10:38:00,159,pizza,15,uptown,2.7,1,13.97,scooter,291,rain,28
709899,2025-08-30 10:51:00,80,chinese,16.1,downtown,1.1,7,94.44,bike,722,cloudy,30
709901,2025-08-30 11:53:00,117,pizza,16.2,suburbs_south,8.7,4,63.22,car,246,clear,44
709902,2025-08-30 12:11:00,44,indian,21,midtown,3.5,1,14.26,scooter,163,clear,37
709904,2025-08-30 12:49:00,60,chinese,10.4,suburbs_north,2.4,4,52.39,scooter,,rain,32
709906,2025-08-30 13:01:00,29,salads,9.9,midtown,1.5,1,8,bike,35,clear,20
709907,2025-08-30 13:07:00,135,sushi,20.5,downtown,2.1,4,52.38,scooter,360,clear,35
709908,2025-08-30 13:17:00,112,sushi,18.2,downtown,2,2,15.18,car,131,clear,39
709909,2025-08-30 13:28:00,132,mexican,13.3,downtown,2.6,1,15.05,car,66,cloudy,33
709910,2025-08-30 13:36:00,155,indian,14.5,suburbs_south,10.4,6,47.86,scooter,1429,cloudy,51
709911,2025-08-30 13:37:00,125,sushi,18.8,uptown,3.2,2,31.79,bike,1058,cloudy,36
709912,2025-08-30 14:06:00,58,indian,21.6,uptown,3.4,1,12.02,scooter,201,cloudy,35
709914,2025-08-30 15:47:00,124,indian,17.6,downtown,2.7,3,44.1,scooter,198,cloudy,29
709915,2025-08-30 15:54:00,157,burgers,16.3,suburbs_south,10.4,5,36.16,scooter,53,clear,54
709916,2025-08-30 16:47:00,114,chinese,12.4,suburbs_south,4.1,1,13.54,bike,458,clear,38
709917,2025-08-30 17:38:00,98,salads,11.1,midtown,2.4,6,83.97,bike,51,clear,30
709918,2025-08-30 17:41:00,60,chinese,10.4,suburbs_north,6.9,3,28.64,car,206,cloudy,33
709919,2025-08-30 18:15:00,57,sushi,15.1,midtown,3.6,4,38.72,scooter,192,cloudy,41
709920,2025-08-30 18:17:00,71,burgers,14.5,uptown,4,2,27.36,scooter,74,clear,42
709921,2025-08-30 18:17:00,134,mexican,10.8,midtown,2.5,1,8.81,scooter,,rain,31
709922,2025-08-30 18:30:00,47,mexican,14.1,downtown,2.8,2,25.58,bike,548,clear,35
709923,2025-08-30 18:32:00,7,thai,17.1,midtown,2.7,5,75.97,bike,323,clear,39
709926,2025-08-30 18:50:00,104,thai,11.5,suburbs_south,4.4,1,11.33,car,41,rain,34
709927,2025-08-30 19:01:00,107,sushi,18,suburbs_south,5.2,3,26.83,scooter,94,cloudy,43
709928,2025-08-30 19:37:00,81,sushi,17.4,downtown,2.5,2,26.82,scooter,30,cloudy,33
709929,2025-08-30 19:37:00,95,pizza,11.9,suburbs_south,8.4,2,31.81,scooter,227,clear,46
709931,2025-08-30 20:24:00,51,indian,17,downtown,2.8,7,86.02,bike,,cloudy,42
709932,2025-08-30 20:26:00,8,burgers,12.1,uptown,3.2,1,9.13,scooter,87,clear,27
709934,2025-08-30 21:38:00,142,indian,20.4,midtown,4.4,1,8.66,scooter,8,rain,45
709935,2025-08-30 21:44:00,14,burgers,6.4,downtown,2.8,2,24.45,scooter,434,rain,15
709936,2025-08-30 22:36:00,62,salads,6.7,downtown,1.2,1,8,car,477,clear,14
709937,2025-08-30 23:05:00,138,thai,16.2,uptown,1.6,3,46.72,scooter,111,cloudy,25
709938,2025-08-30 23:33:00,144,chinese,7.6,midtown,1.6,4,62.33,scooter,2751,cloudy,17
709940,2025-08-31 10:23:00,40,pizza,18.4,midtown,2,1,10.43,bike,458,clear,32
709941,2025-08-31 10:30:00,88,burgers,8.9,suburbs_south,9.1,4,32,scooter,971,clear,40
709942,2025-08-31 10:31:00,31,sushi,14.7,midtown,3.5,3,35.61,bike,584,clear,33
709943,2025-08-31 10:36:00,88,burgers,8.9,suburbs_south,7.4,3,42.4,car,38,clear,34
709946,2025-08-31 11:57:00,91,salads,10.1,suburbs_south,8.1,8,116.58,car,42,clear,39
709947,2025-08-31 12:05:00,68,thai,11.9,uptown,5.3,3,21.55,scooter,73,cloudy,39
709949,2025-08-31 12:20:00,17,thai,9.8,uptown,3.5,2,20.67,car,450,clear,22
709950,2025-08-31 12:35:00,99,thai,13.4,midtown,1.9,6,68.03,scooter,54,clear,29
709952,2025-08-31 13:02:00,108,mexican,10.1,suburbs_south,7.5,2,22.05,car,162,clear,35
709953,2025-08-31 13:08:00,97,chinese,16.1,uptown,1.3,7,70.12,bike,34,clear,31
709954,2025-08-31 13:08:00,150,mexican,14.6,downtown,3.2,2,31.99,bike,68,rain,39
709955,2025-08-31 13:17:00,65,thai,16.7,uptown,2.9,4,37.4,scooter,59,clear,34
709956,2025-08-31 13:17:00,110,thai,12.5,suburbs_north,3.2,2,26.49,scooter,504,clear,27
709957,2025-08-31 13:26:00,102,indian,17.4,uptown,3.3,1,10.16,bike,518,rain,35
709958,2025-08-31 13:32:00,115,thai,13.4,downtown,2.3,4,36.52,bike,1261,clear,26
709959,2025-08-31 13:59:00,89,sushi,22.3,suburbs_north,11.5,1,15.6,car,11,clear,66
709960,2025-08-31 14:05:00,58,indian,21.6,uptown,2.7,1,10.55,car,106,clear,31
709961,2025-08-31 14:23:00,144,chinese,7.6,midtown,1.9,1,8.65,bike,97,clear,22
709962,2025-08-31 14:54:00,81,sushi,17.4,downtown,0.9,1,8.3,scooter,133,clear,23
709965,2025-08-31 15:45:00,68,thai,11.9,uptown,2.7,6,86.17,scooter,22,rain,31
709966,2025-08-31 15:54:00,82,salads,9.2,midtown,1.1,3,45.69,car,,rain,17
709968,2025-08-31 16:44:00,48,mexican,8.8,midtown,4.5,2,14.95,scooter,298,clear,25
709969,2025-08-31 16:45:00,34,mexican,12.2,midtown,1.6,6,78.33,car,3496,clear,26
709970,2025-08-31 17:16:00,149,thai,15.5,downtown,2.2,5,39.83,bike,469,,28
709971,2025-08-31 17:33:00,115,thai,13.4,downtown,0.9,3,41.99,car,390,cloudy,27
709973,2025-08-31 18:03:00,148,indian,16.9,suburbs_north,8.5,1,15.07,car,90,cloudy,42
709974,2025-08-31 18:07:00,92,thai,7,uptown,1.4,4,54.74,car,65,clear,15
709975,2025-08-31 18:10:00,23,burgers,11.6,downtown,0.7,3,43.38,scooter,149,,18
709976,2025-08-31 18:13:00,91,salads,10.1,suburbs_south,9.3,2,29.75,car,325,cloudy,37
709977,2025-08-31 18:23:00,97,chinese,16.1,uptown,3.4,2,20.43,bike,226,rain,42
709979,2025-08-31 18:45:00,11,indian,20.4,uptown,3.2,2,28.8,car,41,clear,40
709981,2025-08-31 18:55:00,134,mexican,10.8,midtown,1.6,1,14.53,bike,1286,clear,24
709983,2025-08-31 19:02:00,148,indian,16.9,suburbs_north,6.9,8,84.19,scooter,440,clear,56
709984,2025-08-31 19:07:00,124,indian,17.6,downtown,1.3,1,9.85,bike,,clear,31
709985,2025-08-31 19:07:00,48,mexican,8.8,midtown,3.4,6,92.61,car,59,cloudy,25
709986,2025-08-31 19:09:00,142,indian,20.4,midtown,2.5,1,10.52,bike,350,cloudy,34
709987,2025-08-31 19:19:00,106,pizza,12.3,downtown,1.2,3,26.08,scooter,330,rain,22
709989,2025-08-31 19:45:00,119,indian,16.8,suburbs_south,4.6,2,23.36,scooter,43,clear,42
709990,2025-08-31 19:53:00,11,indian,20.4,uptown,5.2,1,12.88,bike,412,clear,51
709991,2025-08-31 20:01:00,47,mexican,14.1,downtown,3.6,4,57.64,bike,124,cloudy,35
709993,2025-08-31 20:27:00,136,salads,9.3,downtown,0.9,2,22.02,scooter,379,cloudy,18
709994,2025-08-31 20:38:00,30,salads,5,suburbs_south,5,3,28.88,bike,92,clear,32
709996,2025-08-31 21:22:00,126,pizza,12,midtown,1.6,3,28.8,car,35,cloudy,20
709997,2025-08-31 22:12:00,51,indian,17,downtown,3.8,1,15.74,bike,2132,heavy_rain,42
709998,2025-08-31 23:05:00,133,chinese,15.9,suburbs_north,5.7,3,21.27,car,798,cloudy,42
709999,2025-08-31 23:39:00,89,sushi,22.3,suburbs_north,7.6,1,13.78,car,2533,rain,43
710000,2025-08-31 23:42:00,138,thai,16.2,uptown,1.8,6,93.31,scooter,114,clear,25
